Copyright 1986-2022 Xilinx, Inc. All Rights Reserved. Copyright 2022-2026 Advanced Micro Devices, Inc. All Rights Reserved.
---------------------------------------------------------------------------------------------------------------------------------------------
| Tool Version : Vivado v.2026.1 (win64) Build 6511674 Tue Jun 16 11:02:23 MDT 2026
| Date         : Tue Oct  6 01:13:53 2026
| Host         : Kiyopon running 64-bit major release  (build 9200)
| Command      : report_timing_summary -delay_type max -report_unconstrained -max_paths 10 -file reports/phase11/phase11_timing_route.rpt
| Design       : canny_nexys_a7_phase11_top
| Device       : 7a100t-csg324
| Speed File   : -1  PRODUCTION 1.23 2018-06-13
| Design State : Routed
---------------------------------------------------------------------------------------------------------------------------------------------

Timing Summary Report

------------------------------------------------------------------------------------------------
| Timer Settings
| --------------
------------------------------------------------------------------------------------------------

  Enable Multi Corner Analysis               :  Yes
  Enable Pessimism Removal                   :  Yes
  Pessimism Removal Resolution               :  Nearest Common Node
  Enable Input Delay Default Clock           :  No
  Enable Preset / Clear Arcs                 :  No
  Disable Flight Delays                      :  No
  Ignore I/O Paths                           :  No
  Timing Early Launch at Borrowing Latches   :  No
  Borrow Time for Max Delay Exceptions       :  Yes
  Merge Timing Exceptions                    :  Yes
  Inter-SLR Compensation                     :  Conservative

  Corner  Analyze    Analyze    
  Name    Max Paths  Min Paths  
  ------  ---------  ---------  
  Slow    Yes        Yes        
  Fast    Yes        Yes        


------------------------------------------------------------------------------------------------
| Report Methodology
| ------------------
------------------------------------------------------------------------------------------------

Rule       Severity  Description                                 Violations  
---------  --------  ------------------------------------------  ----------  
SYNTH-6    Warning   Timing of a RAM block might be sub-optimal  78          
TIMING-18  Warning   Missing input or output delay               10          

Note: This report is based on the most recent report_methodology run and may not be up-to-date. Run report_methodology on the current design for the latest report.



check_timing report

Table of Contents
-----------------
1. checking no_clock (0)
2. checking constant_clock (0)
3. checking pulse_width_clock (0)
4. checking unconstrained_internal_endpoints (0)
5. checking no_input_delay (5)
6. checking no_output_delay (5)
7. checking multiple_clock (0)
8. checking generated_clocks (0)
9. checking loops (0)
10. checking partial_input_delay (0)
11. checking partial_output_delay (0)
12. checking latch_loops (0)

1. checking no_clock (0)
------------------------
 There are 0 register/latch pins with no clock.


2. checking constant_clock (0)
------------------------------
 There are 0 register/latch pins with constant_clock.


3. checking pulse_width_clock (0)
---------------------------------
 There are 0 register/latch pins which need pulse_width check


4. checking unconstrained_internal_endpoints (0)
------------------------------------------------
 There are 0 pins that are not constrained for maximum delay.

 There are 0 pins that are not constrained for maximum delay due to constant clock.


5. checking no_input_delay (5)
------------------------------
 There are 5 input ports with no input delay specified. (HIGH)

 There are 0 input ports with no input delay but user has a false path constraint.


6. checking no_output_delay (5)
-------------------------------
 There are 5 ports with no output delay specified. (HIGH)

 There are 0 ports with no output delay but user has a false path constraint

 There are 0 ports with no output delay but with a timing clock defined on it or propagating through it


7. checking multiple_clock (0)
------------------------------
 There are 0 register/latch pins with multiple clocks.


8. checking generated_clocks (0)
--------------------------------
 There are 0 generated clocks that are not connected to a clock source.


9. checking loops (0)
---------------------
 There are 0 combinational loops in the design.


10. checking partial_input_delay (0)
------------------------------------
 There are 0 input ports with partial input delay specified.


11. checking partial_output_delay (0)
-------------------------------------
 There are 0 ports with partial output delay specified.


12. checking latch_loops (0)
----------------------------
 There are 0 combinational latch loops in the design through latch input



------------------------------------------------------------------------------------------------
| Design Timing Summary
| ---------------------
------------------------------------------------------------------------------------------------

    WNS(ns)      TNS(ns)  TNS Failing Endpoints  TNS Total Endpoints     WPWS(ns)     TPWS(ns)  TPWS Failing Endpoints  TPWS Total Endpoints  
    -------      -------  ---------------------  -------------------     --------     --------  ----------------------  --------------------  
      0.669        0.000                      0                15826        3.750        0.000                       0                  4163  


All user specified timing constraints are met.


------------------------------------------------------------------------------------------------
| Clock Summary
| -------------
------------------------------------------------------------------------------------------------

Clock        Waveform(ns)       Period(ns)      Frequency(MHz)
-----        ------------       ----------      --------------
sys_clk_pin  {0.000 5.000}      10.000          100.000         


------------------------------------------------------------------------------------------------
| Intra Clock Table
| -----------------
------------------------------------------------------------------------------------------------

Clock             WNS(ns)      TNS(ns)  TNS Failing Endpoints  TNS Total Endpoints     WPWS(ns)     TPWS(ns)  TPWS Failing Endpoints  TPWS Total Endpoints  
-----             -------      -------  ---------------------  -------------------     --------     --------  ----------------------  --------------------  
sys_clk_pin         0.669        0.000                      0                13205        3.750        0.000                       0                  4163  


------------------------------------------------------------------------------------------------
| Inter Clock Table
| -----------------
------------------------------------------------------------------------------------------------

From Clock    To Clock          WNS(ns)      TNS(ns)  TNS Failing Endpoints  TNS Total Endpoints  
----------    --------          -------      -------  ---------------------  -------------------  


------------------------------------------------------------------------------------------------
| Other Path Groups Table
| -----------------------
------------------------------------------------------------------------------------------------

Path Group         From Clock         To Clock               WNS(ns)      TNS(ns)  TNS Failing Endpoints  TNS Total Endpoints  
----------         ----------         --------               -------      -------  ---------------------  -------------------  
**async_default**  sys_clk_pin        sys_clk_pin              2.315        0.000                      0                 2621  


------------------------------------------------------------------------------------------------
| User Ignored Path Table
| -----------------------
------------------------------------------------------------------------------------------------

Path Group    From Clock    To Clock    
----------    ----------    --------    


------------------------------------------------------------------------------------------------
| Unconstrained Path Table
| ------------------------
------------------------------------------------------------------------------------------------

Path Group    From Clock    To Clock    
----------    ----------    --------    
(none)        sys_clk_pin                 
(none)                      sys_clk_pin   


------------------------------------------------------------------------------------------------
| Timing Details
| --------------
------------------------------------------------------------------------------------------------


---------------------------------------------------------------------------------------------------
From Clock:  sys_clk_pin
  To Clock:  sys_clk_pin

Setup :            0  Failing Endpoints,  Worst Slack        0.669ns,  Total Violation        0.000ns
Hold  :           NA  Failing Endpoints,  Worst Slack           NA  ,  Total Violation           NA
PW    :            0  Failing Endpoints,  Worst Slack        3.750ns,  Total Violation        0.000ns
---------------------------------------------------------------------------------------------------


Max Delay Paths
--------------------------------------------------------------------------------------
Slack (MET) :             0.669ns  (required time - arrival time)
  Source:                 u_core/g_engine[0].u_engine/scan_first_pipe_reg/C
                            (rising edge-triggered cell FDCE clocked by sys_clk_pin  {rise@0.000ns fall@5.000ns period=10.000ns})
  Destination:            u_core/g_engine[0].u_engine/block_high_reg[0][2][8]/CE
                            (rising edge-triggered cell FDCE clocked by sys_clk_pin  {rise@0.000ns fall@5.000ns period=10.000ns})
  Path Group:             sys_clk_pin
  Path Type:              Setup (Max at Slow Process Corner)
  Requirement:            10.000ns  (sys_clk_pin rise@10.000ns - sys_clk_pin rise@0.000ns)
  Data Path Delay:        8.983ns  (logic 3.876ns (43.147%)  route 5.107ns (56.853%))
  Logic Levels:           11  (CARRY4=5 LUT2=1 LUT3=2 LUT4=1 LUT6=2)
  Clock Path Skew:        -0.107ns (DCD - SCD + CPR)
    Destination Clock Delay (DCD):    4.918ns = ( 14.918 - 10.000 ) 
    Source Clock Delay      (SCD):    5.213ns
    Clock Pessimism Removal (CPR):    0.188ns
  Clock Uncertainty:      0.035ns  ((TSJ^2 + TIJ^2)^1/2 + DJ) / 2 + PE
    Total System Jitter     (TSJ):    0.071ns
    Total Input Jitter      (TIJ):    0.000ns
    Discrete Jitter          (DJ):    0.000ns
    Phase Error              (PE):    0.000ns

    Location             Delay type                Incr(ns)  Path(ns)    Netlist Resource(s)
  -------------------------------------------------------------------    -------------------
                         (clock sys_clk_pin rise edge)
                                                      0.000     0.000 r  <hidden>
    E3                                                0.000     0.000 r  clk100mhz
                         net (fo=0)                   0.000     0.000    clk100mhz
    E3                   IBUF (Prop_ibuf_I_O)         1.482     1.482 r  clk100mhz_IBUF_inst/O
                         net (fo=1, routed)           2.025     3.506    clk100mhz_IBUF
    BUFGCTRL_X0Y16       BUFG (Prop_bufg_I_O)         0.096     3.602 r  clk100mhz_IBUF_BUFG_inst/O
                         net (fo=4162, routed)        1.611     5.213    u_core/g_engine[0].u_engine/clk100mhz_IBUF_BUFG
    SLICE_X46Y115        FDCE                                         r  u_core/g_engine[0].u_engine/scan_first_pipe_reg/C
  -------------------------------------------------------------------    -------------------
    SLICE_X46Y115        FDCE (Prop_fdce_C_Q)         0.518     5.731 r  u_core/g_engine[0].u_engine/scan_first_pipe_reg/Q
                         net (fo=25, routed)          0.733     6.464    u_core/g_engine[0].u_engine/scan_first_pipe
    SLICE_X46Y115        LUT3 (Prop_lut3_I0_O)        0.124     6.588 r  u_core/g_engine[0].u_engine/cumulative[3]_i_7/O
                         net (fo=1, routed)           0.000     6.588    u_core/g_engine[0].u_engine/cumulative[3]_i_7_n_0
    SLICE_X46Y115        CARRY4 (Prop_carry4_S[3]_CO[3])
                                                      0.376     6.964 r  u_core/g_engine[0].u_engine/cumulative_reg[3]_i_2/CO[3]
                         net (fo=1, routed)           0.000     6.964    u_core/g_engine[0].u_engine/cumulative_reg[3]_i_2_n_0
    SLICE_X46Y116        CARRY4 (Prop_carry4_CI_O[2])
                                                      0.239     7.203 r  u_core/g_engine[0].u_engine/cumulative_reg[7]_i_2/O[2]
                         net (fo=4, routed)           0.596     7.799    u_core/g_engine[0].u_engine/cumulative_next[6]
    SLICE_X45Y118        LUT2 (Prop_lut2_I1_O)        0.301     8.100 r  u_core/g_engine[0].u_engine/selected_i_32/O
                         net (fo=1, routed)           0.000     8.100    u_core/g_engine[0].u_engine/selected_i_32_n_0
    SLICE_X45Y118        CARRY4 (Prop_carry4_S[1]_CO[3])
                                                      0.550     8.650 r  u_core/g_engine[0].u_engine/selected_reg_i_26/CO[3]
                         net (fo=1, routed)           0.000     8.650    u_core/g_engine[0].u_engine/selected_reg_i_26_n_0
    SLICE_X45Y119        CARRY4 (Prop_carry4_CI_O[1])
                                                      0.334     8.984 r  u_core/g_engine[0].u_engine/selected_reg_i_24/O[1]
                         net (fo=2, routed)           0.565     9.549    u_core/g_engine[0].u_engine/u_step/five_cumulative[10]
    SLICE_X44Y119        LUT3 (Prop_lut3_I0_O)        0.303     9.852 r  u_core/g_engine[0].u_engine/selected_i_12/O
                         net (fo=1, routed)           0.000     9.852    u_core/g_engine[0].u_engine/selected_i_12_n_0
    SLICE_X44Y119        CARRY4 (Prop_carry4_S[1]_CO[2])
                                                      0.570    10.422 r  u_core/g_engine[0].u_engine/selected_reg_i_5/CO[2]
                         net (fo=1, routed)           0.421    10.842    u_core/g_engine[0].u_engine/selected_reg_i_5_n_1
    SLICE_X44Y120        LUT4 (Prop_lut4_I0_O)        0.313    11.155 r  u_core/g_engine[0].u_engine/selected_i_4/O
                         net (fo=7, routed)           0.682    11.838    u_core/g_engine[0].u_engine/selected_i_4_n_0
    SLICE_X44Y116        LUT6 (Prop_lut6_I5_O)        0.124    11.962 r  u_core/g_engine[0].u_engine/block_low[0][0][9]_i_3/O
                         net (fo=20, routed)          1.140    13.102    u_core/g_engine[0].u_engine/block_low[0][0][9]_i_3_n_0
    SLICE_X56Y105        LUT6 (Prop_lut6_I0_O)        0.124    13.226 r  u_core/g_engine[0].u_engine/block_low[0][2][9]_i_1/O
                         net (fo=14, routed)          0.971    14.197    u_core/g_engine[0].u_engine/block_low[0][2][9]_i_1_n_0
    SLICE_X65Y105        FDCE                                         r  u_core/g_engine[0].u_engine/block_high_reg[0][2][8]/CE
  -------------------------------------------------------------------    -------------------

                         (clock sys_clk_pin rise edge)
                                                     10.000    10.000 r  <hidden>
    E3                                                0.000    10.000 r  clk100mhz
                         net (fo=0)                   0.000    10.000    clk100mhz
    E3                   IBUF (Prop_ibuf_I_O)         1.411    11.411 r  clk100mhz_IBUF_inst/O
                         net (fo=1, routed)           1.920    13.331    clk100mhz_IBUF
    BUFGCTRL_X0Y16       BUFG (Prop_bufg_I_O)         0.091    13.422 r  clk100mhz_IBUF_BUFG_inst/O
                         net (fo=4162, routed)        1.496    14.918    u_core/g_engine[0].u_engine/clk100mhz_IBUF_BUFG
    SLICE_X65Y105        FDCE                                         r  u_core/g_engine[0].u_engine/block_high_reg[0][2][8]/C
                         clock pessimism              0.188    15.106    <hidden>
                         clock uncertainty           -0.035    15.071    <hidden>
    SLICE_X65Y105        FDCE (Setup_fdce_C_CE)      -0.205    14.866    u_core/g_engine[0].u_engine/block_high_reg[0][2][8]
  -------------------------------------------------------------------
                         required time                         14.866    <hidden>
                         arrival time                         -14.197    <hidden>
  -------------------------------------------------------------------
                         slack                                  0.669    <hidden>

Slack (MET) :             0.669ns  (required time - arrival time)
  Source:                 u_core/g_engine[0].u_engine/scan_first_pipe_reg/C
                            (rising edge-triggered cell FDCE clocked by sys_clk_pin  {rise@0.000ns fall@5.000ns period=10.000ns})
  Destination:            u_core/g_engine[0].u_engine/block_high_reg[0][2][9]/CE
                            (rising edge-triggered cell FDCE clocked by sys_clk_pin  {rise@0.000ns fall@5.000ns period=10.000ns})
  Path Group:             sys_clk_pin
  Path Type:              Setup (Max at Slow Process Corner)
  Requirement:            10.000ns  (sys_clk_pin rise@10.000ns - sys_clk_pin rise@0.000ns)
  Data Path Delay:        8.983ns  (logic 3.876ns (43.147%)  route 5.107ns (56.853%))
  Logic Levels:           11  (CARRY4=5 LUT2=1 LUT3=2 LUT4=1 LUT6=2)
  Clock Path Skew:        -0.107ns (DCD - SCD + CPR)
    Destination Clock Delay (DCD):    4.918ns = ( 14.918 - 10.000 ) 
    Source Clock Delay      (SCD):    5.213ns
    Clock Pessimism Removal (CPR):    0.188ns
  Clock Uncertainty:      0.035ns  ((TSJ^2 + TIJ^2)^1/2 + DJ) / 2 + PE
    Total System Jitter     (TSJ):    0.071ns
    Total Input Jitter      (TIJ):    0.000ns
    Discrete Jitter          (DJ):    0.000ns
    Phase Error              (PE):    0.000ns

    Location             Delay type                Incr(ns)  Path(ns)    Netlist Resource(s)
  -------------------------------------------------------------------    -------------------
                         (clock sys_clk_pin rise edge)
                                                      0.000     0.000 r  <hidden>
    E3                                                0.000     0.000 r  clk100mhz
                         net (fo=0)                   0.000     0.000    clk100mhz
    E3                   IBUF (Prop_ibuf_I_O)         1.482     1.482 r  clk100mhz_IBUF_inst/O
                         net (fo=1, routed)           2.025     3.506    clk100mhz_IBUF
    BUFGCTRL_X0Y16       BUFG (Prop_bufg_I_O)         0.096     3.602 r  clk100mhz_IBUF_BUFG_inst/O
                         net (fo=4162, routed)        1.611     5.213    u_core/g_engine[0].u_engine/clk100mhz_IBUF_BUFG
    SLICE_X46Y115        FDCE                                         r  u_core/g_engine[0].u_engine/scan_first_pipe_reg/C
  -------------------------------------------------------------------    -------------------
    SLICE_X46Y115        FDCE (Prop_fdce_C_Q)         0.518     5.731 r  u_core/g_engine[0].u_engine/scan_first_pipe_reg/Q
                         net (fo=25, routed)          0.733     6.464    u_core/g_engine[0].u_engine/scan_first_pipe
    SLICE_X46Y115        LUT3 (Prop_lut3_I0_O)        0.124     6.588 r  u_core/g_engine[0].u_engine/cumulative[3]_i_7/O
                         net (fo=1, routed)           0.000     6.588    u_core/g_engine[0].u_engine/cumulative[3]_i_7_n_0
    SLICE_X46Y115        CARRY4 (Prop_carry4_S[3]_CO[3])
                                                      0.376     6.964 r  u_core/g_engine[0].u_engine/cumulative_reg[3]_i_2/CO[3]
                         net (fo=1, routed)           0.000     6.964    u_core/g_engine[0].u_engine/cumulative_reg[3]_i_2_n_0
    SLICE_X46Y116        CARRY4 (Prop_carry4_CI_O[2])
                                                      0.239     7.203 r  u_core/g_engine[0].u_engine/cumulative_reg[7]_i_2/O[2]
                         net (fo=4, routed)           0.596     7.799    u_core/g_engine[0].u_engine/cumulative_next[6]
    SLICE_X45Y118        LUT2 (Prop_lut2_I1_O)        0.301     8.100 r  u_core/g_engine[0].u_engine/selected_i_32/O
                         net (fo=1, routed)           0.000     8.100    u_core/g_engine[0].u_engine/selected_i_32_n_0
    SLICE_X45Y118        CARRY4 (Prop_carry4_S[1]_CO[3])
                                                      0.550     8.650 r  u_core/g_engine[0].u_engine/selected_reg_i_26/CO[3]
                         net (fo=1, routed)           0.000     8.650    u_core/g_engine[0].u_engine/selected_reg_i_26_n_0
    SLICE_X45Y119        CARRY4 (Prop_carry4_CI_O[1])
                                                      0.334     8.984 r  u_core/g_engine[0].u_engine/selected_reg_i_24/O[1]
                         net (fo=2, routed)           0.565     9.549    u_core/g_engine[0].u_engine/u_step/five_cumulative[10]
    SLICE_X44Y119        LUT3 (Prop_lut3_I0_O)        0.303     9.852 r  u_core/g_engine[0].u_engine/selected_i_12/O
                         net (fo=1, routed)           0.000     9.852    u_core/g_engine[0].u_engine/selected_i_12_n_0
    SLICE_X44Y119        CARRY4 (Prop_carry4_S[1]_CO[2])
                                                      0.570    10.422 r  u_core/g_engine[0].u_engine/selected_reg_i_5/CO[2]
                         net (fo=1, routed)           0.421    10.842    u_core/g_engine[0].u_engine/selected_reg_i_5_n_1
    SLICE_X44Y120        LUT4 (Prop_lut4_I0_O)        0.313    11.155 r  u_core/g_engine[0].u_engine/selected_i_4/O
                         net (fo=7, routed)           0.682    11.838    u_core/g_engine[0].u_engine/selected_i_4_n_0
    SLICE_X44Y116        LUT6 (Prop_lut6_I5_O)        0.124    11.962 r  u_core/g_engine[0].u_engine/block_low[0][0][9]_i_3/O
                         net (fo=20, routed)          1.140    13.102    u_core/g_engine[0].u_engine/block_low[0][0][9]_i_3_n_0
    SLICE_X56Y105        LUT6 (Prop_lut6_I0_O)        0.124    13.226 r  u_core/g_engine[0].u_engine/block_low[0][2][9]_i_1/O
                         net (fo=14, routed)          0.971    14.197    u_core/g_engine[0].u_engine/block_low[0][2][9]_i_1_n_0
    SLICE_X65Y105        FDCE                                         r  u_core/g_engine[0].u_engine/block_high_reg[0][2][9]/CE
  -------------------------------------------------------------------    -------------------

                         (clock sys_clk_pin rise edge)
                                                     10.000    10.000 r  <hidden>
    E3                                                0.000    10.000 r  clk100mhz
                         net (fo=0)                   0.000    10.000    clk100mhz
    E3                   IBUF (Prop_ibuf_I_O)         1.411    11.411 r  clk100mhz_IBUF_inst/O
                         net (fo=1, routed)           1.920    13.331    clk100mhz_IBUF
    BUFGCTRL_X0Y16       BUFG (Prop_bufg_I_O)         0.091    13.422 r  clk100mhz_IBUF_BUFG_inst/O
                         net (fo=4162, routed)        1.496    14.918    u_core/g_engine[0].u_engine/clk100mhz_IBUF_BUFG
    SLICE_X65Y105        FDCE                                         r  u_core/g_engine[0].u_engine/block_high_reg[0][2][9]/C
                         clock pessimism              0.188    15.106    <hidden>
                         clock uncertainty           -0.035    15.071    <hidden>
    SLICE_X65Y105        FDCE (Setup_fdce_C_CE)      -0.205    14.866    u_core/g_engine[0].u_engine/block_high_reg[0][2][9]
  -------------------------------------------------------------------
                         required time                         14.866    <hidden>
                         arrival time                         -14.197    <hidden>
  -------------------------------------------------------------------
                         slack                                  0.669    <hidden>

Slack (MET) :             0.722ns  (required time - arrival time)
  Source:                 image_addr_reg[15]_rep/C
                            (rising edge-triggered cell FDCE clocked by sys_clk_pin  {rise@0.000ns fall@5.000ns period=10.000ns})
  Destination:            rom_q_reg_9_5/ADDRARDADDR[15]
                            (rising edge-triggered cell RAMB36E1 clocked by sys_clk_pin  {rise@0.000ns fall@5.000ns period=10.000ns})
  Path Group:             sys_clk_pin
  Path Type:              Setup (Max at Slow Process Corner)
  Requirement:            10.000ns  (sys_clk_pin rise@10.000ns - sys_clk_pin rise@0.000ns)
  Data Path Delay:        8.815ns  (logic 0.456ns (5.173%)  route 8.359ns (94.827%))
  Logic Levels:           0  
  Clock Path Skew:        0.087ns (DCD - SCD + CPR)
    Destination Clock Delay (DCD):    5.140ns = ( 15.140 - 10.000 ) 
    Source Clock Delay      (SCD):    5.233ns
    Clock Pessimism Removal (CPR):    0.180ns
  Clock Uncertainty:      0.035ns  ((TSJ^2 + TIJ^2)^1/2 + DJ) / 2 + PE
    Total System Jitter     (TSJ):    0.071ns
    Total Input Jitter      (TIJ):    0.000ns
    Discrete Jitter          (DJ):    0.000ns
    Phase Error              (PE):    0.000ns

    Location             Delay type                Incr(ns)  Path(ns)    Netlist Resource(s)
  -------------------------------------------------------------------    -------------------
                         (clock sys_clk_pin rise edge)
                                                      0.000     0.000 r  <hidden>
    E3                                                0.000     0.000 r  clk100mhz
                         net (fo=0)                   0.000     0.000    clk100mhz
    E3                   IBUF (Prop_ibuf_I_O)         1.482     1.482 r  clk100mhz_IBUF_inst/O
                         net (fo=1, routed)           2.025     3.506    clk100mhz_IBUF
    BUFGCTRL_X0Y16       BUFG (Prop_bufg_I_O)         0.096     3.602 r  clk100mhz_IBUF_BUFG_inst/O
                         net (fo=4162, routed)        1.630     5.233    clk100mhz_IBUF_BUFG
    SLICE_X61Y56         FDCE                                         r  image_addr_reg[15]_rep/C
  -------------------------------------------------------------------    -------------------
    SLICE_X61Y56         FDCE (Prop_fdce_C_Q)         0.456     5.689 r  image_addr_reg[15]_rep/Q
                         net (fo=30, routed)          8.359    14.047    image_addr_reg[15]_rep_n_0
    RAMB36_X0Y33         RAMB36E1                                     r  rom_q_reg_9_5/ADDRARDADDR[15]
  -------------------------------------------------------------------    -------------------

                         (clock sys_clk_pin rise edge)
                                                     10.000    10.000 r  <hidden>
    E3                                                0.000    10.000 r  clk100mhz
                         net (fo=0)                   0.000    10.000    clk100mhz
    E3                   IBUF (Prop_ibuf_I_O)         1.411    11.411 r  clk100mhz_IBUF_inst/O
                         net (fo=1, routed)           1.920    13.331    clk100mhz_IBUF
    BUFGCTRL_X0Y16       BUFG (Prop_bufg_I_O)         0.091    13.422 r  clk100mhz_IBUF_BUFG_inst/O
                         net (fo=4162, routed)        1.718    15.140    clk100mhz_IBUF_BUFG
    RAMB36_X0Y33         RAMB36E1                                     r  rom_q_reg_9_5/CLKARDCLK
                         clock pessimism              0.180    15.320    <hidden>
                         clock uncertainty           -0.035    15.285    <hidden>
    RAMB36_X0Y33         RAMB36E1 (Setup_ramb36e1_CLKARDCLK_ADDRARDADDR[15])
                                                     -0.515    14.770    rom_q_reg_9_5
  -------------------------------------------------------------------
                         required time                         14.770    <hidden>
                         arrival time                         -14.047    <hidden>
  -------------------------------------------------------------------
                         slack                                  0.722    <hidden>

Slack (MET) :             0.761ns  (required time - arrival time)
  Source:                 u_core/g_engine[0].u_engine/scan_first_pipe_reg/C
                            (rising edge-triggered cell FDCE clocked by sys_clk_pin  {rise@0.000ns fall@5.000ns period=10.000ns})
  Destination:            u_core/g_engine[0].u_engine/block_active_reg[0][7]/CE
                            (rising edge-triggered cell FDCE clocked by sys_clk_pin  {rise@0.000ns fall@5.000ns period=10.000ns})
  Path Group:             sys_clk_pin
  Path Type:              Setup (Max at Slow Process Corner)
  Requirement:            10.000ns  (sys_clk_pin rise@10.000ns - sys_clk_pin rise@0.000ns)
  Data Path Delay:        8.892ns  (logic 3.876ns (43.589%)  route 5.016ns (56.411%))
  Logic Levels:           11  (CARRY4=5 LUT2=1 LUT3=2 LUT4=1 LUT6=2)
  Clock Path Skew:        -0.106ns (DCD - SCD + CPR)
    Destination Clock Delay (DCD):    4.919ns = ( 14.919 - 10.000 ) 
    Source Clock Delay      (SCD):    5.213ns
    Clock Pessimism Removal (CPR):    0.188ns
  Clock Uncertainty:      0.035ns  ((TSJ^2 + TIJ^2)^1/2 + DJ) / 2 + PE
    Total System Jitter     (TSJ):    0.071ns
    Total Input Jitter      (TIJ):    0.000ns
    Discrete Jitter          (DJ):    0.000ns
    Phase Error              (PE):    0.000ns

    Location             Delay type                Incr(ns)  Path(ns)    Netlist Resource(s)
  -------------------------------------------------------------------    -------------------
                         (clock sys_clk_pin rise edge)
                                                      0.000     0.000 r  <hidden>
    E3                                                0.000     0.000 r  clk100mhz
                         net (fo=0)                   0.000     0.000    clk100mhz
    E3                   IBUF (Prop_ibuf_I_O)         1.482     1.482 r  clk100mhz_IBUF_inst/O
                         net (fo=1, routed)           2.025     3.506    clk100mhz_IBUF
    BUFGCTRL_X0Y16       BUFG (Prop_bufg_I_O)         0.096     3.602 r  clk100mhz_IBUF_BUFG_inst/O
                         net (fo=4162, routed)        1.611     5.213    u_core/g_engine[0].u_engine/clk100mhz_IBUF_BUFG
    SLICE_X46Y115        FDCE                                         r  u_core/g_engine[0].u_engine/scan_first_pipe_reg/C
  -------------------------------------------------------------------    -------------------
    SLICE_X46Y115        FDCE (Prop_fdce_C_Q)         0.518     5.731 r  u_core/g_engine[0].u_engine/scan_first_pipe_reg/Q
                         net (fo=25, routed)          0.733     6.464    u_core/g_engine[0].u_engine/scan_first_pipe
    SLICE_X46Y115        LUT3 (Prop_lut3_I0_O)        0.124     6.588 r  u_core/g_engine[0].u_engine/cumulative[3]_i_7/O
                         net (fo=1, routed)           0.000     6.588    u_core/g_engine[0].u_engine/cumulative[3]_i_7_n_0
    SLICE_X46Y115        CARRY4 (Prop_carry4_S[3]_CO[3])
                                                      0.376     6.964 r  u_core/g_engine[0].u_engine/cumulative_reg[3]_i_2/CO[3]
                         net (fo=1, routed)           0.000     6.964    u_core/g_engine[0].u_engine/cumulative_reg[3]_i_2_n_0
    SLICE_X46Y116        CARRY4 (Prop_carry4_CI_O[2])
                                                      0.239     7.203 r  u_core/g_engine[0].u_engine/cumulative_reg[7]_i_2/O[2]
                         net (fo=4, routed)           0.596     7.799    u_core/g_engine[0].u_engine/cumulative_next[6]
    SLICE_X45Y118        LUT2 (Prop_lut2_I1_O)        0.301     8.100 r  u_core/g_engine[0].u_engine/selected_i_32/O
                         net (fo=1, routed)           0.000     8.100    u_core/g_engine[0].u_engine/selected_i_32_n_0
    SLICE_X45Y118        CARRY4 (Prop_carry4_S[1]_CO[3])
                                                      0.550     8.650 r  u_core/g_engine[0].u_engine/selected_reg_i_26/CO[3]
                         net (fo=1, routed)           0.000     8.650    u_core/g_engine[0].u_engine/selected_reg_i_26_n_0
    SLICE_X45Y119        CARRY4 (Prop_carry4_CI_O[1])
                                                      0.334     8.984 r  u_core/g_engine[0].u_engine/selected_reg_i_24/O[1]
                         net (fo=2, routed)           0.565     9.549    u_core/g_engine[0].u_engine/u_step/five_cumulative[10]
    SLICE_X44Y119        LUT3 (Prop_lut3_I0_O)        0.303     9.852 r  u_core/g_engine[0].u_engine/selected_i_12/O
                         net (fo=1, routed)           0.000     9.852    u_core/g_engine[0].u_engine/selected_i_12_n_0
    SLICE_X44Y119        CARRY4 (Prop_carry4_S[1]_CO[2])
                                                      0.570    10.422 r  u_core/g_engine[0].u_engine/selected_reg_i_5/CO[2]
                         net (fo=1, routed)           0.421    10.842    u_core/g_engine[0].u_engine/selected_reg_i_5_n_1
    SLICE_X44Y120        LUT4 (Prop_lut4_I0_O)        0.313    11.155 r  u_core/g_engine[0].u_engine/selected_i_4/O
                         net (fo=7, routed)           0.682    11.838    u_core/g_engine[0].u_engine/selected_i_4_n_0
    SLICE_X44Y116        LUT6 (Prop_lut6_I5_O)        0.124    11.962 r  u_core/g_engine[0].u_engine/block_low[0][0][9]_i_3/O
                         net (fo=20, routed)          1.057    13.018    u_core/g_engine[0].u_engine/block_low[0][0][9]_i_3_n_0
    SLICE_X52Y105        LUT6 (Prop_lut6_I0_O)        0.124    13.142 r  u_core/g_engine[0].u_engine/block_low[0][7][9]_i_1/O
                         net (fo=14, routed)          0.963    14.106    u_core/g_engine[0].u_engine/block_low[0][7][9]_i_1_n_0
    SLICE_X64Y102        FDCE                                         r  u_core/g_engine[0].u_engine/block_active_reg[0][7]/CE
  -------------------------------------------------------------------    -------------------

                         (clock sys_clk_pin rise edge)
                                                     10.000    10.000 r  <hidden>
    E3                                                0.000    10.000 r  clk100mhz
                         net (fo=0)                   0.000    10.000    clk100mhz
    E3                   IBUF (Prop_ibuf_I_O)         1.411    11.411 r  clk100mhz_IBUF_inst/O
                         net (fo=1, routed)           1.920    13.331    clk100mhz_IBUF
    BUFGCTRL_X0Y16       BUFG (Prop_bufg_I_O)         0.091    13.422 r  clk100mhz_IBUF_BUFG_inst/O
                         net (fo=4162, routed)        1.497    14.919    u_core/g_engine[0].u_engine/clk100mhz_IBUF_BUFG
    SLICE_X64Y102        FDCE                                         r  u_core/g_engine[0].u_engine/block_active_reg[0][7]/C
                         clock pessimism              0.188    15.107    <hidden>
                         clock uncertainty           -0.035    15.072    <hidden>
    SLICE_X64Y102        FDCE (Setup_fdce_C_CE)      -0.205    14.867    u_core/g_engine[0].u_engine/block_active_reg[0][7]
  -------------------------------------------------------------------
                         required time                         14.867    <hidden>
                         arrival time                         -14.106    <hidden>
  -------------------------------------------------------------------
                         slack                                  0.761    <hidden>

Slack (MET) :             0.785ns  (required time - arrival time)
  Source:                 image_addr_reg[15]_rep/C
                            (rising edge-triggered cell FDCE clocked by sys_clk_pin  {rise@0.000ns fall@5.000ns period=10.000ns})
  Destination:            rom_q_reg_8_5/ADDRARDADDR[15]
                            (rising edge-triggered cell RAMB36E1 clocked by sys_clk_pin  {rise@0.000ns fall@5.000ns period=10.000ns})
  Path Group:             sys_clk_pin
  Path Type:              Setup (Max at Slow Process Corner)
  Requirement:            10.000ns  (sys_clk_pin rise@10.000ns - sys_clk_pin rise@0.000ns)
  Data Path Delay:        8.757ns  (logic 0.456ns (5.207%)  route 8.301ns (94.793%))
  Logic Levels:           0  
  Clock Path Skew:        0.092ns (DCD - SCD + CPR)
    Destination Clock Delay (DCD):    5.145ns = ( 15.145 - 10.000 ) 
    Source Clock Delay      (SCD):    5.233ns
    Clock Pessimism Removal (CPR):    0.180ns
  Clock Uncertainty:      0.035ns  ((TSJ^2 + TIJ^2)^1/2 + DJ) / 2 + PE
    Total System Jitter     (TSJ):    0.071ns
    Total Input Jitter      (TIJ):    0.000ns
    Discrete Jitter          (DJ):    0.000ns
    Phase Error              (PE):    0.000ns

    Location             Delay type                Incr(ns)  Path(ns)    Netlist Resource(s)
  -------------------------------------------------------------------    -------------------
                         (clock sys_clk_pin rise edge)
                                                      0.000     0.000 r  <hidden>
    E3                                                0.000     0.000 r  clk100mhz
                         net (fo=0)                   0.000     0.000    clk100mhz
    E3                   IBUF (Prop_ibuf_I_O)         1.482     1.482 r  clk100mhz_IBUF_inst/O
                         net (fo=1, routed)           2.025     3.506    clk100mhz_IBUF
    BUFGCTRL_X0Y16       BUFG (Prop_bufg_I_O)         0.096     3.602 r  clk100mhz_IBUF_BUFG_inst/O
                         net (fo=4162, routed)        1.630     5.233    clk100mhz_IBUF_BUFG
    SLICE_X61Y56         FDCE                                         r  image_addr_reg[15]_rep/C
  -------------------------------------------------------------------    -------------------
    SLICE_X61Y56         FDCE (Prop_fdce_C_Q)         0.456     5.689 r  image_addr_reg[15]_rep/Q
                         net (fo=30, routed)          8.301    13.990    image_addr_reg[15]_rep_n_0
    RAMB36_X0Y32         RAMB36E1                                     r  rom_q_reg_8_5/ADDRARDADDR[15]
  -------------------------------------------------------------------    -------------------

                         (clock sys_clk_pin rise edge)
                                                     10.000    10.000 r  <hidden>
    E3                                                0.000    10.000 r  clk100mhz
                         net (fo=0)                   0.000    10.000    clk100mhz
    E3                   IBUF (Prop_ibuf_I_O)         1.411    11.411 r  clk100mhz_IBUF_inst/O
                         net (fo=1, routed)           1.920    13.331    clk100mhz_IBUF
    BUFGCTRL_X0Y16       BUFG (Prop_bufg_I_O)         0.091    13.422 r  clk100mhz_IBUF_BUFG_inst/O
                         net (fo=4162, routed)        1.723    15.145    clk100mhz_IBUF_BUFG
    RAMB36_X0Y32         RAMB36E1                                     r  rom_q_reg_8_5/CLKARDCLK
                         clock pessimism              0.180    15.325    <hidden>
                         clock uncertainty           -0.035    15.290    <hidden>
    RAMB36_X0Y32         RAMB36E1 (Setup_ramb36e1_CLKARDCLK_ADDRARDADDR[15])
                                                     -0.515    14.775    rom_q_reg_8_5
  -------------------------------------------------------------------
                         required time                         14.775    <hidden>
                         arrival time                         -13.990    <hidden>
  -------------------------------------------------------------------
                         slack                                  0.785    <hidden>

Slack (MET) :             0.797ns  (required time - arrival time)
  Source:                 u_core/g_engine[0].u_engine/scan_first_pipe_reg/C
                            (rising edge-triggered cell FDCE clocked by sys_clk_pin  {rise@0.000ns fall@5.000ns period=10.000ns})
  Destination:            u_core/g_engine[0].u_engine/block_high_reg[0][2][6]/CE
                            (rising edge-triggered cell FDCE clocked by sys_clk_pin  {rise@0.000ns fall@5.000ns period=10.000ns})
  Path Group:             sys_clk_pin
  Path Type:              Setup (Max at Slow Process Corner)
  Requirement:            10.000ns  (sys_clk_pin rise@10.000ns - sys_clk_pin rise@0.000ns)
  Data Path Delay:        8.853ns  (logic 3.876ns (43.781%)  route 4.977ns (56.219%))
  Logic Levels:           11  (CARRY4=5 LUT2=1 LUT3=2 LUT4=1 LUT6=2)
  Clock Path Skew:        -0.109ns (DCD - SCD + CPR)
    Destination Clock Delay (DCD):    4.916ns = ( 14.916 - 10.000 ) 
    Source Clock Delay      (SCD):    5.213ns
    Clock Pessimism Removal (CPR):    0.188ns
  Clock Uncertainty:      0.035ns  ((TSJ^2 + TIJ^2)^1/2 + DJ) / 2 + PE
    Total System Jitter     (TSJ):    0.071ns
    Total Input Jitter      (TIJ):    0.000ns
    Discrete Jitter          (DJ):    0.000ns
    Phase Error              (PE):    0.000ns

    Location             Delay type                Incr(ns)  Path(ns)    Netlist Resource(s)
  -------------------------------------------------------------------    -------------------
                         (clock sys_clk_pin rise edge)
                                                      0.000     0.000 r  <hidden>
    E3                                                0.000     0.000 r  clk100mhz
                         net (fo=0)                   0.000     0.000    clk100mhz
    E3                   IBUF (Prop_ibuf_I_O)         1.482     1.482 r  clk100mhz_IBUF_inst/O
                         net (fo=1, routed)           2.025     3.506    clk100mhz_IBUF
    BUFGCTRL_X0Y16       BUFG (Prop_bufg_I_O)         0.096     3.602 r  clk100mhz_IBUF_BUFG_inst/O
                         net (fo=4162, routed)        1.611     5.213    u_core/g_engine[0].u_engine/clk100mhz_IBUF_BUFG
    SLICE_X46Y115        FDCE                                         r  u_core/g_engine[0].u_engine/scan_first_pipe_reg/C
  -------------------------------------------------------------------    -------------------
    SLICE_X46Y115        FDCE (Prop_fdce_C_Q)         0.518     5.731 r  u_core/g_engine[0].u_engine/scan_first_pipe_reg/Q
                         net (fo=25, routed)          0.733     6.464    u_core/g_engine[0].u_engine/scan_first_pipe
    SLICE_X46Y115        LUT3 (Prop_lut3_I0_O)        0.124     6.588 r  u_core/g_engine[0].u_engine/cumulative[3]_i_7/O
                         net (fo=1, routed)           0.000     6.588    u_core/g_engine[0].u_engine/cumulative[3]_i_7_n_0
    SLICE_X46Y115        CARRY4 (Prop_carry4_S[3]_CO[3])
                                                      0.376     6.964 r  u_core/g_engine[0].u_engine/cumulative_reg[3]_i_2/CO[3]
                         net (fo=1, routed)           0.000     6.964    u_core/g_engine[0].u_engine/cumulative_reg[3]_i_2_n_0
    SLICE_X46Y116        CARRY4 (Prop_carry4_CI_O[2])
                                                      0.239     7.203 r  u_core/g_engine[0].u_engine/cumulative_reg[7]_i_2/O[2]
                         net (fo=4, routed)           0.596     7.799    u_core/g_engine[0].u_engine/cumulative_next[6]
    SLICE_X45Y118        LUT2 (Prop_lut2_I1_O)        0.301     8.100 r  u_core/g_engine[0].u_engine/selected_i_32/O
                         net (fo=1, routed)           0.000     8.100    u_core/g_engine[0].u_engine/selected_i_32_n_0
    SLICE_X45Y118        CARRY4 (Prop_carry4_S[1]_CO[3])
                                                      0.550     8.650 r  u_core/g_engine[0].u_engine/selected_reg_i_26/CO[3]
                         net (fo=1, routed)           0.000     8.650    u_core/g_engine[0].u_engine/selected_reg_i_26_n_0
    SLICE_X45Y119        CARRY4 (Prop_carry4_CI_O[1])
                                                      0.334     8.984 r  u_core/g_engine[0].u_engine/selected_reg_i_24/O[1]
                         net (fo=2, routed)           0.565     9.549    u_core/g_engine[0].u_engine/u_step/five_cumulative[10]
    SLICE_X44Y119        LUT3 (Prop_lut3_I0_O)        0.303     9.852 r  u_core/g_engine[0].u_engine/selected_i_12/O
                         net (fo=1, routed)           0.000     9.852    u_core/g_engine[0].u_engine/selected_i_12_n_0
    SLICE_X44Y119        CARRY4 (Prop_carry4_S[1]_CO[2])
                                                      0.570    10.422 r  u_core/g_engine[0].u_engine/selected_reg_i_5/CO[2]
                         net (fo=1, routed)           0.421    10.842    u_core/g_engine[0].u_engine/selected_reg_i_5_n_1
    SLICE_X44Y120        LUT4 (Prop_lut4_I0_O)        0.313    11.155 r  u_core/g_engine[0].u_engine/selected_i_4/O
                         net (fo=7, routed)           0.682    11.838    u_core/g_engine[0].u_engine/selected_i_4_n_0
    SLICE_X44Y116        LUT6 (Prop_lut6_I5_O)        0.124    11.962 r  u_core/g_engine[0].u_engine/block_low[0][0][9]_i_3/O
                         net (fo=20, routed)          1.140    13.102    u_core/g_engine[0].u_engine/block_low[0][0][9]_i_3_n_0
    SLICE_X56Y105        LUT6 (Prop_lut6_I0_O)        0.124    13.226 r  u_core/g_engine[0].u_engine/block_low[0][2][9]_i_1/O
                         net (fo=14, routed)          0.841    14.066    u_core/g_engine[0].u_engine/block_low[0][2][9]_i_1_n_0
    SLICE_X59Y101        FDCE                                         r  u_core/g_engine[0].u_engine/block_high_reg[0][2][6]/CE
  -------------------------------------------------------------------    -------------------

                         (clock sys_clk_pin rise edge)
                                                     10.000    10.000 r  <hidden>
    E3                                                0.000    10.000 r  clk100mhz
                         net (fo=0)                   0.000    10.000    clk100mhz
    E3                   IBUF (Prop_ibuf_I_O)         1.411    11.411 r  clk100mhz_IBUF_inst/O
                         net (fo=1, routed)           1.920    13.331    clk100mhz_IBUF
    BUFGCTRL_X0Y16       BUFG (Prop_bufg_I_O)         0.091    13.422 r  clk100mhz_IBUF_BUFG_inst/O
                         net (fo=4162, routed)        1.494    14.916    u_core/g_engine[0].u_engine/clk100mhz_IBUF_BUFG
    SLICE_X59Y101        FDCE                                         r  u_core/g_engine[0].u_engine/block_high_reg[0][2][6]/C
                         clock pessimism              0.188    15.104    <hidden>
                         clock uncertainty           -0.035    15.069    <hidden>
    SLICE_X59Y101        FDCE (Setup_fdce_C_CE)      -0.205    14.864    u_core/g_engine[0].u_engine/block_high_reg[0][2][6]
  -------------------------------------------------------------------
                         required time                         14.864    <hidden>
                         arrival time                         -14.066    <hidden>
  -------------------------------------------------------------------
                         slack                                  0.797    <hidden>

Slack (MET) :             0.797ns  (required time - arrival time)
  Source:                 u_core/g_engine[0].u_engine/scan_first_pipe_reg/C
                            (rising edge-triggered cell FDCE clocked by sys_clk_pin  {rise@0.000ns fall@5.000ns period=10.000ns})
  Destination:            u_core/g_engine[0].u_engine/block_high_reg[0][2][7]/CE
                            (rising edge-triggered cell FDCE clocked by sys_clk_pin  {rise@0.000ns fall@5.000ns period=10.000ns})
  Path Group:             sys_clk_pin
  Path Type:              Setup (Max at Slow Process Corner)
  Requirement:            10.000ns  (sys_clk_pin rise@10.000ns - sys_clk_pin rise@0.000ns)
  Data Path Delay:        8.853ns  (logic 3.876ns (43.781%)  route 4.977ns (56.219%))
  Logic Levels:           11  (CARRY4=5 LUT2=1 LUT3=2 LUT4=1 LUT6=2)
  Clock Path Skew:        -0.109ns (DCD - SCD + CPR)
    Destination Clock Delay (DCD):    4.916ns = ( 14.916 - 10.000 ) 
    Source Clock Delay      (SCD):    5.213ns
    Clock Pessimism Removal (CPR):    0.188ns
  Clock Uncertainty:      0.035ns  ((TSJ^2 + TIJ^2)^1/2 + DJ) / 2 + PE
    Total System Jitter     (TSJ):    0.071ns
    Total Input Jitter      (TIJ):    0.000ns
    Discrete Jitter          (DJ):    0.000ns
    Phase Error              (PE):    0.000ns

    Location             Delay type                Incr(ns)  Path(ns)    Netlist Resource(s)
  -------------------------------------------------------------------    -------------------
                         (clock sys_clk_pin rise edge)
                                                      0.000     0.000 r  <hidden>
    E3                                                0.000     0.000 r  clk100mhz
                         net (fo=0)                   0.000     0.000    clk100mhz
    E3                   IBUF (Prop_ibuf_I_O)         1.482     1.482 r  clk100mhz_IBUF_inst/O
                         net (fo=1, routed)           2.025     3.506    clk100mhz_IBUF
    BUFGCTRL_X0Y16       BUFG (Prop_bufg_I_O)         0.096     3.602 r  clk100mhz_IBUF_BUFG_inst/O
                         net (fo=4162, routed)        1.611     5.213    u_core/g_engine[0].u_engine/clk100mhz_IBUF_BUFG
    SLICE_X46Y115        FDCE                                         r  u_core/g_engine[0].u_engine/scan_first_pipe_reg/C
  -------------------------------------------------------------------    -------------------
    SLICE_X46Y115        FDCE (Prop_fdce_C_Q)         0.518     5.731 r  u_core/g_engine[0].u_engine/scan_first_pipe_reg/Q
                         net (fo=25, routed)          0.733     6.464    u_core/g_engine[0].u_engine/scan_first_pipe
    SLICE_X46Y115        LUT3 (Prop_lut3_I0_O)        0.124     6.588 r  u_core/g_engine[0].u_engine/cumulative[3]_i_7/O
                         net (fo=1, routed)           0.000     6.588    u_core/g_engine[0].u_engine/cumulative[3]_i_7_n_0
    SLICE_X46Y115        CARRY4 (Prop_carry4_S[3]_CO[3])
                                                      0.376     6.964 r  u_core/g_engine[0].u_engine/cumulative_reg[3]_i_2/CO[3]
                         net (fo=1, routed)           0.000     6.964    u_core/g_engine[0].u_engine/cumulative_reg[3]_i_2_n_0
    SLICE_X46Y116        CARRY4 (Prop_carry4_CI_O[2])
                                                      0.239     7.203 r  u_core/g_engine[0].u_engine/cumulative_reg[7]_i_2/O[2]
                         net (fo=4, routed)           0.596     7.799    u_core/g_engine[0].u_engine/cumulative_next[6]
    SLICE_X45Y118        LUT2 (Prop_lut2_I1_O)        0.301     8.100 r  u_core/g_engine[0].u_engine/selected_i_32/O
                         net (fo=1, routed)           0.000     8.100    u_core/g_engine[0].u_engine/selected_i_32_n_0
    SLICE_X45Y118        CARRY4 (Prop_carry4_S[1]_CO[3])
                                                      0.550     8.650 r  u_core/g_engine[0].u_engine/selected_reg_i_26/CO[3]
                         net (fo=1, routed)           0.000     8.650    u_core/g_engine[0].u_engine/selected_reg_i_26_n_0
    SLICE_X45Y119        CARRY4 (Prop_carry4_CI_O[1])
                                                      0.334     8.984 r  u_core/g_engine[0].u_engine/selected_reg_i_24/O[1]
                         net (fo=2, routed)           0.565     9.549    u_core/g_engine[0].u_engine/u_step/five_cumulative[10]
    SLICE_X44Y119        LUT3 (Prop_lut3_I0_O)        0.303     9.852 r  u_core/g_engine[0].u_engine/selected_i_12/O
                         net (fo=1, routed)           0.000     9.852    u_core/g_engine[0].u_engine/selected_i_12_n_0
    SLICE_X44Y119        CARRY4 (Prop_carry4_S[1]_CO[2])
                                                      0.570    10.422 r  u_core/g_engine[0].u_engine/selected_reg_i_5/CO[2]
                         net (fo=1, routed)           0.421    10.842    u_core/g_engine[0].u_engine/selected_reg_i_5_n_1
    SLICE_X44Y120        LUT4 (Prop_lut4_I0_O)        0.313    11.155 r  u_core/g_engine[0].u_engine/selected_i_4/O
                         net (fo=7, routed)           0.682    11.838    u_core/g_engine[0].u_engine/selected_i_4_n_0
    SLICE_X44Y116        LUT6 (Prop_lut6_I5_O)        0.124    11.962 r  u_core/g_engine[0].u_engine/block_low[0][0][9]_i_3/O
                         net (fo=20, routed)          1.140    13.102    u_core/g_engine[0].u_engine/block_low[0][0][9]_i_3_n_0
    SLICE_X56Y105        LUT6 (Prop_lut6_I0_O)        0.124    13.226 r  u_core/g_engine[0].u_engine/block_low[0][2][9]_i_1/O
                         net (fo=14, routed)          0.841    14.066    u_core/g_engine[0].u_engine/block_low[0][2][9]_i_1_n_0
    SLICE_X59Y101        FDCE                                         r  u_core/g_engine[0].u_engine/block_high_reg[0][2][7]/CE
  -------------------------------------------------------------------    -------------------

                         (clock sys_clk_pin rise edge)
                                                     10.000    10.000 r  <hidden>
    E3                                                0.000    10.000 r  clk100mhz
                         net (fo=0)                   0.000    10.000    clk100mhz
    E3                   IBUF (Prop_ibuf_I_O)         1.411    11.411 r  clk100mhz_IBUF_inst/O
                         net (fo=1, routed)           1.920    13.331    clk100mhz_IBUF
    BUFGCTRL_X0Y16       BUFG (Prop_bufg_I_O)         0.091    13.422 r  clk100mhz_IBUF_BUFG_inst/O
                         net (fo=4162, routed)        1.494    14.916    u_core/g_engine[0].u_engine/clk100mhz_IBUF_BUFG
    SLICE_X59Y101        FDCE                                         r  u_core/g_engine[0].u_engine/block_high_reg[0][2][7]/C
                         clock pessimism              0.188    15.104    <hidden>
                         clock uncertainty           -0.035    15.069    <hidden>
    SLICE_X59Y101        FDCE (Setup_fdce_C_CE)      -0.205    14.864    u_core/g_engine[0].u_engine/block_high_reg[0][2][7]
  -------------------------------------------------------------------
                         required time                         14.864    <hidden>
                         arrival time                         -14.066    <hidden>
  -------------------------------------------------------------------
                         slack                                  0.797    <hidden>

Slack (MET) :             0.829ns  (required time - arrival time)
  Source:                 u_core/g_engine[0].u_engine/scan_first_pipe_reg/C
                            (rising edge-triggered cell FDCE clocked by sys_clk_pin  {rise@0.000ns fall@5.000ns period=10.000ns})
  Destination:            u_core/g_engine[0].u_engine/block_active_reg[0][2]/CE
                            (rising edge-triggered cell FDCE clocked by sys_clk_pin  {rise@0.000ns fall@5.000ns period=10.000ns})
  Path Group:             sys_clk_pin
  Path Type:              Setup (Max at Slow Process Corner)
  Requirement:            10.000ns  (sys_clk_pin rise@10.000ns - sys_clk_pin rise@0.000ns)
  Data Path Delay:        8.822ns  (logic 3.876ns (43.936%)  route 4.946ns (56.064%))
  Logic Levels:           11  (CARRY4=5 LUT2=1 LUT3=2 LUT4=1 LUT6=2)
  Clock Path Skew:        -0.108ns (DCD - SCD + CPR)
    Destination Clock Delay (DCD):    4.917ns = ( 14.917 - 10.000 ) 
    Source Clock Delay      (SCD):    5.213ns
    Clock Pessimism Removal (CPR):    0.188ns
  Clock Uncertainty:      0.035ns  ((TSJ^2 + TIJ^2)^1/2 + DJ) / 2 + PE
    Total System Jitter     (TSJ):    0.071ns
    Total Input Jitter      (TIJ):    0.000ns
    Discrete Jitter          (DJ):    0.000ns
    Phase Error              (PE):    0.000ns

    Location             Delay type                Incr(ns)  Path(ns)    Netlist Resource(s)
  -------------------------------------------------------------------    -------------------
                         (clock sys_clk_pin rise edge)
                                                      0.000     0.000 r  <hidden>
    E3                                                0.000     0.000 r  clk100mhz
                         net (fo=0)                   0.000     0.000    clk100mhz
    E3                   IBUF (Prop_ibuf_I_O)         1.482     1.482 r  clk100mhz_IBUF_inst/O
                         net (fo=1, routed)           2.025     3.506    clk100mhz_IBUF
    BUFGCTRL_X0Y16       BUFG (Prop_bufg_I_O)         0.096     3.602 r  clk100mhz_IBUF_BUFG_inst/O
                         net (fo=4162, routed)        1.611     5.213    u_core/g_engine[0].u_engine/clk100mhz_IBUF_BUFG
    SLICE_X46Y115        FDCE                                         r  u_core/g_engine[0].u_engine/scan_first_pipe_reg/C
  -------------------------------------------------------------------    -------------------
    SLICE_X46Y115        FDCE (Prop_fdce_C_Q)         0.518     5.731 r  u_core/g_engine[0].u_engine/scan_first_pipe_reg/Q
                         net (fo=25, routed)          0.733     6.464    u_core/g_engine[0].u_engine/scan_first_pipe
    SLICE_X46Y115        LUT3 (Prop_lut3_I0_O)        0.124     6.588 r  u_core/g_engine[0].u_engine/cumulative[3]_i_7/O
                         net (fo=1, routed)           0.000     6.588    u_core/g_engine[0].u_engine/cumulative[3]_i_7_n_0
    SLICE_X46Y115        CARRY4 (Prop_carry4_S[3]_CO[3])
                                                      0.376     6.964 r  u_core/g_engine[0].u_engine/cumulative_reg[3]_i_2/CO[3]
                         net (fo=1, routed)           0.000     6.964    u_core/g_engine[0].u_engine/cumulative_reg[3]_i_2_n_0
    SLICE_X46Y116        CARRY4 (Prop_carry4_CI_O[2])
                                                      0.239     7.203 r  u_core/g_engine[0].u_engine/cumulative_reg[7]_i_2/O[2]
                         net (fo=4, routed)           0.596     7.799    u_core/g_engine[0].u_engine/cumulative_next[6]
    SLICE_X45Y118        LUT2 (Prop_lut2_I1_O)        0.301     8.100 r  u_core/g_engine[0].u_engine/selected_i_32/O
                         net (fo=1, routed)           0.000     8.100    u_core/g_engine[0].u_engine/selected_i_32_n_0
    SLICE_X45Y118        CARRY4 (Prop_carry4_S[1]_CO[3])
                                                      0.550     8.650 r  u_core/g_engine[0].u_engine/selected_reg_i_26/CO[3]
                         net (fo=1, routed)           0.000     8.650    u_core/g_engine[0].u_engine/selected_reg_i_26_n_0
    SLICE_X45Y119        CARRY4 (Prop_carry4_CI_O[1])
                                                      0.334     8.984 r  u_core/g_engine[0].u_engine/selected_reg_i_24/O[1]
                         net (fo=2, routed)           0.565     9.549    u_core/g_engine[0].u_engine/u_step/five_cumulative[10]
    SLICE_X44Y119        LUT3 (Prop_lut3_I0_O)        0.303     9.852 r  u_core/g_engine[0].u_engine/selected_i_12/O
                         net (fo=1, routed)           0.000     9.852    u_core/g_engine[0].u_engine/selected_i_12_n_0
    SLICE_X44Y119        CARRY4 (Prop_carry4_S[1]_CO[2])
                                                      0.570    10.422 r  u_core/g_engine[0].u_engine/selected_reg_i_5/CO[2]
                         net (fo=1, routed)           0.421    10.842    u_core/g_engine[0].u_engine/selected_reg_i_5_n_1
    SLICE_X44Y120        LUT4 (Prop_lut4_I0_O)        0.313    11.155 r  u_core/g_engine[0].u_engine/selected_i_4/O
                         net (fo=7, routed)           0.682    11.838    u_core/g_engine[0].u_engine/selected_i_4_n_0
    SLICE_X44Y116        LUT6 (Prop_lut6_I5_O)        0.124    11.962 r  u_core/g_engine[0].u_engine/block_low[0][0][9]_i_3/O
                         net (fo=20, routed)          1.140    13.102    u_core/g_engine[0].u_engine/block_low[0][0][9]_i_3_n_0
    SLICE_X56Y105        LUT6 (Prop_lut6_I0_O)        0.124    13.226 r  u_core/g_engine[0].u_engine/block_low[0][2][9]_i_1/O
                         net (fo=14, routed)          0.810    14.035    u_core/g_engine[0].u_engine/block_low[0][2][9]_i_1_n_0
    SLICE_X63Y104        FDCE                                         r  u_core/g_engine[0].u_engine/block_active_reg[0][2]/CE
  -------------------------------------------------------------------    -------------------

                         (clock sys_clk_pin rise edge)
                                                     10.000    10.000 r  <hidden>
    E3                                                0.000    10.000 r  clk100mhz
                         net (fo=0)                   0.000    10.000    clk100mhz
    E3                   IBUF (Prop_ibuf_I_O)         1.411    11.411 r  clk100mhz_IBUF_inst/O
                         net (fo=1, routed)           1.920    13.331    clk100mhz_IBUF
    BUFGCTRL_X0Y16       BUFG (Prop_bufg_I_O)         0.091    13.422 r  clk100mhz_IBUF_BUFG_inst/O
                         net (fo=4162, routed)        1.495    14.917    u_core/g_engine[0].u_engine/clk100mhz_IBUF_BUFG
    SLICE_X63Y104        FDCE                                         r  u_core/g_engine[0].u_engine/block_active_reg[0][2]/C
                         clock pessimism              0.188    15.105    <hidden>
                         clock uncertainty           -0.035    15.070    <hidden>
    SLICE_X63Y104        FDCE (Setup_fdce_C_CE)      -0.205    14.865    u_core/g_engine[0].u_engine/block_active_reg[0][2]
  -------------------------------------------------------------------
                         required time                         14.865    <hidden>
                         arrival time                         -14.035    <hidden>
  -------------------------------------------------------------------
                         slack                                  0.829    <hidden>

Slack (MET) :             0.834ns  (required time - arrival time)
  Source:                 u_core/g_engine[0].u_engine/scan_first_pipe_reg/C
                            (rising edge-triggered cell FDCE clocked by sys_clk_pin  {rise@0.000ns fall@5.000ns period=10.000ns})
  Destination:            u_core/g_engine[0].u_engine/block_active_reg[1][5]/CE
                            (rising edge-triggered cell FDCE clocked by sys_clk_pin  {rise@0.000ns fall@5.000ns period=10.000ns})
  Path Group:             sys_clk_pin
  Path Type:              Setup (Max at Slow Process Corner)
  Requirement:            10.000ns  (sys_clk_pin rise@10.000ns - sys_clk_pin rise@0.000ns)
  Data Path Delay:        8.818ns  (logic 3.876ns (43.957%)  route 4.942ns (56.043%))
  Logic Levels:           11  (CARRY4=5 LUT2=1 LUT3=2 LUT4=1 LUT6=2)
  Clock Path Skew:        -0.108ns (DCD - SCD + CPR)
    Destination Clock Delay (DCD):    4.917ns = ( 14.917 - 10.000 ) 
    Source Clock Delay      (SCD):    5.213ns
    Clock Pessimism Removal (CPR):    0.188ns
  Clock Uncertainty:      0.035ns  ((TSJ^2 + TIJ^2)^1/2 + DJ) / 2 + PE
    Total System Jitter     (TSJ):    0.071ns
    Total Input Jitter      (TIJ):    0.000ns
    Discrete Jitter          (DJ):    0.000ns
    Phase Error              (PE):    0.000ns

    Location             Delay type                Incr(ns)  Path(ns)    Netlist Resource(s)
  -------------------------------------------------------------------    -------------------
                         (clock sys_clk_pin rise edge)
                                                      0.000     0.000 r  <hidden>
    E3                                                0.000     0.000 r  clk100mhz
                         net (fo=0)                   0.000     0.000    clk100mhz
    E3                   IBUF (Prop_ibuf_I_O)         1.482     1.482 r  clk100mhz_IBUF_inst/O
                         net (fo=1, routed)           2.025     3.506    clk100mhz_IBUF
    BUFGCTRL_X0Y16       BUFG (Prop_bufg_I_O)         0.096     3.602 r  clk100mhz_IBUF_BUFG_inst/O
                         net (fo=4162, routed)        1.611     5.213    u_core/g_engine[0].u_engine/clk100mhz_IBUF_BUFG
    SLICE_X46Y115        FDCE                                         r  u_core/g_engine[0].u_engine/scan_first_pipe_reg/C
  -------------------------------------------------------------------    -------------------
    SLICE_X46Y115        FDCE (Prop_fdce_C_Q)         0.518     5.731 r  u_core/g_engine[0].u_engine/scan_first_pipe_reg/Q
                         net (fo=25, routed)          0.733     6.464    u_core/g_engine[0].u_engine/scan_first_pipe
    SLICE_X46Y115        LUT3 (Prop_lut3_I0_O)        0.124     6.588 r  u_core/g_engine[0].u_engine/cumulative[3]_i_7/O
                         net (fo=1, routed)           0.000     6.588    u_core/g_engine[0].u_engine/cumulative[3]_i_7_n_0
    SLICE_X46Y115        CARRY4 (Prop_carry4_S[3]_CO[3])
                                                      0.376     6.964 r  u_core/g_engine[0].u_engine/cumulative_reg[3]_i_2/CO[3]
                         net (fo=1, routed)           0.000     6.964    u_core/g_engine[0].u_engine/cumulative_reg[3]_i_2_n_0
    SLICE_X46Y116        CARRY4 (Prop_carry4_CI_O[2])
                                                      0.239     7.203 r  u_core/g_engine[0].u_engine/cumulative_reg[7]_i_2/O[2]
                         net (fo=4, routed)           0.596     7.799    u_core/g_engine[0].u_engine/cumulative_next[6]
    SLICE_X45Y118        LUT2 (Prop_lut2_I1_O)        0.301     8.100 r  u_core/g_engine[0].u_engine/selected_i_32/O
                         net (fo=1, routed)           0.000     8.100    u_core/g_engine[0].u_engine/selected_i_32_n_0
    SLICE_X45Y118        CARRY4 (Prop_carry4_S[1]_CO[3])
                                                      0.550     8.650 r  u_core/g_engine[0].u_engine/selected_reg_i_26/CO[3]
                         net (fo=1, routed)           0.000     8.650    u_core/g_engine[0].u_engine/selected_reg_i_26_n_0
    SLICE_X45Y119        CARRY4 (Prop_carry4_CI_O[1])
                                                      0.334     8.984 r  u_core/g_engine[0].u_engine/selected_reg_i_24/O[1]
                         net (fo=2, routed)           0.565     9.549    u_core/g_engine[0].u_engine/u_step/five_cumulative[10]
    SLICE_X44Y119        LUT3 (Prop_lut3_I0_O)        0.303     9.852 r  u_core/g_engine[0].u_engine/selected_i_12/O
                         net (fo=1, routed)           0.000     9.852    u_core/g_engine[0].u_engine/selected_i_12_n_0
    SLICE_X44Y119        CARRY4 (Prop_carry4_S[1]_CO[2])
                                                      0.570    10.422 r  u_core/g_engine[0].u_engine/selected_reg_i_5/CO[2]
                         net (fo=1, routed)           0.421    10.842    u_core/g_engine[0].u_engine/selected_reg_i_5_n_1
    SLICE_X44Y120        LUT4 (Prop_lut4_I0_O)        0.313    11.155 r  u_core/g_engine[0].u_engine/selected_i_4/O
                         net (fo=7, routed)           0.679    11.835    u_core/g_engine[0].u_engine/selected_i_4_n_0
    SLICE_X44Y116        LUT6 (Prop_lut6_I5_O)        0.124    11.959 r  u_core/g_engine[0].u_engine/block_low[1][0][9]_i_3/O
                         net (fo=20, routed)          0.947    12.906    u_core/g_engine[0].u_engine/block_low[1][0][9]_i_3_n_0
    SLICE_X53Y105        LUT6 (Prop_lut6_I0_O)        0.124    13.030 r  u_core/g_engine[0].u_engine/block_low[1][5][9]_i_1/O
                         net (fo=14, routed)          1.001    14.031    u_core/g_engine[0].u_engine/block_low[1][5][9]_i_1_n_0
    SLICE_X63Y103        FDCE                                         r  u_core/g_engine[0].u_engine/block_active_reg[1][5]/CE
  -------------------------------------------------------------------    -------------------

                         (clock sys_clk_pin rise edge)
                                                     10.000    10.000 r  <hidden>
    E3                                                0.000    10.000 r  clk100mhz
                         net (fo=0)                   0.000    10.000    clk100mhz
    E3                   IBUF (Prop_ibuf_I_O)         1.411    11.411 r  clk100mhz_IBUF_inst/O
                         net (fo=1, routed)           1.920    13.331    clk100mhz_IBUF
    BUFGCTRL_X0Y16       BUFG (Prop_bufg_I_O)         0.091    13.422 r  clk100mhz_IBUF_BUFG_inst/O
                         net (fo=4162, routed)        1.495    14.917    u_core/g_engine[0].u_engine/clk100mhz_IBUF_BUFG
    SLICE_X63Y103        FDCE                                         r  u_core/g_engine[0].u_engine/block_active_reg[1][5]/C
                         clock pessimism              0.188    15.105    <hidden>
                         clock uncertainty           -0.035    15.070    <hidden>
    SLICE_X63Y103        FDCE (Setup_fdce_C_CE)      -0.205    14.865    u_core/g_engine[0].u_engine/block_active_reg[1][5]
  -------------------------------------------------------------------
                         required time                         14.865    <hidden>
                         arrival time                         -14.031    <hidden>
  -------------------------------------------------------------------
                         slack                                  0.834    <hidden>

Slack (MET) :             0.847ns  (required time - arrival time)
  Source:                 image_addr_reg[5]/C
                            (rising edge-triggered cell FDCE clocked by sys_clk_pin  {rise@0.000ns fall@5.000ns period=10.000ns})
  Destination:            rom_q_reg_9_0/ADDRARDADDR[5]
                            (rising edge-triggered cell RAMB36E1 clocked by sys_clk_pin  {rise@0.000ns fall@5.000ns period=10.000ns})
  Path Group:             sys_clk_pin
  Path Type:              Setup (Max at Slow Process Corner)
  Requirement:            10.000ns  (sys_clk_pin rise@10.000ns - sys_clk_pin rise@0.000ns)
  Data Path Delay:        8.455ns  (logic 0.478ns (5.654%)  route 7.977ns (94.346%))
  Logic Levels:           0  
  Clock Path Skew:        0.074ns (DCD - SCD + CPR)
    Destination Clock Delay (DCD):    5.127ns = ( 15.127 - 10.000 ) 
    Source Clock Delay      (SCD):    5.233ns
    Clock Pessimism Removal (CPR):    0.180ns
  Clock Uncertainty:      0.035ns  ((TSJ^2 + TIJ^2)^1/2 + DJ) / 2 + PE
    Total System Jitter     (TSJ):    0.071ns
    Total Input Jitter      (TIJ):    0.000ns
    Discrete Jitter          (DJ):    0.000ns
    Phase Error              (PE):    0.000ns

    Location             Delay type                Incr(ns)  Path(ns)    Netlist Resource(s)
  -------------------------------------------------------------------    -------------------
                         (clock sys_clk_pin rise edge)
                                                      0.000     0.000 r  <hidden>
    E3                                                0.000     0.000 r  clk100mhz
                         net (fo=0)                   0.000     0.000    clk100mhz
    E3                   IBUF (Prop_ibuf_I_O)         1.482     1.482 r  clk100mhz_IBUF_inst/O
                         net (fo=1, routed)           2.025     3.506    clk100mhz_IBUF
    BUFGCTRL_X0Y16       BUFG (Prop_bufg_I_O)         0.096     3.602 r  clk100mhz_IBUF_BUFG_inst/O
                         net (fo=4162, routed)        1.630     5.233    clk100mhz_IBUF_BUFG
    SLICE_X60Y54         FDCE                                         r  image_addr_reg[5]/C
  -------------------------------------------------------------------    -------------------
    SLICE_X60Y54         FDCE (Prop_fdce_C_Q)         0.478     5.711 r  image_addr_reg[5]/Q
                         net (fo=30, routed)          7.977    13.687    image_addr_reg_n_0_[5]
    RAMB36_X1Y36         RAMB36E1                                     r  rom_q_reg_9_0/ADDRARDADDR[5]
  -------------------------------------------------------------------    -------------------

                         (clock sys_clk_pin rise edge)
                                                     10.000    10.000 r  <hidden>
    E3                                                0.000    10.000 r  clk100mhz
                         net (fo=0)                   0.000    10.000    clk100mhz
    E3                   IBUF (Prop_ibuf_I_O)         1.411    11.411 r  clk100mhz_IBUF_inst/O
                         net (fo=1, routed)           1.920    13.331    clk100mhz_IBUF
    BUFGCTRL_X0Y16       BUFG (Prop_bufg_I_O)         0.091    13.422 r  clk100mhz_IBUF_BUFG_inst/O
                         net (fo=4162, routed)        1.705    15.127    clk100mhz_IBUF_BUFG
    RAMB36_X1Y36         RAMB36E1                                     r  rom_q_reg_9_0/CLKARDCLK
                         clock pessimism              0.180    15.307    <hidden>
                         clock uncertainty           -0.035    15.272    <hidden>
    RAMB36_X1Y36         RAMB36E1 (Setup_ramb36e1_CLKARDCLK_ADDRARDADDR[5])
                                                     -0.737    14.535    rom_q_reg_9_0
  -------------------------------------------------------------------
                         required time                         14.535    <hidden>
                         arrival time                         -13.687    <hidden>
  -------------------------------------------------------------------
                         slack                                  0.847    <hidden>





Pulse Width Checks
--------------------------------------------------------------------------------------
Clock Name:         sys_clk_pin
Waveform(ns):       { 0.000 5.000 }
Period(ns):         10.000
Sources:            { clk100mhz }

Check Type        Corner  Lib Pin             Reference Pin  Required(ns)  Actual(ns)  Slack(ns)  Location       Pin
Min Period        n/a     RAMB36E1/CLKARDCLK  n/a            3.363         10.000      6.637      RAMB36_X1Y18   edge_mem_reg_0_0/CLKARDCLK
Min Period        n/a     RAMB36E1/CLKARDCLK  n/a            3.363         10.000      6.637      RAMB36_X0Y20   edge_mem_reg_0_1/CLKARDCLK
Min Period        n/a     RAMB36E1/CLKARDCLK  n/a            3.363         10.000      6.637      RAMB36_X1Y20   edge_mem_reg_0_2/CLKARDCLK
Min Period        n/a     RAMB36E1/CLKARDCLK  n/a            3.363         10.000      6.637      RAMB36_X1Y22   edge_mem_reg_0_3/CLKARDCLK
Min Period        n/a     RAMB36E1/CLKARDCLK  n/a            3.363         10.000      6.637      RAMB36_X0Y24   edge_mem_reg_0_4/CLKARDCLK
Min Period        n/a     RAMB36E1/CLKARDCLK  n/a            3.363         10.000      6.637      RAMB36_X0Y28   edge_mem_reg_0_5/CLKARDCLK
Min Period        n/a     RAMB36E1/CLKARDCLK  n/a            3.363         10.000      6.637      RAMB36_X0Y22   edge_mem_reg_0_6/CLKARDCLK
Min Period        n/a     RAMB36E1/CLKARDCLK  n/a            3.363         10.000      6.637      RAMB36_X0Y18   edge_mem_reg_0_7/CLKARDCLK
Min Period        n/a     RAMB36E1/CLKARDCLK  n/a            3.363         10.000      6.637      RAMB36_X1Y19   edge_mem_reg_1_0/CLKARDCLK
Min Period        n/a     RAMB36E1/CLKARDCLK  n/a            3.363         10.000      6.637      RAMB36_X0Y21   edge_mem_reg_1_1/CLKARDCLK
Low Pulse Width   Slow    RAMD64E/CLK         n/a            1.250         5.000       3.750      SLICE_X54Y107  u_core/g_engine[0].u_engine/g_bank[0].u_hist/hist_reg_r1_0_63_0_2/RAMA/CLK
Low Pulse Width   Fast    RAMD64E/CLK         n/a            1.250         5.000       3.750      SLICE_X54Y107  u_core/g_engine[0].u_engine/g_bank[0].u_hist/hist_reg_r1_0_63_0_2/RAMA/CLK
Low Pulse Width   Slow    RAMD64E/CLK         n/a            1.250         5.000       3.750      SLICE_X54Y107  u_core/g_engine[0].u_engine/g_bank[0].u_hist/hist_reg_r1_0_63_0_2/RAMB/CLK
Low Pulse Width   Fast    RAMD64E/CLK         n/a            1.250         5.000       3.750      SLICE_X54Y107  u_core/g_engine[0].u_engine/g_bank[0].u_hist/hist_reg_r1_0_63_0_2/RAMB/CLK
Low Pulse Width   Slow    RAMD64E/CLK         n/a            1.250         5.000       3.750      SLICE_X54Y107  u_core/g_engine[0].u_engine/g_bank[0].u_hist/hist_reg_r1_0_63_0_2/RAMC/CLK
Low Pulse Width   Fast    RAMD64E/CLK         n/a            1.250         5.000       3.750      SLICE_X54Y107  u_core/g_engine[0].u_engine/g_bank[0].u_hist/hist_reg_r1_0_63_0_2/RAMC/CLK
Low Pulse Width   Slow    RAMD64E/CLK         n/a            1.250         5.000       3.750      SLICE_X54Y107  u_core/g_engine[0].u_engine/g_bank[0].u_hist/hist_reg_r1_0_63_0_2/RAMD/CLK
Low Pulse Width   Fast    RAMD64E/CLK         n/a            1.250         5.000       3.750      SLICE_X54Y107  u_core/g_engine[0].u_engine/g_bank[0].u_hist/hist_reg_r1_0_63_0_2/RAMD/CLK
Low Pulse Width   Slow    RAMD64E/CLK         n/a            1.250         5.000       3.750      SLICE_X50Y106  u_core/g_engine[0].u_engine/g_bank[0].u_hist/hist_reg_r1_0_63_3_5/RAMA/CLK
Low Pulse Width   Fast    RAMD64E/CLK         n/a            1.250         5.000       3.750      SLICE_X50Y106  u_core/g_engine[0].u_engine/g_bank[0].u_hist/hist_reg_r1_0_63_3_5/RAMA/CLK
High Pulse Width  Slow    RAMD64E/CLK         n/a            1.250         5.000       3.750      SLICE_X54Y107  u_core/g_engine[0].u_engine/g_bank[0].u_hist/hist_reg_r1_0_63_0_2/RAMA/CLK
High Pulse Width  Fast    RAMD64E/CLK         n/a            1.250         5.000       3.750      SLICE_X54Y107  u_core/g_engine[0].u_engine/g_bank[0].u_hist/hist_reg_r1_0_63_0_2/RAMA/CLK
High Pulse Width  Slow    RAMD64E/CLK         n/a            1.250         5.000       3.750      SLICE_X54Y107  u_core/g_engine[0].u_engine/g_bank[0].u_hist/hist_reg_r1_0_63_0_2/RAMB/CLK
High Pulse Width  Fast    RAMD64E/CLK         n/a            1.250         5.000       3.750      SLICE_X54Y107  u_core/g_engine[0].u_engine/g_bank[0].u_hist/hist_reg_r1_0_63_0_2/RAMB/CLK
High Pulse Width  Slow    RAMD64E/CLK         n/a            1.250         5.000       3.750      SLICE_X54Y107  u_core/g_engine[0].u_engine/g_bank[0].u_hist/hist_reg_r1_0_63_0_2/RAMC/CLK
High Pulse Width  Fast    RAMD64E/CLK         n/a            1.250         5.000       3.750      SLICE_X54Y107  u_core/g_engine[0].u_engine/g_bank[0].u_hist/hist_reg_r1_0_63_0_2/RAMC/CLK
High Pulse Width  Slow    RAMD64E/CLK         n/a            1.250         5.000       3.750      SLICE_X54Y107  u_core/g_engine[0].u_engine/g_bank[0].u_hist/hist_reg_r1_0_63_0_2/RAMD/CLK
High Pulse Width  Fast    RAMD64E/CLK         n/a            1.250         5.000       3.750      SLICE_X54Y107  u_core/g_engine[0].u_engine/g_bank[0].u_hist/hist_reg_r1_0_63_0_2/RAMD/CLK
High Pulse Width  Slow    RAMD64E/CLK         n/a            1.250         5.000       3.750      SLICE_X50Y106  u_core/g_engine[0].u_engine/g_bank[0].u_hist/hist_reg_r1_0_63_3_5/RAMA/CLK
High Pulse Width  Fast    RAMD64E/CLK         n/a            1.250         5.000       3.750      SLICE_X50Y106  u_core/g_engine[0].u_engine/g_bank[0].u_hist/hist_reg_r1_0_63_3_5/RAMA/CLK



---------------------------------------------------------------------------------------------------
Path Group:  **async_default**
From Clock:  sys_clk_pin
  To Clock:  sys_clk_pin

Setup :            0  Failing Endpoints,  Worst Slack        2.315ns,  Total Violation        0.000ns
Hold  :           NA  Failing Endpoints,  Worst Slack           NA  ,  Total Violation           NA
---------------------------------------------------------------------------------------------------


Max Delay Paths
--------------------------------------------------------------------------------------
Slack (MET) :             2.315ns  (required time - arrival time)
  Source:                 reset_pipe_reg[1]/C
                            (rising edge-triggered cell FDCE clocked by sys_clk_pin  {rise@0.000ns fall@5.000ns period=10.000ns})
  Destination:            u_core/g_engine[0].u_engine/scan_index_reg[6]/CLR
                            (recovery check against rising-edge clock sys_clk_pin  {rise@0.000ns fall@5.000ns period=10.000ns})
  Path Group:             **async_default**
  Path Type:              Recovery (Max at Slow Process Corner)
  Requirement:            10.000ns  (sys_clk_pin rise@10.000ns - sys_clk_pin rise@0.000ns)
  Data Path Delay:        7.099ns  (logic 0.642ns (9.043%)  route 6.457ns (90.957%))
  Logic Levels:           1  (LUT1=1)
  Clock Path Skew:        -0.146ns (DCD - SCD + CPR)
    Destination Clock Delay (DCD):    4.908ns = ( 14.908 - 10.000 ) 
    Source Clock Delay      (SCD):    5.234ns
    Clock Pessimism Removal (CPR):    0.180ns
  Clock Uncertainty:      0.035ns  ((TSJ^2 + TIJ^2)^1/2 + DJ) / 2 + PE
    Total System Jitter     (TSJ):    0.071ns
    Total Input Jitter      (TIJ):    0.000ns
    Discrete Jitter          (DJ):    0.000ns
    Phase Error              (PE):    0.000ns

    Location             Delay type                Incr(ns)  Path(ns)    Netlist Resource(s)
  -------------------------------------------------------------------    -------------------
                         (clock sys_clk_pin rise edge)
                                                      0.000     0.000 r  <hidden>
    E3                                                0.000     0.000 r  clk100mhz
                         net (fo=0)                   0.000     0.000    clk100mhz
    E3                   IBUF (Prop_ibuf_I_O)         1.482     1.482 r  clk100mhz_IBUF_inst/O
                         net (fo=1, routed)           2.025     3.506    clk100mhz_IBUF
    BUFGCTRL_X0Y16       BUFG (Prop_bufg_I_O)         0.096     3.602 r  clk100mhz_IBUF_BUFG_inst/O
                         net (fo=4162, routed)        1.631     5.234    clk100mhz_IBUF_BUFG
    SLICE_X60Y97         FDCE                                         r  reset_pipe_reg[1]/C
  -------------------------------------------------------------------    -------------------
    SLICE_X60Y97         FDCE (Prop_fdce_C_Q)         0.518     5.752 r  reset_pipe_reg[1]/Q
                         net (fo=96, routed)          1.915     7.666    u_core/u_gradient/u_cordic/direction_reg_reg[3]_0[0]
    SLICE_X28Y90         LUT1 (Prop_lut1_I0_O)        0.124     7.790 f  u_core/u_gradient/u_cordic/div_count[9]_i_3/O
                         net (fo=2621, routed)        4.542    12.333    u_core/g_engine[0].u_engine/fill_x_reg[5]_rep__1_0
    SLICE_X48Y120        FDCE                                         f  u_core/g_engine[0].u_engine/scan_index_reg[6]/CLR
  -------------------------------------------------------------------    -------------------

                         (clock sys_clk_pin rise edge)
                                                     10.000    10.000 r  <hidden>
    E3                                                0.000    10.000 r  clk100mhz
                         net (fo=0)                   0.000    10.000    clk100mhz
    E3                   IBUF (Prop_ibuf_I_O)         1.411    11.411 r  clk100mhz_IBUF_inst/O
                         net (fo=1, routed)           1.920    13.331    clk100mhz_IBUF
    BUFGCTRL_X0Y16       BUFG (Prop_bufg_I_O)         0.091    13.422 r  clk100mhz_IBUF_BUFG_inst/O
                         net (fo=4162, routed)        1.486    14.908    u_core/g_engine[0].u_engine/clk100mhz_IBUF_BUFG
    SLICE_X48Y120        FDCE                                         r  u_core/g_engine[0].u_engine/scan_index_reg[6]/C
                         clock pessimism              0.180    15.088    <hidden>
                         clock uncertainty           -0.035    15.053    <hidden>
    SLICE_X48Y120        FDCE (Recov_fdce_C_CLR)     -0.405    14.648    u_core/g_engine[0].u_engine/scan_index_reg[6]
  -------------------------------------------------------------------
                         required time                         14.648    <hidden>
                         arrival time                         -12.333    <hidden>
  -------------------------------------------------------------------
                         slack                                  2.315    <hidden>

Slack (MET) :             2.319ns  (required time - arrival time)
  Source:                 reset_pipe_reg[1]/C
                            (rising edge-triggered cell FDCE clocked by sys_clk_pin  {rise@0.000ns fall@5.000ns period=10.000ns})
  Destination:            u_core/g_engine[0].u_engine/scan_index_reg[6]_rep/CLR
                            (recovery check against rising-edge clock sys_clk_pin  {rise@0.000ns fall@5.000ns period=10.000ns})
  Path Group:             **async_default**
  Path Type:              Recovery (Max at Slow Process Corner)
  Requirement:            10.000ns  (sys_clk_pin rise@10.000ns - sys_clk_pin rise@0.000ns)
  Data Path Delay:        7.095ns  (logic 0.642ns (9.049%)  route 6.453ns (90.951%))
  Logic Levels:           1  (LUT1=1)
  Clock Path Skew:        -0.146ns (DCD - SCD + CPR)
    Destination Clock Delay (DCD):    4.908ns = ( 14.908 - 10.000 ) 
    Source Clock Delay      (SCD):    5.234ns
    Clock Pessimism Removal (CPR):    0.180ns
  Clock Uncertainty:      0.035ns  ((TSJ^2 + TIJ^2)^1/2 + DJ) / 2 + PE
    Total System Jitter     (TSJ):    0.071ns
    Total Input Jitter      (TIJ):    0.000ns
    Discrete Jitter          (DJ):    0.000ns
    Phase Error              (PE):    0.000ns

    Location             Delay type                Incr(ns)  Path(ns)    Netlist Resource(s)
  -------------------------------------------------------------------    -------------------
                         (clock sys_clk_pin rise edge)
                                                      0.000     0.000 r  <hidden>
    E3                                                0.000     0.000 r  clk100mhz
                         net (fo=0)                   0.000     0.000    clk100mhz
    E3                   IBUF (Prop_ibuf_I_O)         1.482     1.482 r  clk100mhz_IBUF_inst/O
                         net (fo=1, routed)           2.025     3.506    clk100mhz_IBUF
    BUFGCTRL_X0Y16       BUFG (Prop_bufg_I_O)         0.096     3.602 r  clk100mhz_IBUF_BUFG_inst/O
                         net (fo=4162, routed)        1.631     5.234    clk100mhz_IBUF_BUFG
    SLICE_X60Y97         FDCE                                         r  reset_pipe_reg[1]/C
  -------------------------------------------------------------------    -------------------
    SLICE_X60Y97         FDCE (Prop_fdce_C_Q)         0.518     5.752 r  reset_pipe_reg[1]/Q
                         net (fo=96, routed)          1.915     7.666    u_core/u_gradient/u_cordic/direction_reg_reg[3]_0[0]
    SLICE_X28Y90         LUT1 (Prop_lut1_I0_O)        0.124     7.790 f  u_core/u_gradient/u_cordic/div_count[9]_i_3/O
                         net (fo=2621, routed)        4.538    12.328    u_core/g_engine[0].u_engine/fill_x_reg[5]_rep__1_0
    SLICE_X49Y120        FDCE                                         f  u_core/g_engine[0].u_engine/scan_index_reg[6]_rep/CLR
  -------------------------------------------------------------------    -------------------

                         (clock sys_clk_pin rise edge)
                                                     10.000    10.000 r  <hidden>
    E3                                                0.000    10.000 r  clk100mhz
                         net (fo=0)                   0.000    10.000    clk100mhz
    E3                   IBUF (Prop_ibuf_I_O)         1.411    11.411 r  clk100mhz_IBUF_inst/O
                         net (fo=1, routed)           1.920    13.331    clk100mhz_IBUF
    BUFGCTRL_X0Y16       BUFG (Prop_bufg_I_O)         0.091    13.422 r  clk100mhz_IBUF_BUFG_inst/O
                         net (fo=4162, routed)        1.486    14.908    u_core/g_engine[0].u_engine/clk100mhz_IBUF_BUFG
    SLICE_X49Y120        FDCE                                         r  u_core/g_engine[0].u_engine/scan_index_reg[6]_rep/C
                         clock pessimism              0.180    15.088    <hidden>
                         clock uncertainty           -0.035    15.053    <hidden>
    SLICE_X49Y120        FDCE (Recov_fdce_C_CLR)     -0.405    14.648    u_core/g_engine[0].u_engine/scan_index_reg[6]_rep
  -------------------------------------------------------------------
                         required time                         14.648    <hidden>
                         arrival time                         -12.328    <hidden>
  -------------------------------------------------------------------
                         slack                                  2.319    <hidden>

Slack (MET) :             2.319ns  (required time - arrival time)
  Source:                 reset_pipe_reg[1]/C
                            (rising edge-triggered cell FDCE clocked by sys_clk_pin  {rise@0.000ns fall@5.000ns period=10.000ns})
  Destination:            u_core/g_engine[0].u_engine/scan_index_reg[6]_rep__0/CLR
                            (recovery check against rising-edge clock sys_clk_pin  {rise@0.000ns fall@5.000ns period=10.000ns})
  Path Group:             **async_default**
  Path Type:              Recovery (Max at Slow Process Corner)
  Requirement:            10.000ns  (sys_clk_pin rise@10.000ns - sys_clk_pin rise@0.000ns)
  Data Path Delay:        7.095ns  (logic 0.642ns (9.049%)  route 6.453ns (90.951%))
  Logic Levels:           1  (LUT1=1)
  Clock Path Skew:        -0.146ns (DCD - SCD + CPR)
    Destination Clock Delay (DCD):    4.908ns = ( 14.908 - 10.000 ) 
    Source Clock Delay      (SCD):    5.234ns
    Clock Pessimism Removal (CPR):    0.180ns
  Clock Uncertainty:      0.035ns  ((TSJ^2 + TIJ^2)^1/2 + DJ) / 2 + PE
    Total System Jitter     (TSJ):    0.071ns
    Total Input Jitter      (TIJ):    0.000ns
    Discrete Jitter          (DJ):    0.000ns
    Phase Error              (PE):    0.000ns

    Location             Delay type                Incr(ns)  Path(ns)    Netlist Resource(s)
  -------------------------------------------------------------------    -------------------
                         (clock sys_clk_pin rise edge)
                                                      0.000     0.000 r  <hidden>
    E3                                                0.000     0.000 r  clk100mhz
                         net (fo=0)                   0.000     0.000    clk100mhz
    E3                   IBUF (Prop_ibuf_I_O)         1.482     1.482 r  clk100mhz_IBUF_inst/O
                         net (fo=1, routed)           2.025     3.506    clk100mhz_IBUF
    BUFGCTRL_X0Y16       BUFG (Prop_bufg_I_O)         0.096     3.602 r  clk100mhz_IBUF_BUFG_inst/O
                         net (fo=4162, routed)        1.631     5.234    clk100mhz_IBUF_BUFG
    SLICE_X60Y97         FDCE                                         r  reset_pipe_reg[1]/C
  -------------------------------------------------------------------    -------------------
    SLICE_X60Y97         FDCE (Prop_fdce_C_Q)         0.518     5.752 r  reset_pipe_reg[1]/Q
                         net (fo=96, routed)          1.915     7.666    u_core/u_gradient/u_cordic/direction_reg_reg[3]_0[0]
    SLICE_X28Y90         LUT1 (Prop_lut1_I0_O)        0.124     7.790 f  u_core/u_gradient/u_cordic/div_count[9]_i_3/O
                         net (fo=2621, routed)        4.538    12.328    u_core/g_engine[0].u_engine/fill_x_reg[5]_rep__1_0
    SLICE_X49Y120        FDCE                                         f  u_core/g_engine[0].u_engine/scan_index_reg[6]_rep__0/CLR
  -------------------------------------------------------------------    -------------------

                         (clock sys_clk_pin rise edge)
                                                     10.000    10.000 r  <hidden>
    E3                                                0.000    10.000 r  clk100mhz
                         net (fo=0)                   0.000    10.000    clk100mhz
    E3                   IBUF (Prop_ibuf_I_O)         1.411    11.411 r  clk100mhz_IBUF_inst/O
                         net (fo=1, routed)           1.920    13.331    clk100mhz_IBUF
    BUFGCTRL_X0Y16       BUFG (Prop_bufg_I_O)         0.091    13.422 r  clk100mhz_IBUF_BUFG_inst/O
                         net (fo=4162, routed)        1.486    14.908    u_core/g_engine[0].u_engine/clk100mhz_IBUF_BUFG
    SLICE_X49Y120        FDCE                                         r  u_core/g_engine[0].u_engine/scan_index_reg[6]_rep__0/C
                         clock pessimism              0.180    15.088    <hidden>
                         clock uncertainty           -0.035    15.053    <hidden>
    SLICE_X49Y120        FDCE (Recov_fdce_C_CLR)     -0.405    14.648    u_core/g_engine[0].u_engine/scan_index_reg[6]_rep__0
  -------------------------------------------------------------------
                         required time                         14.648    <hidden>
                         arrival time                         -12.328    <hidden>
  -------------------------------------------------------------------
                         slack                                  2.319    <hidden>

Slack (MET) :             2.319ns  (required time - arrival time)
  Source:                 reset_pipe_reg[1]/C
                            (rising edge-triggered cell FDCE clocked by sys_clk_pin  {rise@0.000ns fall@5.000ns period=10.000ns})
  Destination:            u_core/g_engine[0].u_engine/scan_index_reg[7]/CLR
                            (recovery check against rising-edge clock sys_clk_pin  {rise@0.000ns fall@5.000ns period=10.000ns})
  Path Group:             **async_default**
  Path Type:              Recovery (Max at Slow Process Corner)
  Requirement:            10.000ns  (sys_clk_pin rise@10.000ns - sys_clk_pin rise@0.000ns)
  Data Path Delay:        7.095ns  (logic 0.642ns (9.049%)  route 6.453ns (90.951%))
  Logic Levels:           1  (LUT1=1)
  Clock Path Skew:        -0.146ns (DCD - SCD + CPR)
    Destination Clock Delay (DCD):    4.908ns = ( 14.908 - 10.000 ) 
    Source Clock Delay      (SCD):    5.234ns
    Clock Pessimism Removal (CPR):    0.180ns
  Clock Uncertainty:      0.035ns  ((TSJ^2 + TIJ^2)^1/2 + DJ) / 2 + PE
    Total System Jitter     (TSJ):    0.071ns
    Total Input Jitter      (TIJ):    0.000ns
    Discrete Jitter          (DJ):    0.000ns
    Phase Error              (PE):    0.000ns

    Location             Delay type                Incr(ns)  Path(ns)    Netlist Resource(s)
  -------------------------------------------------------------------    -------------------
                         (clock sys_clk_pin rise edge)
                                                      0.000     0.000 r  <hidden>
    E3                                                0.000     0.000 r  clk100mhz
                         net (fo=0)                   0.000     0.000    clk100mhz
    E3                   IBUF (Prop_ibuf_I_O)         1.482     1.482 r  clk100mhz_IBUF_inst/O
                         net (fo=1, routed)           2.025     3.506    clk100mhz_IBUF
    BUFGCTRL_X0Y16       BUFG (Prop_bufg_I_O)         0.096     3.602 r  clk100mhz_IBUF_BUFG_inst/O
                         net (fo=4162, routed)        1.631     5.234    clk100mhz_IBUF_BUFG
    SLICE_X60Y97         FDCE                                         r  reset_pipe_reg[1]/C
  -------------------------------------------------------------------    -------------------
    SLICE_X60Y97         FDCE (Prop_fdce_C_Q)         0.518     5.752 r  reset_pipe_reg[1]/Q
                         net (fo=96, routed)          1.915     7.666    u_core/u_gradient/u_cordic/direction_reg_reg[3]_0[0]
    SLICE_X28Y90         LUT1 (Prop_lut1_I0_O)        0.124     7.790 f  u_core/u_gradient/u_cordic/div_count[9]_i_3/O
                         net (fo=2621, routed)        4.538    12.328    u_core/g_engine[0].u_engine/fill_x_reg[5]_rep__1_0
    SLICE_X49Y120        FDCE                                         f  u_core/g_engine[0].u_engine/scan_index_reg[7]/CLR
  -------------------------------------------------------------------    -------------------

                         (clock sys_clk_pin rise edge)
                                                     10.000    10.000 r  <hidden>
    E3                                                0.000    10.000 r  clk100mhz
                         net (fo=0)                   0.000    10.000    clk100mhz
    E3                   IBUF (Prop_ibuf_I_O)         1.411    11.411 r  clk100mhz_IBUF_inst/O
                         net (fo=1, routed)           1.920    13.331    clk100mhz_IBUF
    BUFGCTRL_X0Y16       BUFG (Prop_bufg_I_O)         0.091    13.422 r  clk100mhz_IBUF_BUFG_inst/O
                         net (fo=4162, routed)        1.486    14.908    u_core/g_engine[0].u_engine/clk100mhz_IBUF_BUFG
    SLICE_X49Y120        FDCE                                         r  u_core/g_engine[0].u_engine/scan_index_reg[7]/C
                         clock pessimism              0.180    15.088    <hidden>
                         clock uncertainty           -0.035    15.053    <hidden>
    SLICE_X49Y120        FDCE (Recov_fdce_C_CLR)     -0.405    14.648    u_core/g_engine[0].u_engine/scan_index_reg[7]
  -------------------------------------------------------------------
                         required time                         14.648    <hidden>
                         arrival time                         -12.328    <hidden>
  -------------------------------------------------------------------
                         slack                                  2.319    <hidden>

Slack (MET) :             2.319ns  (required time - arrival time)
  Source:                 reset_pipe_reg[1]/C
                            (rising edge-triggered cell FDCE clocked by sys_clk_pin  {rise@0.000ns fall@5.000ns period=10.000ns})
  Destination:            u_core/g_engine[0].u_engine/scan_index_reg[8]/CLR
                            (recovery check against rising-edge clock sys_clk_pin  {rise@0.000ns fall@5.000ns period=10.000ns})
  Path Group:             **async_default**
  Path Type:              Recovery (Max at Slow Process Corner)
  Requirement:            10.000ns  (sys_clk_pin rise@10.000ns - sys_clk_pin rise@0.000ns)
  Data Path Delay:        7.095ns  (logic 0.642ns (9.049%)  route 6.453ns (90.951%))
  Logic Levels:           1  (LUT1=1)
  Clock Path Skew:        -0.146ns (DCD - SCD + CPR)
    Destination Clock Delay (DCD):    4.908ns = ( 14.908 - 10.000 ) 
    Source Clock Delay      (SCD):    5.234ns
    Clock Pessimism Removal (CPR):    0.180ns
  Clock Uncertainty:      0.035ns  ((TSJ^2 + TIJ^2)^1/2 + DJ) / 2 + PE
    Total System Jitter     (TSJ):    0.071ns
    Total Input Jitter      (TIJ):    0.000ns
    Discrete Jitter          (DJ):    0.000ns
    Phase Error              (PE):    0.000ns

    Location             Delay type                Incr(ns)  Path(ns)    Netlist Resource(s)
  -------------------------------------------------------------------    -------------------
                         (clock sys_clk_pin rise edge)
                                                      0.000     0.000 r  <hidden>
    E3                                                0.000     0.000 r  clk100mhz
                         net (fo=0)                   0.000     0.000    clk100mhz
    E3                   IBUF (Prop_ibuf_I_O)         1.482     1.482 r  clk100mhz_IBUF_inst/O
                         net (fo=1, routed)           2.025     3.506    clk100mhz_IBUF
    BUFGCTRL_X0Y16       BUFG (Prop_bufg_I_O)         0.096     3.602 r  clk100mhz_IBUF_BUFG_inst/O
                         net (fo=4162, routed)        1.631     5.234    clk100mhz_IBUF_BUFG
    SLICE_X60Y97         FDCE                                         r  reset_pipe_reg[1]/C
  -------------------------------------------------------------------    -------------------
    SLICE_X60Y97         FDCE (Prop_fdce_C_Q)         0.518     5.752 r  reset_pipe_reg[1]/Q
                         net (fo=96, routed)          1.915     7.666    u_core/u_gradient/u_cordic/direction_reg_reg[3]_0[0]
    SLICE_X28Y90         LUT1 (Prop_lut1_I0_O)        0.124     7.790 f  u_core/u_gradient/u_cordic/div_count[9]_i_3/O
                         net (fo=2621, routed)        4.538    12.328    u_core/g_engine[0].u_engine/fill_x_reg[5]_rep__1_0
    SLICE_X49Y120        FDCE                                         f  u_core/g_engine[0].u_engine/scan_index_reg[8]/CLR
  -------------------------------------------------------------------    -------------------

                         (clock sys_clk_pin rise edge)
                                                     10.000    10.000 r  <hidden>
    E3                                                0.000    10.000 r  clk100mhz
                         net (fo=0)                   0.000    10.000    clk100mhz
    E3                   IBUF (Prop_ibuf_I_O)         1.411    11.411 r  clk100mhz_IBUF_inst/O
                         net (fo=1, routed)           1.920    13.331    clk100mhz_IBUF
    BUFGCTRL_X0Y16       BUFG (Prop_bufg_I_O)         0.091    13.422 r  clk100mhz_IBUF_BUFG_inst/O
                         net (fo=4162, routed)        1.486    14.908    u_core/g_engine[0].u_engine/clk100mhz_IBUF_BUFG
    SLICE_X49Y120        FDCE                                         r  u_core/g_engine[0].u_engine/scan_index_reg[8]/C
                         clock pessimism              0.180    15.088    <hidden>
                         clock uncertainty           -0.035    15.053    <hidden>
    SLICE_X49Y120        FDCE (Recov_fdce_C_CLR)     -0.405    14.648    u_core/g_engine[0].u_engine/scan_index_reg[8]
  -------------------------------------------------------------------
                         required time                         14.648    <hidden>
                         arrival time                         -12.328    <hidden>
  -------------------------------------------------------------------
                         slack                                  2.319    <hidden>

Slack (MET) :             2.420ns  (required time - arrival time)
  Source:                 reset_pipe_reg[1]/C
                            (rising edge-triggered cell FDCE clocked by sys_clk_pin  {rise@0.000ns fall@5.000ns period=10.000ns})
  Destination:            u_core/g_engine[0].u_engine/scan_count_pipe_reg[0]/CLR
                            (recovery check against rising-edge clock sys_clk_pin  {rise@0.000ns fall@5.000ns period=10.000ns})
  Path Group:             **async_default**
  Path Type:              Recovery (Max at Slow Process Corner)
  Requirement:            10.000ns  (sys_clk_pin rise@10.000ns - sys_clk_pin rise@0.000ns)
  Data Path Delay:        6.998ns  (logic 0.642ns (9.174%)  route 6.356ns (90.826%))
  Logic Levels:           1  (LUT1=1)
  Clock Path Skew:        -0.142ns (DCD - SCD + CPR)
    Destination Clock Delay (DCD):    4.912ns = ( 14.912 - 10.000 ) 
    Source Clock Delay      (SCD):    5.234ns
    Clock Pessimism Removal (CPR):    0.180ns
  Clock Uncertainty:      0.035ns  ((TSJ^2 + TIJ^2)^1/2 + DJ) / 2 + PE
    Total System Jitter     (TSJ):    0.071ns
    Total Input Jitter      (TIJ):    0.000ns
    Discrete Jitter          (DJ):    0.000ns
    Phase Error              (PE):    0.000ns

    Location             Delay type                Incr(ns)  Path(ns)    Netlist Resource(s)
  -------------------------------------------------------------------    -------------------
                         (clock sys_clk_pin rise edge)
                                                      0.000     0.000 r  <hidden>
    E3                                                0.000     0.000 r  clk100mhz
                         net (fo=0)                   0.000     0.000    clk100mhz
    E3                   IBUF (Prop_ibuf_I_O)         1.482     1.482 r  clk100mhz_IBUF_inst/O
                         net (fo=1, routed)           2.025     3.506    clk100mhz_IBUF
    BUFGCTRL_X0Y16       BUFG (Prop_bufg_I_O)         0.096     3.602 r  clk100mhz_IBUF_BUFG_inst/O
                         net (fo=4162, routed)        1.631     5.234    clk100mhz_IBUF_BUFG
    SLICE_X60Y97         FDCE                                         r  reset_pipe_reg[1]/C
  -------------------------------------------------------------------    -------------------
    SLICE_X60Y97         FDCE (Prop_fdce_C_Q)         0.518     5.752 r  reset_pipe_reg[1]/Q
                         net (fo=96, routed)          1.915     7.666    u_core/u_gradient/u_cordic/direction_reg_reg[3]_0[0]
    SLICE_X28Y90         LUT1 (Prop_lut1_I0_O)        0.124     7.790 f  u_core/u_gradient/u_cordic/div_count[9]_i_3/O
                         net (fo=2621, routed)        4.442    12.232    u_core/g_engine[0].u_engine/fill_x_reg[5]_rep__1_0
    SLICE_X47Y116        FDCE                                         f  u_core/g_engine[0].u_engine/scan_count_pipe_reg[0]/CLR
  -------------------------------------------------------------------    -------------------

                         (clock sys_clk_pin rise edge)
                                                     10.000    10.000 r  <hidden>
    E3                                                0.000    10.000 r  clk100mhz
                         net (fo=0)                   0.000    10.000    clk100mhz
    E3                   IBUF (Prop_ibuf_I_O)         1.411    11.411 r  clk100mhz_IBUF_inst/O
                         net (fo=1, routed)           1.920    13.331    clk100mhz_IBUF
    BUFGCTRL_X0Y16       BUFG (Prop_bufg_I_O)         0.091    13.422 r  clk100mhz_IBUF_BUFG_inst/O
                         net (fo=4162, routed)        1.490    14.912    u_core/g_engine[0].u_engine/clk100mhz_IBUF_BUFG
    SLICE_X47Y116        FDCE                                         r  u_core/g_engine[0].u_engine/scan_count_pipe_reg[0]/C
                         clock pessimism              0.180    15.092    <hidden>
                         clock uncertainty           -0.035    15.057    <hidden>
    SLICE_X47Y116        FDCE (Recov_fdce_C_CLR)     -0.405    14.652    u_core/g_engine[0].u_engine/scan_count_pipe_reg[0]
  -------------------------------------------------------------------
                         required time                         14.652    <hidden>
                         arrival time                         -12.232    <hidden>
  -------------------------------------------------------------------
                         slack                                  2.420    <hidden>

Slack (MET) :             2.449ns  (required time - arrival time)
  Source:                 reset_pipe_reg[1]/C
                            (rising edge-triggered cell FDCE clocked by sys_clk_pin  {rise@0.000ns fall@5.000ns period=10.000ns})
  Destination:            u_core/g_engine[0].u_engine/scan_index_reg[4]/CLR
                            (recovery check against rising-edge clock sys_clk_pin  {rise@0.000ns fall@5.000ns period=10.000ns})
  Path Group:             **async_default**
  Path Type:              Recovery (Max at Slow Process Corner)
  Requirement:            10.000ns  (sys_clk_pin rise@10.000ns - sys_clk_pin rise@0.000ns)
  Data Path Delay:        6.956ns  (logic 0.642ns (9.229%)  route 6.314ns (90.771%))
  Logic Levels:           1  (LUT1=1)
  Clock Path Skew:        -0.155ns (DCD - SCD + CPR)
    Destination Clock Delay (DCD):    4.899ns = ( 14.899 - 10.000 ) 
    Source Clock Delay      (SCD):    5.234ns
    Clock Pessimism Removal (CPR):    0.180ns
  Clock Uncertainty:      0.035ns  ((TSJ^2 + TIJ^2)^1/2 + DJ) / 2 + PE
    Total System Jitter     (TSJ):    0.071ns
    Total Input Jitter      (TIJ):    0.000ns
    Discrete Jitter          (DJ):    0.000ns
    Phase Error              (PE):    0.000ns

    Location             Delay type                Incr(ns)  Path(ns)    Netlist Resource(s)
  -------------------------------------------------------------------    -------------------
                         (clock sys_clk_pin rise edge)
                                                      0.000     0.000 r  <hidden>
    E3                                                0.000     0.000 r  clk100mhz
                         net (fo=0)                   0.000     0.000    clk100mhz
    E3                   IBUF (Prop_ibuf_I_O)         1.482     1.482 r  clk100mhz_IBUF_inst/O
                         net (fo=1, routed)           2.025     3.506    clk100mhz_IBUF
    BUFGCTRL_X0Y16       BUFG (Prop_bufg_I_O)         0.096     3.602 r  clk100mhz_IBUF_BUFG_inst/O
                         net (fo=4162, routed)        1.631     5.234    clk100mhz_IBUF_BUFG
    SLICE_X60Y97         FDCE                                         r  reset_pipe_reg[1]/C
  -------------------------------------------------------------------    -------------------
    SLICE_X60Y97         FDCE (Prop_fdce_C_Q)         0.518     5.752 r  reset_pipe_reg[1]/Q
                         net (fo=96, routed)          1.915     7.666    u_core/u_gradient/u_cordic/direction_reg_reg[3]_0[0]
    SLICE_X28Y90         LUT1 (Prop_lut1_I0_O)        0.124     7.790 f  u_core/u_gradient/u_cordic/div_count[9]_i_3/O
                         net (fo=2621, routed)        4.400    12.190    u_core/g_engine[0].u_engine/fill_x_reg[5]_rep__1_0
    SLICE_X52Y119        FDCE                                         f  u_core/g_engine[0].u_engine/scan_index_reg[4]/CLR
  -------------------------------------------------------------------    -------------------

                         (clock sys_clk_pin rise edge)
                                                     10.000    10.000 r  <hidden>
    E3                                                0.000    10.000 r  clk100mhz
                         net (fo=0)                   0.000    10.000    clk100mhz
    E3                   IBUF (Prop_ibuf_I_O)         1.411    11.411 r  clk100mhz_IBUF_inst/O
                         net (fo=1, routed)           1.920    13.331    clk100mhz_IBUF
    BUFGCTRL_X0Y16       BUFG (Prop_bufg_I_O)         0.091    13.422 r  clk100mhz_IBUF_BUFG_inst/O
                         net (fo=4162, routed)        1.477    14.899    u_core/g_engine[0].u_engine/clk100mhz_IBUF_BUFG
    SLICE_X52Y119        FDCE                                         r  u_core/g_engine[0].u_engine/scan_index_reg[4]/C
                         clock pessimism              0.180    15.079    <hidden>
                         clock uncertainty           -0.035    15.044    <hidden>
    SLICE_X52Y119        FDCE (Recov_fdce_C_CLR)     -0.405    14.639    u_core/g_engine[0].u_engine/scan_index_reg[4]
  -------------------------------------------------------------------
                         required time                         14.639    <hidden>
                         arrival time                         -12.190    <hidden>
  -------------------------------------------------------------------
                         slack                                  2.449    <hidden>

Slack (MET) :             2.449ns  (required time - arrival time)
  Source:                 reset_pipe_reg[1]/C
                            (rising edge-triggered cell FDCE clocked by sys_clk_pin  {rise@0.000ns fall@5.000ns period=10.000ns})
  Destination:            u_core/g_engine[0].u_engine/scan_index_reg[5]/CLR
                            (recovery check against rising-edge clock sys_clk_pin  {rise@0.000ns fall@5.000ns period=10.000ns})
  Path Group:             **async_default**
  Path Type:              Recovery (Max at Slow Process Corner)
  Requirement:            10.000ns  (sys_clk_pin rise@10.000ns - sys_clk_pin rise@0.000ns)
  Data Path Delay:        6.956ns  (logic 0.642ns (9.229%)  route 6.314ns (90.771%))
  Logic Levels:           1  (LUT1=1)
  Clock Path Skew:        -0.155ns (DCD - SCD + CPR)
    Destination Clock Delay (DCD):    4.899ns = ( 14.899 - 10.000 ) 
    Source Clock Delay      (SCD):    5.234ns
    Clock Pessimism Removal (CPR):    0.180ns
  Clock Uncertainty:      0.035ns  ((TSJ^2 + TIJ^2)^1/2 + DJ) / 2 + PE
    Total System Jitter     (TSJ):    0.071ns
    Total Input Jitter      (TIJ):    0.000ns
    Discrete Jitter          (DJ):    0.000ns
    Phase Error              (PE):    0.000ns

    Location             Delay type                Incr(ns)  Path(ns)    Netlist Resource(s)
  -------------------------------------------------------------------    -------------------
                         (clock sys_clk_pin rise edge)
                                                      0.000     0.000 r  <hidden>
    E3                                                0.000     0.000 r  clk100mhz
                         net (fo=0)                   0.000     0.000    clk100mhz
    E3                   IBUF (Prop_ibuf_I_O)         1.482     1.482 r  clk100mhz_IBUF_inst/O
                         net (fo=1, routed)           2.025     3.506    clk100mhz_IBUF
    BUFGCTRL_X0Y16       BUFG (Prop_bufg_I_O)         0.096     3.602 r  clk100mhz_IBUF_BUFG_inst/O
                         net (fo=4162, routed)        1.631     5.234    clk100mhz_IBUF_BUFG
    SLICE_X60Y97         FDCE                                         r  reset_pipe_reg[1]/C
  -------------------------------------------------------------------    -------------------
    SLICE_X60Y97         FDCE (Prop_fdce_C_Q)         0.518     5.752 r  reset_pipe_reg[1]/Q
                         net (fo=96, routed)          1.915     7.666    u_core/u_gradient/u_cordic/direction_reg_reg[3]_0[0]
    SLICE_X28Y90         LUT1 (Prop_lut1_I0_O)        0.124     7.790 f  u_core/u_gradient/u_cordic/div_count[9]_i_3/O
                         net (fo=2621, routed)        4.400    12.190    u_core/g_engine[0].u_engine/fill_x_reg[5]_rep__1_0
    SLICE_X52Y119        FDCE                                         f  u_core/g_engine[0].u_engine/scan_index_reg[5]/CLR
  -------------------------------------------------------------------    -------------------

                         (clock sys_clk_pin rise edge)
                                                     10.000    10.000 r  <hidden>
    E3                                                0.000    10.000 r  clk100mhz
                         net (fo=0)                   0.000    10.000    clk100mhz
    E3                   IBUF (Prop_ibuf_I_O)         1.411    11.411 r  clk100mhz_IBUF_inst/O
                         net (fo=1, routed)           1.920    13.331    clk100mhz_IBUF
    BUFGCTRL_X0Y16       BUFG (Prop_bufg_I_O)         0.091    13.422 r  clk100mhz_IBUF_BUFG_inst/O
                         net (fo=4162, routed)        1.477    14.899    u_core/g_engine[0].u_engine/clk100mhz_IBUF_BUFG
    SLICE_X52Y119        FDCE                                         r  u_core/g_engine[0].u_engine/scan_index_reg[5]/C
                         clock pessimism              0.180    15.079    <hidden>
                         clock uncertainty           -0.035    15.044    <hidden>
    SLICE_X52Y119        FDCE (Recov_fdce_C_CLR)     -0.405    14.639    u_core/g_engine[0].u_engine/scan_index_reg[5]
  -------------------------------------------------------------------
                         required time                         14.639    <hidden>
                         arrival time                         -12.190    <hidden>
  -------------------------------------------------------------------
                         slack                                  2.449    <hidden>

Slack (MET) :             2.449ns  (required time - arrival time)
  Source:                 reset_pipe_reg[1]/C
                            (rising edge-triggered cell FDCE clocked by sys_clk_pin  {rise@0.000ns fall@5.000ns period=10.000ns})
  Destination:            u_core/g_engine[0].u_engine/scan_index_reg[5]_rep/CLR
                            (recovery check against rising-edge clock sys_clk_pin  {rise@0.000ns fall@5.000ns period=10.000ns})
  Path Group:             **async_default**
  Path Type:              Recovery (Max at Slow Process Corner)
  Requirement:            10.000ns  (sys_clk_pin rise@10.000ns - sys_clk_pin rise@0.000ns)
  Data Path Delay:        6.956ns  (logic 0.642ns (9.229%)  route 6.314ns (90.771%))
  Logic Levels:           1  (LUT1=1)
  Clock Path Skew:        -0.155ns (DCD - SCD + CPR)
    Destination Clock Delay (DCD):    4.899ns = ( 14.899 - 10.000 ) 
    Source Clock Delay      (SCD):    5.234ns
    Clock Pessimism Removal (CPR):    0.180ns
  Clock Uncertainty:      0.035ns  ((TSJ^2 + TIJ^2)^1/2 + DJ) / 2 + PE
    Total System Jitter     (TSJ):    0.071ns
    Total Input Jitter      (TIJ):    0.000ns
    Discrete Jitter          (DJ):    0.000ns
    Phase Error              (PE):    0.000ns

    Location             Delay type                Incr(ns)  Path(ns)    Netlist Resource(s)
  -------------------------------------------------------------------    -------------------
                         (clock sys_clk_pin rise edge)
                                                      0.000     0.000 r  <hidden>
    E3                                                0.000     0.000 r  clk100mhz
                         net (fo=0)                   0.000     0.000    clk100mhz
    E3                   IBUF (Prop_ibuf_I_O)         1.482     1.482 r  clk100mhz_IBUF_inst/O
                         net (fo=1, routed)           2.025     3.506    clk100mhz_IBUF
    BUFGCTRL_X0Y16       BUFG (Prop_bufg_I_O)         0.096     3.602 r  clk100mhz_IBUF_BUFG_inst/O
                         net (fo=4162, routed)        1.631     5.234    clk100mhz_IBUF_BUFG
    SLICE_X60Y97         FDCE                                         r  reset_pipe_reg[1]/C
  -------------------------------------------------------------------    -------------------
    SLICE_X60Y97         FDCE (Prop_fdce_C_Q)         0.518     5.752 r  reset_pipe_reg[1]/Q
                         net (fo=96, routed)          1.915     7.666    u_core/u_gradient/u_cordic/direction_reg_reg[3]_0[0]
    SLICE_X28Y90         LUT1 (Prop_lut1_I0_O)        0.124     7.790 f  u_core/u_gradient/u_cordic/div_count[9]_i_3/O
                         net (fo=2621, routed)        4.400    12.190    u_core/g_engine[0].u_engine/fill_x_reg[5]_rep__1_0
    SLICE_X52Y119        FDCE                                         f  u_core/g_engine[0].u_engine/scan_index_reg[5]_rep/CLR
  -------------------------------------------------------------------    -------------------

                         (clock sys_clk_pin rise edge)
                                                     10.000    10.000 r  <hidden>
    E3                                                0.000    10.000 r  clk100mhz
                         net (fo=0)                   0.000    10.000    clk100mhz
    E3                   IBUF (Prop_ibuf_I_O)         1.411    11.411 r  clk100mhz_IBUF_inst/O
                         net (fo=1, routed)           1.920    13.331    clk100mhz_IBUF
    BUFGCTRL_X0Y16       BUFG (Prop_bufg_I_O)         0.091    13.422 r  clk100mhz_IBUF_BUFG_inst/O
                         net (fo=4162, routed)        1.477    14.899    u_core/g_engine[0].u_engine/clk100mhz_IBUF_BUFG
    SLICE_X52Y119        FDCE                                         r  u_core/g_engine[0].u_engine/scan_index_reg[5]_rep/C
                         clock pessimism              0.180    15.079    <hidden>
                         clock uncertainty           -0.035    15.044    <hidden>
    SLICE_X52Y119        FDCE (Recov_fdce_C_CLR)     -0.405    14.639    u_core/g_engine[0].u_engine/scan_index_reg[5]_rep
  -------------------------------------------------------------------
                         required time                         14.639    <hidden>
                         arrival time                         -12.190    <hidden>
  -------------------------------------------------------------------
                         slack                                  2.449    <hidden>

Slack (MET) :             2.449ns  (required time - arrival time)
  Source:                 reset_pipe_reg[1]/C
                            (rising edge-triggered cell FDCE clocked by sys_clk_pin  {rise@0.000ns fall@5.000ns period=10.000ns})
  Destination:            u_core/g_engine[0].u_engine/scan_index_reg[9]/CLR
                            (recovery check against rising-edge clock sys_clk_pin  {rise@0.000ns fall@5.000ns period=10.000ns})
  Path Group:             **async_default**
  Path Type:              Recovery (Max at Slow Process Corner)
  Requirement:            10.000ns  (sys_clk_pin rise@10.000ns - sys_clk_pin rise@0.000ns)
  Data Path Delay:        6.956ns  (logic 0.642ns (9.229%)  route 6.314ns (90.771%))
  Logic Levels:           1  (LUT1=1)
  Clock Path Skew:        -0.155ns (DCD - SCD + CPR)
    Destination Clock Delay (DCD):    4.899ns = ( 14.899 - 10.000 ) 
    Source Clock Delay      (SCD):    5.234ns
    Clock Pessimism Removal (CPR):    0.180ns
  Clock Uncertainty:      0.035ns  ((TSJ^2 + TIJ^2)^1/2 + DJ) / 2 + PE
    Total System Jitter     (TSJ):    0.071ns
    Total Input Jitter      (TIJ):    0.000ns
    Discrete Jitter          (DJ):    0.000ns
    Phase Error              (PE):    0.000ns

    Location             Delay type                Incr(ns)  Path(ns)    Netlist Resource(s)
  -------------------------------------------------------------------    -------------------
                         (clock sys_clk_pin rise edge)
                                                      0.000     0.000 r  <hidden>
    E3                                                0.000     0.000 r  clk100mhz
                         net (fo=0)                   0.000     0.000    clk100mhz
    E3                   IBUF (Prop_ibuf_I_O)         1.482     1.482 r  clk100mhz_IBUF_inst/O
                         net (fo=1, routed)           2.025     3.506    clk100mhz_IBUF
    BUFGCTRL_X0Y16       BUFG (Prop_bufg_I_O)         0.096     3.602 r  clk100mhz_IBUF_BUFG_inst/O
                         net (fo=4162, routed)        1.631     5.234    clk100mhz_IBUF_BUFG
    SLICE_X60Y97         FDCE                                         r  reset_pipe_reg[1]/C
  -------------------------------------------------------------------    -------------------
    SLICE_X60Y97         FDCE (Prop_fdce_C_Q)         0.518     5.752 r  reset_pipe_reg[1]/Q
                         net (fo=96, routed)          1.915     7.666    u_core/u_gradient/u_cordic/direction_reg_reg[3]_0[0]
    SLICE_X28Y90         LUT1 (Prop_lut1_I0_O)        0.124     7.790 f  u_core/u_gradient/u_cordic/div_count[9]_i_3/O
                         net (fo=2621, routed)        4.400    12.190    u_core/g_engine[0].u_engine/fill_x_reg[5]_rep__1_0
    SLICE_X52Y119        FDCE                                         f  u_core/g_engine[0].u_engine/scan_index_reg[9]/CLR
  -------------------------------------------------------------------    -------------------

                         (clock sys_clk_pin rise edge)
                                                     10.000    10.000 r  <hidden>
    E3                                                0.000    10.000 r  clk100mhz
                         net (fo=0)                   0.000    10.000    clk100mhz
    E3                   IBUF (Prop_ibuf_I_O)         1.411    11.411 r  clk100mhz_IBUF_inst/O
                         net (fo=1, routed)           1.920    13.331    clk100mhz_IBUF
    BUFGCTRL_X0Y16       BUFG (Prop_bufg_I_O)         0.091    13.422 r  clk100mhz_IBUF_BUFG_inst/O
                         net (fo=4162, routed)        1.477    14.899    u_core/g_engine[0].u_engine/clk100mhz_IBUF_BUFG
    SLICE_X52Y119        FDCE                                         r  u_core/g_engine[0].u_engine/scan_index_reg[9]/C
                         clock pessimism              0.180    15.079    <hidden>
                         clock uncertainty           -0.035    15.044    <hidden>
    SLICE_X52Y119        FDCE (Recov_fdce_C_CLR)     -0.405    14.639    u_core/g_engine[0].u_engine/scan_index_reg[9]
  -------------------------------------------------------------------
                         required time                         14.639    <hidden>
                         arrival time                         -12.190    <hidden>
  -------------------------------------------------------------------
                         slack                                  2.449    <hidden>





--------------------------------------------------------------------------------------
Path Group:  (none)
From Clock:  sys_clk_pin
  To Clock:  

Max Delay             5 Endpoints
Min Delay             0 Endpoints
--------------------------------------------------------------------------------------


Max Delay Paths
--------------------------------------------------------------------------------------
Slack:                    inf
  Source:                 state_reg[3]/C
                            (rising edge-triggered cell FDCE clocked by sys_clk_pin  {rise@0.000ns fall@5.000ns period=10.000ns})
  Destination:            led[0]
                            (output port)
  Path Group:             (none)
  Path Type:              Max at Slow Process Corner
  Data Path Delay:        9.510ns  (logic 4.392ns (46.189%)  route 5.117ns (53.811%))
  Logic Levels:           2  (LUT4=1 OBUF=1)
  Clock Uncertainty:      0.025ns  ((TSJ^2 + TIJ^2)^1/2 + DJ) / 2 + PE
    Total System Jitter     (TSJ):    0.050ns
    Total Input Jitter      (TIJ):    0.000ns
    Discrete Jitter          (DJ):    0.000ns
    Phase Error              (PE):    0.000ns

    Location             Delay type                Incr(ns)  Path(ns)    Netlist Resource(s)
  -------------------------------------------------------------------    -------------------
                         (clock sys_clk_pin rise edge)
                                                      0.000     0.000 r  <hidden>
    E3                                                0.000     0.000 r  clk100mhz
                         net (fo=0)                   0.000     0.000    clk100mhz
    E3                   IBUF (Prop_ibuf_I_O)         1.482     1.482 r  clk100mhz_IBUF_inst/O
                         net (fo=1, routed)           2.025     3.506    clk100mhz_IBUF
    BUFGCTRL_X0Y16       BUFG (Prop_bufg_I_O)         0.096     3.602 r  clk100mhz_IBUF_BUFG_inst/O
                         net (fo=4162, routed)        1.622     5.225    clk100mhz_IBUF_BUFG
    SLICE_X38Y72         FDCE                                         r  state_reg[3]/C
  -------------------------------------------------------------------    -------------------
    SLICE_X38Y72         FDCE (Prop_fdce_C_Q)         0.518     5.743 r  state_reg[3]/Q
                         net (fo=19, routed)          1.626     7.369    state_reg_n_0_[3]
    SLICE_X31Y77         LUT4 (Prop_lut4_I3_O)        0.152     7.521 r  led_OBUF[0]_inst_i_1/O
                         net (fo=1, routed)           3.491    11.012    led_OBUF[0]
    H17                  OBUF (Prop_obuf_I_O)         3.722    14.734 r  led_OBUF[0]_inst/O
                         net (fo=0)                   0.000    14.734    led[0]
    H17                                                               r  led[0]
  -------------------------------------------------------------------    -------------------

Slack:                    inf
  Source:                 state_reg[3]/C
                            (rising edge-triggered cell FDCE clocked by sys_clk_pin  {rise@0.000ns fall@5.000ns period=10.000ns})
  Destination:            led[2]
                            (output port)
  Path Group:             (none)
  Path Type:              Max at Slow Process Corner
  Data Path Delay:        9.222ns  (logic 4.195ns (45.483%)  route 5.028ns (54.517%))
  Logic Levels:           2  (LUT4=1 OBUF=1)
  Clock Uncertainty:      0.025ns  ((TSJ^2 + TIJ^2)^1/2 + DJ) / 2 + PE
    Total System Jitter     (TSJ):    0.050ns
    Total Input Jitter      (TIJ):    0.000ns
    Discrete Jitter          (DJ):    0.000ns
    Phase Error              (PE):    0.000ns

    Location             Delay type                Incr(ns)  Path(ns)    Netlist Resource(s)
  -------------------------------------------------------------------    -------------------
                         (clock sys_clk_pin rise edge)
                                                      0.000     0.000 r  <hidden>
    E3                                                0.000     0.000 r  clk100mhz
                         net (fo=0)                   0.000     0.000    clk100mhz
    E3                   IBUF (Prop_ibuf_I_O)         1.482     1.482 r  clk100mhz_IBUF_inst/O
                         net (fo=1, routed)           2.025     3.506    clk100mhz_IBUF
    BUFGCTRL_X0Y16       BUFG (Prop_bufg_I_O)         0.096     3.602 r  clk100mhz_IBUF_BUFG_inst/O
                         net (fo=4162, routed)        1.622     5.225    clk100mhz_IBUF_BUFG
    SLICE_X38Y72         FDCE                                         r  state_reg[3]/C
  -------------------------------------------------------------------    -------------------
    SLICE_X38Y72         FDCE (Prop_fdce_C_Q)         0.518     5.743 f  state_reg[3]/Q
                         net (fo=19, routed)          1.626     7.369    state_reg_n_0_[3]
    SLICE_X31Y77         LUT4 (Prop_lut4_I3_O)        0.124     7.493 r  led_OBUF[2]_inst_i_1/O
                         net (fo=1, routed)           3.402    10.894    led_OBUF[2]
    J13                  OBUF (Prop_obuf_I_O)         3.553    14.447 r  led_OBUF[2]_inst/O
                         net (fo=0)                   0.000    14.447    led[2]
    J13                                                               r  led[2]
  -------------------------------------------------------------------    -------------------

Slack:                    inf
  Source:                 state_reg[2]/C
                            (rising edge-triggered cell FDCE clocked by sys_clk_pin  {rise@0.000ns fall@5.000ns period=10.000ns})
  Destination:            led[1]
                            (output port)
  Path Group:             (none)
  Path Type:              Max at Slow Process Corner
  Data Path Delay:        9.168ns  (logic 4.343ns (47.375%)  route 4.825ns (52.625%))
  Logic Levels:           2  (LUT4=1 OBUF=1)
  Clock Uncertainty:      0.025ns  ((TSJ^2 + TIJ^2)^1/2 + DJ) / 2 + PE
    Total System Jitter     (TSJ):    0.050ns
    Total Input Jitter      (TIJ):    0.000ns
    Discrete Jitter          (DJ):    0.000ns
    Phase Error              (PE):    0.000ns

    Location             Delay type                Incr(ns)  Path(ns)    Netlist Resource(s)
  -------------------------------------------------------------------    -------------------
                         (clock sys_clk_pin rise edge)
                                                      0.000     0.000 r  <hidden>
    E3                                                0.000     0.000 r  clk100mhz
                         net (fo=0)                   0.000     0.000    clk100mhz
    E3                   IBUF (Prop_ibuf_I_O)         1.482     1.482 r  clk100mhz_IBUF_inst/O
                         net (fo=1, routed)           2.025     3.506    clk100mhz_IBUF
    BUFGCTRL_X0Y16       BUFG (Prop_bufg_I_O)         0.096     3.602 r  clk100mhz_IBUF_BUFG_inst/O
                         net (fo=4162, routed)        1.622     5.225    clk100mhz_IBUF_BUFG
    SLICE_X39Y72         FDCE                                         r  state_reg[2]/C
  -------------------------------------------------------------------    -------------------
    SLICE_X39Y72         FDCE (Prop_fdce_C_Q)         0.456     5.681 f  state_reg[2]/Q
                         net (fo=43, routed)          1.470     7.151    state_reg_n_0_[2]
    SLICE_X37Y74         LUT4 (Prop_lut4_I0_O)        0.150     7.301 r  led_OBUF[1]_inst_i_1/O
                         net (fo=1, routed)           3.354    10.655    led_OBUF[1]
    K15                  OBUF (Prop_obuf_I_O)         3.737    14.392 r  led_OBUF[1]_inst/O
                         net (fo=0)                   0.000    14.392    led[1]
    K15                                                               r  led[1]
  -------------------------------------------------------------------    -------------------

Slack:                    inf
  Source:                 u_uart/tx_o_reg/C
                            (rising edge-triggered cell FDPE clocked by sys_clk_pin  {rise@0.000ns fall@5.000ns period=10.000ns})
  Destination:            uart_tx_o
                            (output port)
  Path Group:             (none)
  Path Type:              Max at Slow Process Corner
  Data Path Delay:        8.679ns  (logic 4.011ns (46.220%)  route 4.667ns (53.780%))
  Logic Levels:           1  (OBUF=1)
  Clock Uncertainty:      0.025ns  ((TSJ^2 + TIJ^2)^1/2 + DJ) / 2 + PE
    Total System Jitter     (TSJ):    0.050ns
    Total Input Jitter      (TIJ):    0.000ns
    Discrete Jitter          (DJ):    0.000ns
    Phase Error              (PE):    0.000ns

    Location             Delay type                Incr(ns)  Path(ns)    Netlist Resource(s)
  -------------------------------------------------------------------    -------------------
                         (clock sys_clk_pin rise edge)
                                                      0.000     0.000 r  <hidden>
    E3                                                0.000     0.000 r  clk100mhz
                         net (fo=0)                   0.000     0.000    clk100mhz
    E3                   IBUF (Prop_ibuf_I_O)         1.482     1.482 r  clk100mhz_IBUF_inst/O
                         net (fo=1, routed)           2.025     3.506    clk100mhz_IBUF
    BUFGCTRL_X0Y16       BUFG (Prop_bufg_I_O)         0.096     3.602 r  clk100mhz_IBUF_BUFG_inst/O
                         net (fo=4162, routed)        1.629     5.232    u_uart/clk100mhz_IBUF_BUFG
    SLICE_X35Y81         FDPE                                         r  u_uart/tx_o_reg/C
  -------------------------------------------------------------------    -------------------
    SLICE_X35Y81         FDPE (Prop_fdpe_C_Q)         0.456     5.688 r  u_uart/tx_o_reg/Q
                         net (fo=1, routed)           4.667    10.355    uart_tx_o_OBUF
    D4                   OBUF (Prop_obuf_I_O)         3.555    13.910 r  uart_tx_o_OBUF_inst/O
                         net (fo=0)                   0.000    13.910    uart_tx_o
    D4                                                                r  uart_tx_o
  -------------------------------------------------------------------    -------------------

Slack:                    inf
  Source:                 error_flag_reg/C
                            (rising edge-triggered cell FDCE clocked by sys_clk_pin  {rise@0.000ns fall@5.000ns period=10.000ns})
  Destination:            led[3]
                            (output port)
  Path Group:             (none)
  Path Type:              Max at Slow Process Corner
  Data Path Delay:        6.355ns  (logic 4.069ns (64.019%)  route 2.287ns (35.981%))
  Logic Levels:           1  (OBUF=1)
  Clock Uncertainty:      0.025ns  ((TSJ^2 + TIJ^2)^1/2 + DJ) / 2 + PE
    Total System Jitter     (TSJ):    0.050ns
    Total Input Jitter      (TIJ):    0.000ns
    Discrete Jitter          (DJ):    0.000ns
    Phase Error              (PE):    0.000ns

    Location             Delay type                Incr(ns)  Path(ns)    Netlist Resource(s)
  -------------------------------------------------------------------    -------------------
                         (clock sys_clk_pin rise edge)
                                                      0.000     0.000 r  <hidden>
    E3                                                0.000     0.000 r  clk100mhz
                         net (fo=0)                   0.000     0.000    clk100mhz
    E3                   IBUF (Prop_ibuf_I_O)         1.482     1.482 r  clk100mhz_IBUF_inst/O
                         net (fo=1, routed)           2.025     3.506    clk100mhz_IBUF
    BUFGCTRL_X0Y16       BUFG (Prop_bufg_I_O)         0.096     3.602 r  clk100mhz_IBUF_BUFG_inst/O
                         net (fo=4162, routed)        1.637     5.240    clk100mhz_IBUF_BUFG
    SLICE_X14Y82         FDCE                                         r  error_flag_reg/C
  -------------------------------------------------------------------    -------------------
    SLICE_X14Y82         FDCE (Prop_fdce_C_Q)         0.518     5.758 r  error_flag_reg/Q
                         net (fo=3, routed)           2.287     8.044    led_OBUF[3]
    N14                  OBUF (Prop_obuf_I_O)         3.551    11.595 r  led_OBUF[3]_inst/O
                         net (fo=0)                   0.000    11.595    led[3]
    N14                                                               r  led[3]
  -------------------------------------------------------------------    -------------------





--------------------------------------------------------------------------------------
Path Group:  (none)
From Clock:  
  To Clock:  sys_clk_pin

Max Delay             6 Endpoints
Min Delay             0 Endpoints
--------------------------------------------------------------------------------------


Max Delay Paths
--------------------------------------------------------------------------------------
Slack:                    inf
  Source:                 cpu_resetn
                            (input port)
  Destination:            reset_pipe_reg[0]/CLR
                            (recovery check against rising-edge clock sys_clk_pin  {rise@0.000ns fall@5.000ns period=10.000ns})
  Path Group:             (none)
  Path Type:              Recovery (Max at Slow Process Corner)
  Data Path Delay:        6.202ns  (logic 1.631ns (26.299%)  route 4.571ns (73.701%))
  Logic Levels:           2  (IBUF=1 LUT1=1)
  Clock Path Skew:        4.933ns (DCD - SCD + CPR)
    Destination Clock Delay (DCD):    4.933ns
    Source Clock Delay      (SCD):    0.000ns
    Clock Pessimism Removal (CPR):    0.000ns
  Clock Uncertainty:      0.025ns  ((TSJ^2 + TIJ^2)^1/2 + DJ) / 2 + PE
    Total System Jitter     (TSJ):    0.050ns
    Total Input Jitter      (TIJ):    0.000ns
    Discrete Jitter          (DJ):    0.000ns
    Phase Error              (PE):    0.000ns

    Location             Delay type                Incr(ns)  Path(ns)    Netlist Resource(s)
  -------------------------------------------------------------------    -------------------
    C12                                               0.000     0.000 r  cpu_resetn
                         net (fo=0)                   0.000     0.000    cpu_resetn
    C12                  IBUF (Prop_ibuf_I_O)         1.507     1.507 r  cpu_resetn_IBUF_inst/O
                         net (fo=1, routed)           3.913     5.420    cpu_resetn_IBUF
    SLICE_X60Y97         LUT1 (Prop_lut1_I0_O)        0.124     5.544 f  reset_pipe[1]_i_1/O
                         net (fo=2, routed)           0.658     6.202    reset_pipe[1]_i_1_n_0
    SLICE_X60Y97         FDCE                                         f  reset_pipe_reg[0]/CLR
  -------------------------------------------------------------------    -------------------

                         (clock sys_clk_pin rise edge)
                                                      0.000     0.000 r  <hidden>
    E3                                                0.000     0.000 r  clk100mhz
                         net (fo=0)                   0.000     0.000    clk100mhz
    E3                   IBUF (Prop_ibuf_I_O)         1.411     1.411 r  clk100mhz_IBUF_inst/O
                         net (fo=1, routed)           1.920     3.331    clk100mhz_IBUF
    BUFGCTRL_X0Y16       BUFG (Prop_bufg_I_O)         0.091     3.422 r  clk100mhz_IBUF_BUFG_inst/O
                         net (fo=4162, routed)        1.510     4.933    clk100mhz_IBUF_BUFG
    SLICE_X60Y97         FDCE                                         r  reset_pipe_reg[0]/C

Slack:                    inf
  Source:                 cpu_resetn
                            (input port)
  Destination:            reset_pipe_reg[1]/CLR
                            (recovery check against rising-edge clock sys_clk_pin  {rise@0.000ns fall@5.000ns period=10.000ns})
  Path Group:             (none)
  Path Type:              Recovery (Max at Slow Process Corner)
  Data Path Delay:        6.202ns  (logic 1.631ns (26.299%)  route 4.571ns (73.701%))
  Logic Levels:           2  (IBUF=1 LUT1=1)
  Clock Path Skew:        4.933ns (DCD - SCD + CPR)
    Destination Clock Delay (DCD):    4.933ns
    Source Clock Delay      (SCD):    0.000ns
    Clock Pessimism Removal (CPR):    0.000ns
  Clock Uncertainty:      0.025ns  ((TSJ^2 + TIJ^2)^1/2 + DJ) / 2 + PE
    Total System Jitter     (TSJ):    0.050ns
    Total Input Jitter      (TIJ):    0.000ns
    Discrete Jitter          (DJ):    0.000ns
    Phase Error              (PE):    0.000ns

    Location             Delay type                Incr(ns)  Path(ns)    Netlist Resource(s)
  -------------------------------------------------------------------    -------------------
    C12                                               0.000     0.000 r  cpu_resetn
                         net (fo=0)                   0.000     0.000    cpu_resetn
    C12                  IBUF (Prop_ibuf_I_O)         1.507     1.507 r  cpu_resetn_IBUF_inst/O
                         net (fo=1, routed)           3.913     5.420    cpu_resetn_IBUF
    SLICE_X60Y97         LUT1 (Prop_lut1_I0_O)        0.124     5.544 f  reset_pipe[1]_i_1/O
                         net (fo=2, routed)           0.658     6.202    reset_pipe[1]_i_1_n_0
    SLICE_X60Y97         FDCE                                         f  reset_pipe_reg[1]/CLR
  -------------------------------------------------------------------    -------------------

                         (clock sys_clk_pin rise edge)
                                                      0.000     0.000 r  <hidden>
    E3                                                0.000     0.000 r  clk100mhz
                         net (fo=0)                   0.000     0.000    clk100mhz
    E3                   IBUF (Prop_ibuf_I_O)         1.411     1.411 r  clk100mhz_IBUF_inst/O
                         net (fo=1, routed)           1.920     3.331    clk100mhz_IBUF
    BUFGCTRL_X0Y16       BUFG (Prop_bufg_I_O)         0.091     3.422 r  clk100mhz_IBUF_BUFG_inst/O
                         net (fo=4162, routed)        1.510     4.933    clk100mhz_IBUF_BUFG
    SLICE_X60Y97         FDCE                                         r  reset_pipe_reg[1]/C

Slack:                    inf
  Source:                 test_sel[0]
                            (input port)
  Destination:            selected_test_reg[0]/D
                            (rising edge-triggered cell FDCE clocked by sys_clk_pin  {rise@0.000ns fall@5.000ns period=10.000ns})
  Path Group:             (none)
  Path Type:              Setup (Max at Slow Process Corner)
  Data Path Delay:        4.590ns  (logic 1.602ns (34.890%)  route 2.989ns (65.110%))
  Logic Levels:           2  (IBUF=1 LUT5=1)
  Clock Path Skew:        4.926ns (DCD - SCD + CPR)
    Destination Clock Delay (DCD):    4.926ns
    Source Clock Delay      (SCD):    0.000ns
    Clock Pessimism Removal (CPR):    0.000ns
  Clock Uncertainty:      0.025ns  ((TSJ^2 + TIJ^2)^1/2 + DJ) / 2 + PE
    Total System Jitter     (TSJ):    0.050ns
    Total Input Jitter      (TIJ):    0.000ns
    Discrete Jitter          (DJ):    0.000ns
    Phase Error              (PE):    0.000ns

    Location             Delay type                Incr(ns)  Path(ns)    Netlist Resource(s)
  -------------------------------------------------------------------    -------------------
    J15                                               0.000     0.000 r  test_sel[0]
                         net (fo=0)                   0.000     0.000    test_sel[0]
    J15                  IBUF (Prop_ibuf_I_O)         1.478     1.478 r  test_sel_IBUF[0]_inst/O
                         net (fo=1, routed)           2.989     4.466    test_sel_IBUF[0]
    SLICE_X33Y75         LUT5 (Prop_lut5_I0_O)        0.124     4.590 r  selected_test[0]_i_1/O
                         net (fo=1, routed)           0.000     4.590    selected_test[0]_i_1_n_0
    SLICE_X33Y75         FDCE                                         r  selected_test_reg[0]/D
  -------------------------------------------------------------------    -------------------

                         (clock sys_clk_pin rise edge)
                                                      0.000     0.000 r  <hidden>
    E3                                                0.000     0.000 r  clk100mhz
                         net (fo=0)                   0.000     0.000    clk100mhz
    E3                   IBUF (Prop_ibuf_I_O)         1.411     1.411 r  clk100mhz_IBUF_inst/O
                         net (fo=1, routed)           1.920     3.331    clk100mhz_IBUF
    BUFGCTRL_X0Y16       BUFG (Prop_bufg_I_O)         0.091     3.422 r  clk100mhz_IBUF_BUFG_inst/O
                         net (fo=4162, routed)        1.503     4.926    clk100mhz_IBUF_BUFG
    SLICE_X33Y75         FDCE                                         r  selected_test_reg[0]/C

Slack:                    inf
  Source:                 test_sel[1]
                            (input port)
  Destination:            selected_test_reg[2]/D
                            (rising edge-triggered cell FDCE clocked by sys_clk_pin  {rise@0.000ns fall@5.000ns period=10.000ns})
  Path Group:             (none)
  Path Type:              Setup (Max at Slow Process Corner)
  Data Path Delay:        4.318ns  (logic 1.632ns (37.783%)  route 2.687ns (62.217%))
  Logic Levels:           2  (IBUF=1 LUT4=1)
  Clock Path Skew:        4.926ns (DCD - SCD + CPR)
    Destination Clock Delay (DCD):    4.926ns
    Source Clock Delay      (SCD):    0.000ns
    Clock Pessimism Removal (CPR):    0.000ns
  Clock Uncertainty:      0.025ns  ((TSJ^2 + TIJ^2)^1/2 + DJ) / 2 + PE
    Total System Jitter     (TSJ):    0.050ns
    Total Input Jitter      (TIJ):    0.000ns
    Discrete Jitter          (DJ):    0.000ns
    Phase Error              (PE):    0.000ns

    Location             Delay type                Incr(ns)  Path(ns)    Netlist Resource(s)
  -------------------------------------------------------------------    -------------------
    L16                                               0.000     0.000 f  test_sel[1]
                         net (fo=0)                   0.000     0.000    test_sel[1]
    L16                  IBUF (Prop_ibuf_I_O)         1.480     1.480 f  test_sel_IBUF[1]_inst/O
                         net (fo=3, routed)           2.687     4.166    test_sel_IBUF[1]
    SLICE_X33Y75         LUT4 (Prop_lut4_I0_O)        0.152     4.318 r  selected_test[2]_i_1/O
                         net (fo=1, routed)           0.000     4.318    selected_test[2]_i_1_n_0
    SLICE_X33Y75         FDCE                                         r  selected_test_reg[2]/D
  -------------------------------------------------------------------    -------------------

                         (clock sys_clk_pin rise edge)
                                                      0.000     0.000 r  <hidden>
    E3                                                0.000     0.000 r  clk100mhz
                         net (fo=0)                   0.000     0.000    clk100mhz
    E3                   IBUF (Prop_ibuf_I_O)         1.411     1.411 r  clk100mhz_IBUF_inst/O
                         net (fo=1, routed)           1.920     3.331    clk100mhz_IBUF
    BUFGCTRL_X0Y16       BUFG (Prop_bufg_I_O)         0.091     3.422 r  clk100mhz_IBUF_BUFG_inst/O
                         net (fo=4162, routed)        1.503     4.926    clk100mhz_IBUF_BUFG
    SLICE_X33Y75         FDCE                                         r  selected_test_reg[2]/C

Slack:                    inf
  Source:                 test_sel[1]
                            (input port)
  Destination:            selected_test_reg[1]/D
                            (rising edge-triggered cell FDCE clocked by sys_clk_pin  {rise@0.000ns fall@5.000ns period=10.000ns})
  Path Group:             (none)
  Path Type:              Setup (Max at Slow Process Corner)
  Data Path Delay:        4.290ns  (logic 1.604ns (37.377%)  route 2.687ns (62.623%))
  Logic Levels:           2  (IBUF=1 LUT4=1)
  Clock Path Skew:        4.926ns (DCD - SCD + CPR)
    Destination Clock Delay (DCD):    4.926ns
    Source Clock Delay      (SCD):    0.000ns
    Clock Pessimism Removal (CPR):    0.000ns
  Clock Uncertainty:      0.025ns  ((TSJ^2 + TIJ^2)^1/2 + DJ) / 2 + PE
    Total System Jitter     (TSJ):    0.050ns
    Total Input Jitter      (TIJ):    0.000ns
    Discrete Jitter          (DJ):    0.000ns
    Phase Error              (PE):    0.000ns

    Location             Delay type                Incr(ns)  Path(ns)    Netlist Resource(s)
  -------------------------------------------------------------------    -------------------
    L16                                               0.000     0.000 r  test_sel[1]
                         net (fo=0)                   0.000     0.000    test_sel[1]
    L16                  IBUF (Prop_ibuf_I_O)         1.480     1.480 r  test_sel_IBUF[1]_inst/O
                         net (fo=3, routed)           2.687     4.166    test_sel_IBUF[1]
    SLICE_X33Y75         LUT4 (Prop_lut4_I0_O)        0.124     4.290 r  selected_test[1]_i_1/O
                         net (fo=1, routed)           0.000     4.290    selected_test[1]_i_1_n_0
    SLICE_X33Y75         FDCE                                         r  selected_test_reg[1]/D
  -------------------------------------------------------------------    -------------------

                         (clock sys_clk_pin rise edge)
                                                      0.000     0.000 r  <hidden>
    E3                                                0.000     0.000 r  clk100mhz
                         net (fo=0)                   0.000     0.000    clk100mhz
    E3                   IBUF (Prop_ibuf_I_O)         1.411     1.411 r  clk100mhz_IBUF_inst/O
                         net (fo=1, routed)           1.920     3.331    clk100mhz_IBUF
    BUFGCTRL_X0Y16       BUFG (Prop_bufg_I_O)         0.091     3.422 r  clk100mhz_IBUF_BUFG_inst/O
                         net (fo=4162, routed)        1.503     4.926    clk100mhz_IBUF_BUFG
    SLICE_X33Y75         FDCE                                         r  selected_test_reg[1]/C

Slack:                    inf
  Source:                 start_btn
                            (input port)
  Destination:            start_pipe_reg[0]/D
                            (rising edge-triggered cell FDCE clocked by sys_clk_pin  {rise@0.000ns fall@5.000ns period=10.000ns})
  Path Group:             (none)
  Path Type:              Setup (Max at Slow Process Corner)
  Data Path Delay:        3.554ns  (logic 1.477ns (41.541%)  route 2.078ns (58.459%))
  Logic Levels:           1  (IBUF=1)
  Clock Path Skew:        4.934ns (DCD - SCD + CPR)
    Destination Clock Delay (DCD):    4.934ns
    Source Clock Delay      (SCD):    0.000ns
    Clock Pessimism Removal (CPR):    0.000ns
  Clock Uncertainty:      0.025ns  ((TSJ^2 + TIJ^2)^1/2 + DJ) / 2 + PE
    Total System Jitter     (TSJ):    0.050ns
    Total Input Jitter      (TIJ):    0.000ns
    Discrete Jitter          (DJ):    0.000ns
    Phase Error              (PE):    0.000ns

    Location             Delay type                Incr(ns)  Path(ns)    Netlist Resource(s)
  -------------------------------------------------------------------    -------------------
    N17                                               0.000     0.000 r  start_btn
                         net (fo=0)                   0.000     0.000    start_btn
    N17                  IBUF (Prop_ibuf_I_O)         1.477     1.477 r  start_btn_IBUF_inst/O
                         net (fo=1, routed)           2.078     3.554    start_btn_IBUF
    SLICE_X29Y81         FDCE                                         r  start_pipe_reg[0]/D
  -------------------------------------------------------------------    -------------------

                         (clock sys_clk_pin rise edge)
                                                      0.000     0.000 r  <hidden>
    E3                                                0.000     0.000 r  clk100mhz
                         net (fo=0)                   0.000     0.000    clk100mhz
    E3                   IBUF (Prop_ibuf_I_O)         1.411     1.411 r  clk100mhz_IBUF_inst/O
                         net (fo=1, routed)           1.920     3.331    clk100mhz_IBUF
    BUFGCTRL_X0Y16       BUFG (Prop_bufg_I_O)         0.091     3.422 r  clk100mhz_IBUF_BUFG_inst/O
                         net (fo=4162, routed)        1.511     4.934    clk100mhz_IBUF_BUFG
    SLICE_X29Y81         FDCE                                         r  start_pipe_reg[0]/C





