Copyright 1986-2022 Xilinx, Inc. All Rights Reserved. Copyright 2022-2026 Advanced Micro Devices, Inc. All Rights Reserved.
-----------------------------------------------------------------------------------------------------------------------------------------------
| Tool Version : Vivado v.2026.1 (win64) Build 6511674 Tue Jun 16 11:02:23 MDT 2026
| Date         : Tue Oct  6 01:27:50 2026
| Host         : Kiyopon running 64-bit major release  (build 9200)
| Command      : report_timing_summary -delay_type max -report_unconstrained -max_paths 10 -file reports/phase11/phase11_rev2_timing_route.rpt
| Design       : canny_nexys_a7_phase11_top
| Device       : 7a100t-csg324
| Speed File   : -1  PRODUCTION 1.23 2018-06-13
| Design State : Routed
-----------------------------------------------------------------------------------------------------------------------------------------------

Timing Summary Report

------------------------------------------------------------------------------------------------
| Timer Settings
| --------------
------------------------------------------------------------------------------------------------

  Enable Multi Corner Analysis               :  Yes
  Enable Pessimism Removal                   :  Yes
  Pessimism Removal Resolution               :  Nearest Common Node
  Enable Input Delay Default Clock           :  No
  Enable Preset / Clear Arcs                 :  No
  Disable Flight Delays                      :  No
  Ignore I/O Paths                           :  No
  Timing Early Launch at Borrowing Latches   :  No
  Borrow Time for Max Delay Exceptions       :  Yes
  Merge Timing Exceptions                    :  Yes
  Inter-SLR Compensation                     :  Conservative

  Corner  Analyze    Analyze    
  Name    Max Paths  Min Paths  
  ------  ---------  ---------  
  Slow    Yes        Yes        
  Fast    Yes        Yes        


------------------------------------------------------------------------------------------------
| Report Methodology
| ------------------
------------------------------------------------------------------------------------------------

Rule       Severity  Description                                 Violations  
---------  --------  ------------------------------------------  ----------  
SYNTH-6    Warning   Timing of a RAM block might be sub-optimal  78          
TIMING-18  Warning   Missing input or output delay               10          

Note: This report is based on the most recent report_methodology run and may not be up-to-date. Run report_methodology on the current design for the latest report.



check_timing report

Table of Contents
-----------------
1. checking no_clock (0)
2. checking constant_clock (0)
3. checking pulse_width_clock (0)
4. checking unconstrained_internal_endpoints (0)
5. checking no_input_delay (5)
6. checking no_output_delay (5)
7. checking multiple_clock (0)
8. checking generated_clocks (0)
9. checking loops (0)
10. checking partial_input_delay (0)
11. checking partial_output_delay (0)
12. checking latch_loops (0)

1. checking no_clock (0)
------------------------
 There are 0 register/latch pins with no clock.


2. checking constant_clock (0)
------------------------------
 There are 0 register/latch pins with constant_clock.


3. checking pulse_width_clock (0)
---------------------------------
 There are 0 register/latch pins which need pulse_width check


4. checking unconstrained_internal_endpoints (0)
------------------------------------------------
 There are 0 pins that are not constrained for maximum delay.

 There are 0 pins that are not constrained for maximum delay due to constant clock.


5. checking no_input_delay (5)
------------------------------
 There are 5 input ports with no input delay specified. (HIGH)

 There are 0 input ports with no input delay but user has a false path constraint.


6. checking no_output_delay (5)
-------------------------------
 There are 5 ports with no output delay specified. (HIGH)

 There are 0 ports with no output delay but user has a false path constraint

 There are 0 ports with no output delay but with a timing clock defined on it or propagating through it


7. checking multiple_clock (0)
------------------------------
 There are 0 register/latch pins with multiple clocks.


8. checking generated_clocks (0)
--------------------------------
 There are 0 generated clocks that are not connected to a clock source.


9. checking loops (0)
---------------------
 There are 0 combinational loops in the design.


10. checking partial_input_delay (0)
------------------------------------
 There are 0 input ports with partial input delay specified.


11. checking partial_output_delay (0)
-------------------------------------
 There are 0 ports with partial output delay specified.


12. checking latch_loops (0)
----------------------------
 There are 0 combinational latch loops in the design through latch input



------------------------------------------------------------------------------------------------
| Design Timing Summary
| ---------------------
------------------------------------------------------------------------------------------------

    WNS(ns)      TNS(ns)  TNS Failing Endpoints  TNS Total Endpoints     WPWS(ns)     TPWS(ns)  TPWS Failing Endpoints  TPWS Total Endpoints  
    -------      -------  ---------------------  -------------------     --------     --------  ----------------------  --------------------  
      0.734        0.000                      0                15688        3.750        0.000                       0                  4117  


All user specified timing constraints are met.


------------------------------------------------------------------------------------------------
| Clock Summary
| -------------
------------------------------------------------------------------------------------------------

Clock        Waveform(ns)       Period(ns)      Frequency(MHz)
-----        ------------       ----------      --------------
sys_clk_pin  {0.000 5.000}      10.000          100.000         


------------------------------------------------------------------------------------------------
| Intra Clock Table
| -----------------
------------------------------------------------------------------------------------------------

Clock             WNS(ns)      TNS(ns)  TNS Failing Endpoints  TNS Total Endpoints     WPWS(ns)     TPWS(ns)  TPWS Failing Endpoints  TPWS Total Endpoints  
-----             -------      -------  ---------------------  -------------------     --------     --------  ----------------------  --------------------  
sys_clk_pin         0.734        0.000                      0                13400        3.750        0.000                       0                  4117  


------------------------------------------------------------------------------------------------
| Inter Clock Table
| -----------------
------------------------------------------------------------------------------------------------

From Clock    To Clock          WNS(ns)      TNS(ns)  TNS Failing Endpoints  TNS Total Endpoints  
----------    --------          -------      -------  ---------------------  -------------------  


------------------------------------------------------------------------------------------------
| Other Path Groups Table
| -----------------------
------------------------------------------------------------------------------------------------

Path Group         From Clock         To Clock               WNS(ns)      TNS(ns)  TNS Failing Endpoints  TNS Total Endpoints  
----------         ----------         --------               -------      -------  ---------------------  -------------------  
**async_default**  sys_clk_pin        sys_clk_pin              2.088        0.000                      0                 2288  


------------------------------------------------------------------------------------------------
| User Ignored Path Table
| -----------------------
------------------------------------------------------------------------------------------------

Path Group    From Clock    To Clock    
----------    ----------    --------    


------------------------------------------------------------------------------------------------
| Unconstrained Path Table
| ------------------------
------------------------------------------------------------------------------------------------

Path Group    From Clock    To Clock    
----------    ----------    --------    
(none)        sys_clk_pin                 
(none)                      sys_clk_pin   


------------------------------------------------------------------------------------------------
| Timing Details
| --------------
------------------------------------------------------------------------------------------------


---------------------------------------------------------------------------------------------------
From Clock:  sys_clk_pin
  To Clock:  sys_clk_pin

Setup :            0  Failing Endpoints,  Worst Slack        0.734ns,  Total Violation        0.000ns
Hold  :           NA  Failing Endpoints,  Worst Slack           NA  ,  Total Violation           NA
PW    :            0  Failing Endpoints,  Worst Slack        3.750ns,  Total Violation        0.000ns
---------------------------------------------------------------------------------------------------


Max Delay Paths
--------------------------------------------------------------------------------------
Slack (MET) :             0.734ns  (required time - arrival time)
  Source:                 reset_pipe_reg[1]/C
                            (rising edge-triggered cell FDCE clocked by sys_clk_pin  {rise@0.000ns fall@5.000ns period=10.000ns})
  Destination:            image_addr_reg_rep_5_5/ADDRARDADDR[3]
                            (rising edge-triggered cell RAMB36E1 clocked by sys_clk_pin  {rise@0.000ns fall@5.000ns period=10.000ns})
  Path Group:             sys_clk_pin
  Path Type:              Setup (Max at Slow Process Corner)
  Requirement:            10.000ns  (sys_clk_pin rise@10.000ns - sys_clk_pin rise@0.000ns)
  Data Path Delay:        8.515ns  (logic 0.609ns (7.152%)  route 7.906ns (92.848%))
  Logic Levels:           1  (LUT3=1)
  Clock Path Skew:        0.053ns (DCD - SCD + CPR)
    Destination Clock Delay (DCD):    5.122ns = ( 15.122 - 10.000 ) 
    Source Clock Delay      (SCD):    5.249ns
    Clock Pessimism Removal (CPR):    0.180ns
  Clock Uncertainty:      0.035ns  ((TSJ^2 + TIJ^2)^1/2 + DJ) / 2 + PE
    Total System Jitter     (TSJ):    0.071ns
    Total Input Jitter      (TIJ):    0.000ns
    Discrete Jitter          (DJ):    0.000ns
    Phase Error              (PE):    0.000ns

    Location             Delay type                Incr(ns)  Path(ns)    Netlist Resource(s)
  -------------------------------------------------------------------    -------------------
                         (clock sys_clk_pin rise edge)
                                                      0.000     0.000 r  <hidden>
    E3                                                0.000     0.000 r  clk100mhz
                         net (fo=0)                   0.000     0.000    clk100mhz
    E3                   IBUF (Prop_ibuf_I_O)         1.482     1.482 r  clk100mhz_IBUF_inst/O
                         net (fo=1, routed)           2.025     3.506    clk100mhz_IBUF
    BUFGCTRL_X0Y16       BUFG (Prop_bufg_I_O)         0.096     3.602 r  clk100mhz_IBUF_BUFG_inst/O
                         net (fo=4116, routed)        1.646     5.249    clk100mhz_IBUF_BUFG
    SLICE_X15Y95         FDCE                                         r  reset_pipe_reg[1]/C
  -------------------------------------------------------------------    -------------------
    SLICE_X15Y95         FDCE (Prop_fdce_C_Q)         0.456     5.705 r  reset_pipe_reg[1]/Q
                         net (fo=64, routed)          2.995     8.700    rst_n
    SLICE_X51Y39         LUT3 (Prop_lut3_I2_O)        0.153     8.853 r  image_addr_reg_rep_0_3_i_13/O
                         net (fo=30, routed)          4.911    13.763    image_addr_reg_rep_0_3_i_13_n_0
    RAMB36_X1Y35         RAMB36E1                                     r  image_addr_reg_rep_5_5/ADDRARDADDR[3]
  -------------------------------------------------------------------    -------------------

                         (clock sys_clk_pin rise edge)
                                                     10.000    10.000 r  <hidden>
    E3                                                0.000    10.000 r  clk100mhz
                         net (fo=0)                   0.000    10.000    clk100mhz
    E3                   IBUF (Prop_ibuf_I_O)         1.411    11.411 r  clk100mhz_IBUF_inst/O
                         net (fo=1, routed)           1.920    13.331    clk100mhz_IBUF
    BUFGCTRL_X0Y16       BUFG (Prop_bufg_I_O)         0.091    13.422 r  clk100mhz_IBUF_BUFG_inst/O
                         net (fo=4116, routed)        1.700    15.122    clk100mhz_IBUF_BUFG
    RAMB36_X1Y35         RAMB36E1                                     r  image_addr_reg_rep_5_5/CLKARDCLK
                         clock pessimism              0.180    15.302    <hidden>
                         clock uncertainty           -0.035    15.267    <hidden>
    RAMB36_X1Y35         RAMB36E1 (Setup_ramb36e1_CLKARDCLK_ADDRARDADDR[3])
                                                     -0.769    14.498    image_addr_reg_rep_5_5
  -------------------------------------------------------------------
                         required time                         14.498    <hidden>
                         arrival time                         -13.763    <hidden>
  -------------------------------------------------------------------
                         slack                                  0.734    <hidden>

Slack (MET) :             0.907ns  (required time - arrival time)
  Source:                 reset_pipe_reg[1]/C
                            (rising edge-triggered cell FDCE clocked by sys_clk_pin  {rise@0.000ns fall@5.000ns period=10.000ns})
  Destination:            image_addr_reg_rep_5_5/ADDRARDADDR[2]
                            (rising edge-triggered cell RAMB36E1 clocked by sys_clk_pin  {rise@0.000ns fall@5.000ns period=10.000ns})
  Path Group:             sys_clk_pin
  Path Type:              Setup (Max at Slow Process Corner)
  Requirement:            10.000ns  (sys_clk_pin rise@10.000ns - sys_clk_pin rise@0.000ns)
  Data Path Delay:        8.343ns  (logic 0.606ns (7.264%)  route 7.737ns (92.736%))
  Logic Levels:           1  (LUT3=1)
  Clock Path Skew:        0.053ns (DCD - SCD + CPR)
    Destination Clock Delay (DCD):    5.122ns = ( 15.122 - 10.000 ) 
    Source Clock Delay      (SCD):    5.249ns
    Clock Pessimism Removal (CPR):    0.180ns
  Clock Uncertainty:      0.035ns  ((TSJ^2 + TIJ^2)^1/2 + DJ) / 2 + PE
    Total System Jitter     (TSJ):    0.071ns
    Total Input Jitter      (TIJ):    0.000ns
    Discrete Jitter          (DJ):    0.000ns
    Phase Error              (PE):    0.000ns

    Location             Delay type                Incr(ns)  Path(ns)    Netlist Resource(s)
  -------------------------------------------------------------------    -------------------
                         (clock sys_clk_pin rise edge)
                                                      0.000     0.000 r  <hidden>
    E3                                                0.000     0.000 r  clk100mhz
                         net (fo=0)                   0.000     0.000    clk100mhz
    E3                   IBUF (Prop_ibuf_I_O)         1.482     1.482 r  clk100mhz_IBUF_inst/O
                         net (fo=1, routed)           2.025     3.506    clk100mhz_IBUF
    BUFGCTRL_X0Y16       BUFG (Prop_bufg_I_O)         0.096     3.602 r  clk100mhz_IBUF_BUFG_inst/O
                         net (fo=4116, routed)        1.646     5.249    clk100mhz_IBUF_BUFG
    SLICE_X15Y95         FDCE                                         r  reset_pipe_reg[1]/C
  -------------------------------------------------------------------    -------------------
    SLICE_X15Y95         FDCE (Prop_fdce_C_Q)         0.456     5.705 r  reset_pipe_reg[1]/Q
                         net (fo=64, routed)          2.882     8.587    rst_n
    SLICE_X49Y39         LUT3 (Prop_lut3_I2_O)        0.150     8.737 r  image_addr_reg_rep_0_3_i_14/O
                         net (fo=30, routed)          4.854    13.592    image_addr_reg_rep_0_3_i_14_n_0
    RAMB36_X1Y35         RAMB36E1                                     r  image_addr_reg_rep_5_5/ADDRARDADDR[2]
  -------------------------------------------------------------------    -------------------

                         (clock sys_clk_pin rise edge)
                                                     10.000    10.000 r  <hidden>
    E3                                                0.000    10.000 r  clk100mhz
                         net (fo=0)                   0.000    10.000    clk100mhz
    E3                   IBUF (Prop_ibuf_I_O)         1.411    11.411 r  clk100mhz_IBUF_inst/O
                         net (fo=1, routed)           1.920    13.331    clk100mhz_IBUF
    BUFGCTRL_X0Y16       BUFG (Prop_bufg_I_O)         0.091    13.422 r  clk100mhz_IBUF_BUFG_inst/O
                         net (fo=4116, routed)        1.700    15.122    clk100mhz_IBUF_BUFG
    RAMB36_X1Y35         RAMB36E1                                     r  image_addr_reg_rep_5_5/CLKARDCLK
                         clock pessimism              0.180    15.302    <hidden>
                         clock uncertainty           -0.035    15.267    <hidden>
    RAMB36_X1Y35         RAMB36E1 (Setup_ramb36e1_CLKARDCLK_ADDRARDADDR[2])
                                                     -0.768    14.499    image_addr_reg_rep_5_5
  -------------------------------------------------------------------
                         required time                         14.499    <hidden>
                         arrival time                         -13.592    <hidden>
  -------------------------------------------------------------------
                         slack                                  0.907    <hidden>

Slack (MET) :             0.966ns  (required time - arrival time)
  Source:                 reset_pipe_reg[1]/C
                            (rising edge-triggered cell FDCE clocked by sys_clk_pin  {rise@0.000ns fall@5.000ns period=10.000ns})
  Destination:            image_addr_reg_rep_5_7/ADDRARDADDR[8]
                            (rising edge-triggered cell RAMB36E1 clocked by sys_clk_pin  {rise@0.000ns fall@5.000ns period=10.000ns})
  Path Group:             sys_clk_pin
  Path Type:              Setup (Max at Slow Process Corner)
  Requirement:            10.000ns  (sys_clk_pin rise@10.000ns - sys_clk_pin rise@0.000ns)
  Data Path Delay:        8.285ns  (logic 0.609ns (7.351%)  route 7.676ns (92.649%))
  Logic Levels:           1  (LUT3=1)
  Clock Path Skew:        0.055ns (DCD - SCD + CPR)
    Destination Clock Delay (DCD):    5.124ns = ( 15.124 - 10.000 ) 
    Source Clock Delay      (SCD):    5.249ns
    Clock Pessimism Removal (CPR):    0.180ns
  Clock Uncertainty:      0.035ns  ((TSJ^2 + TIJ^2)^1/2 + DJ) / 2 + PE
    Total System Jitter     (TSJ):    0.071ns
    Total Input Jitter      (TIJ):    0.000ns
    Discrete Jitter          (DJ):    0.000ns
    Phase Error              (PE):    0.000ns

    Location             Delay type                Incr(ns)  Path(ns)    Netlist Resource(s)
  -------------------------------------------------------------------    -------------------
                         (clock sys_clk_pin rise edge)
                                                      0.000     0.000 r  <hidden>
    E3                                                0.000     0.000 r  clk100mhz
                         net (fo=0)                   0.000     0.000    clk100mhz
    E3                   IBUF (Prop_ibuf_I_O)         1.482     1.482 r  clk100mhz_IBUF_inst/O
                         net (fo=1, routed)           2.025     3.506    clk100mhz_IBUF
    BUFGCTRL_X0Y16       BUFG (Prop_bufg_I_O)         0.096     3.602 r  clk100mhz_IBUF_BUFG_inst/O
                         net (fo=4116, routed)        1.646     5.249    clk100mhz_IBUF_BUFG
    SLICE_X15Y95         FDCE                                         r  reset_pipe_reg[1]/C
  -------------------------------------------------------------------    -------------------
    SLICE_X15Y95         FDCE (Prop_fdce_C_Q)         0.456     5.705 r  reset_pipe_reg[1]/Q
                         net (fo=64, routed)          2.908     8.613    rst_n
    SLICE_X49Y39         LUT3 (Prop_lut3_I2_O)        0.153     8.766 r  image_addr_reg_rep_0_6_i_8/O
                         net (fo=20, routed)          4.768    13.534    image_addr_reg_rep_0_6_i_8_n_0
    RAMB36_X1Y33         RAMB36E1                                     r  image_addr_reg_rep_5_7/ADDRARDADDR[8]
  -------------------------------------------------------------------    -------------------

                         (clock sys_clk_pin rise edge)
                                                     10.000    10.000 r  <hidden>
    E3                                                0.000    10.000 r  clk100mhz
                         net (fo=0)                   0.000    10.000    clk100mhz
    E3                   IBUF (Prop_ibuf_I_O)         1.411    11.411 r  clk100mhz_IBUF_inst/O
                         net (fo=1, routed)           1.920    13.331    clk100mhz_IBUF
    BUFGCTRL_X0Y16       BUFG (Prop_bufg_I_O)         0.091    13.422 r  clk100mhz_IBUF_BUFG_inst/O
                         net (fo=4116, routed)        1.702    15.124    clk100mhz_IBUF_BUFG
    RAMB36_X1Y33         RAMB36E1                                     r  image_addr_reg_rep_5_7/CLKARDCLK
                         clock pessimism              0.180    15.304    <hidden>
                         clock uncertainty           -0.035    15.269    <hidden>
    RAMB36_X1Y33         RAMB36E1 (Setup_ramb36e1_CLKARDCLK_ADDRARDADDR[8])
                                                     -0.769    14.500    image_addr_reg_rep_5_7
  -------------------------------------------------------------------
                         required time                         14.500    <hidden>
                         arrival time                         -13.534    <hidden>
  -------------------------------------------------------------------
                         slack                                  0.966    <hidden>

Slack (MET) :             0.990ns  (required time - arrival time)
  Source:                 reset_pipe_reg[1]/C
                            (rising edge-triggered cell FDCE clocked by sys_clk_pin  {rise@0.000ns fall@5.000ns period=10.000ns})
  Destination:            image_addr_reg_rep_4_5/ADDRARDADDR[2]
                            (rising edge-triggered cell RAMB36E1 clocked by sys_clk_pin  {rise@0.000ns fall@5.000ns period=10.000ns})
  Path Group:             sys_clk_pin
  Path Type:              Setup (Max at Slow Process Corner)
  Requirement:            10.000ns  (sys_clk_pin rise@10.000ns - sys_clk_pin rise@0.000ns)
  Data Path Delay:        8.257ns  (logic 0.606ns (7.340%)  route 7.651ns (92.660%))
  Logic Levels:           1  (LUT3=1)
  Clock Path Skew:        0.050ns (DCD - SCD + CPR)
    Destination Clock Delay (DCD):    5.119ns = ( 15.119 - 10.000 ) 
    Source Clock Delay      (SCD):    5.249ns
    Clock Pessimism Removal (CPR):    0.180ns
  Clock Uncertainty:      0.035ns  ((TSJ^2 + TIJ^2)^1/2 + DJ) / 2 + PE
    Total System Jitter     (TSJ):    0.071ns
    Total Input Jitter      (TIJ):    0.000ns
    Discrete Jitter          (DJ):    0.000ns
    Phase Error              (PE):    0.000ns

    Location             Delay type                Incr(ns)  Path(ns)    Netlist Resource(s)
  -------------------------------------------------------------------    -------------------
                         (clock sys_clk_pin rise edge)
                                                      0.000     0.000 r  <hidden>
    E3                                                0.000     0.000 r  clk100mhz
                         net (fo=0)                   0.000     0.000    clk100mhz
    E3                   IBUF (Prop_ibuf_I_O)         1.482     1.482 r  clk100mhz_IBUF_inst/O
                         net (fo=1, routed)           2.025     3.506    clk100mhz_IBUF
    BUFGCTRL_X0Y16       BUFG (Prop_bufg_I_O)         0.096     3.602 r  clk100mhz_IBUF_BUFG_inst/O
                         net (fo=4116, routed)        1.646     5.249    clk100mhz_IBUF_BUFG
    SLICE_X15Y95         FDCE                                         r  reset_pipe_reg[1]/C
  -------------------------------------------------------------------    -------------------
    SLICE_X15Y95         FDCE (Prop_fdce_C_Q)         0.456     5.705 r  reset_pipe_reg[1]/Q
                         net (fo=64, routed)          2.882     8.587    rst_n
    SLICE_X49Y39         LUT3 (Prop_lut3_I2_O)        0.150     8.737 r  image_addr_reg_rep_0_3_i_14/O
                         net (fo=30, routed)          4.768    13.505    image_addr_reg_rep_0_3_i_14_n_0
    RAMB36_X1Y34         RAMB36E1                                     r  image_addr_reg_rep_4_5/ADDRARDADDR[2]
  -------------------------------------------------------------------    -------------------

                         (clock sys_clk_pin rise edge)
                                                     10.000    10.000 r  <hidden>
    E3                                                0.000    10.000 r  clk100mhz
                         net (fo=0)                   0.000    10.000    clk100mhz
    E3                   IBUF (Prop_ibuf_I_O)         1.411    11.411 r  clk100mhz_IBUF_inst/O
                         net (fo=1, routed)           1.920    13.331    clk100mhz_IBUF
    BUFGCTRL_X0Y16       BUFG (Prop_bufg_I_O)         0.091    13.422 r  clk100mhz_IBUF_BUFG_inst/O
                         net (fo=4116, routed)        1.697    15.119    clk100mhz_IBUF_BUFG
    RAMB36_X1Y34         RAMB36E1                                     r  image_addr_reg_rep_4_5/CLKARDCLK
                         clock pessimism              0.180    15.299    <hidden>
                         clock uncertainty           -0.035    15.264    <hidden>
    RAMB36_X1Y34         RAMB36E1 (Setup_ramb36e1_CLKARDCLK_ADDRARDADDR[2])
                                                     -0.768    14.496    image_addr_reg_rep_4_5
  -------------------------------------------------------------------
                         required time                         14.496    <hidden>
                         arrival time                         -13.505    <hidden>
  -------------------------------------------------------------------
                         slack                                  0.990    <hidden>

Slack (MET) :             1.024ns  (required time - arrival time)
  Source:                 state_reg[1]/C
                            (rising edge-triggered cell FDRE clocked by sys_clk_pin  {rise@0.000ns fall@5.000ns period=10.000ns})
  Destination:            image_addr_reg_rep_5_5/ADDRARDADDR[12]
                            (rising edge-triggered cell RAMB36E1 clocked by sys_clk_pin  {rise@0.000ns fall@5.000ns period=10.000ns})
  Path Group:             sys_clk_pin
  Path Type:              Setup (Max at Slow Process Corner)
  Requirement:            10.000ns  (sys_clk_pin rise@10.000ns - sys_clk_pin rise@0.000ns)
  Data Path Delay:        8.233ns  (logic 0.608ns (7.385%)  route 7.625ns (92.615%))
  Logic Levels:           1  (LUT3=1)
  Clock Path Skew:        0.060ns (DCD - SCD + CPR)
    Destination Clock Delay (DCD):    5.122ns = ( 15.122 - 10.000 ) 
    Source Clock Delay      (SCD):    5.242ns
    Clock Pessimism Removal (CPR):    0.180ns
  Clock Uncertainty:      0.035ns  ((TSJ^2 + TIJ^2)^1/2 + DJ) / 2 + PE
    Total System Jitter     (TSJ):    0.071ns
    Total Input Jitter      (TIJ):    0.000ns
    Discrete Jitter          (DJ):    0.000ns
    Phase Error              (PE):    0.000ns

    Location             Delay type                Incr(ns)  Path(ns)    Netlist Resource(s)
  -------------------------------------------------------------------    -------------------
                         (clock sys_clk_pin rise edge)
                                                      0.000     0.000 r  <hidden>
    E3                                                0.000     0.000 r  clk100mhz
                         net (fo=0)                   0.000     0.000    clk100mhz
    E3                   IBUF (Prop_ibuf_I_O)         1.482     1.482 r  clk100mhz_IBUF_inst/O
                         net (fo=1, routed)           2.025     3.506    clk100mhz_IBUF
    BUFGCTRL_X0Y16       BUFG (Prop_bufg_I_O)         0.096     3.602 r  clk100mhz_IBUF_BUFG_inst/O
                         net (fo=4116, routed)        1.639     5.242    clk100mhz_IBUF_BUFG
    SLICE_X13Y84         FDRE                                         r  state_reg[1]/C
  -------------------------------------------------------------------    -------------------
    SLICE_X13Y84         FDRE (Prop_fdre_C_Q)         0.456     5.698 r  state_reg[1]/Q
                         net (fo=114, routed)         2.958     8.655    state_reg_n_0_[1]
    SLICE_X52Y40         LUT3 (Prop_lut3_I1_O)        0.152     8.807 r  image_addr_reg_rep_0_3_i_4/O
                         net (fo=30, routed)          4.667    13.474    image_addr_reg_rep_0_3_i_4_n_0
    RAMB36_X1Y35         RAMB36E1                                     r  image_addr_reg_rep_5_5/ADDRARDADDR[12]
  -------------------------------------------------------------------    -------------------

                         (clock sys_clk_pin rise edge)
                                                     10.000    10.000 r  <hidden>
    E3                                                0.000    10.000 r  clk100mhz
                         net (fo=0)                   0.000    10.000    clk100mhz
    E3                   IBUF (Prop_ibuf_I_O)         1.411    11.411 r  clk100mhz_IBUF_inst/O
                         net (fo=1, routed)           1.920    13.331    clk100mhz_IBUF
    BUFGCTRL_X0Y16       BUFG (Prop_bufg_I_O)         0.091    13.422 r  clk100mhz_IBUF_BUFG_inst/O
                         net (fo=4116, routed)        1.700    15.122    clk100mhz_IBUF_BUFG
    RAMB36_X1Y35         RAMB36E1                                     r  image_addr_reg_rep_5_5/CLKARDCLK
                         clock pessimism              0.180    15.302    <hidden>
                         clock uncertainty           -0.035    15.267    <hidden>
    RAMB36_X1Y35         RAMB36E1 (Setup_ramb36e1_CLKARDCLK_ADDRARDADDR[12])
                                                     -0.768    14.499    image_addr_reg_rep_5_5
  -------------------------------------------------------------------
                         required time                         14.499    <hidden>
                         arrival time                         -13.474    <hidden>
  -------------------------------------------------------------------
                         slack                                  1.024    <hidden>

Slack (MET) :             1.031ns  (required time - arrival time)
  Source:                 state_reg[1]/C
                            (rising edge-triggered cell FDRE clocked by sys_clk_pin  {rise@0.000ns fall@5.000ns period=10.000ns})
  Destination:            image_addr_reg_rep_5_5/ADDRARDADDR[13]
                            (rising edge-triggered cell RAMB36E1 clocked by sys_clk_pin  {rise@0.000ns fall@5.000ns period=10.000ns})
  Path Group:             sys_clk_pin
  Path Type:              Setup (Max at Slow Process Corner)
  Requirement:            10.000ns  (sys_clk_pin rise@10.000ns - sys_clk_pin rise@0.000ns)
  Data Path Delay:        8.225ns  (logic 0.610ns (7.417%)  route 7.615ns (92.583%))
  Logic Levels:           1  (LUT3=1)
  Clock Path Skew:        0.060ns (DCD - SCD + CPR)
    Destination Clock Delay (DCD):    5.122ns = ( 15.122 - 10.000 ) 
    Source Clock Delay      (SCD):    5.242ns
    Clock Pessimism Removal (CPR):    0.180ns
  Clock Uncertainty:      0.035ns  ((TSJ^2 + TIJ^2)^1/2 + DJ) / 2 + PE
    Total System Jitter     (TSJ):    0.071ns
    Total Input Jitter      (TIJ):    0.000ns
    Discrete Jitter          (DJ):    0.000ns
    Phase Error              (PE):    0.000ns

    Location             Delay type                Incr(ns)  Path(ns)    Netlist Resource(s)
  -------------------------------------------------------------------    -------------------
                         (clock sys_clk_pin rise edge)
                                                      0.000     0.000 r  <hidden>
    E3                                                0.000     0.000 r  clk100mhz
                         net (fo=0)                   0.000     0.000    clk100mhz
    E3                   IBUF (Prop_ibuf_I_O)         1.482     1.482 r  clk100mhz_IBUF_inst/O
                         net (fo=1, routed)           2.025     3.506    clk100mhz_IBUF
    BUFGCTRL_X0Y16       BUFG (Prop_bufg_I_O)         0.096     3.602 r  clk100mhz_IBUF_BUFG_inst/O
                         net (fo=4116, routed)        1.639     5.242    clk100mhz_IBUF_BUFG
    SLICE_X13Y84         FDRE                                         r  state_reg[1]/C
  -------------------------------------------------------------------    -------------------
    SLICE_X13Y84         FDRE (Prop_fdre_C_Q)         0.456     5.698 r  state_reg[1]/Q
                         net (fo=114, routed)         2.942     8.640    state_reg_n_0_[1]
    SLICE_X51Y41         LUT3 (Prop_lut3_I1_O)        0.154     8.794 r  image_addr_reg_rep_0_3_i_3/O
                         net (fo=30, routed)          4.672    13.467    image_addr_reg_rep_0_3_i_3_n_0
    RAMB36_X1Y35         RAMB36E1                                     r  image_addr_reg_rep_5_5/ADDRARDADDR[13]
  -------------------------------------------------------------------    -------------------

                         (clock sys_clk_pin rise edge)
                                                     10.000    10.000 r  <hidden>
    E3                                                0.000    10.000 r  clk100mhz
                         net (fo=0)                   0.000    10.000    clk100mhz
    E3                   IBUF (Prop_ibuf_I_O)         1.411    11.411 r  clk100mhz_IBUF_inst/O
                         net (fo=1, routed)           1.920    13.331    clk100mhz_IBUF
    BUFGCTRL_X0Y16       BUFG (Prop_bufg_I_O)         0.091    13.422 r  clk100mhz_IBUF_BUFG_inst/O
                         net (fo=4116, routed)        1.700    15.122    clk100mhz_IBUF_BUFG
    RAMB36_X1Y35         RAMB36E1                                     r  image_addr_reg_rep_5_5/CLKARDCLK
                         clock pessimism              0.180    15.302    <hidden>
                         clock uncertainty           -0.035    15.267    <hidden>
    RAMB36_X1Y35         RAMB36E1 (Setup_ramb36e1_CLKARDCLK_ADDRARDADDR[13])
                                                     -0.769    14.498    image_addr_reg_rep_5_5
  -------------------------------------------------------------------
                         required time                         14.498    <hidden>
                         arrival time                         -13.467    <hidden>
  -------------------------------------------------------------------
                         slack                                  1.031    <hidden>

Slack (MET) :             1.041ns  (required time - arrival time)
  Source:                 reset_pipe_reg[1]/C
                            (rising edge-triggered cell FDCE clocked by sys_clk_pin  {rise@0.000ns fall@5.000ns period=10.000ns})
  Destination:            image_addr_reg_rep_4_5/ADDRARDADDR[8]
                            (rising edge-triggered cell RAMB36E1 clocked by sys_clk_pin  {rise@0.000ns fall@5.000ns period=10.000ns})
  Path Group:             sys_clk_pin
  Path Type:              Setup (Max at Slow Process Corner)
  Requirement:            10.000ns  (sys_clk_pin rise@10.000ns - sys_clk_pin rise@0.000ns)
  Data Path Delay:        8.200ns  (logic 0.608ns (7.415%)  route 7.592ns (92.585%))
  Logic Levels:           1  (LUT3=1)
  Clock Path Skew:        0.050ns (DCD - SCD + CPR)
    Destination Clock Delay (DCD):    5.119ns = ( 15.119 - 10.000 ) 
    Source Clock Delay      (SCD):    5.249ns
    Clock Pessimism Removal (CPR):    0.180ns
  Clock Uncertainty:      0.035ns  ((TSJ^2 + TIJ^2)^1/2 + DJ) / 2 + PE
    Total System Jitter     (TSJ):    0.071ns
    Total Input Jitter      (TIJ):    0.000ns
    Discrete Jitter          (DJ):    0.000ns
    Phase Error              (PE):    0.000ns

    Location             Delay type                Incr(ns)  Path(ns)    Netlist Resource(s)
  -------------------------------------------------------------------    -------------------
                         (clock sys_clk_pin rise edge)
                                                      0.000     0.000 r  <hidden>
    E3                                                0.000     0.000 r  clk100mhz
                         net (fo=0)                   0.000     0.000    clk100mhz
    E3                   IBUF (Prop_ibuf_I_O)         1.482     1.482 r  clk100mhz_IBUF_inst/O
                         net (fo=1, routed)           2.025     3.506    clk100mhz_IBUF
    BUFGCTRL_X0Y16       BUFG (Prop_bufg_I_O)         0.096     3.602 r  clk100mhz_IBUF_BUFG_inst/O
                         net (fo=4116, routed)        1.646     5.249    clk100mhz_IBUF_BUFG
    SLICE_X15Y95         FDCE                                         r  reset_pipe_reg[1]/C
  -------------------------------------------------------------------    -------------------
    SLICE_X15Y95         FDCE (Prop_fdce_C_Q)         0.456     5.705 r  reset_pipe_reg[1]/Q
                         net (fo=64, routed)          2.887     8.592    rst_n
    SLICE_X48Y39         LUT3 (Prop_lut3_I2_O)        0.152     8.744 r  image_addr_reg_rep_0_3_i_8/O
                         net (fo=30, routed)          4.704    13.449    image_addr_reg_rep_0_3_i_8_n_0
    RAMB36_X1Y34         RAMB36E1                                     r  image_addr_reg_rep_4_5/ADDRARDADDR[8]
  -------------------------------------------------------------------    -------------------

                         (clock sys_clk_pin rise edge)
                                                     10.000    10.000 r  <hidden>
    E3                                                0.000    10.000 r  clk100mhz
                         net (fo=0)                   0.000    10.000    clk100mhz
    E3                   IBUF (Prop_ibuf_I_O)         1.411    11.411 r  clk100mhz_IBUF_inst/O
                         net (fo=1, routed)           1.920    13.331    clk100mhz_IBUF
    BUFGCTRL_X0Y16       BUFG (Prop_bufg_I_O)         0.091    13.422 r  clk100mhz_IBUF_BUFG_inst/O
                         net (fo=4116, routed)        1.697    15.119    clk100mhz_IBUF_BUFG
    RAMB36_X1Y34         RAMB36E1                                     r  image_addr_reg_rep_4_5/CLKARDCLK
                         clock pessimism              0.180    15.299    <hidden>
                         clock uncertainty           -0.035    15.264    <hidden>
    RAMB36_X1Y34         RAMB36E1 (Setup_ramb36e1_CLKARDCLK_ADDRARDADDR[8])
                                                     -0.774    14.490    image_addr_reg_rep_4_5
  -------------------------------------------------------------------
                         required time                         14.490    <hidden>
                         arrival time                         -13.449    <hidden>
  -------------------------------------------------------------------
                         slack                                  1.041    <hidden>

Slack (MET) :             1.047ns  (required time - arrival time)
  Source:                 reset_pipe_reg[1]/C
                            (rising edge-triggered cell FDCE clocked by sys_clk_pin  {rise@0.000ns fall@5.000ns period=10.000ns})
  Destination:            image_addr_reg_rep_5_5/ADDRARDADDR[8]
                            (rising edge-triggered cell RAMB36E1 clocked by sys_clk_pin  {rise@0.000ns fall@5.000ns period=10.000ns})
  Path Group:             sys_clk_pin
  Path Type:              Setup (Max at Slow Process Corner)
  Requirement:            10.000ns  (sys_clk_pin rise@10.000ns - sys_clk_pin rise@0.000ns)
  Data Path Delay:        8.197ns  (logic 0.608ns (7.418%)  route 7.589ns (92.582%))
  Logic Levels:           1  (LUT3=1)
  Clock Path Skew:        0.053ns (DCD - SCD + CPR)
    Destination Clock Delay (DCD):    5.122ns = ( 15.122 - 10.000 ) 
    Source Clock Delay      (SCD):    5.249ns
    Clock Pessimism Removal (CPR):    0.180ns
  Clock Uncertainty:      0.035ns  ((TSJ^2 + TIJ^2)^1/2 + DJ) / 2 + PE
    Total System Jitter     (TSJ):    0.071ns
    Total Input Jitter      (TIJ):    0.000ns
    Discrete Jitter          (DJ):    0.000ns
    Phase Error              (PE):    0.000ns

    Location             Delay type                Incr(ns)  Path(ns)    Netlist Resource(s)
  -------------------------------------------------------------------    -------------------
                         (clock sys_clk_pin rise edge)
                                                      0.000     0.000 r  <hidden>
    E3                                                0.000     0.000 r  clk100mhz
                         net (fo=0)                   0.000     0.000    clk100mhz
    E3                   IBUF (Prop_ibuf_I_O)         1.482     1.482 r  clk100mhz_IBUF_inst/O
                         net (fo=1, routed)           2.025     3.506    clk100mhz_IBUF
    BUFGCTRL_X0Y16       BUFG (Prop_bufg_I_O)         0.096     3.602 r  clk100mhz_IBUF_BUFG_inst/O
                         net (fo=4116, routed)        1.646     5.249    clk100mhz_IBUF_BUFG
    SLICE_X15Y95         FDCE                                         r  reset_pipe_reg[1]/C
  -------------------------------------------------------------------    -------------------
    SLICE_X15Y95         FDCE (Prop_fdce_C_Q)         0.456     5.705 r  reset_pipe_reg[1]/Q
                         net (fo=64, routed)          2.887     8.592    rst_n
    SLICE_X48Y39         LUT3 (Prop_lut3_I2_O)        0.152     8.744 r  image_addr_reg_rep_0_3_i_8/O
                         net (fo=30, routed)          4.701    13.445    image_addr_reg_rep_0_3_i_8_n_0
    RAMB36_X1Y35         RAMB36E1                                     r  image_addr_reg_rep_5_5/ADDRARDADDR[8]
  -------------------------------------------------------------------    -------------------

                         (clock sys_clk_pin rise edge)
                                                     10.000    10.000 r  <hidden>
    E3                                                0.000    10.000 r  clk100mhz
                         net (fo=0)                   0.000    10.000    clk100mhz
    E3                   IBUF (Prop_ibuf_I_O)         1.411    11.411 r  clk100mhz_IBUF_inst/O
                         net (fo=1, routed)           1.920    13.331    clk100mhz_IBUF
    BUFGCTRL_X0Y16       BUFG (Prop_bufg_I_O)         0.091    13.422 r  clk100mhz_IBUF_BUFG_inst/O
                         net (fo=4116, routed)        1.700    15.122    clk100mhz_IBUF_BUFG
    RAMB36_X1Y35         RAMB36E1                                     r  image_addr_reg_rep_5_5/CLKARDCLK
                         clock pessimism              0.180    15.302    <hidden>
                         clock uncertainty           -0.035    15.267    <hidden>
    RAMB36_X1Y35         RAMB36E1 (Setup_ramb36e1_CLKARDCLK_ADDRARDADDR[8])
                                                     -0.774    14.493    image_addr_reg_rep_5_5
  -------------------------------------------------------------------
                         required time                         14.493    <hidden>
                         arrival time                         -13.445    <hidden>
  -------------------------------------------------------------------
                         slack                                  1.047    <hidden>

Slack (MET) :             1.051ns  (required time - arrival time)
  Source:                 start_prev_reg/C
                            (rising edge-triggered cell FDRE clocked by sys_clk_pin  {rise@0.000ns fall@5.000ns period=10.000ns})
  Destination:            image_addr_reg_rep_5_5/ENARDEN
                            (rising edge-triggered cell RAMB36E1 clocked by sys_clk_pin  {rise@0.000ns fall@5.000ns period=10.000ns})
  Path Group:             sys_clk_pin
  Path Type:              Setup (Max at Slow Process Corner)
  Requirement:            10.000ns  (sys_clk_pin rise@10.000ns - sys_clk_pin rise@0.000ns)
  Data Path Delay:        8.529ns  (logic 0.704ns (8.254%)  route 7.825ns (91.746%))
  Logic Levels:           2  (LUT6=2)
  Clock Path Skew:        0.058ns (DCD - SCD + CPR)
    Destination Clock Delay (DCD):    5.122ns = ( 15.122 - 10.000 ) 
    Source Clock Delay      (SCD):    5.244ns
    Clock Pessimism Removal (CPR):    0.180ns
  Clock Uncertainty:      0.035ns  ((TSJ^2 + TIJ^2)^1/2 + DJ) / 2 + PE
    Total System Jitter     (TSJ):    0.071ns
    Total Input Jitter      (TIJ):    0.000ns
    Discrete Jitter          (DJ):    0.000ns
    Phase Error              (PE):    0.000ns

    Location             Delay type                Incr(ns)  Path(ns)    Netlist Resource(s)
  -------------------------------------------------------------------    -------------------
                         (clock sys_clk_pin rise edge)
                                                      0.000     0.000 r  <hidden>
    E3                                                0.000     0.000 r  clk100mhz
                         net (fo=0)                   0.000     0.000    clk100mhz
    E3                   IBUF (Prop_ibuf_I_O)         1.482     1.482 r  clk100mhz_IBUF_inst/O
                         net (fo=1, routed)           2.025     3.506    clk100mhz_IBUF
    BUFGCTRL_X0Y16       BUFG (Prop_bufg_I_O)         0.096     3.602 r  clk100mhz_IBUF_BUFG_inst/O
                         net (fo=4116, routed)        1.641     5.244    clk100mhz_IBUF_BUFG
    SLICE_X13Y85         FDRE                                         r  start_prev_reg/C
  -------------------------------------------------------------------    -------------------
    SLICE_X13Y85         FDRE (Prop_fdre_C_Q)         0.456     5.700 f  start_prev_reg/Q
                         net (fo=17, routed)          1.027     6.726    start_prev
    SLICE_X13Y85         LUT6 (Prop_lut6_I1_O)        0.124     6.850 r  x[9]_i_1/O
                         net (fo=37, routed)          2.451     9.301    x[9]_i_1_n_0
    SLICE_X49Y46         LUT6 (Prop_lut6_I0_O)        0.124     9.425 r  image_addr_reg_rep_4_0_i_1/O
                         net (fo=16, routed)          4.348    13.773    image_addr_reg_rep_4_0_i_1_n_0
    RAMB36_X1Y35         RAMB36E1                                     r  image_addr_reg_rep_5_5/ENARDEN
  -------------------------------------------------------------------    -------------------

                         (clock sys_clk_pin rise edge)
                                                     10.000    10.000 r  <hidden>
    E3                                                0.000    10.000 r  clk100mhz
                         net (fo=0)                   0.000    10.000    clk100mhz
    E3                   IBUF (Prop_ibuf_I_O)         1.411    11.411 r  clk100mhz_IBUF_inst/O
                         net (fo=1, routed)           1.920    13.331    clk100mhz_IBUF
    BUFGCTRL_X0Y16       BUFG (Prop_bufg_I_O)         0.091    13.422 r  clk100mhz_IBUF_BUFG_inst/O
                         net (fo=4116, routed)        1.700    15.122    clk100mhz_IBUF_BUFG
    RAMB36_X1Y35         RAMB36E1                                     r  image_addr_reg_rep_5_5/CLKARDCLK
                         clock pessimism              0.180    15.302    <hidden>
                         clock uncertainty           -0.035    15.267    <hidden>
    RAMB36_X1Y35         RAMB36E1 (Setup_ramb36e1_CLKARDCLK_ENARDEN)
                                                     -0.443    14.824    image_addr_reg_rep_5_5
  -------------------------------------------------------------------
                         required time                         14.824    <hidden>
                         arrival time                         -13.773    <hidden>
  -------------------------------------------------------------------
                         slack                                  1.051    <hidden>

Slack (MET) :             1.052ns  (required time - arrival time)
  Source:                 reset_pipe_reg[1]/C
                            (rising edge-triggered cell FDCE clocked by sys_clk_pin  {rise@0.000ns fall@5.000ns period=10.000ns})
  Destination:            image_addr_reg_rep_5_7/ADDRARDADDR[2]
                            (rising edge-triggered cell RAMB36E1 clocked by sys_clk_pin  {rise@0.000ns fall@5.000ns period=10.000ns})
  Path Group:             sys_clk_pin
  Path Type:              Setup (Max at Slow Process Corner)
  Requirement:            10.000ns  (sys_clk_pin rise@10.000ns - sys_clk_pin rise@0.000ns)
  Data Path Delay:        8.401ns  (logic 0.580ns (6.904%)  route 7.821ns (93.096%))
  Logic Levels:           1  (LUT3=1)
  Clock Path Skew:        0.055ns (DCD - SCD + CPR)
    Destination Clock Delay (DCD):    5.124ns = ( 15.124 - 10.000 ) 
    Source Clock Delay      (SCD):    5.249ns
    Clock Pessimism Removal (CPR):    0.180ns
  Clock Uncertainty:      0.035ns  ((TSJ^2 + TIJ^2)^1/2 + DJ) / 2 + PE
    Total System Jitter     (TSJ):    0.071ns
    Total Input Jitter      (TIJ):    0.000ns
    Discrete Jitter          (DJ):    0.000ns
    Phase Error              (PE):    0.000ns

    Location             Delay type                Incr(ns)  Path(ns)    Netlist Resource(s)
  -------------------------------------------------------------------    -------------------
                         (clock sys_clk_pin rise edge)
                                                      0.000     0.000 r  <hidden>
    E3                                                0.000     0.000 r  clk100mhz
                         net (fo=0)                   0.000     0.000    clk100mhz
    E3                   IBUF (Prop_ibuf_I_O)         1.482     1.482 r  clk100mhz_IBUF_inst/O
                         net (fo=1, routed)           2.025     3.506    clk100mhz_IBUF
    BUFGCTRL_X0Y16       BUFG (Prop_bufg_I_O)         0.096     3.602 r  clk100mhz_IBUF_BUFG_inst/O
                         net (fo=4116, routed)        1.646     5.249    clk100mhz_IBUF_BUFG
    SLICE_X15Y95         FDCE                                         r  reset_pipe_reg[1]/C
  -------------------------------------------------------------------    -------------------
    SLICE_X15Y95         FDCE (Prop_fdce_C_Q)         0.456     5.705 r  reset_pipe_reg[1]/Q
                         net (fo=64, routed)          2.846     8.551    rst_n
    SLICE_X48Y39         LUT3 (Prop_lut3_I2_O)        0.124     8.675 r  image_addr_reg_rep_0_6_i_14/O
                         net (fo=20, routed)          4.976    13.650    image_addr_reg_rep_0_6_i_14_n_0
    RAMB36_X1Y33         RAMB36E1                                     r  image_addr_reg_rep_5_7/ADDRARDADDR[2]
  -------------------------------------------------------------------    -------------------

                         (clock sys_clk_pin rise edge)
                                                     10.000    10.000 r  <hidden>
    E3                                                0.000    10.000 r  clk100mhz
                         net (fo=0)                   0.000    10.000    clk100mhz
    E3                   IBUF (Prop_ibuf_I_O)         1.411    11.411 r  clk100mhz_IBUF_inst/O
                         net (fo=1, routed)           1.920    13.331    clk100mhz_IBUF
    BUFGCTRL_X0Y16       BUFG (Prop_bufg_I_O)         0.091    13.422 r  clk100mhz_IBUF_BUFG_inst/O
                         net (fo=4116, routed)        1.702    15.124    clk100mhz_IBUF_BUFG
    RAMB36_X1Y33         RAMB36E1                                     r  image_addr_reg_rep_5_7/CLKARDCLK
                         clock pessimism              0.180    15.304    <hidden>
                         clock uncertainty           -0.035    15.269    <hidden>
    RAMB36_X1Y33         RAMB36E1 (Setup_ramb36e1_CLKARDCLK_ADDRARDADDR[2])
                                                     -0.566    14.703    image_addr_reg_rep_5_7
  -------------------------------------------------------------------
                         required time                         14.703    <hidden>
                         arrival time                         -13.650    <hidden>
  -------------------------------------------------------------------
                         slack                                  1.052    <hidden>





Pulse Width Checks
--------------------------------------------------------------------------------------
Clock Name:         sys_clk_pin
Waveform(ns):       { 0.000 5.000 }
Period(ns):         10.000
Sources:            { clk100mhz }

Check Type        Corner  Lib Pin             Reference Pin  Required(ns)  Actual(ns)  Slack(ns)  Location      Pin
Min Period        n/a     RAMB36E1/CLKARDCLK  n/a            3.363         10.000      6.637      RAMB36_X1Y23  edge_mem_reg_0_0/CLKARDCLK
Min Period        n/a     RAMB36E1/CLKARDCLK  n/a            3.363         10.000      6.637      RAMB36_X1Y28  edge_mem_reg_0_1/CLKARDCLK
Min Period        n/a     RAMB36E1/CLKARDCLK  n/a            3.363         10.000      6.637      RAMB36_X0Y33  edge_mem_reg_0_2/CLKARDCLK
Min Period        n/a     RAMB36E1/CLKARDCLK  n/a            3.363         10.000      6.637      RAMB36_X0Y35  edge_mem_reg_0_3/CLKARDCLK
Min Period        n/a     RAMB36E1/CLKARDCLK  n/a            3.363         10.000      6.637      RAMB36_X0Y37  edge_mem_reg_0_4/CLKARDCLK
Min Period        n/a     RAMB36E1/CLKARDCLK  n/a            3.363         10.000      6.637      RAMB36_X1Y25  edge_mem_reg_0_5/CLKARDCLK
Min Period        n/a     RAMB36E1/CLKARDCLK  n/a            3.363         10.000      6.637      RAMB36_X0Y25  edge_mem_reg_0_6/CLKARDCLK
Min Period        n/a     RAMB36E1/CLKARDCLK  n/a            3.363         10.000      6.637      RAMB36_X0Y27  edge_mem_reg_0_7/CLKARDCLK
Min Period        n/a     RAMB36E1/CLKARDCLK  n/a            3.363         10.000      6.637      RAMB36_X1Y24  edge_mem_reg_1_0/CLKARDCLK
Min Period        n/a     RAMB36E1/CLKARDCLK  n/a            3.363         10.000      6.637      RAMB36_X1Y29  edge_mem_reg_1_1/CLKARDCLK
Low Pulse Width   Slow    RAMD64E/CLK         n/a            1.250         5.000       3.750      SLICE_X56Y92  u_core/g_engine[0].u_engine/g_bank[0].u_hist/hist_reg_r1_0_63_0_2/RAMA/CLK
Low Pulse Width   Fast    RAMD64E/CLK         n/a            1.250         5.000       3.750      SLICE_X56Y92  u_core/g_engine[0].u_engine/g_bank[0].u_hist/hist_reg_r1_0_63_0_2/RAMA/CLK
Low Pulse Width   Slow    RAMD64E/CLK         n/a            1.250         5.000       3.750      SLICE_X56Y92  u_core/g_engine[0].u_engine/g_bank[0].u_hist/hist_reg_r1_0_63_0_2/RAMB/CLK
Low Pulse Width   Fast    RAMD64E/CLK         n/a            1.250         5.000       3.750      SLICE_X56Y92  u_core/g_engine[0].u_engine/g_bank[0].u_hist/hist_reg_r1_0_63_0_2/RAMB/CLK
Low Pulse Width   Slow    RAMD64E/CLK         n/a            1.250         5.000       3.750      SLICE_X56Y92  u_core/g_engine[0].u_engine/g_bank[0].u_hist/hist_reg_r1_0_63_0_2/RAMC/CLK
Low Pulse Width   Fast    RAMD64E/CLK         n/a            1.250         5.000       3.750      SLICE_X56Y92  u_core/g_engine[0].u_engine/g_bank[0].u_hist/hist_reg_r1_0_63_0_2/RAMC/CLK
Low Pulse Width   Slow    RAMD64E/CLK         n/a            1.250         5.000       3.750      SLICE_X56Y92  u_core/g_engine[0].u_engine/g_bank[0].u_hist/hist_reg_r1_0_63_0_2/RAMD/CLK
Low Pulse Width   Fast    RAMD64E/CLK         n/a            1.250         5.000       3.750      SLICE_X56Y92  u_core/g_engine[0].u_engine/g_bank[0].u_hist/hist_reg_r1_0_63_0_2/RAMD/CLK
Low Pulse Width   Slow    RAMD64E/CLK         n/a            1.250         5.000       3.750      SLICE_X58Y92  u_core/g_engine[0].u_engine/g_bank[0].u_hist/hist_reg_r1_0_63_3_5/RAMA/CLK
Low Pulse Width   Fast    RAMD64E/CLK         n/a            1.250         5.000       3.750      SLICE_X58Y92  u_core/g_engine[0].u_engine/g_bank[0].u_hist/hist_reg_r1_0_63_3_5/RAMA/CLK
High Pulse Width  Slow    RAMD64E/CLK         n/a            1.250         5.000       3.750      SLICE_X56Y92  u_core/g_engine[0].u_engine/g_bank[0].u_hist/hist_reg_r1_0_63_0_2/RAMA/CLK
High Pulse Width  Fast    RAMD64E/CLK         n/a            1.250         5.000       3.750      SLICE_X56Y92  u_core/g_engine[0].u_engine/g_bank[0].u_hist/hist_reg_r1_0_63_0_2/RAMA/CLK
High Pulse Width  Slow    RAMD64E/CLK         n/a            1.250         5.000       3.750      SLICE_X56Y92  u_core/g_engine[0].u_engine/g_bank[0].u_hist/hist_reg_r1_0_63_0_2/RAMB/CLK
High Pulse Width  Fast    RAMD64E/CLK         n/a            1.250         5.000       3.750      SLICE_X56Y92  u_core/g_engine[0].u_engine/g_bank[0].u_hist/hist_reg_r1_0_63_0_2/RAMB/CLK
High Pulse Width  Slow    RAMD64E/CLK         n/a            1.250         5.000       3.750      SLICE_X56Y92  u_core/g_engine[0].u_engine/g_bank[0].u_hist/hist_reg_r1_0_63_0_2/RAMC/CLK
High Pulse Width  Fast    RAMD64E/CLK         n/a            1.250         5.000       3.750      SLICE_X56Y92  u_core/g_engine[0].u_engine/g_bank[0].u_hist/hist_reg_r1_0_63_0_2/RAMC/CLK
High Pulse Width  Slow    RAMD64E/CLK         n/a            1.250         5.000       3.750      SLICE_X56Y92  u_core/g_engine[0].u_engine/g_bank[0].u_hist/hist_reg_r1_0_63_0_2/RAMD/CLK
High Pulse Width  Fast    RAMD64E/CLK         n/a            1.250         5.000       3.750      SLICE_X56Y92  u_core/g_engine[0].u_engine/g_bank[0].u_hist/hist_reg_r1_0_63_0_2/RAMD/CLK
High Pulse Width  Slow    RAMD64E/CLK         n/a            1.250         5.000       3.750      SLICE_X58Y92  u_core/g_engine[0].u_engine/g_bank[0].u_hist/hist_reg_r1_0_63_3_5/RAMA/CLK
High Pulse Width  Fast    RAMD64E/CLK         n/a            1.250         5.000       3.750      SLICE_X58Y92  u_core/g_engine[0].u_engine/g_bank[0].u_hist/hist_reg_r1_0_63_3_5/RAMA/CLK



---------------------------------------------------------------------------------------------------
Path Group:  **async_default**
From Clock:  sys_clk_pin
  To Clock:  sys_clk_pin

Setup :            0  Failing Endpoints,  Worst Slack        2.088ns,  Total Violation        0.000ns
Hold  :           NA  Failing Endpoints,  Worst Slack           NA  ,  Total Violation           NA
---------------------------------------------------------------------------------------------------


Max Delay Paths
--------------------------------------------------------------------------------------
Slack (MET) :             2.088ns  (required time - arrival time)
  Source:                 reset_pipe_reg[1]/C
                            (rising edge-triggered cell FDCE clocked by sys_clk_pin  {rise@0.000ns fall@5.000ns period=10.000ns})
  Destination:            u_uart/bits_left_reg[1]/CLR
                            (recovery check against rising-edge clock sys_clk_pin  {rise@0.000ns fall@5.000ns period=10.000ns})
  Path Group:             **async_default**
  Path Type:              Recovery (Max at Slow Process Corner)
  Requirement:            10.000ns  (sys_clk_pin rise@10.000ns - sys_clk_pin rise@0.000ns)
  Data Path Delay:        7.413ns  (logic 0.580ns (7.824%)  route 6.833ns (92.176%))
  Logic Levels:           1  (LUT1=1)
  Clock Path Skew:        -0.059ns (DCD - SCD + CPR)
    Destination Clock Delay (DCD):    5.010ns = ( 15.010 - 10.000 ) 
    Source Clock Delay      (SCD):    5.249ns
    Clock Pessimism Removal (CPR):    0.180ns
  Clock Uncertainty:      0.035ns  ((TSJ^2 + TIJ^2)^1/2 + DJ) / 2 + PE
    Total System Jitter     (TSJ):    0.071ns
    Total Input Jitter      (TIJ):    0.000ns
    Discrete Jitter          (DJ):    0.000ns
    Phase Error              (PE):    0.000ns

    Location             Delay type                Incr(ns)  Path(ns)    Netlist Resource(s)
  -------------------------------------------------------------------    -------------------
                         (clock sys_clk_pin rise edge)
                                                      0.000     0.000 r  <hidden>
    E3                                                0.000     0.000 r  clk100mhz
                         net (fo=0)                   0.000     0.000    clk100mhz
    E3                   IBUF (Prop_ibuf_I_O)         1.482     1.482 r  clk100mhz_IBUF_inst/O
                         net (fo=1, routed)           2.025     3.506    clk100mhz_IBUF
    BUFGCTRL_X0Y16       BUFG (Prop_bufg_I_O)         0.096     3.602 r  clk100mhz_IBUF_BUFG_inst/O
                         net (fo=4116, routed)        1.646     5.249    clk100mhz_IBUF_BUFG
    SLICE_X15Y95         FDCE                                         r  reset_pipe_reg[1]/C
  -------------------------------------------------------------------    -------------------
    SLICE_X15Y95         FDCE (Prop_fdce_C_Q)         0.456     5.705 r  reset_pipe_reg[1]/Q
                         net (fo=64, routed)          1.933     7.637    u_core/u_gradient/u_cordic/direction_reg_reg[3]_0[0]
    SLICE_X47Y74         LUT1 (Prop_lut1_I0_O)        0.124     7.761 f  u_core/u_gradient/u_cordic/div_count[9]_i_3/O
                         net (fo=2575, routed)        4.901    12.662    u_uart/SR[0]
    SLICE_X4Y100         FDCE                                         f  u_uart/bits_left_reg[1]/CLR
  -------------------------------------------------------------------    -------------------

                         (clock sys_clk_pin rise edge)
                                                     10.000    10.000 r  <hidden>
    E3                                                0.000    10.000 r  clk100mhz
                         net (fo=0)                   0.000    10.000    clk100mhz
    E3                   IBUF (Prop_ibuf_I_O)         1.411    11.411 r  clk100mhz_IBUF_inst/O
                         net (fo=1, routed)           1.920    13.331    clk100mhz_IBUF
    BUFGCTRL_X0Y16       BUFG (Prop_bufg_I_O)         0.091    13.422 r  clk100mhz_IBUF_BUFG_inst/O
                         net (fo=4116, routed)        1.588    15.010    u_uart/clk100mhz_IBUF_BUFG
    SLICE_X4Y100         FDCE                                         r  u_uart/bits_left_reg[1]/C
                         clock pessimism              0.180    15.190    <hidden>
                         clock uncertainty           -0.035    15.155    <hidden>
    SLICE_X4Y100         FDCE (Recov_fdce_C_CLR)     -0.405    14.750    u_uart/bits_left_reg[1]
  -------------------------------------------------------------------
                         required time                         14.750    <hidden>
                         arrival time                         -12.662    <hidden>
  -------------------------------------------------------------------
                         slack                                  2.088    <hidden>

Slack (MET) :             2.088ns  (required time - arrival time)
  Source:                 reset_pipe_reg[1]/C
                            (rising edge-triggered cell FDCE clocked by sys_clk_pin  {rise@0.000ns fall@5.000ns period=10.000ns})
  Destination:            u_uart/bits_left_reg[2]/CLR
                            (recovery check against rising-edge clock sys_clk_pin  {rise@0.000ns fall@5.000ns period=10.000ns})
  Path Group:             **async_default**
  Path Type:              Recovery (Max at Slow Process Corner)
  Requirement:            10.000ns  (sys_clk_pin rise@10.000ns - sys_clk_pin rise@0.000ns)
  Data Path Delay:        7.413ns  (logic 0.580ns (7.824%)  route 6.833ns (92.176%))
  Logic Levels:           1  (LUT1=1)
  Clock Path Skew:        -0.059ns (DCD - SCD + CPR)
    Destination Clock Delay (DCD):    5.010ns = ( 15.010 - 10.000 ) 
    Source Clock Delay      (SCD):    5.249ns
    Clock Pessimism Removal (CPR):    0.180ns
  Clock Uncertainty:      0.035ns  ((TSJ^2 + TIJ^2)^1/2 + DJ) / 2 + PE
    Total System Jitter     (TSJ):    0.071ns
    Total Input Jitter      (TIJ):    0.000ns
    Discrete Jitter          (DJ):    0.000ns
    Phase Error              (PE):    0.000ns

    Location             Delay type                Incr(ns)  Path(ns)    Netlist Resource(s)
  -------------------------------------------------------------------    -------------------
                         (clock sys_clk_pin rise edge)
                                                      0.000     0.000 r  <hidden>
    E3                                                0.000     0.000 r  clk100mhz
                         net (fo=0)                   0.000     0.000    clk100mhz
    E3                   IBUF (Prop_ibuf_I_O)         1.482     1.482 r  clk100mhz_IBUF_inst/O
                         net (fo=1, routed)           2.025     3.506    clk100mhz_IBUF
    BUFGCTRL_X0Y16       BUFG (Prop_bufg_I_O)         0.096     3.602 r  clk100mhz_IBUF_BUFG_inst/O
                         net (fo=4116, routed)        1.646     5.249    clk100mhz_IBUF_BUFG
    SLICE_X15Y95         FDCE                                         r  reset_pipe_reg[1]/C
  -------------------------------------------------------------------    -------------------
    SLICE_X15Y95         FDCE (Prop_fdce_C_Q)         0.456     5.705 r  reset_pipe_reg[1]/Q
                         net (fo=64, routed)          1.933     7.637    u_core/u_gradient/u_cordic/direction_reg_reg[3]_0[0]
    SLICE_X47Y74         LUT1 (Prop_lut1_I0_O)        0.124     7.761 f  u_core/u_gradient/u_cordic/div_count[9]_i_3/O
                         net (fo=2575, routed)        4.901    12.662    u_uart/SR[0]
    SLICE_X4Y100         FDCE                                         f  u_uart/bits_left_reg[2]/CLR
  -------------------------------------------------------------------    -------------------

                         (clock sys_clk_pin rise edge)
                                                     10.000    10.000 r  <hidden>
    E3                                                0.000    10.000 r  clk100mhz
                         net (fo=0)                   0.000    10.000    clk100mhz
    E3                   IBUF (Prop_ibuf_I_O)         1.411    11.411 r  clk100mhz_IBUF_inst/O
                         net (fo=1, routed)           1.920    13.331    clk100mhz_IBUF
    BUFGCTRL_X0Y16       BUFG (Prop_bufg_I_O)         0.091    13.422 r  clk100mhz_IBUF_BUFG_inst/O
                         net (fo=4116, routed)        1.588    15.010    u_uart/clk100mhz_IBUF_BUFG
    SLICE_X4Y100         FDCE                                         r  u_uart/bits_left_reg[2]/C
                         clock pessimism              0.180    15.190    <hidden>
                         clock uncertainty           -0.035    15.155    <hidden>
    SLICE_X4Y100         FDCE (Recov_fdce_C_CLR)     -0.405    14.750    u_uart/bits_left_reg[2]
  -------------------------------------------------------------------
                         required time                         14.750    <hidden>
                         arrival time                         -12.662    <hidden>
  -------------------------------------------------------------------
                         slack                                  2.088    <hidden>

Slack (MET) :             2.088ns  (required time - arrival time)
  Source:                 reset_pipe_reg[1]/C
                            (rising edge-triggered cell FDCE clocked by sys_clk_pin  {rise@0.000ns fall@5.000ns period=10.000ns})
  Destination:            u_uart/bits_left_reg[3]/CLR
                            (recovery check against rising-edge clock sys_clk_pin  {rise@0.000ns fall@5.000ns period=10.000ns})
  Path Group:             **async_default**
  Path Type:              Recovery (Max at Slow Process Corner)
  Requirement:            10.000ns  (sys_clk_pin rise@10.000ns - sys_clk_pin rise@0.000ns)
  Data Path Delay:        7.413ns  (logic 0.580ns (7.824%)  route 6.833ns (92.176%))
  Logic Levels:           1  (LUT1=1)
  Clock Path Skew:        -0.059ns (DCD - SCD + CPR)
    Destination Clock Delay (DCD):    5.010ns = ( 15.010 - 10.000 ) 
    Source Clock Delay      (SCD):    5.249ns
    Clock Pessimism Removal (CPR):    0.180ns
  Clock Uncertainty:      0.035ns  ((TSJ^2 + TIJ^2)^1/2 + DJ) / 2 + PE
    Total System Jitter     (TSJ):    0.071ns
    Total Input Jitter      (TIJ):    0.000ns
    Discrete Jitter          (DJ):    0.000ns
    Phase Error              (PE):    0.000ns

    Location             Delay type                Incr(ns)  Path(ns)    Netlist Resource(s)
  -------------------------------------------------------------------    -------------------
                         (clock sys_clk_pin rise edge)
                                                      0.000     0.000 r  <hidden>
    E3                                                0.000     0.000 r  clk100mhz
                         net (fo=0)                   0.000     0.000    clk100mhz
    E3                   IBUF (Prop_ibuf_I_O)         1.482     1.482 r  clk100mhz_IBUF_inst/O
                         net (fo=1, routed)           2.025     3.506    clk100mhz_IBUF
    BUFGCTRL_X0Y16       BUFG (Prop_bufg_I_O)         0.096     3.602 r  clk100mhz_IBUF_BUFG_inst/O
                         net (fo=4116, routed)        1.646     5.249    clk100mhz_IBUF_BUFG
    SLICE_X15Y95         FDCE                                         r  reset_pipe_reg[1]/C
  -------------------------------------------------------------------    -------------------
    SLICE_X15Y95         FDCE (Prop_fdce_C_Q)         0.456     5.705 r  reset_pipe_reg[1]/Q
                         net (fo=64, routed)          1.933     7.637    u_core/u_gradient/u_cordic/direction_reg_reg[3]_0[0]
    SLICE_X47Y74         LUT1 (Prop_lut1_I0_O)        0.124     7.761 f  u_core/u_gradient/u_cordic/div_count[9]_i_3/O
                         net (fo=2575, routed)        4.901    12.662    u_uart/SR[0]
    SLICE_X4Y100         FDCE                                         f  u_uart/bits_left_reg[3]/CLR
  -------------------------------------------------------------------    -------------------

                         (clock sys_clk_pin rise edge)
                                                     10.000    10.000 r  <hidden>
    E3                                                0.000    10.000 r  clk100mhz
                         net (fo=0)                   0.000    10.000    clk100mhz
    E3                   IBUF (Prop_ibuf_I_O)         1.411    11.411 r  clk100mhz_IBUF_inst/O
                         net (fo=1, routed)           1.920    13.331    clk100mhz_IBUF
    BUFGCTRL_X0Y16       BUFG (Prop_bufg_I_O)         0.091    13.422 r  clk100mhz_IBUF_BUFG_inst/O
                         net (fo=4116, routed)        1.588    15.010    u_uart/clk100mhz_IBUF_BUFG
    SLICE_X4Y100         FDCE                                         r  u_uart/bits_left_reg[3]/C
                         clock pessimism              0.180    15.190    <hidden>
                         clock uncertainty           -0.035    15.155    <hidden>
    SLICE_X4Y100         FDCE (Recov_fdce_C_CLR)     -0.405    14.750    u_uart/bits_left_reg[3]
  -------------------------------------------------------------------
                         required time                         14.750    <hidden>
                         arrival time                         -12.662    <hidden>
  -------------------------------------------------------------------
                         slack                                  2.088    <hidden>

Slack (MET) :             2.473ns  (required time - arrival time)
  Source:                 reset_pipe_reg[1]/C
                            (rising edge-triggered cell FDCE clocked by sys_clk_pin  {rise@0.000ns fall@5.000ns period=10.000ns})
  Destination:            u_uart/div_count_reg[1]/CLR
                            (recovery check against rising-edge clock sys_clk_pin  {rise@0.000ns fall@5.000ns period=10.000ns})
  Path Group:             **async_default**
  Path Type:              Recovery (Max at Slow Process Corner)
  Requirement:            10.000ns  (sys_clk_pin rise@10.000ns - sys_clk_pin rise@0.000ns)
  Data Path Delay:        7.030ns  (logic 0.580ns (8.250%)  route 6.450ns (91.750%))
  Logic Levels:           1  (LUT1=1)
  Clock Path Skew:        -0.057ns (DCD - SCD + CPR)
    Destination Clock Delay (DCD):    5.012ns = ( 15.012 - 10.000 ) 
    Source Clock Delay      (SCD):    5.249ns
    Clock Pessimism Removal (CPR):    0.180ns
  Clock Uncertainty:      0.035ns  ((TSJ^2 + TIJ^2)^1/2 + DJ) / 2 + PE
    Total System Jitter     (TSJ):    0.071ns
    Total Input Jitter      (TIJ):    0.000ns
    Discrete Jitter          (DJ):    0.000ns
    Phase Error              (PE):    0.000ns

    Location             Delay type                Incr(ns)  Path(ns)    Netlist Resource(s)
  -------------------------------------------------------------------    -------------------
                         (clock sys_clk_pin rise edge)
                                                      0.000     0.000 r  <hidden>
    E3                                                0.000     0.000 r  clk100mhz
                         net (fo=0)                   0.000     0.000    clk100mhz
    E3                   IBUF (Prop_ibuf_I_O)         1.482     1.482 r  clk100mhz_IBUF_inst/O
                         net (fo=1, routed)           2.025     3.506    clk100mhz_IBUF
    BUFGCTRL_X0Y16       BUFG (Prop_bufg_I_O)         0.096     3.602 r  clk100mhz_IBUF_BUFG_inst/O
                         net (fo=4116, routed)        1.646     5.249    clk100mhz_IBUF_BUFG
    SLICE_X15Y95         FDCE                                         r  reset_pipe_reg[1]/C
  -------------------------------------------------------------------    -------------------
    SLICE_X15Y95         FDCE (Prop_fdce_C_Q)         0.456     5.705 r  reset_pipe_reg[1]/Q
                         net (fo=64, routed)          1.933     7.637    u_core/u_gradient/u_cordic/direction_reg_reg[3]_0[0]
    SLICE_X47Y74         LUT1 (Prop_lut1_I0_O)        0.124     7.761 f  u_core/u_gradient/u_cordic/div_count[9]_i_3/O
                         net (fo=2575, routed)        4.517    12.279    u_uart/SR[0]
    SLICE_X0Y100         FDCE                                         f  u_uart/div_count_reg[1]/CLR
  -------------------------------------------------------------------    -------------------

                         (clock sys_clk_pin rise edge)
                                                     10.000    10.000 r  <hidden>
    E3                                                0.000    10.000 r  clk100mhz
                         net (fo=0)                   0.000    10.000    clk100mhz
    E3                   IBUF (Prop_ibuf_I_O)         1.411    11.411 r  clk100mhz_IBUF_inst/O
                         net (fo=1, routed)           1.920    13.331    clk100mhz_IBUF
    BUFGCTRL_X0Y16       BUFG (Prop_bufg_I_O)         0.091    13.422 r  clk100mhz_IBUF_BUFG_inst/O
                         net (fo=4116, routed)        1.590    15.012    u_uart/clk100mhz_IBUF_BUFG
    SLICE_X0Y100         FDCE                                         r  u_uart/div_count_reg[1]/C
                         clock pessimism              0.180    15.192    <hidden>
                         clock uncertainty           -0.035    15.157    <hidden>
    SLICE_X0Y100         FDCE (Recov_fdce_C_CLR)     -0.405    14.752    u_uart/div_count_reg[1]
  -------------------------------------------------------------------
                         required time                         14.752    <hidden>
                         arrival time                         -12.279    <hidden>
  -------------------------------------------------------------------
                         slack                                  2.473    <hidden>

Slack (MET) :             2.473ns  (required time - arrival time)
  Source:                 reset_pipe_reg[1]/C
                            (rising edge-triggered cell FDCE clocked by sys_clk_pin  {rise@0.000ns fall@5.000ns period=10.000ns})
  Destination:            u_uart/div_count_reg[4]/CLR
                            (recovery check against rising-edge clock sys_clk_pin  {rise@0.000ns fall@5.000ns period=10.000ns})
  Path Group:             **async_default**
  Path Type:              Recovery (Max at Slow Process Corner)
  Requirement:            10.000ns  (sys_clk_pin rise@10.000ns - sys_clk_pin rise@0.000ns)
  Data Path Delay:        7.030ns  (logic 0.580ns (8.250%)  route 6.450ns (91.750%))
  Logic Levels:           1  (LUT1=1)
  Clock Path Skew:        -0.057ns (DCD - SCD + CPR)
    Destination Clock Delay (DCD):    5.012ns = ( 15.012 - 10.000 ) 
    Source Clock Delay      (SCD):    5.249ns
    Clock Pessimism Removal (CPR):    0.180ns
  Clock Uncertainty:      0.035ns  ((TSJ^2 + TIJ^2)^1/2 + DJ) / 2 + PE
    Total System Jitter     (TSJ):    0.071ns
    Total Input Jitter      (TIJ):    0.000ns
    Discrete Jitter          (DJ):    0.000ns
    Phase Error              (PE):    0.000ns

    Location             Delay type                Incr(ns)  Path(ns)    Netlist Resource(s)
  -------------------------------------------------------------------    -------------------
                         (clock sys_clk_pin rise edge)
                                                      0.000     0.000 r  <hidden>
    E3                                                0.000     0.000 r  clk100mhz
                         net (fo=0)                   0.000     0.000    clk100mhz
    E3                   IBUF (Prop_ibuf_I_O)         1.482     1.482 r  clk100mhz_IBUF_inst/O
                         net (fo=1, routed)           2.025     3.506    clk100mhz_IBUF
    BUFGCTRL_X0Y16       BUFG (Prop_bufg_I_O)         0.096     3.602 r  clk100mhz_IBUF_BUFG_inst/O
                         net (fo=4116, routed)        1.646     5.249    clk100mhz_IBUF_BUFG
    SLICE_X15Y95         FDCE                                         r  reset_pipe_reg[1]/C
  -------------------------------------------------------------------    -------------------
    SLICE_X15Y95         FDCE (Prop_fdce_C_Q)         0.456     5.705 r  reset_pipe_reg[1]/Q
                         net (fo=64, routed)          1.933     7.637    u_core/u_gradient/u_cordic/direction_reg_reg[3]_0[0]
    SLICE_X47Y74         LUT1 (Prop_lut1_I0_O)        0.124     7.761 f  u_core/u_gradient/u_cordic/div_count[9]_i_3/O
                         net (fo=2575, routed)        4.517    12.279    u_uart/SR[0]
    SLICE_X0Y100         FDCE                                         f  u_uart/div_count_reg[4]/CLR
  -------------------------------------------------------------------    -------------------

                         (clock sys_clk_pin rise edge)
                                                     10.000    10.000 r  <hidden>
    E3                                                0.000    10.000 r  clk100mhz
                         net (fo=0)                   0.000    10.000    clk100mhz
    E3                   IBUF (Prop_ibuf_I_O)         1.411    11.411 r  clk100mhz_IBUF_inst/O
                         net (fo=1, routed)           1.920    13.331    clk100mhz_IBUF
    BUFGCTRL_X0Y16       BUFG (Prop_bufg_I_O)         0.091    13.422 r  clk100mhz_IBUF_BUFG_inst/O
                         net (fo=4116, routed)        1.590    15.012    u_uart/clk100mhz_IBUF_BUFG
    SLICE_X0Y100         FDCE                                         r  u_uart/div_count_reg[4]/C
                         clock pessimism              0.180    15.192    <hidden>
                         clock uncertainty           -0.035    15.157    <hidden>
    SLICE_X0Y100         FDCE (Recov_fdce_C_CLR)     -0.405    14.752    u_uart/div_count_reg[4]
  -------------------------------------------------------------------
                         required time                         14.752    <hidden>
                         arrival time                         -12.279    <hidden>
  -------------------------------------------------------------------
                         slack                                  2.473    <hidden>

Slack (MET) :             2.473ns  (required time - arrival time)
  Source:                 reset_pipe_reg[1]/C
                            (rising edge-triggered cell FDCE clocked by sys_clk_pin  {rise@0.000ns fall@5.000ns period=10.000ns})
  Destination:            u_uart/div_count_reg[5]/CLR
                            (recovery check against rising-edge clock sys_clk_pin  {rise@0.000ns fall@5.000ns period=10.000ns})
  Path Group:             **async_default**
  Path Type:              Recovery (Max at Slow Process Corner)
  Requirement:            10.000ns  (sys_clk_pin rise@10.000ns - sys_clk_pin rise@0.000ns)
  Data Path Delay:        7.030ns  (logic 0.580ns (8.250%)  route 6.450ns (91.750%))
  Logic Levels:           1  (LUT1=1)
  Clock Path Skew:        -0.057ns (DCD - SCD + CPR)
    Destination Clock Delay (DCD):    5.012ns = ( 15.012 - 10.000 ) 
    Source Clock Delay      (SCD):    5.249ns
    Clock Pessimism Removal (CPR):    0.180ns
  Clock Uncertainty:      0.035ns  ((TSJ^2 + TIJ^2)^1/2 + DJ) / 2 + PE
    Total System Jitter     (TSJ):    0.071ns
    Total Input Jitter      (TIJ):    0.000ns
    Discrete Jitter          (DJ):    0.000ns
    Phase Error              (PE):    0.000ns

    Location             Delay type                Incr(ns)  Path(ns)    Netlist Resource(s)
  -------------------------------------------------------------------    -------------------
                         (clock sys_clk_pin rise edge)
                                                      0.000     0.000 r  <hidden>
    E3                                                0.000     0.000 r  clk100mhz
                         net (fo=0)                   0.000     0.000    clk100mhz
    E3                   IBUF (Prop_ibuf_I_O)         1.482     1.482 r  clk100mhz_IBUF_inst/O
                         net (fo=1, routed)           2.025     3.506    clk100mhz_IBUF
    BUFGCTRL_X0Y16       BUFG (Prop_bufg_I_O)         0.096     3.602 r  clk100mhz_IBUF_BUFG_inst/O
                         net (fo=4116, routed)        1.646     5.249    clk100mhz_IBUF_BUFG
    SLICE_X15Y95         FDCE                                         r  reset_pipe_reg[1]/C
  -------------------------------------------------------------------    -------------------
    SLICE_X15Y95         FDCE (Prop_fdce_C_Q)         0.456     5.705 r  reset_pipe_reg[1]/Q
                         net (fo=64, routed)          1.933     7.637    u_core/u_gradient/u_cordic/direction_reg_reg[3]_0[0]
    SLICE_X47Y74         LUT1 (Prop_lut1_I0_O)        0.124     7.761 f  u_core/u_gradient/u_cordic/div_count[9]_i_3/O
                         net (fo=2575, routed)        4.517    12.279    u_uart/SR[0]
    SLICE_X0Y100         FDCE                                         f  u_uart/div_count_reg[5]/CLR
  -------------------------------------------------------------------    -------------------

                         (clock sys_clk_pin rise edge)
                                                     10.000    10.000 r  <hidden>
    E3                                                0.000    10.000 r  clk100mhz
                         net (fo=0)                   0.000    10.000    clk100mhz
    E3                   IBUF (Prop_ibuf_I_O)         1.411    11.411 r  clk100mhz_IBUF_inst/O
                         net (fo=1, routed)           1.920    13.331    clk100mhz_IBUF
    BUFGCTRL_X0Y16       BUFG (Prop_bufg_I_O)         0.091    13.422 r  clk100mhz_IBUF_BUFG_inst/O
                         net (fo=4116, routed)        1.590    15.012    u_uart/clk100mhz_IBUF_BUFG
    SLICE_X0Y100         FDCE                                         r  u_uart/div_count_reg[5]/C
                         clock pessimism              0.180    15.192    <hidden>
                         clock uncertainty           -0.035    15.157    <hidden>
    SLICE_X0Y100         FDCE (Recov_fdce_C_CLR)     -0.405    14.752    u_uart/div_count_reg[5]
  -------------------------------------------------------------------
                         required time                         14.752    <hidden>
                         arrival time                         -12.279    <hidden>
  -------------------------------------------------------------------
                         slack                                  2.473    <hidden>

Slack (MET) :             2.475ns  (required time - arrival time)
  Source:                 reset_pipe_reg[1]/C
                            (rising edge-triggered cell FDCE clocked by sys_clk_pin  {rise@0.000ns fall@5.000ns period=10.000ns})
  Destination:            u_uart/bits_left_reg[0]/CLR
                            (recovery check against rising-edge clock sys_clk_pin  {rise@0.000ns fall@5.000ns period=10.000ns})
  Path Group:             **async_default**
  Path Type:              Recovery (Max at Slow Process Corner)
  Requirement:            10.000ns  (sys_clk_pin rise@10.000ns - sys_clk_pin rise@0.000ns)
  Data Path Delay:        7.122ns  (logic 0.580ns (8.144%)  route 6.542ns (91.856%))
  Logic Levels:           1  (LUT1=1)
  Clock Path Skew:        0.037ns (DCD - SCD + CPR)
    Destination Clock Delay (DCD):    5.027ns = ( 15.027 - 10.000 ) 
    Source Clock Delay      (SCD):    5.249ns
    Clock Pessimism Removal (CPR):    0.259ns
  Clock Uncertainty:      0.035ns  ((TSJ^2 + TIJ^2)^1/2 + DJ) / 2 + PE
    Total System Jitter     (TSJ):    0.071ns
    Total Input Jitter      (TIJ):    0.000ns
    Discrete Jitter          (DJ):    0.000ns
    Phase Error              (PE):    0.000ns

    Location             Delay type                Incr(ns)  Path(ns)    Netlist Resource(s)
  -------------------------------------------------------------------    -------------------
                         (clock sys_clk_pin rise edge)
                                                      0.000     0.000 r  <hidden>
    E3                                                0.000     0.000 r  clk100mhz
                         net (fo=0)                   0.000     0.000    clk100mhz
    E3                   IBUF (Prop_ibuf_I_O)         1.482     1.482 r  clk100mhz_IBUF_inst/O
                         net (fo=1, routed)           2.025     3.506    clk100mhz_IBUF
    BUFGCTRL_X0Y16       BUFG (Prop_bufg_I_O)         0.096     3.602 r  clk100mhz_IBUF_BUFG_inst/O
                         net (fo=4116, routed)        1.646     5.249    clk100mhz_IBUF_BUFG
    SLICE_X15Y95         FDCE                                         r  reset_pipe_reg[1]/C
  -------------------------------------------------------------------    -------------------
    SLICE_X15Y95         FDCE (Prop_fdce_C_Q)         0.456     5.705 r  reset_pipe_reg[1]/Q
                         net (fo=64, routed)          1.933     7.637    u_core/u_gradient/u_cordic/direction_reg_reg[3]_0[0]
    SLICE_X47Y74         LUT1 (Prop_lut1_I0_O)        0.124     7.761 f  u_core/u_gradient/u_cordic/div_count[9]_i_3/O
                         net (fo=2575, routed)        4.609    12.370    u_uart/SR[0]
    SLICE_X4Y99          FDCE                                         f  u_uart/bits_left_reg[0]/CLR
  -------------------------------------------------------------------    -------------------

                         (clock sys_clk_pin rise edge)
                                                     10.000    10.000 r  <hidden>
    E3                                                0.000    10.000 r  clk100mhz
                         net (fo=0)                   0.000    10.000    clk100mhz
    E3                   IBUF (Prop_ibuf_I_O)         1.411    11.411 r  clk100mhz_IBUF_inst/O
                         net (fo=1, routed)           1.920    13.331    clk100mhz_IBUF
    BUFGCTRL_X0Y16       BUFG (Prop_bufg_I_O)         0.091    13.422 r  clk100mhz_IBUF_BUFG_inst/O
                         net (fo=4116, routed)        1.604    15.027    u_uart/clk100mhz_IBUF_BUFG
    SLICE_X4Y99          FDCE                                         r  u_uart/bits_left_reg[0]/C
                         clock pessimism              0.259    15.286    <hidden>
                         clock uncertainty           -0.035    15.250    <hidden>
    SLICE_X4Y99          FDCE (Recov_fdce_C_CLR)     -0.405    14.845    u_uart/bits_left_reg[0]
  -------------------------------------------------------------------
                         required time                         14.845    <hidden>
                         arrival time                         -12.370    <hidden>
  -------------------------------------------------------------------
                         slack                                  2.475    <hidden>

Slack (MET) :             2.477ns  (required time - arrival time)
  Source:                 reset_pipe_reg[1]/C
                            (rising edge-triggered cell FDCE clocked by sys_clk_pin  {rise@0.000ns fall@5.000ns period=10.000ns})
  Destination:            u_uart/div_count_reg[0]/CLR
                            (recovery check against rising-edge clock sys_clk_pin  {rise@0.000ns fall@5.000ns period=10.000ns})
  Path Group:             **async_default**
  Path Type:              Recovery (Max at Slow Process Corner)
  Requirement:            10.000ns  (sys_clk_pin rise@10.000ns - sys_clk_pin rise@0.000ns)
  Data Path Delay:        7.026ns  (logic 0.580ns (8.255%)  route 6.446ns (91.745%))
  Logic Levels:           1  (LUT1=1)
  Clock Path Skew:        -0.057ns (DCD - SCD + CPR)
    Destination Clock Delay (DCD):    5.012ns = ( 15.012 - 10.000 ) 
    Source Clock Delay      (SCD):    5.249ns
    Clock Pessimism Removal (CPR):    0.180ns
  Clock Uncertainty:      0.035ns  ((TSJ^2 + TIJ^2)^1/2 + DJ) / 2 + PE
    Total System Jitter     (TSJ):    0.071ns
    Total Input Jitter      (TIJ):    0.000ns
    Discrete Jitter          (DJ):    0.000ns
    Phase Error              (PE):    0.000ns

    Location             Delay type                Incr(ns)  Path(ns)    Netlist Resource(s)
  -------------------------------------------------------------------    -------------------
                         (clock sys_clk_pin rise edge)
                                                      0.000     0.000 r  <hidden>
    E3                                                0.000     0.000 r  clk100mhz
                         net (fo=0)                   0.000     0.000    clk100mhz
    E3                   IBUF (Prop_ibuf_I_O)         1.482     1.482 r  clk100mhz_IBUF_inst/O
                         net (fo=1, routed)           2.025     3.506    clk100mhz_IBUF
    BUFGCTRL_X0Y16       BUFG (Prop_bufg_I_O)         0.096     3.602 r  clk100mhz_IBUF_BUFG_inst/O
                         net (fo=4116, routed)        1.646     5.249    clk100mhz_IBUF_BUFG
    SLICE_X15Y95         FDCE                                         r  reset_pipe_reg[1]/C
  -------------------------------------------------------------------    -------------------
    SLICE_X15Y95         FDCE (Prop_fdce_C_Q)         0.456     5.705 r  reset_pipe_reg[1]/Q
                         net (fo=64, routed)          1.933     7.637    u_core/u_gradient/u_cordic/direction_reg_reg[3]_0[0]
    SLICE_X47Y74         LUT1 (Prop_lut1_I0_O)        0.124     7.761 f  u_core/u_gradient/u_cordic/div_count[9]_i_3/O
                         net (fo=2575, routed)        4.513    12.274    u_uart/SR[0]
    SLICE_X1Y100         FDCE                                         f  u_uart/div_count_reg[0]/CLR
  -------------------------------------------------------------------    -------------------

                         (clock sys_clk_pin rise edge)
                                                     10.000    10.000 r  <hidden>
    E3                                                0.000    10.000 r  clk100mhz
                         net (fo=0)                   0.000    10.000    clk100mhz
    E3                   IBUF (Prop_ibuf_I_O)         1.411    11.411 r  clk100mhz_IBUF_inst/O
                         net (fo=1, routed)           1.920    13.331    clk100mhz_IBUF
    BUFGCTRL_X0Y16       BUFG (Prop_bufg_I_O)         0.091    13.422 r  clk100mhz_IBUF_BUFG_inst/O
                         net (fo=4116, routed)        1.590    15.012    u_uart/clk100mhz_IBUF_BUFG
    SLICE_X1Y100         FDCE                                         r  u_uart/div_count_reg[0]/C
                         clock pessimism              0.180    15.192    <hidden>
                         clock uncertainty           -0.035    15.157    <hidden>
    SLICE_X1Y100         FDCE (Recov_fdce_C_CLR)     -0.405    14.752    u_uart/div_count_reg[0]
  -------------------------------------------------------------------
                         required time                         14.752    <hidden>
                         arrival time                         -12.274    <hidden>
  -------------------------------------------------------------------
                         slack                                  2.477    <hidden>

Slack (MET) :             2.477ns  (required time - arrival time)
  Source:                 reset_pipe_reg[1]/C
                            (rising edge-triggered cell FDCE clocked by sys_clk_pin  {rise@0.000ns fall@5.000ns period=10.000ns})
  Destination:            u_uart/div_count_reg[2]/CLR
                            (recovery check against rising-edge clock sys_clk_pin  {rise@0.000ns fall@5.000ns period=10.000ns})
  Path Group:             **async_default**
  Path Type:              Recovery (Max at Slow Process Corner)
  Requirement:            10.000ns  (sys_clk_pin rise@10.000ns - sys_clk_pin rise@0.000ns)
  Data Path Delay:        7.026ns  (logic 0.580ns (8.255%)  route 6.446ns (91.745%))
  Logic Levels:           1  (LUT1=1)
  Clock Path Skew:        -0.057ns (DCD - SCD + CPR)
    Destination Clock Delay (DCD):    5.012ns = ( 15.012 - 10.000 ) 
    Source Clock Delay      (SCD):    5.249ns
    Clock Pessimism Removal (CPR):    0.180ns
  Clock Uncertainty:      0.035ns  ((TSJ^2 + TIJ^2)^1/2 + DJ) / 2 + PE
    Total System Jitter     (TSJ):    0.071ns
    Total Input Jitter      (TIJ):    0.000ns
    Discrete Jitter          (DJ):    0.000ns
    Phase Error              (PE):    0.000ns

    Location             Delay type                Incr(ns)  Path(ns)    Netlist Resource(s)
  -------------------------------------------------------------------    -------------------
                         (clock sys_clk_pin rise edge)
                                                      0.000     0.000 r  <hidden>
    E3                                                0.000     0.000 r  clk100mhz
                         net (fo=0)                   0.000     0.000    clk100mhz
    E3                   IBUF (Prop_ibuf_I_O)         1.482     1.482 r  clk100mhz_IBUF_inst/O
                         net (fo=1, routed)           2.025     3.506    clk100mhz_IBUF
    BUFGCTRL_X0Y16       BUFG (Prop_bufg_I_O)         0.096     3.602 r  clk100mhz_IBUF_BUFG_inst/O
                         net (fo=4116, routed)        1.646     5.249    clk100mhz_IBUF_BUFG
    SLICE_X15Y95         FDCE                                         r  reset_pipe_reg[1]/C
  -------------------------------------------------------------------    -------------------
    SLICE_X15Y95         FDCE (Prop_fdce_C_Q)         0.456     5.705 r  reset_pipe_reg[1]/Q
                         net (fo=64, routed)          1.933     7.637    u_core/u_gradient/u_cordic/direction_reg_reg[3]_0[0]
    SLICE_X47Y74         LUT1 (Prop_lut1_I0_O)        0.124     7.761 f  u_core/u_gradient/u_cordic/div_count[9]_i_3/O
                         net (fo=2575, routed)        4.513    12.274    u_uart/SR[0]
    SLICE_X1Y100         FDCE                                         f  u_uart/div_count_reg[2]/CLR
  -------------------------------------------------------------------    -------------------

                         (clock sys_clk_pin rise edge)
                                                     10.000    10.000 r  <hidden>
    E3                                                0.000    10.000 r  clk100mhz
                         net (fo=0)                   0.000    10.000    clk100mhz
    E3                   IBUF (Prop_ibuf_I_O)         1.411    11.411 r  clk100mhz_IBUF_inst/O
                         net (fo=1, routed)           1.920    13.331    clk100mhz_IBUF
    BUFGCTRL_X0Y16       BUFG (Prop_bufg_I_O)         0.091    13.422 r  clk100mhz_IBUF_BUFG_inst/O
                         net (fo=4116, routed)        1.590    15.012    u_uart/clk100mhz_IBUF_BUFG
    SLICE_X1Y100         FDCE                                         r  u_uart/div_count_reg[2]/C
                         clock pessimism              0.180    15.192    <hidden>
                         clock uncertainty           -0.035    15.157    <hidden>
    SLICE_X1Y100         FDCE (Recov_fdce_C_CLR)     -0.405    14.752    u_uart/div_count_reg[2]
  -------------------------------------------------------------------
                         required time                         14.752    <hidden>
                         arrival time                         -12.274    <hidden>
  -------------------------------------------------------------------
                         slack                                  2.477    <hidden>

Slack (MET) :             2.477ns  (required time - arrival time)
  Source:                 reset_pipe_reg[1]/C
                            (rising edge-triggered cell FDCE clocked by sys_clk_pin  {rise@0.000ns fall@5.000ns period=10.000ns})
  Destination:            u_uart/div_count_reg[3]/CLR
                            (recovery check against rising-edge clock sys_clk_pin  {rise@0.000ns fall@5.000ns period=10.000ns})
  Path Group:             **async_default**
  Path Type:              Recovery (Max at Slow Process Corner)
  Requirement:            10.000ns  (sys_clk_pin rise@10.000ns - sys_clk_pin rise@0.000ns)
  Data Path Delay:        7.026ns  (logic 0.580ns (8.255%)  route 6.446ns (91.745%))
  Logic Levels:           1  (LUT1=1)
  Clock Path Skew:        -0.057ns (DCD - SCD + CPR)
    Destination Clock Delay (DCD):    5.012ns = ( 15.012 - 10.000 ) 
    Source Clock Delay      (SCD):    5.249ns
    Clock Pessimism Removal (CPR):    0.180ns
  Clock Uncertainty:      0.035ns  ((TSJ^2 + TIJ^2)^1/2 + DJ) / 2 + PE
    Total System Jitter     (TSJ):    0.071ns
    Total Input Jitter      (TIJ):    0.000ns
    Discrete Jitter          (DJ):    0.000ns
    Phase Error              (PE):    0.000ns

    Location             Delay type                Incr(ns)  Path(ns)    Netlist Resource(s)
  -------------------------------------------------------------------    -------------------
                         (clock sys_clk_pin rise edge)
                                                      0.000     0.000 r  <hidden>
    E3                                                0.000     0.000 r  clk100mhz
                         net (fo=0)                   0.000     0.000    clk100mhz
    E3                   IBUF (Prop_ibuf_I_O)         1.482     1.482 r  clk100mhz_IBUF_inst/O
                         net (fo=1, routed)           2.025     3.506    clk100mhz_IBUF
    BUFGCTRL_X0Y16       BUFG (Prop_bufg_I_O)         0.096     3.602 r  clk100mhz_IBUF_BUFG_inst/O
                         net (fo=4116, routed)        1.646     5.249    clk100mhz_IBUF_BUFG
    SLICE_X15Y95         FDCE                                         r  reset_pipe_reg[1]/C
  -------------------------------------------------------------------    -------------------
    SLICE_X15Y95         FDCE (Prop_fdce_C_Q)         0.456     5.705 r  reset_pipe_reg[1]/Q
                         net (fo=64, routed)          1.933     7.637    u_core/u_gradient/u_cordic/direction_reg_reg[3]_0[0]
    SLICE_X47Y74         LUT1 (Prop_lut1_I0_O)        0.124     7.761 f  u_core/u_gradient/u_cordic/div_count[9]_i_3/O
                         net (fo=2575, routed)        4.513    12.274    u_uart/SR[0]
    SLICE_X1Y100         FDCE                                         f  u_uart/div_count_reg[3]/CLR
  -------------------------------------------------------------------    -------------------

                         (clock sys_clk_pin rise edge)
                                                     10.000    10.000 r  <hidden>
    E3                                                0.000    10.000 r  clk100mhz
                         net (fo=0)                   0.000    10.000    clk100mhz
    E3                   IBUF (Prop_ibuf_I_O)         1.411    11.411 r  clk100mhz_IBUF_inst/O
                         net (fo=1, routed)           1.920    13.331    clk100mhz_IBUF
    BUFGCTRL_X0Y16       BUFG (Prop_bufg_I_O)         0.091    13.422 r  clk100mhz_IBUF_BUFG_inst/O
                         net (fo=4116, routed)        1.590    15.012    u_uart/clk100mhz_IBUF_BUFG
    SLICE_X1Y100         FDCE                                         r  u_uart/div_count_reg[3]/C
                         clock pessimism              0.180    15.192    <hidden>
                         clock uncertainty           -0.035    15.157    <hidden>
    SLICE_X1Y100         FDCE (Recov_fdce_C_CLR)     -0.405    14.752    u_uart/div_count_reg[3]
  -------------------------------------------------------------------
                         required time                         14.752    <hidden>
                         arrival time                         -12.274    <hidden>
  -------------------------------------------------------------------
                         slack                                  2.477    <hidden>





--------------------------------------------------------------------------------------
Path Group:  (none)
From Clock:  sys_clk_pin
  To Clock:  

Max Delay             5 Endpoints
Min Delay             0 Endpoints
--------------------------------------------------------------------------------------


Max Delay Paths
--------------------------------------------------------------------------------------
Slack:                    inf
  Source:                 u_uart/tx_o_reg/C
                            (rising edge-triggered cell FDPE clocked by sys_clk_pin  {rise@0.000ns fall@5.000ns period=10.000ns})
  Destination:            uart_tx_o
                            (output port)
  Path Group:             (none)
  Path Type:              Max at Slow Process Corner
  Data Path Delay:        9.043ns  (logic 4.011ns (44.356%)  route 5.032ns (55.644%))
  Logic Levels:           1  (OBUF=1)
  Clock Uncertainty:      0.025ns  ((TSJ^2 + TIJ^2)^1/2 + DJ) / 2 + PE
    Total System Jitter     (TSJ):    0.050ns
    Total Input Jitter      (TIJ):    0.000ns
    Discrete Jitter          (DJ):    0.000ns
    Phase Error              (PE):    0.000ns

    Location             Delay type                Incr(ns)  Path(ns)    Netlist Resource(s)
  -------------------------------------------------------------------    -------------------
                         (clock sys_clk_pin rise edge)
                                                      0.000     0.000 r  <hidden>
    E3                                                0.000     0.000 r  clk100mhz
                         net (fo=0)                   0.000     0.000    clk100mhz
    E3                   IBUF (Prop_ibuf_I_O)         1.482     1.482 r  clk100mhz_IBUF_inst/O
                         net (fo=1, routed)           2.025     3.506    clk100mhz_IBUF
    BUFGCTRL_X0Y16       BUFG (Prop_bufg_I_O)         0.096     3.602 r  clk100mhz_IBUF_BUFG_inst/O
                         net (fo=4116, routed)        1.710     5.312    u_uart/clk100mhz_IBUF_BUFG
    SLICE_X3Y100         FDPE                                         r  u_uart/tx_o_reg/C
  -------------------------------------------------------------------    -------------------
    SLICE_X3Y100         FDPE (Prop_fdpe_C_Q)         0.456     5.768 r  u_uart/tx_o_reg/Q
                         net (fo=1, routed)           5.032    10.800    uart_tx_o_OBUF
    D4                   OBUF (Prop_obuf_I_O)         3.555    14.356 r  uart_tx_o_OBUF_inst/O
                         net (fo=0)                   0.000    14.356    uart_tx_o
    D4                                                                r  uart_tx_o
  -------------------------------------------------------------------    -------------------

Slack:                    inf
  Source:                 state_reg[1]/C
                            (rising edge-triggered cell FDRE clocked by sys_clk_pin  {rise@0.000ns fall@5.000ns period=10.000ns})
  Destination:            led[0]
                            (output port)
  Path Group:             (none)
  Path Type:              Max at Slow Process Corner
  Data Path Delay:        8.824ns  (logic 4.330ns (49.077%)  route 4.493ns (50.923%))
  Logic Levels:           2  (LUT4=1 OBUF=1)
  Clock Uncertainty:      0.025ns  ((TSJ^2 + TIJ^2)^1/2 + DJ) / 2 + PE
    Total System Jitter     (TSJ):    0.050ns
    Total Input Jitter      (TIJ):    0.000ns
    Discrete Jitter          (DJ):    0.000ns
    Phase Error              (PE):    0.000ns

    Location             Delay type                Incr(ns)  Path(ns)    Netlist Resource(s)
  -------------------------------------------------------------------    -------------------
                         (clock sys_clk_pin rise edge)
                                                      0.000     0.000 r  <hidden>
    E3                                                0.000     0.000 r  clk100mhz
                         net (fo=0)                   0.000     0.000    clk100mhz
    E3                   IBUF (Prop_ibuf_I_O)         1.482     1.482 r  clk100mhz_IBUF_inst/O
                         net (fo=1, routed)           2.025     3.506    clk100mhz_IBUF
    BUFGCTRL_X0Y16       BUFG (Prop_bufg_I_O)         0.096     3.602 r  clk100mhz_IBUF_BUFG_inst/O
                         net (fo=4116, routed)        1.639     5.242    clk100mhz_IBUF_BUFG
    SLICE_X13Y84         FDRE                                         r  state_reg[1]/C
  -------------------------------------------------------------------    -------------------
    SLICE_X13Y84         FDRE (Prop_fdre_C_Q)         0.456     5.698 r  state_reg[1]/Q
                         net (fo=114, routed)         1.690     7.388    state_reg_n_0_[1]
    SLICE_X11Y85         LUT4 (Prop_lut4_I1_O)        0.152     7.540 r  led_OBUF[0]_inst_i_1/O
                         net (fo=1, routed)           2.803    10.343    led_OBUF[0]
    H17                  OBUF (Prop_obuf_I_O)         3.722    14.065 r  led_OBUF[0]_inst/O
                         net (fo=0)                   0.000    14.065    led[0]
    H17                                                               r  led[0]
  -------------------------------------------------------------------    -------------------

Slack:                    inf
  Source:                 state_reg[0]/C
                            (rising edge-triggered cell FDRE clocked by sys_clk_pin  {rise@0.000ns fall@5.000ns period=10.000ns})
  Destination:            led[2]
                            (output port)
  Path Group:             (none)
  Path Type:              Max at Slow Process Corner
  Data Path Delay:        8.667ns  (logic 4.195ns (48.397%)  route 4.472ns (51.603%))
  Logic Levels:           2  (LUT4=1 OBUF=1)
  Clock Uncertainty:      0.025ns  ((TSJ^2 + TIJ^2)^1/2 + DJ) / 2 + PE
    Total System Jitter     (TSJ):    0.050ns
    Total Input Jitter      (TIJ):    0.000ns
    Discrete Jitter          (DJ):    0.000ns
    Phase Error              (PE):    0.000ns

    Location             Delay type                Incr(ns)  Path(ns)    Netlist Resource(s)
  -------------------------------------------------------------------    -------------------
                         (clock sys_clk_pin rise edge)
                                                      0.000     0.000 r  <hidden>
    E3                                                0.000     0.000 r  clk100mhz
                         net (fo=0)                   0.000     0.000    clk100mhz
    E3                   IBUF (Prop_ibuf_I_O)         1.482     1.482 r  clk100mhz_IBUF_inst/O
                         net (fo=1, routed)           2.025     3.506    clk100mhz_IBUF
    BUFGCTRL_X0Y16       BUFG (Prop_bufg_I_O)         0.096     3.602 r  clk100mhz_IBUF_BUFG_inst/O
                         net (fo=4116, routed)        1.641     5.244    clk100mhz_IBUF_BUFG
    SLICE_X12Y86         FDRE                                         r  state_reg[0]/C
  -------------------------------------------------------------------    -------------------
    SLICE_X12Y86         FDRE (Prop_fdre_C_Q)         0.518     5.762 r  state_reg[0]/Q
                         net (fo=78, routed)          1.764     7.526    u_uart/Q[0]
    SLICE_X9Y94          LUT4 (Prop_lut4_I1_O)        0.124     7.650 r  u_uart/led_OBUF[2]_inst_i_1/O
                         net (fo=2, routed)           2.708    10.358    led_OBUF[2]
    J13                  OBUF (Prop_obuf_I_O)         3.553    13.911 r  led_OBUF[2]_inst/O
                         net (fo=0)                   0.000    13.911    led[2]
    J13                                                               r  led[2]
  -------------------------------------------------------------------    -------------------

Slack:                    inf
  Source:                 state_reg[0]/C
                            (rising edge-triggered cell FDRE clocked by sys_clk_pin  {rise@0.000ns fall@5.000ns period=10.000ns})
  Destination:            led[1]
                            (output port)
  Path Group:             (none)
  Path Type:              Max at Slow Process Corner
  Data Path Delay:        8.567ns  (logic 4.177ns (48.761%)  route 4.389ns (51.239%))
  Logic Levels:           2  (LUT4=1 OBUF=1)
  Clock Uncertainty:      0.025ns  ((TSJ^2 + TIJ^2)^1/2 + DJ) / 2 + PE
    Total System Jitter     (TSJ):    0.050ns
    Total Input Jitter      (TIJ):    0.000ns
    Discrete Jitter          (DJ):    0.000ns
    Phase Error              (PE):    0.000ns

    Location             Delay type                Incr(ns)  Path(ns)    Netlist Resource(s)
  -------------------------------------------------------------------    -------------------
                         (clock sys_clk_pin rise edge)
                                                      0.000     0.000 r  <hidden>
    E3                                                0.000     0.000 r  clk100mhz
                         net (fo=0)                   0.000     0.000    clk100mhz
    E3                   IBUF (Prop_ibuf_I_O)         1.482     1.482 r  clk100mhz_IBUF_inst/O
                         net (fo=1, routed)           2.025     3.506    clk100mhz_IBUF
    BUFGCTRL_X0Y16       BUFG (Prop_bufg_I_O)         0.096     3.602 r  clk100mhz_IBUF_BUFG_inst/O
                         net (fo=4116, routed)        1.641     5.244    clk100mhz_IBUF_BUFG
    SLICE_X12Y86         FDRE                                         r  state_reg[0]/C
  -------------------------------------------------------------------    -------------------
    SLICE_X12Y86         FDRE (Prop_fdre_C_Q)         0.518     5.762 f  state_reg[0]/Q
                         net (fo=78, routed)          1.855     7.616    state_reg_n_0_[0]
    SLICE_X12Y89         LUT4 (Prop_lut4_I3_O)        0.124     7.740 r  led_OBUF[1]_inst_i_1/O
                         net (fo=1, routed)           2.535    10.275    led_OBUF[1]
    K15                  OBUF (Prop_obuf_I_O)         3.535    13.810 r  led_OBUF[1]_inst/O
                         net (fo=0)                   0.000    13.810    led[1]
    K15                                                               r  led[1]
  -------------------------------------------------------------------    -------------------

Slack:                    inf
  Source:                 error_flag_reg/C
                            (rising edge-triggered cell FDRE clocked by sys_clk_pin  {rise@0.000ns fall@5.000ns period=10.000ns})
  Destination:            led[3]
                            (output port)
  Path Group:             (none)
  Path Type:              Max at Slow Process Corner
  Data Path Delay:        7.005ns  (logic 4.007ns (57.191%)  route 2.999ns (42.809%))
  Logic Levels:           1  (OBUF=1)
  Clock Uncertainty:      0.025ns  ((TSJ^2 + TIJ^2)^1/2 + DJ) / 2 + PE
    Total System Jitter     (TSJ):    0.050ns
    Total Input Jitter      (TIJ):    0.000ns
    Discrete Jitter          (DJ):    0.000ns
    Phase Error              (PE):    0.000ns

    Location             Delay type                Incr(ns)  Path(ns)    Netlist Resource(s)
  -------------------------------------------------------------------    -------------------
                         (clock sys_clk_pin rise edge)
                                                      0.000     0.000 r  <hidden>
    E3                                                0.000     0.000 r  clk100mhz
                         net (fo=0)                   0.000     0.000    clk100mhz
    E3                   IBUF (Prop_ibuf_I_O)         1.482     1.482 r  clk100mhz_IBUF_inst/O
                         net (fo=1, routed)           2.025     3.506    clk100mhz_IBUF
    BUFGCTRL_X0Y16       BUFG (Prop_bufg_I_O)         0.096     3.602 r  clk100mhz_IBUF_BUFG_inst/O
                         net (fo=4116, routed)        1.625     5.227    clk100mhz_IBUF_BUFG
    SLICE_X13Y113        FDRE                                         r  error_flag_reg/C
  -------------------------------------------------------------------    -------------------
    SLICE_X13Y113        FDRE (Prop_fdre_C_Q)         0.456     5.683 r  error_flag_reg/Q
                         net (fo=3, routed)           2.999     8.682    led_OBUF[3]
    N14                  OBUF (Prop_obuf_I_O)         3.551    12.233 r  led_OBUF[3]_inst/O
                         net (fo=0)                   0.000    12.233    led[3]
    N14                                                               r  led[3]
  -------------------------------------------------------------------    -------------------





--------------------------------------------------------------------------------------
Path Group:  (none)
From Clock:  
  To Clock:  sys_clk_pin

Max Delay             6 Endpoints
Min Delay             0 Endpoints
--------------------------------------------------------------------------------------


Max Delay Paths
--------------------------------------------------------------------------------------
Slack:                    inf
  Source:                 cpu_resetn
                            (input port)
  Destination:            reset_pipe_reg[0]/CLR
                            (recovery check against rising-edge clock sys_clk_pin  {rise@0.000ns fall@5.000ns period=10.000ns})
  Path Group:             (none)
  Path Type:              Recovery (Max at Slow Process Corner)
  Data Path Delay:        5.383ns  (logic 1.631ns (30.298%)  route 3.752ns (69.702%))
  Logic Levels:           2  (IBUF=1 LUT1=1)
  Clock Path Skew:        4.947ns (DCD - SCD + CPR)
    Destination Clock Delay (DCD):    4.947ns
    Source Clock Delay      (SCD):    0.000ns
    Clock Pessimism Removal (CPR):    0.000ns
  Clock Uncertainty:      0.025ns  ((TSJ^2 + TIJ^2)^1/2 + DJ) / 2 + PE
    Total System Jitter     (TSJ):    0.050ns
    Total Input Jitter      (TIJ):    0.000ns
    Discrete Jitter          (DJ):    0.000ns
    Phase Error              (PE):    0.000ns

    Location             Delay type                Incr(ns)  Path(ns)    Netlist Resource(s)
  -------------------------------------------------------------------    -------------------
    C12                                               0.000     0.000 r  cpu_resetn
                         net (fo=0)                   0.000     0.000    cpu_resetn
    C12                  IBUF (Prop_ibuf_I_O)         1.507     1.507 r  cpu_resetn_IBUF_inst/O
                         net (fo=1, routed)           3.183     4.690    cpu_resetn_IBUF
    SLICE_X15Y95         LUT1 (Prop_lut1_I0_O)        0.124     4.814 f  reset_pipe[1]_i_1/O
                         net (fo=2, routed)           0.569     5.383    reset_pipe[1]_i_1_n_0
    SLICE_X15Y95         FDCE                                         f  reset_pipe_reg[0]/CLR
  -------------------------------------------------------------------    -------------------

                         (clock sys_clk_pin rise edge)
                                                      0.000     0.000 r  <hidden>
    E3                                                0.000     0.000 r  clk100mhz
                         net (fo=0)                   0.000     0.000    clk100mhz
    E3                   IBUF (Prop_ibuf_I_O)         1.411     1.411 r  clk100mhz_IBUF_inst/O
                         net (fo=1, routed)           1.920     3.331    clk100mhz_IBUF
    BUFGCTRL_X0Y16       BUFG (Prop_bufg_I_O)         0.091     3.422 r  clk100mhz_IBUF_BUFG_inst/O
                         net (fo=4116, routed)        1.524     4.947    clk100mhz_IBUF_BUFG
    SLICE_X15Y95         FDCE                                         r  reset_pipe_reg[0]/C

Slack:                    inf
  Source:                 cpu_resetn
                            (input port)
  Destination:            reset_pipe_reg[1]/CLR
                            (recovery check against rising-edge clock sys_clk_pin  {rise@0.000ns fall@5.000ns period=10.000ns})
  Path Group:             (none)
  Path Type:              Recovery (Max at Slow Process Corner)
  Data Path Delay:        5.383ns  (logic 1.631ns (30.298%)  route 3.752ns (69.702%))
  Logic Levels:           2  (IBUF=1 LUT1=1)
  Clock Path Skew:        4.947ns (DCD - SCD + CPR)
    Destination Clock Delay (DCD):    4.947ns
    Source Clock Delay      (SCD):    0.000ns
    Clock Pessimism Removal (CPR):    0.000ns
  Clock Uncertainty:      0.025ns  ((TSJ^2 + TIJ^2)^1/2 + DJ) / 2 + PE
    Total System Jitter     (TSJ):    0.050ns
    Total Input Jitter      (TIJ):    0.000ns
    Discrete Jitter          (DJ):    0.000ns
    Phase Error              (PE):    0.000ns

    Location             Delay type                Incr(ns)  Path(ns)    Netlist Resource(s)
  -------------------------------------------------------------------    -------------------
    C12                                               0.000     0.000 r  cpu_resetn
                         net (fo=0)                   0.000     0.000    cpu_resetn
    C12                  IBUF (Prop_ibuf_I_O)         1.507     1.507 r  cpu_resetn_IBUF_inst/O
                         net (fo=1, routed)           3.183     4.690    cpu_resetn_IBUF
    SLICE_X15Y95         LUT1 (Prop_lut1_I0_O)        0.124     4.814 f  reset_pipe[1]_i_1/O
                         net (fo=2, routed)           0.569     5.383    reset_pipe[1]_i_1_n_0
    SLICE_X15Y95         FDCE                                         f  reset_pipe_reg[1]/CLR
  -------------------------------------------------------------------    -------------------

                         (clock sys_clk_pin rise edge)
                                                      0.000     0.000 r  <hidden>
    E3                                                0.000     0.000 r  clk100mhz
                         net (fo=0)                   0.000     0.000    clk100mhz
    E3                   IBUF (Prop_ibuf_I_O)         1.411     1.411 r  clk100mhz_IBUF_inst/O
                         net (fo=1, routed)           1.920     3.331    clk100mhz_IBUF
    BUFGCTRL_X0Y16       BUFG (Prop_bufg_I_O)         0.091     3.422 r  clk100mhz_IBUF_BUFG_inst/O
                         net (fo=4116, routed)        1.524     4.947    clk100mhz_IBUF_BUFG
    SLICE_X15Y95         FDCE                                         r  reset_pipe_reg[1]/C

Slack:                    inf
  Source:                 test_sel[2]
                            (input port)
  Destination:            selected_test_reg[2]/D
                            (rising edge-triggered cell FDRE clocked by sys_clk_pin  {rise@0.000ns fall@5.000ns period=10.000ns})
  Path Group:             (none)
  Path Type:              Setup (Max at Slow Process Corner)
  Data Path Delay:        3.245ns  (logic 1.635ns (50.388%)  route 1.610ns (49.612%))
  Logic Levels:           2  (IBUF=1 LUT4=1)
  Clock Path Skew:        4.945ns (DCD - SCD + CPR)
    Destination Clock Delay (DCD):    4.945ns
    Source Clock Delay      (SCD):    0.000ns
    Clock Pessimism Removal (CPR):    0.000ns
  Clock Uncertainty:      0.025ns  ((TSJ^2 + TIJ^2)^1/2 + DJ) / 2 + PE
    Total System Jitter     (TSJ):    0.050ns
    Total Input Jitter      (TIJ):    0.000ns
    Discrete Jitter          (DJ):    0.000ns
    Phase Error              (PE):    0.000ns

    Location             Delay type                Incr(ns)  Path(ns)    Netlist Resource(s)
  -------------------------------------------------------------------    -------------------
    M13                                               0.000     0.000 r  test_sel[2]
                         net (fo=0)                   0.000     0.000    test_sel[2]
    M13                  IBUF (Prop_ibuf_I_O)         1.485     1.485 r  test_sel_IBUF[2]_inst/O
                         net (fo=3, routed)           1.610     3.095    test_sel_IBUF[2]
    SLICE_X8Y90          LUT4 (Prop_lut4_I1_O)        0.150     3.245 r  selected_test[2]_i_1/O
                         net (fo=1, routed)           0.000     3.245    selected_test[2]_i_1_n_0
    SLICE_X8Y90          FDRE                                         r  selected_test_reg[2]/D
  -------------------------------------------------------------------    -------------------

                         (clock sys_clk_pin rise edge)
                                                      0.000     0.000 r  <hidden>
    E3                                                0.000     0.000 r  clk100mhz
                         net (fo=0)                   0.000     0.000    clk100mhz
    E3                   IBUF (Prop_ibuf_I_O)         1.411     1.411 r  clk100mhz_IBUF_inst/O
                         net (fo=1, routed)           1.920     3.331    clk100mhz_IBUF
    BUFGCTRL_X0Y16       BUFG (Prop_bufg_I_O)         0.091     3.422 r  clk100mhz_IBUF_BUFG_inst/O
                         net (fo=4116, routed)        1.522     4.945    clk100mhz_IBUF_BUFG
    SLICE_X8Y90          FDRE                                         r  selected_test_reg[2]/C

Slack:                    inf
  Source:                 test_sel[2]
                            (input port)
  Destination:            selected_test_reg[1]/D
                            (rising edge-triggered cell FDRE clocked by sys_clk_pin  {rise@0.000ns fall@5.000ns period=10.000ns})
  Path Group:             (none)
  Path Type:              Setup (Max at Slow Process Corner)
  Data Path Delay:        3.219ns  (logic 1.609ns (49.987%)  route 1.610ns (50.013%))
  Logic Levels:           2  (IBUF=1 LUT4=1)
  Clock Path Skew:        4.945ns (DCD - SCD + CPR)
    Destination Clock Delay (DCD):    4.945ns
    Source Clock Delay      (SCD):    0.000ns
    Clock Pessimism Removal (CPR):    0.000ns
  Clock Uncertainty:      0.025ns  ((TSJ^2 + TIJ^2)^1/2 + DJ) / 2 + PE
    Total System Jitter     (TSJ):    0.050ns
    Total Input Jitter      (TIJ):    0.000ns
    Discrete Jitter          (DJ):    0.000ns
    Phase Error              (PE):    0.000ns

    Location             Delay type                Incr(ns)  Path(ns)    Netlist Resource(s)
  -------------------------------------------------------------------    -------------------
    M13                                               0.000     0.000 f  test_sel[2]
                         net (fo=0)                   0.000     0.000    test_sel[2]
    M13                  IBUF (Prop_ibuf_I_O)         1.485     1.485 f  test_sel_IBUF[2]_inst/O
                         net (fo=3, routed)           1.610     3.095    test_sel_IBUF[2]
    SLICE_X8Y90          LUT4 (Prop_lut4_I1_O)        0.124     3.219 r  selected_test[1]_i_1/O
                         net (fo=1, routed)           0.000     3.219    selected_test[1]_i_1_n_0
    SLICE_X8Y90          FDRE                                         r  selected_test_reg[1]/D
  -------------------------------------------------------------------    -------------------

                         (clock sys_clk_pin rise edge)
                                                      0.000     0.000 r  <hidden>
    E3                                                0.000     0.000 r  clk100mhz
                         net (fo=0)                   0.000     0.000    clk100mhz
    E3                   IBUF (Prop_ibuf_I_O)         1.411     1.411 r  clk100mhz_IBUF_inst/O
                         net (fo=1, routed)           1.920     3.331    clk100mhz_IBUF
    BUFGCTRL_X0Y16       BUFG (Prop_bufg_I_O)         0.091     3.422 r  clk100mhz_IBUF_BUFG_inst/O
                         net (fo=4116, routed)        1.522     4.945    clk100mhz_IBUF_BUFG
    SLICE_X8Y90          FDRE                                         r  selected_test_reg[1]/C

Slack:                    inf
  Source:                 test_sel[1]
                            (input port)
  Destination:            selected_test_reg[0]/D
                            (rising edge-triggered cell FDRE clocked by sys_clk_pin  {rise@0.000ns fall@5.000ns period=10.000ns})
  Path Group:             (none)
  Path Type:              Setup (Max at Slow Process Corner)
  Data Path Delay:        3.151ns  (logic 1.604ns (50.889%)  route 1.548ns (49.111%))
  Logic Levels:           2  (IBUF=1 LUT5=1)
  Clock Path Skew:        4.945ns (DCD - SCD + CPR)
    Destination Clock Delay (DCD):    4.945ns
    Source Clock Delay      (SCD):    0.000ns
    Clock Pessimism Removal (CPR):    0.000ns
  Clock Uncertainty:      0.025ns  ((TSJ^2 + TIJ^2)^1/2 + DJ) / 2 + PE
    Total System Jitter     (TSJ):    0.050ns
    Total Input Jitter      (TIJ):    0.000ns
    Discrete Jitter          (DJ):    0.000ns
    Phase Error              (PE):    0.000ns

    Location             Delay type                Incr(ns)  Path(ns)    Netlist Resource(s)
  -------------------------------------------------------------------    -------------------
    L16                                               0.000     0.000 r  test_sel[1]
                         net (fo=0)                   0.000     0.000    test_sel[1]
    L16                  IBUF (Prop_ibuf_I_O)         1.480     1.480 r  test_sel_IBUF[1]_inst/O
                         net (fo=3, routed)           1.548     3.027    test_sel_IBUF[1]
    SLICE_X8Y90          LUT5 (Prop_lut5_I1_O)        0.124     3.151 r  selected_test[0]_i_1/O
                         net (fo=1, routed)           0.000     3.151    selected_test[0]_i_1_n_0
    SLICE_X8Y90          FDRE                                         r  selected_test_reg[0]/D
  -------------------------------------------------------------------    -------------------

                         (clock sys_clk_pin rise edge)
                                                      0.000     0.000 r  <hidden>
    E3                                                0.000     0.000 r  clk100mhz
                         net (fo=0)                   0.000     0.000    clk100mhz
    E3                   IBUF (Prop_ibuf_I_O)         1.411     1.411 r  clk100mhz_IBUF_inst/O
                         net (fo=1, routed)           1.920     3.331    clk100mhz_IBUF
    BUFGCTRL_X0Y16       BUFG (Prop_bufg_I_O)         0.091     3.422 r  clk100mhz_IBUF_BUFG_inst/O
                         net (fo=4116, routed)        1.522     4.945    clk100mhz_IBUF_BUFG
    SLICE_X8Y90          FDRE                                         r  selected_test_reg[0]/C

Slack:                    inf
  Source:                 start_btn
                            (input port)
  Destination:            start_pipe_reg[0]/D
                            (rising edge-triggered cell FDRE clocked by sys_clk_pin  {rise@0.000ns fall@5.000ns period=10.000ns})
  Path Group:             (none)
  Path Type:              Setup (Max at Slow Process Corner)
  Data Path Delay:        2.538ns  (logic 1.477ns (58.175%)  route 1.062ns (41.825%))
  Logic Levels:           1  (IBUF=1)
  Clock Path Skew:        5.020ns (DCD - SCD + CPR)
    Destination Clock Delay (DCD):    5.020ns
    Source Clock Delay      (SCD):    0.000ns
    Clock Pessimism Removal (CPR):    0.000ns
  Clock Uncertainty:      0.025ns  ((TSJ^2 + TIJ^2)^1/2 + DJ) / 2 + PE
    Total System Jitter     (TSJ):    0.050ns
    Total Input Jitter      (TIJ):    0.000ns
    Discrete Jitter          (DJ):    0.000ns
    Phase Error              (PE):    0.000ns

    Location             Delay type                Incr(ns)  Path(ns)    Netlist Resource(s)
  -------------------------------------------------------------------    -------------------
    N17                                               0.000     0.000 r  start_btn
                         net (fo=0)                   0.000     0.000    start_btn
    N17                  IBUF (Prop_ibuf_I_O)         1.477     1.477 r  start_btn_IBUF_inst/O
                         net (fo=1, routed)           1.062     2.538    start_btn_IBUF
    SLICE_X4Y84          FDRE                                         r  start_pipe_reg[0]/D
  -------------------------------------------------------------------    -------------------

                         (clock sys_clk_pin rise edge)
                                                      0.000     0.000 r  <hidden>
    E3                                                0.000     0.000 r  clk100mhz
                         net (fo=0)                   0.000     0.000    clk100mhz
    E3                   IBUF (Prop_ibuf_I_O)         1.411     1.411 r  clk100mhz_IBUF_inst/O
                         net (fo=1, routed)           1.920     3.331    clk100mhz_IBUF
    BUFGCTRL_X0Y16       BUFG (Prop_bufg_I_O)         0.091     3.422 r  clk100mhz_IBUF_BUFG_inst/O
                         net (fo=4116, routed)        1.597     5.020    clk100mhz_IBUF_BUFG
    SLICE_X4Y84          FDRE                                         r  start_pipe_reg[0]/C





