image,block_size,bins,bx,by,pixels,nonzero,selected_bin,high,exact_high,signed_high_error,absolute_high_error,low,exact_low
black,32,8,0,0,1024,0,0,0,0,0,0,0,0
black,32,8,1,0,1024,0,0,0,0,0,0,0,0
black,32,8,2,0,1024,0,0,0,0,0,0,0,0
black,32,8,3,0,1024,0,0,0,0,0,0,0,0
black,32,8,4,0,1024,0,0,0,0,0,0,0,0
black,32,8,5,0,1024,0,0,0,0,0,0,0,0
black,32,8,6,0,1024,0,0,0,0,0,0,0,0
black,32,8,7,0,1024,0,0,0,0,0,0,0,0
black,32,8,8,0,1024,0,0,0,0,0,0,0,0
black,32,8,9,0,1024,0,0,0,0,0,0,0,0
black,32,8,10,0,1024,0,0,0,0,0,0,0,0
black,32,8,11,0,1024,0,0,0,0,0,0,0,0
black,32,8,12,0,1024,0,0,0,0,0,0,0,0
black,32,8,13,0,1024,0,0,0,0,0,0,0,0
black,32,8,14,0,1024,0,0,0,0,0,0,0,0
black,32,8,15,0,1024,0,0,0,0,0,0,0,0
black,32,8,16,0,1024,0,0,0,0,0,0,0,0
black,32,8,17,0,1024,0,0,0,0,0,0,0,0
black,32,8,18,0,1024,0,0,0,0,0,0,0,0
black,32,8,19,0,1024,0,0,0,0,0,0,0,0
black,32,8,0,1,1024,0,0,0,0,0,0,0,0
black,32,8,1,1,1024,0,0,0,0,0,0,0,0
black,32,8,2,1,1024,0,0,0,0,0,0,0,0
black,32,8,3,1,1024,0,0,0,0,0,0,0,0
black,32,8,4,1,1024,0,0,0,0,0,0,0,0
black,32,8,5,1,1024,0,0,0,0,0,0,0,0
black,32,8,6,1,1024,0,0,0,0,0,0,0,0
black,32,8,7,1,1024,0,0,0,0,0,0,0,0
black,32,8,8,1,1024,0,0,0,0,0,0,0,0
black,32,8,9,1,1024,0,0,0,0,0,0,0,0
black,32,8,10,1,1024,0,0,0,0,0,0,0,0
black,32,8,11,1,1024,0,0,0,0,0,0,0,0
black,32,8,12,1,1024,0,0,0,0,0,0,0,0
black,32,8,13,1,1024,0,0,0,0,0,0,0,0
black,32,8,14,1,1024,0,0,0,0,0,0,0,0
black,32,8,15,1,1024,0,0,0,0,0,0,0,0
black,32,8,16,1,1024,0,0,0,0,0,0,0,0
black,32,8,17,1,1024,0,0,0,0,0,0,0,0
black,32,8,18,1,1024,0,0,0,0,0,0,0,0
black,32,8,19,1,1024,0,0,0,0,0,0,0,0
black,32,8,0,2,1024,0,0,0,0,0,0,0,0
black,32,8,1,2,1024,0,0,0,0,0,0,0,0
black,32,8,2,2,1024,0,0,0,0,0,0,0,0
black,32,8,3,2,1024,0,0,0,0,0,0,0,0
black,32,8,4,2,1024,0,0,0,0,0,0,0,0
black,32,8,5,2,1024,0,0,0,0,0,0,0,0
black,32,8,6,2,1024,0,0,0,0,0,0,0,0
black,32,8,7,2,1024,0,0,0,0,0,0,0,0
black,32,8,8,2,1024,0,0,0,0,0,0,0,0
black,32,8,9,2,1024,0,0,0,0,0,0,0,0
black,32,8,10,2,1024,0,0,0,0,0,0,0,0
black,32,8,11,2,1024,0,0,0,0,0,0,0,0
black,32,8,12,2,1024,0,0,0,0,0,0,0,0
black,32,8,13,2,1024,0,0,0,0,0,0,0,0
black,32,8,14,2,1024,0,0,0,0,0,0,0,0
black,32,8,15,2,1024,0,0,0,0,0,0,0,0
black,32,8,16,2,1024,0,0,0,0,0,0,0,0
black,32,8,17,2,1024,0,0,0,0,0,0,0,0
black,32,8,18,2,1024,0,0,0,0,0,0,0,0
black,32,8,19,2,1024,0,0,0,0,0,0,0,0
black,32,8,0,3,1024,0,0,0,0,0,0,0,0
black,32,8,1,3,1024,0,0,0,0,0,0,0,0
black,32,8,2,3,1024,0,0,0,0,0,0,0,0
black,32,8,3,3,1024,0,0,0,0,0,0,0,0
black,32,8,4,3,1024,0,0,0,0,0,0,0,0
black,32,8,5,3,1024,0,0,0,0,0,0,0,0
black,32,8,6,3,1024,0,0,0,0,0,0,0,0
black,32,8,7,3,1024,0,0,0,0,0,0,0,0
black,32,8,8,3,1024,0,0,0,0,0,0,0,0
black,32,8,9,3,1024,0,0,0,0,0,0,0,0
black,32,8,10,3,1024,0,0,0,0,0,0,0,0
black,32,8,11,3,1024,0,0,0,0,0,0,0,0
black,32,8,12,3,1024,0,0,0,0,0,0,0,0
black,32,8,13,3,1024,0,0,0,0,0,0,0,0
black,32,8,14,3,1024,0,0,0,0,0,0,0,0
black,32,8,15,3,1024,0,0,0,0,0,0,0,0
black,32,8,16,3,1024,0,0,0,0,0,0,0,0
black,32,8,17,3,1024,0,0,0,0,0,0,0,0
black,32,8,18,3,1024,0,0,0,0,0,0,0,0
black,32,8,19,3,1024,0,0,0,0,0,0,0,0
black,32,8,0,4,1024,0,0,0,0,0,0,0,0
black,32,8,1,4,1024,0,0,0,0,0,0,0,0
black,32,8,2,4,1024,0,0,0,0,0,0,0,0
black,32,8,3,4,1024,0,0,0,0,0,0,0,0
black,32,8,4,4,1024,0,0,0,0,0,0,0,0
black,32,8,5,4,1024,0,0,0,0,0,0,0,0
black,32,8,6,4,1024,0,0,0,0,0,0,0,0
black,32,8,7,4,1024,0,0,0,0,0,0,0,0
black,32,8,8,4,1024,0,0,0,0,0,0,0,0
black,32,8,9,4,1024,0,0,0,0,0,0,0,0
black,32,8,10,4,1024,0,0,0,0,0,0,0,0
black,32,8,11,4,1024,0,0,0,0,0,0,0,0
black,32,8,12,4,1024,0,0,0,0,0,0,0,0
black,32,8,13,4,1024,0,0,0,0,0,0,0,0
black,32,8,14,4,1024,0,0,0,0,0,0,0,0
black,32,8,15,4,1024,0,0,0,0,0,0,0,0
black,32,8,16,4,1024,0,0,0,0,0,0,0,0
black,32,8,17,4,1024,0,0,0,0,0,0,0,0
black,32,8,18,4,1024,0,0,0,0,0,0,0,0
black,32,8,19,4,1024,0,0,0,0,0,0,0,0
black,32,8,0,5,1024,0,0,0,0,0,0,0,0
black,32,8,1,5,1024,0,0,0,0,0,0,0,0
black,32,8,2,5,1024,0,0,0,0,0,0,0,0
black,32,8,3,5,1024,0,0,0,0,0,0,0,0
black,32,8,4,5,1024,0,0,0,0,0,0,0,0
black,32,8,5,5,1024,0,0,0,0,0,0,0,0
black,32,8,6,5,1024,0,0,0,0,0,0,0,0
black,32,8,7,5,1024,0,0,0,0,0,0,0,0
black,32,8,8,5,1024,0,0,0,0,0,0,0,0
black,32,8,9,5,1024,0,0,0,0,0,0,0,0
black,32,8,10,5,1024,0,0,0,0,0,0,0,0
black,32,8,11,5,1024,0,0,0,0,0,0,0,0
black,32,8,12,5,1024,0,0,0,0,0,0,0,0
black,32,8,13,5,1024,0,0,0,0,0,0,0,0
black,32,8,14,5,1024,0,0,0,0,0,0,0,0
black,32,8,15,5,1024,0,0,0,0,0,0,0,0
black,32,8,16,5,1024,0,0,0,0,0,0,0,0
black,32,8,17,5,1024,0,0,0,0,0,0,0,0
black,32,8,18,5,1024,0,0,0,0,0,0,0,0
black,32,8,19,5,1024,0,0,0,0,0,0,0,0
black,32,8,0,6,1024,0,0,0,0,0,0,0,0
black,32,8,1,6,1024,0,0,0,0,0,0,0,0
black,32,8,2,6,1024,0,0,0,0,0,0,0,0
black,32,8,3,6,1024,0,0,0,0,0,0,0,0
black,32,8,4,6,1024,0,0,0,0,0,0,0,0
black,32,8,5,6,1024,0,0,0,0,0,0,0,0
black,32,8,6,6,1024,0,0,0,0,0,0,0,0
black,32,8,7,6,1024,0,0,0,0,0,0,0,0
black,32,8,8,6,1024,0,0,0,0,0,0,0,0
black,32,8,9,6,1024,0,0,0,0,0,0,0,0
black,32,8,10,6,1024,0,0,0,0,0,0,0,0
black,32,8,11,6,1024,0,0,0,0,0,0,0,0
black,32,8,12,6,1024,0,0,0,0,0,0,0,0
black,32,8,13,6,1024,0,0,0,0,0,0,0,0
black,32,8,14,6,1024,0,0,0,0,0,0,0,0
black,32,8,15,6,1024,0,0,0,0,0,0,0,0
black,32,8,16,6,1024,0,0,0,0,0,0,0,0
black,32,8,17,6,1024,0,0,0,0,0,0,0,0
black,32,8,18,6,1024,0,0,0,0,0,0,0,0
black,32,8,19,6,1024,0,0,0,0,0,0,0,0
black,32,8,0,7,1024,0,0,0,0,0,0,0,0
black,32,8,1,7,1024,0,0,0,0,0,0,0,0
black,32,8,2,7,1024,0,0,0,0,0,0,0,0
black,32,8,3,7,1024,0,0,0,0,0,0,0,0
black,32,8,4,7,1024,0,0,0,0,0,0,0,0
black,32,8,5,7,1024,0,0,0,0,0,0,0,0
black,32,8,6,7,1024,0,0,0,0,0,0,0,0
black,32,8,7,7,1024,0,0,0,0,0,0,0,0
black,32,8,8,7,1024,0,0,0,0,0,0,0,0
black,32,8,9,7,1024,0,0,0,0,0,0,0,0
black,32,8,10,7,1024,0,0,0,0,0,0,0,0
black,32,8,11,7,1024,0,0,0,0,0,0,0,0
black,32,8,12,7,1024,0,0,0,0,0,0,0,0
black,32,8,13,7,1024,0,0,0,0,0,0,0,0
black,32,8,14,7,1024,0,0,0,0,0,0,0,0
black,32,8,15,7,1024,0,0,0,0,0,0,0,0
black,32,8,16,7,1024,0,0,0,0,0,0,0,0
black,32,8,17,7,1024,0,0,0,0,0,0,0,0
black,32,8,18,7,1024,0,0,0,0,0,0,0,0
black,32,8,19,7,1024,0,0,0,0,0,0,0,0
black,32,8,0,8,1024,0,0,0,0,0,0,0,0
black,32,8,1,8,1024,0,0,0,0,0,0,0,0
black,32,8,2,8,1024,0,0,0,0,0,0,0,0
black,32,8,3,8,1024,0,0,0,0,0,0,0,0
black,32,8,4,8,1024,0,0,0,0,0,0,0,0
black,32,8,5,8,1024,0,0,0,0,0,0,0,0
black,32,8,6,8,1024,0,0,0,0,0,0,0,0
black,32,8,7,8,1024,0,0,0,0,0,0,0,0
black,32,8,8,8,1024,0,0,0,0,0,0,0,0
black,32,8,9,8,1024,0,0,0,0,0,0,0,0
black,32,8,10,8,1024,0,0,0,0,0,0,0,0
black,32,8,11,8,1024,0,0,0,0,0,0,0,0
black,32,8,12,8,1024,0,0,0,0,0,0,0,0
black,32,8,13,8,1024,0,0,0,0,0,0,0,0
black,32,8,14,8,1024,0,0,0,0,0,0,0,0
black,32,8,15,8,1024,0,0,0,0,0,0,0,0
black,32,8,16,8,1024,0,0,0,0,0,0,0,0
black,32,8,17,8,1024,0,0,0,0,0,0,0,0
black,32,8,18,8,1024,0,0,0,0,0,0,0,0
black,32,8,19,8,1024,0,0,0,0,0,0,0,0
black,32,8,0,9,1024,0,0,0,0,0,0,0,0
black,32,8,1,9,1024,0,0,0,0,0,0,0,0
black,32,8,2,9,1024,0,0,0,0,0,0,0,0
black,32,8,3,9,1024,0,0,0,0,0,0,0,0
black,32,8,4,9,1024,0,0,0,0,0,0,0,0
black,32,8,5,9,1024,0,0,0,0,0,0,0,0
black,32,8,6,9,1024,0,0,0,0,0,0,0,0
black,32,8,7,9,1024,0,0,0,0,0,0,0,0
black,32,8,8,9,1024,0,0,0,0,0,0,0,0
black,32,8,9,9,1024,0,0,0,0,0,0,0,0
black,32,8,10,9,1024,0,0,0,0,0,0,0,0
black,32,8,11,9,1024,0,0,0,0,0,0,0,0
black,32,8,12,9,1024,0,0,0,0,0,0,0,0
black,32,8,13,9,1024,0,0,0,0,0,0,0,0
black,32,8,14,9,1024,0,0,0,0,0,0,0,0
black,32,8,15,9,1024,0,0,0,0,0,0,0,0
black,32,8,16,9,1024,0,0,0,0,0,0,0,0
black,32,8,17,9,1024,0,0,0,0,0,0,0,0
black,32,8,18,9,1024,0,0,0,0,0,0,0,0
black,32,8,19,9,1024,0,0,0,0,0,0,0,0
black,32,8,0,10,1024,0,0,0,0,0,0,0,0
black,32,8,1,10,1024,0,0,0,0,0,0,0,0
black,32,8,2,10,1024,0,0,0,0,0,0,0,0
black,32,8,3,10,1024,0,0,0,0,0,0,0,0
black,32,8,4,10,1024,0,0,0,0,0,0,0,0
black,32,8,5,10,1024,0,0,0,0,0,0,0,0
black,32,8,6,10,1024,0,0,0,0,0,0,0,0
black,32,8,7,10,1024,0,0,0,0,0,0,0,0
black,32,8,8,10,1024,0,0,0,0,0,0,0,0
black,32,8,9,10,1024,0,0,0,0,0,0,0,0
black,32,8,10,10,1024,0,0,0,0,0,0,0,0
black,32,8,11,10,1024,0,0,0,0,0,0,0,0
black,32,8,12,10,1024,0,0,0,0,0,0,0,0
black,32,8,13,10,1024,0,0,0,0,0,0,0,0
black,32,8,14,10,1024,0,0,0,0,0,0,0,0
black,32,8,15,10,1024,0,0,0,0,0,0,0,0
black,32,8,16,10,1024,0,0,0,0,0,0,0,0
black,32,8,17,10,1024,0,0,0,0,0,0,0,0
black,32,8,18,10,1024,0,0,0,0,0,0,0,0
black,32,8,19,10,1024,0,0,0,0,0,0,0,0
black,32,8,0,11,1024,0,0,0,0,0,0,0,0
black,32,8,1,11,1024,0,0,0,0,0,0,0,0
black,32,8,2,11,1024,0,0,0,0,0,0,0,0
black,32,8,3,11,1024,0,0,0,0,0,0,0,0
black,32,8,4,11,1024,0,0,0,0,0,0,0,0
black,32,8,5,11,1024,0,0,0,0,0,0,0,0
black,32,8,6,11,1024,0,0,0,0,0,0,0,0
black,32,8,7,11,1024,0,0,0,0,0,0,0,0
black,32,8,8,11,1024,0,0,0,0,0,0,0,0
black,32,8,9,11,1024,0,0,0,0,0,0,0,0
black,32,8,10,11,1024,0,0,0,0,0,0,0,0
black,32,8,11,11,1024,0,0,0,0,0,0,0,0
black,32,8,12,11,1024,0,0,0,0,0,0,0,0
black,32,8,13,11,1024,0,0,0,0,0,0,0,0
black,32,8,14,11,1024,0,0,0,0,0,0,0,0
black,32,8,15,11,1024,0,0,0,0,0,0,0,0
black,32,8,16,11,1024,0,0,0,0,0,0,0,0
black,32,8,17,11,1024,0,0,0,0,0,0,0,0
black,32,8,18,11,1024,0,0,0,0,0,0,0,0
black,32,8,19,11,1024,0,0,0,0,0,0,0,0
black,32,8,0,12,1024,0,0,0,0,0,0,0,0
black,32,8,1,12,1024,0,0,0,0,0,0,0,0
black,32,8,2,12,1024,0,0,0,0,0,0,0,0
black,32,8,3,12,1024,0,0,0,0,0,0,0,0
black,32,8,4,12,1024,0,0,0,0,0,0,0,0
black,32,8,5,12,1024,0,0,0,0,0,0,0,0
black,32,8,6,12,1024,0,0,0,0,0,0,0,0
black,32,8,7,12,1024,0,0,0,0,0,0,0,0
black,32,8,8,12,1024,0,0,0,0,0,0,0,0
black,32,8,9,12,1024,0,0,0,0,0,0,0,0
black,32,8,10,12,1024,0,0,0,0,0,0,0,0
black,32,8,11,12,1024,0,0,0,0,0,0,0,0
black,32,8,12,12,1024,0,0,0,0,0,0,0,0
black,32,8,13,12,1024,0,0,0,0,0,0,0,0
black,32,8,14,12,1024,0,0,0,0,0,0,0,0
black,32,8,15,12,1024,0,0,0,0,0,0,0,0
black,32,8,16,12,1024,0,0,0,0,0,0,0,0
black,32,8,17,12,1024,0,0,0,0,0,0,0,0
black,32,8,18,12,1024,0,0,0,0,0,0,0,0
black,32,8,19,12,1024,0,0,0,0,0,0,0,0
black,32,8,0,13,1024,0,0,0,0,0,0,0,0
black,32,8,1,13,1024,0,0,0,0,0,0,0,0
black,32,8,2,13,1024,0,0,0,0,0,0,0,0
black,32,8,3,13,1024,0,0,0,0,0,0,0,0
black,32,8,4,13,1024,0,0,0,0,0,0,0,0
black,32,8,5,13,1024,0,0,0,0,0,0,0,0
black,32,8,6,13,1024,0,0,0,0,0,0,0,0
black,32,8,7,13,1024,0,0,0,0,0,0,0,0
black,32,8,8,13,1024,0,0,0,0,0,0,0,0
black,32,8,9,13,1024,0,0,0,0,0,0,0,0
black,32,8,10,13,1024,0,0,0,0,0,0,0,0
black,32,8,11,13,1024,0,0,0,0,0,0,0,0
black,32,8,12,13,1024,0,0,0,0,0,0,0,0
black,32,8,13,13,1024,0,0,0,0,0,0,0,0
black,32,8,14,13,1024,0,0,0,0,0,0,0,0
black,32,8,15,13,1024,0,0,0,0,0,0,0,0
black,32,8,16,13,1024,0,0,0,0,0,0,0,0
black,32,8,17,13,1024,0,0,0,0,0,0,0,0
black,32,8,18,13,1024,0,0,0,0,0,0,0,0
black,32,8,19,13,1024,0,0,0,0,0,0,0,0
black,32,8,0,14,1024,0,0,0,0,0,0,0,0
black,32,8,1,14,1024,0,0,0,0,0,0,0,0
black,32,8,2,14,1024,0,0,0,0,0,0,0,0
black,32,8,3,14,1024,0,0,0,0,0,0,0,0
black,32,8,4,14,1024,0,0,0,0,0,0,0,0
black,32,8,5,14,1024,0,0,0,0,0,0,0,0
black,32,8,6,14,1024,0,0,0,0,0,0,0,0
black,32,8,7,14,1024,0,0,0,0,0,0,0,0
black,32,8,8,14,1024,0,0,0,0,0,0,0,0
black,32,8,9,14,1024,0,0,0,0,0,0,0,0
black,32,8,10,14,1024,0,0,0,0,0,0,0,0
black,32,8,11,14,1024,0,0,0,0,0,0,0,0
black,32,8,12,14,1024,0,0,0,0,0,0,0,0
black,32,8,13,14,1024,0,0,0,0,0,0,0,0
black,32,8,14,14,1024,0,0,0,0,0,0,0,0
black,32,8,15,14,1024,0,0,0,0,0,0,0,0
black,32,8,16,14,1024,0,0,0,0,0,0,0,0
black,32,8,17,14,1024,0,0,0,0,0,0,0,0
black,32,8,18,14,1024,0,0,0,0,0,0,0,0
black,32,8,19,14,1024,0,0,0,0,0,0,0,0
black,32,16,0,0,1024,0,0,0,0,0,0,0,0
black,32,16,1,0,1024,0,0,0,0,0,0,0,0
black,32,16,2,0,1024,0,0,0,0,0,0,0,0
black,32,16,3,0,1024,0,0,0,0,0,0,0,0
black,32,16,4,0,1024,0,0,0,0,0,0,0,0
black,32,16,5,0,1024,0,0,0,0,0,0,0,0
black,32,16,6,0,1024,0,0,0,0,0,0,0,0
black,32,16,7,0,1024,0,0,0,0,0,0,0,0
black,32,16,8,0,1024,0,0,0,0,0,0,0,0
black,32,16,9,0,1024,0,0,0,0,0,0,0,0
black,32,16,10,0,1024,0,0,0,0,0,0,0,0
black,32,16,11,0,1024,0,0,0,0,0,0,0,0
black,32,16,12,0,1024,0,0,0,0,0,0,0,0
black,32,16,13,0,1024,0,0,0,0,0,0,0,0
black,32,16,14,0,1024,0,0,0,0,0,0,0,0
black,32,16,15,0,1024,0,0,0,0,0,0,0,0
black,32,16,16,0,1024,0,0,0,0,0,0,0,0
black,32,16,17,0,1024,0,0,0,0,0,0,0,0
black,32,16,18,0,1024,0,0,0,0,0,0,0,0
black,32,16,19,0,1024,0,0,0,0,0,0,0,0
black,32,16,0,1,1024,0,0,0,0,0,0,0,0
black,32,16,1,1,1024,0,0,0,0,0,0,0,0
black,32,16,2,1,1024,0,0,0,0,0,0,0,0
black,32,16,3,1,1024,0,0,0,0,0,0,0,0
black,32,16,4,1,1024,0,0,0,0,0,0,0,0
black,32,16,5,1,1024,0,0,0,0,0,0,0,0
black,32,16,6,1,1024,0,0,0,0,0,0,0,0
black,32,16,7,1,1024,0,0,0,0,0,0,0,0
black,32,16,8,1,1024,0,0,0,0,0,0,0,0
black,32,16,9,1,1024,0,0,0,0,0,0,0,0
black,32,16,10,1,1024,0,0,0,0,0,0,0,0
black,32,16,11,1,1024,0,0,0,0,0,0,0,0
black,32,16,12,1,1024,0,0,0,0,0,0,0,0
black,32,16,13,1,1024,0,0,0,0,0,0,0,0
black,32,16,14,1,1024,0,0,0,0,0,0,0,0
black,32,16,15,1,1024,0,0,0,0,0,0,0,0
black,32,16,16,1,1024,0,0,0,0,0,0,0,0
black,32,16,17,1,1024,0,0,0,0,0,0,0,0
black,32,16,18,1,1024,0,0,0,0,0,0,0,0
black,32,16,19,1,1024,0,0,0,0,0,0,0,0
black,32,16,0,2,1024,0,0,0,0,0,0,0,0
black,32,16,1,2,1024,0,0,0,0,0,0,0,0
black,32,16,2,2,1024,0,0,0,0,0,0,0,0
black,32,16,3,2,1024,0,0,0,0,0,0,0,0
black,32,16,4,2,1024,0,0,0,0,0,0,0,0
black,32,16,5,2,1024,0,0,0,0,0,0,0,0
black,32,16,6,2,1024,0,0,0,0,0,0,0,0
black,32,16,7,2,1024,0,0,0,0,0,0,0,0
black,32,16,8,2,1024,0,0,0,0,0,0,0,0
black,32,16,9,2,1024,0,0,0,0,0,0,0,0
black,32,16,10,2,1024,0,0,0,0,0,0,0,0
black,32,16,11,2,1024,0,0,0,0,0,0,0,0
black,32,16,12,2,1024,0,0,0,0,0,0,0,0
black,32,16,13,2,1024,0,0,0,0,0,0,0,0
black,32,16,14,2,1024,0,0,0,0,0,0,0,0
black,32,16,15,2,1024,0,0,0,0,0,0,0,0
black,32,16,16,2,1024,0,0,0,0,0,0,0,0
black,32,16,17,2,1024,0,0,0,0,0,0,0,0
black,32,16,18,2,1024,0,0,0,0,0,0,0,0
black,32,16,19,2,1024,0,0,0,0,0,0,0,0
black,32,16,0,3,1024,0,0,0,0,0,0,0,0
black,32,16,1,3,1024,0,0,0,0,0,0,0,0
black,32,16,2,3,1024,0,0,0,0,0,0,0,0
black,32,16,3,3,1024,0,0,0,0,0,0,0,0
black,32,16,4,3,1024,0,0,0,0,0,0,0,0
black,32,16,5,3,1024,0,0,0,0,0,0,0,0
black,32,16,6,3,1024,0,0,0,0,0,0,0,0
black,32,16,7,3,1024,0,0,0,0,0,0,0,0
black,32,16,8,3,1024,0,0,0,0,0,0,0,0
black,32,16,9,3,1024,0,0,0,0,0,0,0,0
black,32,16,10,3,1024,0,0,0,0,0,0,0,0
black,32,16,11,3,1024,0,0,0,0,0,0,0,0
black,32,16,12,3,1024,0,0,0,0,0,0,0,0
black,32,16,13,3,1024,0,0,0,0,0,0,0,0
black,32,16,14,3,1024,0,0,0,0,0,0,0,0
black,32,16,15,3,1024,0,0,0,0,0,0,0,0
black,32,16,16,3,1024,0,0,0,0,0,0,0,0
black,32,16,17,3,1024,0,0,0,0,0,0,0,0
black,32,16,18,3,1024,0,0,0,0,0,0,0,0
black,32,16,19,3,1024,0,0,0,0,0,0,0,0
black,32,16,0,4,1024,0,0,0,0,0,0,0,0
black,32,16,1,4,1024,0,0,0,0,0,0,0,0
black,32,16,2,4,1024,0,0,0,0,0,0,0,0
black,32,16,3,4,1024,0,0,0,0,0,0,0,0
black,32,16,4,4,1024,0,0,0,0,0,0,0,0
black,32,16,5,4,1024,0,0,0,0,0,0,0,0
black,32,16,6,4,1024,0,0,0,0,0,0,0,0
black,32,16,7,4,1024,0,0,0,0,0,0,0,0
black,32,16,8,4,1024,0,0,0,0,0,0,0,0
black,32,16,9,4,1024,0,0,0,0,0,0,0,0
black,32,16,10,4,1024,0,0,0,0,0,0,0,0
black,32,16,11,4,1024,0,0,0,0,0,0,0,0
black,32,16,12,4,1024,0,0,0,0,0,0,0,0
black,32,16,13,4,1024,0,0,0,0,0,0,0,0
black,32,16,14,4,1024,0,0,0,0,0,0,0,0
black,32,16,15,4,1024,0,0,0,0,0,0,0,0
black,32,16,16,4,1024,0,0,0,0,0,0,0,0
black,32,16,17,4,1024,0,0,0,0,0,0,0,0
black,32,16,18,4,1024,0,0,0,0,0,0,0,0
black,32,16,19,4,1024,0,0,0,0,0,0,0,0
black,32,16,0,5,1024,0,0,0,0,0,0,0,0
black,32,16,1,5,1024,0,0,0,0,0,0,0,0
black,32,16,2,5,1024,0,0,0,0,0,0,0,0
black,32,16,3,5,1024,0,0,0,0,0,0,0,0
black,32,16,4,5,1024,0,0,0,0,0,0,0,0
black,32,16,5,5,1024,0,0,0,0,0,0,0,0
black,32,16,6,5,1024,0,0,0,0,0,0,0,0
black,32,16,7,5,1024,0,0,0,0,0,0,0,0
black,32,16,8,5,1024,0,0,0,0,0,0,0,0
black,32,16,9,5,1024,0,0,0,0,0,0,0,0
black,32,16,10,5,1024,0,0,0,0,0,0,0,0
black,32,16,11,5,1024,0,0,0,0,0,0,0,0
black,32,16,12,5,1024,0,0,0,0,0,0,0,0
black,32,16,13,5,1024,0,0,0,0,0,0,0,0
black,32,16,14,5,1024,0,0,0,0,0,0,0,0
black,32,16,15,5,1024,0,0,0,0,0,0,0,0
black,32,16,16,5,1024,0,0,0,0,0,0,0,0
black,32,16,17,5,1024,0,0,0,0,0,0,0,0
black,32,16,18,5,1024,0,0,0,0,0,0,0,0
black,32,16,19,5,1024,0,0,0,0,0,0,0,0
black,32,16,0,6,1024,0,0,0,0,0,0,0,0
black,32,16,1,6,1024,0,0,0,0,0,0,0,0
black,32,16,2,6,1024,0,0,0,0,0,0,0,0
black,32,16,3,6,1024,0,0,0,0,0,0,0,0
black,32,16,4,6,1024,0,0,0,0,0,0,0,0
black,32,16,5,6,1024,0,0,0,0,0,0,0,0
black,32,16,6,6,1024,0,0,0,0,0,0,0,0
black,32,16,7,6,1024,0,0,0,0,0,0,0,0
black,32,16,8,6,1024,0,0,0,0,0,0,0,0
black,32,16,9,6,1024,0,0,0,0,0,0,0,0
black,32,16,10,6,1024,0,0,0,0,0,0,0,0
black,32,16,11,6,1024,0,0,0,0,0,0,0,0
black,32,16,12,6,1024,0,0,0,0,0,0,0,0
black,32,16,13,6,1024,0,0,0,0,0,0,0,0
black,32,16,14,6,1024,0,0,0,0,0,0,0,0
black,32,16,15,6,1024,0,0,0,0,0,0,0,0
black,32,16,16,6,1024,0,0,0,0,0,0,0,0
black,32,16,17,6,1024,0,0,0,0,0,0,0,0
black,32,16,18,6,1024,0,0,0,0,0,0,0,0
black,32,16,19,6,1024,0,0,0,0,0,0,0,0
black,32,16,0,7,1024,0,0,0,0,0,0,0,0
black,32,16,1,7,1024,0,0,0,0,0,0,0,0
black,32,16,2,7,1024,0,0,0,0,0,0,0,0
black,32,16,3,7,1024,0,0,0,0,0,0,0,0
black,32,16,4,7,1024,0,0,0,0,0,0,0,0
black,32,16,5,7,1024,0,0,0,0,0,0,0,0
black,32,16,6,7,1024,0,0,0,0,0,0,0,0
black,32,16,7,7,1024,0,0,0,0,0,0,0,0
black,32,16,8,7,1024,0,0,0,0,0,0,0,0
black,32,16,9,7,1024,0,0,0,0,0,0,0,0
black,32,16,10,7,1024,0,0,0,0,0,0,0,0
black,32,16,11,7,1024,0,0,0,0,0,0,0,0
black,32,16,12,7,1024,0,0,0,0,0,0,0,0
black,32,16,13,7,1024,0,0,0,0,0,0,0,0
black,32,16,14,7,1024,0,0,0,0,0,0,0,0
black,32,16,15,7,1024,0,0,0,0,0,0,0,0
black,32,16,16,7,1024,0,0,0,0,0,0,0,0
black,32,16,17,7,1024,0,0,0,0,0,0,0,0
black,32,16,18,7,1024,0,0,0,0,0,0,0,0
black,32,16,19,7,1024,0,0,0,0,0,0,0,0
black,32,16,0,8,1024,0,0,0,0,0,0,0,0
black,32,16,1,8,1024,0,0,0,0,0,0,0,0
black,32,16,2,8,1024,0,0,0,0,0,0,0,0
black,32,16,3,8,1024,0,0,0,0,0,0,0,0
black,32,16,4,8,1024,0,0,0,0,0,0,0,0
black,32,16,5,8,1024,0,0,0,0,0,0,0,0
black,32,16,6,8,1024,0,0,0,0,0,0,0,0
black,32,16,7,8,1024,0,0,0,0,0,0,0,0
black,32,16,8,8,1024,0,0,0,0,0,0,0,0
black,32,16,9,8,1024,0,0,0,0,0,0,0,0
black,32,16,10,8,1024,0,0,0,0,0,0,0,0
black,32,16,11,8,1024,0,0,0,0,0,0,0,0
black,32,16,12,8,1024,0,0,0,0,0,0,0,0
black,32,16,13,8,1024,0,0,0,0,0,0,0,0
black,32,16,14,8,1024,0,0,0,0,0,0,0,0
black,32,16,15,8,1024,0,0,0,0,0,0,0,0
black,32,16,16,8,1024,0,0,0,0,0,0,0,0
black,32,16,17,8,1024,0,0,0,0,0,0,0,0
black,32,16,18,8,1024,0,0,0,0,0,0,0,0
black,32,16,19,8,1024,0,0,0,0,0,0,0,0
black,32,16,0,9,1024,0,0,0,0,0,0,0,0
black,32,16,1,9,1024,0,0,0,0,0,0,0,0
black,32,16,2,9,1024,0,0,0,0,0,0,0,0
black,32,16,3,9,1024,0,0,0,0,0,0,0,0
black,32,16,4,9,1024,0,0,0,0,0,0,0,0
black,32,16,5,9,1024,0,0,0,0,0,0,0,0
black,32,16,6,9,1024,0,0,0,0,0,0,0,0
black,32,16,7,9,1024,0,0,0,0,0,0,0,0
black,32,16,8,9,1024,0,0,0,0,0,0,0,0
black,32,16,9,9,1024,0,0,0,0,0,0,0,0
black,32,16,10,9,1024,0,0,0,0,0,0,0,0
black,32,16,11,9,1024,0,0,0,0,0,0,0,0
black,32,16,12,9,1024,0,0,0,0,0,0,0,0
black,32,16,13,9,1024,0,0,0,0,0,0,0,0
black,32,16,14,9,1024,0,0,0,0,0,0,0,0
black,32,16,15,9,1024,0,0,0,0,0,0,0,0
black,32,16,16,9,1024,0,0,0,0,0,0,0,0
black,32,16,17,9,1024,0,0,0,0,0,0,0,0
black,32,16,18,9,1024,0,0,0,0,0,0,0,0
black,32,16,19,9,1024,0,0,0,0,0,0,0,0
black,32,16,0,10,1024,0,0,0,0,0,0,0,0
black,32,16,1,10,1024,0,0,0,0,0,0,0,0
black,32,16,2,10,1024,0,0,0,0,0,0,0,0
black,32,16,3,10,1024,0,0,0,0,0,0,0,0
black,32,16,4,10,1024,0,0,0,0,0,0,0,0
black,32,16,5,10,1024,0,0,0,0,0,0,0,0
black,32,16,6,10,1024,0,0,0,0,0,0,0,0
black,32,16,7,10,1024,0,0,0,0,0,0,0,0
black,32,16,8,10,1024,0,0,0,0,0,0,0,0
black,32,16,9,10,1024,0,0,0,0,0,0,0,0
black,32,16,10,10,1024,0,0,0,0,0,0,0,0
black,32,16,11,10,1024,0,0,0,0,0,0,0,0
black,32,16,12,10,1024,0,0,0,0,0,0,0,0
black,32,16,13,10,1024,0,0,0,0,0,0,0,0
black,32,16,14,10,1024,0,0,0,0,0,0,0,0
black,32,16,15,10,1024,0,0,0,0,0,0,0,0
black,32,16,16,10,1024,0,0,0,0,0,0,0,0
black,32,16,17,10,1024,0,0,0,0,0,0,0,0
black,32,16,18,10,1024,0,0,0,0,0,0,0,0
black,32,16,19,10,1024,0,0,0,0,0,0,0,0
black,32,16,0,11,1024,0,0,0,0,0,0,0,0
black,32,16,1,11,1024,0,0,0,0,0,0,0,0
black,32,16,2,11,1024,0,0,0,0,0,0,0,0
black,32,16,3,11,1024,0,0,0,0,0,0,0,0
black,32,16,4,11,1024,0,0,0,0,0,0,0,0
black,32,16,5,11,1024,0,0,0,0,0,0,0,0
black,32,16,6,11,1024,0,0,0,0,0,0,0,0
black,32,16,7,11,1024,0,0,0,0,0,0,0,0
black,32,16,8,11,1024,0,0,0,0,0,0,0,0
black,32,16,9,11,1024,0,0,0,0,0,0,0,0
black,32,16,10,11,1024,0,0,0,0,0,0,0,0
black,32,16,11,11,1024,0,0,0,0,0,0,0,0
black,32,16,12,11,1024,0,0,0,0,0,0,0,0
black,32,16,13,11,1024,0,0,0,0,0,0,0,0
black,32,16,14,11,1024,0,0,0,0,0,0,0,0
black,32,16,15,11,1024,0,0,0,0,0,0,0,0
black,32,16,16,11,1024,0,0,0,0,0,0,0,0
black,32,16,17,11,1024,0,0,0,0,0,0,0,0
black,32,16,18,11,1024,0,0,0,0,0,0,0,0
black,32,16,19,11,1024,0,0,0,0,0,0,0,0
black,32,16,0,12,1024,0,0,0,0,0,0,0,0
black,32,16,1,12,1024,0,0,0,0,0,0,0,0
black,32,16,2,12,1024,0,0,0,0,0,0,0,0
black,32,16,3,12,1024,0,0,0,0,0,0,0,0
black,32,16,4,12,1024,0,0,0,0,0,0,0,0
black,32,16,5,12,1024,0,0,0,0,0,0,0,0
black,32,16,6,12,1024,0,0,0,0,0,0,0,0
black,32,16,7,12,1024,0,0,0,0,0,0,0,0
black,32,16,8,12,1024,0,0,0,0,0,0,0,0
black,32,16,9,12,1024,0,0,0,0,0,0,0,0
black,32,16,10,12,1024,0,0,0,0,0,0,0,0
black,32,16,11,12,1024,0,0,0,0,0,0,0,0
black,32,16,12,12,1024,0,0,0,0,0,0,0,0
black,32,16,13,12,1024,0,0,0,0,0,0,0,0
black,32,16,14,12,1024,0,0,0,0,0,0,0,0
black,32,16,15,12,1024,0,0,0,0,0,0,0,0
black,32,16,16,12,1024,0,0,0,0,0,0,0,0
black,32,16,17,12,1024,0,0,0,0,0,0,0,0
black,32,16,18,12,1024,0,0,0,0,0,0,0,0
black,32,16,19,12,1024,0,0,0,0,0,0,0,0
black,32,16,0,13,1024,0,0,0,0,0,0,0,0
black,32,16,1,13,1024,0,0,0,0,0,0,0,0
black,32,16,2,13,1024,0,0,0,0,0,0,0,0
black,32,16,3,13,1024,0,0,0,0,0,0,0,0
black,32,16,4,13,1024,0,0,0,0,0,0,0,0
black,32,16,5,13,1024,0,0,0,0,0,0,0,0
black,32,16,6,13,1024,0,0,0,0,0,0,0,0
black,32,16,7,13,1024,0,0,0,0,0,0,0,0
black,32,16,8,13,1024,0,0,0,0,0,0,0,0
black,32,16,9,13,1024,0,0,0,0,0,0,0,0
black,32,16,10,13,1024,0,0,0,0,0,0,0,0
black,32,16,11,13,1024,0,0,0,0,0,0,0,0
black,32,16,12,13,1024,0,0,0,0,0,0,0,0
black,32,16,13,13,1024,0,0,0,0,0,0,0,0
black,32,16,14,13,1024,0,0,0,0,0,0,0,0
black,32,16,15,13,1024,0,0,0,0,0,0,0,0
black,32,16,16,13,1024,0,0,0,0,0,0,0,0
black,32,16,17,13,1024,0,0,0,0,0,0,0,0
black,32,16,18,13,1024,0,0,0,0,0,0,0,0
black,32,16,19,13,1024,0,0,0,0,0,0,0,0
black,32,16,0,14,1024,0,0,0,0,0,0,0,0
black,32,16,1,14,1024,0,0,0,0,0,0,0,0
black,32,16,2,14,1024,0,0,0,0,0,0,0,0
black,32,16,3,14,1024,0,0,0,0,0,0,0,0
black,32,16,4,14,1024,0,0,0,0,0,0,0,0
black,32,16,5,14,1024,0,0,0,0,0,0,0,0
black,32,16,6,14,1024,0,0,0,0,0,0,0,0
black,32,16,7,14,1024,0,0,0,0,0,0,0,0
black,32,16,8,14,1024,0,0,0,0,0,0,0,0
black,32,16,9,14,1024,0,0,0,0,0,0,0,0
black,32,16,10,14,1024,0,0,0,0,0,0,0,0
black,32,16,11,14,1024,0,0,0,0,0,0,0,0
black,32,16,12,14,1024,0,0,0,0,0,0,0,0
black,32,16,13,14,1024,0,0,0,0,0,0,0,0
black,32,16,14,14,1024,0,0,0,0,0,0,0,0
black,32,16,15,14,1024,0,0,0,0,0,0,0,0
black,32,16,16,14,1024,0,0,0,0,0,0,0,0
black,32,16,17,14,1024,0,0,0,0,0,0,0,0
black,32,16,18,14,1024,0,0,0,0,0,0,0,0
black,32,16,19,14,1024,0,0,0,0,0,0,0,0
black,32,32,0,0,1024,0,0,0,0,0,0,0,0
black,32,32,1,0,1024,0,0,0,0,0,0,0,0
black,32,32,2,0,1024,0,0,0,0,0,0,0,0
black,32,32,3,0,1024,0,0,0,0,0,0,0,0
black,32,32,4,0,1024,0,0,0,0,0,0,0,0
black,32,32,5,0,1024,0,0,0,0,0,0,0,0
black,32,32,6,0,1024,0,0,0,0,0,0,0,0
black,32,32,7,0,1024,0,0,0,0,0,0,0,0
black,32,32,8,0,1024,0,0,0,0,0,0,0,0
black,32,32,9,0,1024,0,0,0,0,0,0,0,0
black,32,32,10,0,1024,0,0,0,0,0,0,0,0
black,32,32,11,0,1024,0,0,0,0,0,0,0,0
black,32,32,12,0,1024,0,0,0,0,0,0,0,0
black,32,32,13,0,1024,0,0,0,0,0,0,0,0
black,32,32,14,0,1024,0,0,0,0,0,0,0,0
black,32,32,15,0,1024,0,0,0,0,0,0,0,0
black,32,32,16,0,1024,0,0,0,0,0,0,0,0
black,32,32,17,0,1024,0,0,0,0,0,0,0,0
black,32,32,18,0,1024,0,0,0,0,0,0,0,0
black,32,32,19,0,1024,0,0,0,0,0,0,0,0
black,32,32,0,1,1024,0,0,0,0,0,0,0,0
black,32,32,1,1,1024,0,0,0,0,0,0,0,0
black,32,32,2,1,1024,0,0,0,0,0,0,0,0
black,32,32,3,1,1024,0,0,0,0,0,0,0,0
black,32,32,4,1,1024,0,0,0,0,0,0,0,0
black,32,32,5,1,1024,0,0,0,0,0,0,0,0
black,32,32,6,1,1024,0,0,0,0,0,0,0,0
black,32,32,7,1,1024,0,0,0,0,0,0,0,0
black,32,32,8,1,1024,0,0,0,0,0,0,0,0
black,32,32,9,1,1024,0,0,0,0,0,0,0,0
black,32,32,10,1,1024,0,0,0,0,0,0,0,0
black,32,32,11,1,1024,0,0,0,0,0,0,0,0
black,32,32,12,1,1024,0,0,0,0,0,0,0,0
black,32,32,13,1,1024,0,0,0,0,0,0,0,0
black,32,32,14,1,1024,0,0,0,0,0,0,0,0
black,32,32,15,1,1024,0,0,0,0,0,0,0,0
black,32,32,16,1,1024,0,0,0,0,0,0,0,0
black,32,32,17,1,1024,0,0,0,0,0,0,0,0
black,32,32,18,1,1024,0,0,0,0,0,0,0,0
black,32,32,19,1,1024,0,0,0,0,0,0,0,0
black,32,32,0,2,1024,0,0,0,0,0,0,0,0
black,32,32,1,2,1024,0,0,0,0,0,0,0,0
black,32,32,2,2,1024,0,0,0,0,0,0,0,0
black,32,32,3,2,1024,0,0,0,0,0,0,0,0
black,32,32,4,2,1024,0,0,0,0,0,0,0,0
black,32,32,5,2,1024,0,0,0,0,0,0,0,0
black,32,32,6,2,1024,0,0,0,0,0,0,0,0
black,32,32,7,2,1024,0,0,0,0,0,0,0,0
black,32,32,8,2,1024,0,0,0,0,0,0,0,0
black,32,32,9,2,1024,0,0,0,0,0,0,0,0
black,32,32,10,2,1024,0,0,0,0,0,0,0,0
black,32,32,11,2,1024,0,0,0,0,0,0,0,0
black,32,32,12,2,1024,0,0,0,0,0,0,0,0
black,32,32,13,2,1024,0,0,0,0,0,0,0,0
black,32,32,14,2,1024,0,0,0,0,0,0,0,0
black,32,32,15,2,1024,0,0,0,0,0,0,0,0
black,32,32,16,2,1024,0,0,0,0,0,0,0,0
black,32,32,17,2,1024,0,0,0,0,0,0,0,0
black,32,32,18,2,1024,0,0,0,0,0,0,0,0
black,32,32,19,2,1024,0,0,0,0,0,0,0,0
black,32,32,0,3,1024,0,0,0,0,0,0,0,0
black,32,32,1,3,1024,0,0,0,0,0,0,0,0
black,32,32,2,3,1024,0,0,0,0,0,0,0,0
black,32,32,3,3,1024,0,0,0,0,0,0,0,0
black,32,32,4,3,1024,0,0,0,0,0,0,0,0
black,32,32,5,3,1024,0,0,0,0,0,0,0,0
black,32,32,6,3,1024,0,0,0,0,0,0,0,0
black,32,32,7,3,1024,0,0,0,0,0,0,0,0
black,32,32,8,3,1024,0,0,0,0,0,0,0,0
black,32,32,9,3,1024,0,0,0,0,0,0,0,0
black,32,32,10,3,1024,0,0,0,0,0,0,0,0
black,32,32,11,3,1024,0,0,0,0,0,0,0,0
black,32,32,12,3,1024,0,0,0,0,0,0,0,0
black,32,32,13,3,1024,0,0,0,0,0,0,0,0
black,32,32,14,3,1024,0,0,0,0,0,0,0,0
black,32,32,15,3,1024,0,0,0,0,0,0,0,0
black,32,32,16,3,1024,0,0,0,0,0,0,0,0
black,32,32,17,3,1024,0,0,0,0,0,0,0,0
black,32,32,18,3,1024,0,0,0,0,0,0,0,0
black,32,32,19,3,1024,0,0,0,0,0,0,0,0
black,32,32,0,4,1024,0,0,0,0,0,0,0,0
black,32,32,1,4,1024,0,0,0,0,0,0,0,0
black,32,32,2,4,1024,0,0,0,0,0,0,0,0
black,32,32,3,4,1024,0,0,0,0,0,0,0,0
black,32,32,4,4,1024,0,0,0,0,0,0,0,0
black,32,32,5,4,1024,0,0,0,0,0,0,0,0
black,32,32,6,4,1024,0,0,0,0,0,0,0,0
black,32,32,7,4,1024,0,0,0,0,0,0,0,0
black,32,32,8,4,1024,0,0,0,0,0,0,0,0
black,32,32,9,4,1024,0,0,0,0,0,0,0,0
black,32,32,10,4,1024,0,0,0,0,0,0,0,0
black,32,32,11,4,1024,0,0,0,0,0,0,0,0
black,32,32,12,4,1024,0,0,0,0,0,0,0,0
black,32,32,13,4,1024,0,0,0,0,0,0,0,0
black,32,32,14,4,1024,0,0,0,0,0,0,0,0
black,32,32,15,4,1024,0,0,0,0,0,0,0,0
black,32,32,16,4,1024,0,0,0,0,0,0,0,0
black,32,32,17,4,1024,0,0,0,0,0,0,0,0
black,32,32,18,4,1024,0,0,0,0,0,0,0,0
black,32,32,19,4,1024,0,0,0,0,0,0,0,0
black,32,32,0,5,1024,0,0,0,0,0,0,0,0
black,32,32,1,5,1024,0,0,0,0,0,0,0,0
black,32,32,2,5,1024,0,0,0,0,0,0,0,0
black,32,32,3,5,1024,0,0,0,0,0,0,0,0
black,32,32,4,5,1024,0,0,0,0,0,0,0,0
black,32,32,5,5,1024,0,0,0,0,0,0,0,0
black,32,32,6,5,1024,0,0,0,0,0,0,0,0
black,32,32,7,5,1024,0,0,0,0,0,0,0,0
black,32,32,8,5,1024,0,0,0,0,0,0,0,0
black,32,32,9,5,1024,0,0,0,0,0,0,0,0
black,32,32,10,5,1024,0,0,0,0,0,0,0,0
black,32,32,11,5,1024,0,0,0,0,0,0,0,0
black,32,32,12,5,1024,0,0,0,0,0,0,0,0
black,32,32,13,5,1024,0,0,0,0,0,0,0,0
black,32,32,14,5,1024,0,0,0,0,0,0,0,0
black,32,32,15,5,1024,0,0,0,0,0,0,0,0
black,32,32,16,5,1024,0,0,0,0,0,0,0,0
black,32,32,17,5,1024,0,0,0,0,0,0,0,0
black,32,32,18,5,1024,0,0,0,0,0,0,0,0
black,32,32,19,5,1024,0,0,0,0,0,0,0,0
black,32,32,0,6,1024,0,0,0,0,0,0,0,0
black,32,32,1,6,1024,0,0,0,0,0,0,0,0
black,32,32,2,6,1024,0,0,0,0,0,0,0,0
black,32,32,3,6,1024,0,0,0,0,0,0,0,0
black,32,32,4,6,1024,0,0,0,0,0,0,0,0
black,32,32,5,6,1024,0,0,0,0,0,0,0,0
black,32,32,6,6,1024,0,0,0,0,0,0,0,0
black,32,32,7,6,1024,0,0,0,0,0,0,0,0
black,32,32,8,6,1024,0,0,0,0,0,0,0,0
black,32,32,9,6,1024,0,0,0,0,0,0,0,0
black,32,32,10,6,1024,0,0,0,0,0,0,0,0
black,32,32,11,6,1024,0,0,0,0,0,0,0,0
black,32,32,12,6,1024,0,0,0,0,0,0,0,0
black,32,32,13,6,1024,0,0,0,0,0,0,0,0
black,32,32,14,6,1024,0,0,0,0,0,0,0,0
black,32,32,15,6,1024,0,0,0,0,0,0,0,0
black,32,32,16,6,1024,0,0,0,0,0,0,0,0
black,32,32,17,6,1024,0,0,0,0,0,0,0,0
black,32,32,18,6,1024,0,0,0,0,0,0,0,0
black,32,32,19,6,1024,0,0,0,0,0,0,0,0
black,32,32,0,7,1024,0,0,0,0,0,0,0,0
black,32,32,1,7,1024,0,0,0,0,0,0,0,0
black,32,32,2,7,1024,0,0,0,0,0,0,0,0
black,32,32,3,7,1024,0,0,0,0,0,0,0,0
black,32,32,4,7,1024,0,0,0,0,0,0,0,0
black,32,32,5,7,1024,0,0,0,0,0,0,0,0
black,32,32,6,7,1024,0,0,0,0,0,0,0,0
black,32,32,7,7,1024,0,0,0,0,0,0,0,0
black,32,32,8,7,1024,0,0,0,0,0,0,0,0
black,32,32,9,7,1024,0,0,0,0,0,0,0,0
black,32,32,10,7,1024,0,0,0,0,0,0,0,0
black,32,32,11,7,1024,0,0,0,0,0,0,0,0
black,32,32,12,7,1024,0,0,0,0,0,0,0,0
black,32,32,13,7,1024,0,0,0,0,0,0,0,0
black,32,32,14,7,1024,0,0,0,0,0,0,0,0
black,32,32,15,7,1024,0,0,0,0,0,0,0,0
black,32,32,16,7,1024,0,0,0,0,0,0,0,0
black,32,32,17,7,1024,0,0,0,0,0,0,0,0
black,32,32,18,7,1024,0,0,0,0,0,0,0,0
black,32,32,19,7,1024,0,0,0,0,0,0,0,0
black,32,32,0,8,1024,0,0,0,0,0,0,0,0
black,32,32,1,8,1024,0,0,0,0,0,0,0,0
black,32,32,2,8,1024,0,0,0,0,0,0,0,0
black,32,32,3,8,1024,0,0,0,0,0,0,0,0
black,32,32,4,8,1024,0,0,0,0,0,0,0,0
black,32,32,5,8,1024,0,0,0,0,0,0,0,0
black,32,32,6,8,1024,0,0,0,0,0,0,0,0
black,32,32,7,8,1024,0,0,0,0,0,0,0,0
black,32,32,8,8,1024,0,0,0,0,0,0,0,0
black,32,32,9,8,1024,0,0,0,0,0,0,0,0
black,32,32,10,8,1024,0,0,0,0,0,0,0,0
black,32,32,11,8,1024,0,0,0,0,0,0,0,0
black,32,32,12,8,1024,0,0,0,0,0,0,0,0
black,32,32,13,8,1024,0,0,0,0,0,0,0,0
black,32,32,14,8,1024,0,0,0,0,0,0,0,0
black,32,32,15,8,1024,0,0,0,0,0,0,0,0
black,32,32,16,8,1024,0,0,0,0,0,0,0,0
black,32,32,17,8,1024,0,0,0,0,0,0,0,0
black,32,32,18,8,1024,0,0,0,0,0,0,0,0
black,32,32,19,8,1024,0,0,0,0,0,0,0,0
black,32,32,0,9,1024,0,0,0,0,0,0,0,0
black,32,32,1,9,1024,0,0,0,0,0,0,0,0
black,32,32,2,9,1024,0,0,0,0,0,0,0,0
black,32,32,3,9,1024,0,0,0,0,0,0,0,0
black,32,32,4,9,1024,0,0,0,0,0,0,0,0
black,32,32,5,9,1024,0,0,0,0,0,0,0,0
black,32,32,6,9,1024,0,0,0,0,0,0,0,0
black,32,32,7,9,1024,0,0,0,0,0,0,0,0
black,32,32,8,9,1024,0,0,0,0,0,0,0,0
black,32,32,9,9,1024,0,0,0,0,0,0,0,0
black,32,32,10,9,1024,0,0,0,0,0,0,0,0
black,32,32,11,9,1024,0,0,0,0,0,0,0,0
black,32,32,12,9,1024,0,0,0,0,0,0,0,0
black,32,32,13,9,1024,0,0,0,0,0,0,0,0
black,32,32,14,9,1024,0,0,0,0,0,0,0,0
black,32,32,15,9,1024,0,0,0,0,0,0,0,0
black,32,32,16,9,1024,0,0,0,0,0,0,0,0
black,32,32,17,9,1024,0,0,0,0,0,0,0,0
black,32,32,18,9,1024,0,0,0,0,0,0,0,0
black,32,32,19,9,1024,0,0,0,0,0,0,0,0
black,32,32,0,10,1024,0,0,0,0,0,0,0,0
black,32,32,1,10,1024,0,0,0,0,0,0,0,0
black,32,32,2,10,1024,0,0,0,0,0,0,0,0
black,32,32,3,10,1024,0,0,0,0,0,0,0,0
black,32,32,4,10,1024,0,0,0,0,0,0,0,0
black,32,32,5,10,1024,0,0,0,0,0,0,0,0
black,32,32,6,10,1024,0,0,0,0,0,0,0,0
black,32,32,7,10,1024,0,0,0,0,0,0,0,0
black,32,32,8,10,1024,0,0,0,0,0,0,0,0
black,32,32,9,10,1024,0,0,0,0,0,0,0,0
black,32,32,10,10,1024,0,0,0,0,0,0,0,0
black,32,32,11,10,1024,0,0,0,0,0,0,0,0
black,32,32,12,10,1024,0,0,0,0,0,0,0,0
black,32,32,13,10,1024,0,0,0,0,0,0,0,0
black,32,32,14,10,1024,0,0,0,0,0,0,0,0
black,32,32,15,10,1024,0,0,0,0,0,0,0,0
black,32,32,16,10,1024,0,0,0,0,0,0,0,0
black,32,32,17,10,1024,0,0,0,0,0,0,0,0
black,32,32,18,10,1024,0,0,0,0,0,0,0,0
black,32,32,19,10,1024,0,0,0,0,0,0,0,0
black,32,32,0,11,1024,0,0,0,0,0,0,0,0
black,32,32,1,11,1024,0,0,0,0,0,0,0,0
black,32,32,2,11,1024,0,0,0,0,0,0,0,0
black,32,32,3,11,1024,0,0,0,0,0,0,0,0
black,32,32,4,11,1024,0,0,0,0,0,0,0,0
black,32,32,5,11,1024,0,0,0,0,0,0,0,0
black,32,32,6,11,1024,0,0,0,0,0,0,0,0
black,32,32,7,11,1024,0,0,0,0,0,0,0,0
black,32,32,8,11,1024,0,0,0,0,0,0,0,0
black,32,32,9,11,1024,0,0,0,0,0,0,0,0
black,32,32,10,11,1024,0,0,0,0,0,0,0,0
black,32,32,11,11,1024,0,0,0,0,0,0,0,0
black,32,32,12,11,1024,0,0,0,0,0,0,0,0
black,32,32,13,11,1024,0,0,0,0,0,0,0,0
black,32,32,14,11,1024,0,0,0,0,0,0,0,0
black,32,32,15,11,1024,0,0,0,0,0,0,0,0
black,32,32,16,11,1024,0,0,0,0,0,0,0,0
black,32,32,17,11,1024,0,0,0,0,0,0,0,0
black,32,32,18,11,1024,0,0,0,0,0,0,0,0
black,32,32,19,11,1024,0,0,0,0,0,0,0,0
black,32,32,0,12,1024,0,0,0,0,0,0,0,0
black,32,32,1,12,1024,0,0,0,0,0,0,0,0
black,32,32,2,12,1024,0,0,0,0,0,0,0,0
black,32,32,3,12,1024,0,0,0,0,0,0,0,0
black,32,32,4,12,1024,0,0,0,0,0,0,0,0
black,32,32,5,12,1024,0,0,0,0,0,0,0,0
black,32,32,6,12,1024,0,0,0,0,0,0,0,0
black,32,32,7,12,1024,0,0,0,0,0,0,0,0
black,32,32,8,12,1024,0,0,0,0,0,0,0,0
black,32,32,9,12,1024,0,0,0,0,0,0,0,0
black,32,32,10,12,1024,0,0,0,0,0,0,0,0
black,32,32,11,12,1024,0,0,0,0,0,0,0,0
black,32,32,12,12,1024,0,0,0,0,0,0,0,0
black,32,32,13,12,1024,0,0,0,0,0,0,0,0
black,32,32,14,12,1024,0,0,0,0,0,0,0,0
black,32,32,15,12,1024,0,0,0,0,0,0,0,0
black,32,32,16,12,1024,0,0,0,0,0,0,0,0
black,32,32,17,12,1024,0,0,0,0,0,0,0,0
black,32,32,18,12,1024,0,0,0,0,0,0,0,0
black,32,32,19,12,1024,0,0,0,0,0,0,0,0
black,32,32,0,13,1024,0,0,0,0,0,0,0,0
black,32,32,1,13,1024,0,0,0,0,0,0,0,0
black,32,32,2,13,1024,0,0,0,0,0,0,0,0
black,32,32,3,13,1024,0,0,0,0,0,0,0,0
black,32,32,4,13,1024,0,0,0,0,0,0,0,0
black,32,32,5,13,1024,0,0,0,0,0,0,0,0
black,32,32,6,13,1024,0,0,0,0,0,0,0,0
black,32,32,7,13,1024,0,0,0,0,0,0,0,0
black,32,32,8,13,1024,0,0,0,0,0,0,0,0
black,32,32,9,13,1024,0,0,0,0,0,0,0,0
black,32,32,10,13,1024,0,0,0,0,0,0,0,0
black,32,32,11,13,1024,0,0,0,0,0,0,0,0
black,32,32,12,13,1024,0,0,0,0,0,0,0,0
black,32,32,13,13,1024,0,0,0,0,0,0,0,0
black,32,32,14,13,1024,0,0,0,0,0,0,0,0
black,32,32,15,13,1024,0,0,0,0,0,0,0,0
black,32,32,16,13,1024,0,0,0,0,0,0,0,0
black,32,32,17,13,1024,0,0,0,0,0,0,0,0
black,32,32,18,13,1024,0,0,0,0,0,0,0,0
black,32,32,19,13,1024,0,0,0,0,0,0,0,0
black,32,32,0,14,1024,0,0,0,0,0,0,0,0
black,32,32,1,14,1024,0,0,0,0,0,0,0,0
black,32,32,2,14,1024,0,0,0,0,0,0,0,0
black,32,32,3,14,1024,0,0,0,0,0,0,0,0
black,32,32,4,14,1024,0,0,0,0,0,0,0,0
black,32,32,5,14,1024,0,0,0,0,0,0,0,0
black,32,32,6,14,1024,0,0,0,0,0,0,0,0
black,32,32,7,14,1024,0,0,0,0,0,0,0,0
black,32,32,8,14,1024,0,0,0,0,0,0,0,0
black,32,32,9,14,1024,0,0,0,0,0,0,0,0
black,32,32,10,14,1024,0,0,0,0,0,0,0,0
black,32,32,11,14,1024,0,0,0,0,0,0,0,0
black,32,32,12,14,1024,0,0,0,0,0,0,0,0
black,32,32,13,14,1024,0,0,0,0,0,0,0,0
black,32,32,14,14,1024,0,0,0,0,0,0,0,0
black,32,32,15,14,1024,0,0,0,0,0,0,0,0
black,32,32,16,14,1024,0,0,0,0,0,0,0,0
black,32,32,17,14,1024,0,0,0,0,0,0,0,0
black,32,32,18,14,1024,0,0,0,0,0,0,0,0
black,32,32,19,14,1024,0,0,0,0,0,0,0,0
black,64,8,0,0,4096,0,0,0,0,0,0,0,0
black,64,8,1,0,4096,0,0,0,0,0,0,0,0
black,64,8,2,0,4096,0,0,0,0,0,0,0,0
black,64,8,3,0,4096,0,0,0,0,0,0,0,0
black,64,8,4,0,4096,0,0,0,0,0,0,0,0
black,64,8,5,0,4096,0,0,0,0,0,0,0,0
black,64,8,6,0,4096,0,0,0,0,0,0,0,0
black,64,8,7,0,4096,0,0,0,0,0,0,0,0
black,64,8,8,0,4096,0,0,0,0,0,0,0,0
black,64,8,9,0,4096,0,0,0,0,0,0,0,0
black,64,8,0,1,4096,0,0,0,0,0,0,0,0
black,64,8,1,1,4096,0,0,0,0,0,0,0,0
black,64,8,2,1,4096,0,0,0,0,0,0,0,0
black,64,8,3,1,4096,0,0,0,0,0,0,0,0
black,64,8,4,1,4096,0,0,0,0,0,0,0,0
black,64,8,5,1,4096,0,0,0,0,0,0,0,0
black,64,8,6,1,4096,0,0,0,0,0,0,0,0
black,64,8,7,1,4096,0,0,0,0,0,0,0,0
black,64,8,8,1,4096,0,0,0,0,0,0,0,0
black,64,8,9,1,4096,0,0,0,0,0,0,0,0
black,64,8,0,2,4096,0,0,0,0,0,0,0,0
black,64,8,1,2,4096,0,0,0,0,0,0,0,0
black,64,8,2,2,4096,0,0,0,0,0,0,0,0
black,64,8,3,2,4096,0,0,0,0,0,0,0,0
black,64,8,4,2,4096,0,0,0,0,0,0,0,0
black,64,8,5,2,4096,0,0,0,0,0,0,0,0
black,64,8,6,2,4096,0,0,0,0,0,0,0,0
black,64,8,7,2,4096,0,0,0,0,0,0,0,0
black,64,8,8,2,4096,0,0,0,0,0,0,0,0
black,64,8,9,2,4096,0,0,0,0,0,0,0,0
black,64,8,0,3,4096,0,0,0,0,0,0,0,0
black,64,8,1,3,4096,0,0,0,0,0,0,0,0
black,64,8,2,3,4096,0,0,0,0,0,0,0,0
black,64,8,3,3,4096,0,0,0,0,0,0,0,0
black,64,8,4,3,4096,0,0,0,0,0,0,0,0
black,64,8,5,3,4096,0,0,0,0,0,0,0,0
black,64,8,6,3,4096,0,0,0,0,0,0,0,0
black,64,8,7,3,4096,0,0,0,0,0,0,0,0
black,64,8,8,3,4096,0,0,0,0,0,0,0,0
black,64,8,9,3,4096,0,0,0,0,0,0,0,0
black,64,8,0,4,4096,0,0,0,0,0,0,0,0
black,64,8,1,4,4096,0,0,0,0,0,0,0,0
black,64,8,2,4,4096,0,0,0,0,0,0,0,0
black,64,8,3,4,4096,0,0,0,0,0,0,0,0
black,64,8,4,4,4096,0,0,0,0,0,0,0,0
black,64,8,5,4,4096,0,0,0,0,0,0,0,0
black,64,8,6,4,4096,0,0,0,0,0,0,0,0
black,64,8,7,4,4096,0,0,0,0,0,0,0,0
black,64,8,8,4,4096,0,0,0,0,0,0,0,0
black,64,8,9,4,4096,0,0,0,0,0,0,0,0
black,64,8,0,5,4096,0,0,0,0,0,0,0,0
black,64,8,1,5,4096,0,0,0,0,0,0,0,0
black,64,8,2,5,4096,0,0,0,0,0,0,0,0
black,64,8,3,5,4096,0,0,0,0,0,0,0,0
black,64,8,4,5,4096,0,0,0,0,0,0,0,0
black,64,8,5,5,4096,0,0,0,0,0,0,0,0
black,64,8,6,5,4096,0,0,0,0,0,0,0,0
black,64,8,7,5,4096,0,0,0,0,0,0,0,0
black,64,8,8,5,4096,0,0,0,0,0,0,0,0
black,64,8,9,5,4096,0,0,0,0,0,0,0,0
black,64,8,0,6,4096,0,0,0,0,0,0,0,0
black,64,8,1,6,4096,0,0,0,0,0,0,0,0
black,64,8,2,6,4096,0,0,0,0,0,0,0,0
black,64,8,3,6,4096,0,0,0,0,0,0,0,0
black,64,8,4,6,4096,0,0,0,0,0,0,0,0
black,64,8,5,6,4096,0,0,0,0,0,0,0,0
black,64,8,6,6,4096,0,0,0,0,0,0,0,0
black,64,8,7,6,4096,0,0,0,0,0,0,0,0
black,64,8,8,6,4096,0,0,0,0,0,0,0,0
black,64,8,9,6,4096,0,0,0,0,0,0,0,0
black,64,8,0,7,2048,0,0,0,0,0,0,0,0
black,64,8,1,7,2048,0,0,0,0,0,0,0,0
black,64,8,2,7,2048,0,0,0,0,0,0,0,0
black,64,8,3,7,2048,0,0,0,0,0,0,0,0
black,64,8,4,7,2048,0,0,0,0,0,0,0,0
black,64,8,5,7,2048,0,0,0,0,0,0,0,0
black,64,8,6,7,2048,0,0,0,0,0,0,0,0
black,64,8,7,7,2048,0,0,0,0,0,0,0,0
black,64,8,8,7,2048,0,0,0,0,0,0,0,0
black,64,8,9,7,2048,0,0,0,0,0,0,0,0
black,64,16,0,0,4096,0,0,0,0,0,0,0,0
black,64,16,1,0,4096,0,0,0,0,0,0,0,0
black,64,16,2,0,4096,0,0,0,0,0,0,0,0
black,64,16,3,0,4096,0,0,0,0,0,0,0,0
black,64,16,4,0,4096,0,0,0,0,0,0,0,0
black,64,16,5,0,4096,0,0,0,0,0,0,0,0
black,64,16,6,0,4096,0,0,0,0,0,0,0,0
black,64,16,7,0,4096,0,0,0,0,0,0,0,0
black,64,16,8,0,4096,0,0,0,0,0,0,0,0
black,64,16,9,0,4096,0,0,0,0,0,0,0,0
black,64,16,0,1,4096,0,0,0,0,0,0,0,0
black,64,16,1,1,4096,0,0,0,0,0,0,0,0
black,64,16,2,1,4096,0,0,0,0,0,0,0,0
black,64,16,3,1,4096,0,0,0,0,0,0,0,0
black,64,16,4,1,4096,0,0,0,0,0,0,0,0
black,64,16,5,1,4096,0,0,0,0,0,0,0,0
black,64,16,6,1,4096,0,0,0,0,0,0,0,0
black,64,16,7,1,4096,0,0,0,0,0,0,0,0
black,64,16,8,1,4096,0,0,0,0,0,0,0,0
black,64,16,9,1,4096,0,0,0,0,0,0,0,0
black,64,16,0,2,4096,0,0,0,0,0,0,0,0
black,64,16,1,2,4096,0,0,0,0,0,0,0,0
black,64,16,2,2,4096,0,0,0,0,0,0,0,0
black,64,16,3,2,4096,0,0,0,0,0,0,0,0
black,64,16,4,2,4096,0,0,0,0,0,0,0,0
black,64,16,5,2,4096,0,0,0,0,0,0,0,0
black,64,16,6,2,4096,0,0,0,0,0,0,0,0
black,64,16,7,2,4096,0,0,0,0,0,0,0,0
black,64,16,8,2,4096,0,0,0,0,0,0,0,0
black,64,16,9,2,4096,0,0,0,0,0,0,0,0
black,64,16,0,3,4096,0,0,0,0,0,0,0,0
black,64,16,1,3,4096,0,0,0,0,0,0,0,0
black,64,16,2,3,4096,0,0,0,0,0,0,0,0
black,64,16,3,3,4096,0,0,0,0,0,0,0,0
black,64,16,4,3,4096,0,0,0,0,0,0,0,0
black,64,16,5,3,4096,0,0,0,0,0,0,0,0
black,64,16,6,3,4096,0,0,0,0,0,0,0,0
black,64,16,7,3,4096,0,0,0,0,0,0,0,0
black,64,16,8,3,4096,0,0,0,0,0,0,0,0
black,64,16,9,3,4096,0,0,0,0,0,0,0,0
black,64,16,0,4,4096,0,0,0,0,0,0,0,0
black,64,16,1,4,4096,0,0,0,0,0,0,0,0
black,64,16,2,4,4096,0,0,0,0,0,0,0,0
black,64,16,3,4,4096,0,0,0,0,0,0,0,0
black,64,16,4,4,4096,0,0,0,0,0,0,0,0
black,64,16,5,4,4096,0,0,0,0,0,0,0,0
black,64,16,6,4,4096,0,0,0,0,0,0,0,0
black,64,16,7,4,4096,0,0,0,0,0,0,0,0
black,64,16,8,4,4096,0,0,0,0,0,0,0,0
black,64,16,9,4,4096,0,0,0,0,0,0,0,0
black,64,16,0,5,4096,0,0,0,0,0,0,0,0
black,64,16,1,5,4096,0,0,0,0,0,0,0,0
black,64,16,2,5,4096,0,0,0,0,0,0,0,0
black,64,16,3,5,4096,0,0,0,0,0,0,0,0
black,64,16,4,5,4096,0,0,0,0,0,0,0,0
black,64,16,5,5,4096,0,0,0,0,0,0,0,0
black,64,16,6,5,4096,0,0,0,0,0,0,0,0
black,64,16,7,5,4096,0,0,0,0,0,0,0,0
black,64,16,8,5,4096,0,0,0,0,0,0,0,0
black,64,16,9,5,4096,0,0,0,0,0,0,0,0
black,64,16,0,6,4096,0,0,0,0,0,0,0,0
black,64,16,1,6,4096,0,0,0,0,0,0,0,0
black,64,16,2,6,4096,0,0,0,0,0,0,0,0
black,64,16,3,6,4096,0,0,0,0,0,0,0,0
black,64,16,4,6,4096,0,0,0,0,0,0,0,0
black,64,16,5,6,4096,0,0,0,0,0,0,0,0
black,64,16,6,6,4096,0,0,0,0,0,0,0,0
black,64,16,7,6,4096,0,0,0,0,0,0,0,0
black,64,16,8,6,4096,0,0,0,0,0,0,0,0
black,64,16,9,6,4096,0,0,0,0,0,0,0,0
black,64,16,0,7,2048,0,0,0,0,0,0,0,0
black,64,16,1,7,2048,0,0,0,0,0,0,0,0
black,64,16,2,7,2048,0,0,0,0,0,0,0,0
black,64,16,3,7,2048,0,0,0,0,0,0,0,0
black,64,16,4,7,2048,0,0,0,0,0,0,0,0
black,64,16,5,7,2048,0,0,0,0,0,0,0,0
black,64,16,6,7,2048,0,0,0,0,0,0,0,0
black,64,16,7,7,2048,0,0,0,0,0,0,0,0
black,64,16,8,7,2048,0,0,0,0,0,0,0,0
black,64,16,9,7,2048,0,0,0,0,0,0,0,0
black,64,32,0,0,4096,0,0,0,0,0,0,0,0
black,64,32,1,0,4096,0,0,0,0,0,0,0,0
black,64,32,2,0,4096,0,0,0,0,0,0,0,0
black,64,32,3,0,4096,0,0,0,0,0,0,0,0
black,64,32,4,0,4096,0,0,0,0,0,0,0,0
black,64,32,5,0,4096,0,0,0,0,0,0,0,0
black,64,32,6,0,4096,0,0,0,0,0,0,0,0
black,64,32,7,0,4096,0,0,0,0,0,0,0,0
black,64,32,8,0,4096,0,0,0,0,0,0,0,0
black,64,32,9,0,4096,0,0,0,0,0,0,0,0
black,64,32,0,1,4096,0,0,0,0,0,0,0,0
black,64,32,1,1,4096,0,0,0,0,0,0,0,0
black,64,32,2,1,4096,0,0,0,0,0,0,0,0
black,64,32,3,1,4096,0,0,0,0,0,0,0,0
black,64,32,4,1,4096,0,0,0,0,0,0,0,0
black,64,32,5,1,4096,0,0,0,0,0,0,0,0
black,64,32,6,1,4096,0,0,0,0,0,0,0,0
black,64,32,7,1,4096,0,0,0,0,0,0,0,0
black,64,32,8,1,4096,0,0,0,0,0,0,0,0
black,64,32,9,1,4096,0,0,0,0,0,0,0,0
black,64,32,0,2,4096,0,0,0,0,0,0,0,0
black,64,32,1,2,4096,0,0,0,0,0,0,0,0
black,64,32,2,2,4096,0,0,0,0,0,0,0,0
black,64,32,3,2,4096,0,0,0,0,0,0,0,0
black,64,32,4,2,4096,0,0,0,0,0,0,0,0
black,64,32,5,2,4096,0,0,0,0,0,0,0,0
black,64,32,6,2,4096,0,0,0,0,0,0,0,0
black,64,32,7,2,4096,0,0,0,0,0,0,0,0
black,64,32,8,2,4096,0,0,0,0,0,0,0,0
black,64,32,9,2,4096,0,0,0,0,0,0,0,0
black,64,32,0,3,4096,0,0,0,0,0,0,0,0
black,64,32,1,3,4096,0,0,0,0,0,0,0,0
black,64,32,2,3,4096,0,0,0,0,0,0,0,0
black,64,32,3,3,4096,0,0,0,0,0,0,0,0
black,64,32,4,3,4096,0,0,0,0,0,0,0,0
black,64,32,5,3,4096,0,0,0,0,0,0,0,0
black,64,32,6,3,4096,0,0,0,0,0,0,0,0
black,64,32,7,3,4096,0,0,0,0,0,0,0,0
black,64,32,8,3,4096,0,0,0,0,0,0,0,0
black,64,32,9,3,4096,0,0,0,0,0,0,0,0
black,64,32,0,4,4096,0,0,0,0,0,0,0,0
black,64,32,1,4,4096,0,0,0,0,0,0,0,0
black,64,32,2,4,4096,0,0,0,0,0,0,0,0
black,64,32,3,4,4096,0,0,0,0,0,0,0,0
black,64,32,4,4,4096,0,0,0,0,0,0,0,0
black,64,32,5,4,4096,0,0,0,0,0,0,0,0
black,64,32,6,4,4096,0,0,0,0,0,0,0,0
black,64,32,7,4,4096,0,0,0,0,0,0,0,0
black,64,32,8,4,4096,0,0,0,0,0,0,0,0
black,64,32,9,4,4096,0,0,0,0,0,0,0,0
black,64,32,0,5,4096,0,0,0,0,0,0,0,0
black,64,32,1,5,4096,0,0,0,0,0,0,0,0
black,64,32,2,5,4096,0,0,0,0,0,0,0,0
black,64,32,3,5,4096,0,0,0,0,0,0,0,0
black,64,32,4,5,4096,0,0,0,0,0,0,0,0
black,64,32,5,5,4096,0,0,0,0,0,0,0,0
black,64,32,6,5,4096,0,0,0,0,0,0,0,0
black,64,32,7,5,4096,0,0,0,0,0,0,0,0
black,64,32,8,5,4096,0,0,0,0,0,0,0,0
black,64,32,9,5,4096,0,0,0,0,0,0,0,0
black,64,32,0,6,4096,0,0,0,0,0,0,0,0
black,64,32,1,6,4096,0,0,0,0,0,0,0,0
black,64,32,2,6,4096,0,0,0,0,0,0,0,0
black,64,32,3,6,4096,0,0,0,0,0,0,0,0
black,64,32,4,6,4096,0,0,0,0,0,0,0,0
black,64,32,5,6,4096,0,0,0,0,0,0,0,0
black,64,32,6,6,4096,0,0,0,0,0,0,0,0
black,64,32,7,6,4096,0,0,0,0,0,0,0,0
black,64,32,8,6,4096,0,0,0,0,0,0,0,0
black,64,32,9,6,4096,0,0,0,0,0,0,0,0
black,64,32,0,7,2048,0,0,0,0,0,0,0,0
black,64,32,1,7,2048,0,0,0,0,0,0,0,0
black,64,32,2,7,2048,0,0,0,0,0,0,0,0
black,64,32,3,7,2048,0,0,0,0,0,0,0,0
black,64,32,4,7,2048,0,0,0,0,0,0,0,0
black,64,32,5,7,2048,0,0,0,0,0,0,0,0
black,64,32,6,7,2048,0,0,0,0,0,0,0,0
black,64,32,7,7,2048,0,0,0,0,0,0,0,0
black,64,32,8,7,2048,0,0,0,0,0,0,0,0
black,64,32,9,7,2048,0,0,0,0,0,0,0,0
white,32,8,0,0,1024,57,3,768,768,0,0,307,307
white,32,8,1,0,1024,32,3,768,768,0,0,307,307
white,32,8,2,0,1024,32,3,768,768,0,0,307,307
white,32,8,3,0,1024,32,3,768,768,0,0,307,307
white,32,8,4,0,1024,32,3,768,768,0,0,307,307
white,32,8,5,0,1024,32,3,768,768,0,0,307,307
white,32,8,6,0,1024,32,3,768,768,0,0,307,307
white,32,8,7,0,1024,32,3,768,768,0,0,307,307
white,32,8,8,0,1024,32,3,768,768,0,0,307,307
white,32,8,9,0,1024,32,3,768,768,0,0,307,307
white,32,8,10,0,1024,32,3,768,768,0,0,307,307
white,32,8,11,0,1024,32,3,768,768,0,0,307,307
white,32,8,12,0,1024,32,3,768,768,0,0,307,307
white,32,8,13,0,1024,32,3,768,768,0,0,307,307
white,32,8,14,0,1024,32,3,768,768,0,0,307,307
white,32,8,15,0,1024,32,3,768,768,0,0,307,307
white,32,8,16,0,1024,32,3,768,768,0,0,307,307
white,32,8,17,0,1024,32,3,768,768,0,0,307,307
white,32,8,18,0,1024,32,3,768,768,0,0,307,307
white,32,8,19,0,1024,32,3,768,768,0,0,307,307
white,32,8,0,1,1024,32,3,768,768,0,0,307,307
white,32,8,1,1,1024,0,0,0,0,0,0,0,0
white,32,8,2,1,1024,0,0,0,0,0,0,0,0
white,32,8,3,1,1024,0,0,0,0,0,0,0,0
white,32,8,4,1,1024,0,0,0,0,0,0,0,0
white,32,8,5,1,1024,0,0,0,0,0,0,0,0
white,32,8,6,1,1024,0,0,0,0,0,0,0,0
white,32,8,7,1,1024,0,0,0,0,0,0,0,0
white,32,8,8,1,1024,0,0,0,0,0,0,0,0
white,32,8,9,1,1024,0,0,0,0,0,0,0,0
white,32,8,10,1,1024,0,0,0,0,0,0,0,0
white,32,8,11,1,1024,0,0,0,0,0,0,0,0
white,32,8,12,1,1024,0,0,0,0,0,0,0,0
white,32,8,13,1,1024,0,0,0,0,0,0,0,0
white,32,8,14,1,1024,0,0,0,0,0,0,0,0
white,32,8,15,1,1024,0,0,0,0,0,0,0,0
white,32,8,16,1,1024,0,0,0,0,0,0,0,0
white,32,8,17,1,1024,0,0,0,0,0,0,0,0
white,32,8,18,1,1024,0,0,0,0,0,0,0,0
white,32,8,19,1,1024,0,0,0,0,0,0,0,0
white,32,8,0,2,1024,32,3,768,768,0,0,307,307
white,32,8,1,2,1024,0,0,0,0,0,0,0,0
white,32,8,2,2,1024,0,0,0,0,0,0,0,0
white,32,8,3,2,1024,0,0,0,0,0,0,0,0
white,32,8,4,2,1024,0,0,0,0,0,0,0,0
white,32,8,5,2,1024,0,0,0,0,0,0,0,0
white,32,8,6,2,1024,0,0,0,0,0,0,0,0
white,32,8,7,2,1024,0,0,0,0,0,0,0,0
white,32,8,8,2,1024,0,0,0,0,0,0,0,0
white,32,8,9,2,1024,0,0,0,0,0,0,0,0
white,32,8,10,2,1024,0,0,0,0,0,0,0,0
white,32,8,11,2,1024,0,0,0,0,0,0,0,0
white,32,8,12,2,1024,0,0,0,0,0,0,0,0
white,32,8,13,2,1024,0,0,0,0,0,0,0,0
white,32,8,14,2,1024,0,0,0,0,0,0,0,0
white,32,8,15,2,1024,0,0,0,0,0,0,0,0
white,32,8,16,2,1024,0,0,0,0,0,0,0,0
white,32,8,17,2,1024,0,0,0,0,0,0,0,0
white,32,8,18,2,1024,0,0,0,0,0,0,0,0
white,32,8,19,2,1024,0,0,0,0,0,0,0,0
white,32,8,0,3,1024,32,3,768,768,0,0,307,307
white,32,8,1,3,1024,0,0,0,0,0,0,0,0
white,32,8,2,3,1024,0,0,0,0,0,0,0,0
white,32,8,3,3,1024,0,0,0,0,0,0,0,0
white,32,8,4,3,1024,0,0,0,0,0,0,0,0
white,32,8,5,3,1024,0,0,0,0,0,0,0,0
white,32,8,6,3,1024,0,0,0,0,0,0,0,0
white,32,8,7,3,1024,0,0,0,0,0,0,0,0
white,32,8,8,3,1024,0,0,0,0,0,0,0,0
white,32,8,9,3,1024,0,0,0,0,0,0,0,0
white,32,8,10,3,1024,0,0,0,0,0,0,0,0
white,32,8,11,3,1024,0,0,0,0,0,0,0,0
white,32,8,12,3,1024,0,0,0,0,0,0,0,0
white,32,8,13,3,1024,0,0,0,0,0,0,0,0
white,32,8,14,3,1024,0,0,0,0,0,0,0,0
white,32,8,15,3,1024,0,0,0,0,0,0,0,0
white,32,8,16,3,1024,0,0,0,0,0,0,0,0
white,32,8,17,3,1024,0,0,0,0,0,0,0,0
white,32,8,18,3,1024,0,0,0,0,0,0,0,0
white,32,8,19,3,1024,0,0,0,0,0,0,0,0
white,32,8,0,4,1024,32,3,768,768,0,0,307,307
white,32,8,1,4,1024,0,0,0,0,0,0,0,0
white,32,8,2,4,1024,0,0,0,0,0,0,0,0
white,32,8,3,4,1024,0,0,0,0,0,0,0,0
white,32,8,4,4,1024,0,0,0,0,0,0,0,0
white,32,8,5,4,1024,0,0,0,0,0,0,0,0
white,32,8,6,4,1024,0,0,0,0,0,0,0,0
white,32,8,7,4,1024,0,0,0,0,0,0,0,0
white,32,8,8,4,1024,0,0,0,0,0,0,0,0
white,32,8,9,4,1024,0,0,0,0,0,0,0,0
white,32,8,10,4,1024,0,0,0,0,0,0,0,0
white,32,8,11,4,1024,0,0,0,0,0,0,0,0
white,32,8,12,4,1024,0,0,0,0,0,0,0,0
white,32,8,13,4,1024,0,0,0,0,0,0,0,0
white,32,8,14,4,1024,0,0,0,0,0,0,0,0
white,32,8,15,4,1024,0,0,0,0,0,0,0,0
white,32,8,16,4,1024,0,0,0,0,0,0,0,0
white,32,8,17,4,1024,0,0,0,0,0,0,0,0
white,32,8,18,4,1024,0,0,0,0,0,0,0,0
white,32,8,19,4,1024,0,0,0,0,0,0,0,0
white,32,8,0,5,1024,32,3,768,768,0,0,307,307
white,32,8,1,5,1024,0,0,0,0,0,0,0,0
white,32,8,2,5,1024,0,0,0,0,0,0,0,0
white,32,8,3,5,1024,0,0,0,0,0,0,0,0
white,32,8,4,5,1024,0,0,0,0,0,0,0,0
white,32,8,5,5,1024,0,0,0,0,0,0,0,0
white,32,8,6,5,1024,0,0,0,0,0,0,0,0
white,32,8,7,5,1024,0,0,0,0,0,0,0,0
white,32,8,8,5,1024,0,0,0,0,0,0,0,0
white,32,8,9,5,1024,0,0,0,0,0,0,0,0
white,32,8,10,5,1024,0,0,0,0,0,0,0,0
white,32,8,11,5,1024,0,0,0,0,0,0,0,0
white,32,8,12,5,1024,0,0,0,0,0,0,0,0
white,32,8,13,5,1024,0,0,0,0,0,0,0,0
white,32,8,14,5,1024,0,0,0,0,0,0,0,0
white,32,8,15,5,1024,0,0,0,0,0,0,0,0
white,32,8,16,5,1024,0,0,0,0,0,0,0,0
white,32,8,17,5,1024,0,0,0,0,0,0,0,0
white,32,8,18,5,1024,0,0,0,0,0,0,0,0
white,32,8,19,5,1024,0,0,0,0,0,0,0,0
white,32,8,0,6,1024,32,3,768,768,0,0,307,307
white,32,8,1,6,1024,0,0,0,0,0,0,0,0
white,32,8,2,6,1024,0,0,0,0,0,0,0,0
white,32,8,3,6,1024,0,0,0,0,0,0,0,0
white,32,8,4,6,1024,0,0,0,0,0,0,0,0
white,32,8,5,6,1024,0,0,0,0,0,0,0,0
white,32,8,6,6,1024,0,0,0,0,0,0,0,0
white,32,8,7,6,1024,0,0,0,0,0,0,0,0
white,32,8,8,6,1024,0,0,0,0,0,0,0,0
white,32,8,9,6,1024,0,0,0,0,0,0,0,0
white,32,8,10,6,1024,0,0,0,0,0,0,0,0
white,32,8,11,6,1024,0,0,0,0,0,0,0,0
white,32,8,12,6,1024,0,0,0,0,0,0,0,0
white,32,8,13,6,1024,0,0,0,0,0,0,0,0
white,32,8,14,6,1024,0,0,0,0,0,0,0,0
white,32,8,15,6,1024,0,0,0,0,0,0,0,0
white,32,8,16,6,1024,0,0,0,0,0,0,0,0
white,32,8,17,6,1024,0,0,0,0,0,0,0,0
white,32,8,18,6,1024,0,0,0,0,0,0,0,0
white,32,8,19,6,1024,0,0,0,0,0,0,0,0
white,32,8,0,7,1024,32,3,768,768,0,0,307,307
white,32,8,1,7,1024,0,0,0,0,0,0,0,0
white,32,8,2,7,1024,0,0,0,0,0,0,0,0
white,32,8,3,7,1024,0,0,0,0,0,0,0,0
white,32,8,4,7,1024,0,0,0,0,0,0,0,0
white,32,8,5,7,1024,0,0,0,0,0,0,0,0
white,32,8,6,7,1024,0,0,0,0,0,0,0,0
white,32,8,7,7,1024,0,0,0,0,0,0,0,0
white,32,8,8,7,1024,0,0,0,0,0,0,0,0
white,32,8,9,7,1024,0,0,0,0,0,0,0,0
white,32,8,10,7,1024,0,0,0,0,0,0,0,0
white,32,8,11,7,1024,0,0,0,0,0,0,0,0
white,32,8,12,7,1024,0,0,0,0,0,0,0,0
white,32,8,13,7,1024,0,0,0,0,0,0,0,0
white,32,8,14,7,1024,0,0,0,0,0,0,0,0
white,32,8,15,7,1024,0,0,0,0,0,0,0,0
white,32,8,16,7,1024,0,0,0,0,0,0,0,0
white,32,8,17,7,1024,0,0,0,0,0,0,0,0
white,32,8,18,7,1024,0,0,0,0,0,0,0,0
white,32,8,19,7,1024,0,0,0,0,0,0,0,0
white,32,8,0,8,1024,32,3,768,768,0,0,307,307
white,32,8,1,8,1024,0,0,0,0,0,0,0,0
white,32,8,2,8,1024,0,0,0,0,0,0,0,0
white,32,8,3,8,1024,0,0,0,0,0,0,0,0
white,32,8,4,8,1024,0,0,0,0,0,0,0,0
white,32,8,5,8,1024,0,0,0,0,0,0,0,0
white,32,8,6,8,1024,0,0,0,0,0,0,0,0
white,32,8,7,8,1024,0,0,0,0,0,0,0,0
white,32,8,8,8,1024,0,0,0,0,0,0,0,0
white,32,8,9,8,1024,0,0,0,0,0,0,0,0
white,32,8,10,8,1024,0,0,0,0,0,0,0,0
white,32,8,11,8,1024,0,0,0,0,0,0,0,0
white,32,8,12,8,1024,0,0,0,0,0,0,0,0
white,32,8,13,8,1024,0,0,0,0,0,0,0,0
white,32,8,14,8,1024,0,0,0,0,0,0,0,0
white,32,8,15,8,1024,0,0,0,0,0,0,0,0
white,32,8,16,8,1024,0,0,0,0,0,0,0,0
white,32,8,17,8,1024,0,0,0,0,0,0,0,0
white,32,8,18,8,1024,0,0,0,0,0,0,0,0
white,32,8,19,8,1024,0,0,0,0,0,0,0,0
white,32,8,0,9,1024,32,3,768,768,0,0,307,307
white,32,8,1,9,1024,0,0,0,0,0,0,0,0
white,32,8,2,9,1024,0,0,0,0,0,0,0,0
white,32,8,3,9,1024,0,0,0,0,0,0,0,0
white,32,8,4,9,1024,0,0,0,0,0,0,0,0
white,32,8,5,9,1024,0,0,0,0,0,0,0,0
white,32,8,6,9,1024,0,0,0,0,0,0,0,0
white,32,8,7,9,1024,0,0,0,0,0,0,0,0
white,32,8,8,9,1024,0,0,0,0,0,0,0,0
white,32,8,9,9,1024,0,0,0,0,0,0,0,0
white,32,8,10,9,1024,0,0,0,0,0,0,0,0
white,32,8,11,9,1024,0,0,0,0,0,0,0,0
white,32,8,12,9,1024,0,0,0,0,0,0,0,0
white,32,8,13,9,1024,0,0,0,0,0,0,0,0
white,32,8,14,9,1024,0,0,0,0,0,0,0,0
white,32,8,15,9,1024,0,0,0,0,0,0,0,0
white,32,8,16,9,1024,0,0,0,0,0,0,0,0
white,32,8,17,9,1024,0,0,0,0,0,0,0,0
white,32,8,18,9,1024,0,0,0,0,0,0,0,0
white,32,8,19,9,1024,0,0,0,0,0,0,0,0
white,32,8,0,10,1024,32,3,768,768,0,0,307,307
white,32,8,1,10,1024,0,0,0,0,0,0,0,0
white,32,8,2,10,1024,0,0,0,0,0,0,0,0
white,32,8,3,10,1024,0,0,0,0,0,0,0,0
white,32,8,4,10,1024,0,0,0,0,0,0,0,0
white,32,8,5,10,1024,0,0,0,0,0,0,0,0
white,32,8,6,10,1024,0,0,0,0,0,0,0,0
white,32,8,7,10,1024,0,0,0,0,0,0,0,0
white,32,8,8,10,1024,0,0,0,0,0,0,0,0
white,32,8,9,10,1024,0,0,0,0,0,0,0,0
white,32,8,10,10,1024,0,0,0,0,0,0,0,0
white,32,8,11,10,1024,0,0,0,0,0,0,0,0
white,32,8,12,10,1024,0,0,0,0,0,0,0,0
white,32,8,13,10,1024,0,0,0,0,0,0,0,0
white,32,8,14,10,1024,0,0,0,0,0,0,0,0
white,32,8,15,10,1024,0,0,0,0,0,0,0,0
white,32,8,16,10,1024,0,0,0,0,0,0,0,0
white,32,8,17,10,1024,0,0,0,0,0,0,0,0
white,32,8,18,10,1024,0,0,0,0,0,0,0,0
white,32,8,19,10,1024,0,0,0,0,0,0,0,0
white,32,8,0,11,1024,32,3,768,768,0,0,307,307
white,32,8,1,11,1024,0,0,0,0,0,0,0,0
white,32,8,2,11,1024,0,0,0,0,0,0,0,0
white,32,8,3,11,1024,0,0,0,0,0,0,0,0
white,32,8,4,11,1024,0,0,0,0,0,0,0,0
white,32,8,5,11,1024,0,0,0,0,0,0,0,0
white,32,8,6,11,1024,0,0,0,0,0,0,0,0
white,32,8,7,11,1024,0,0,0,0,0,0,0,0
white,32,8,8,11,1024,0,0,0,0,0,0,0,0
white,32,8,9,11,1024,0,0,0,0,0,0,0,0
white,32,8,10,11,1024,0,0,0,0,0,0,0,0
white,32,8,11,11,1024,0,0,0,0,0,0,0,0
white,32,8,12,11,1024,0,0,0,0,0,0,0,0
white,32,8,13,11,1024,0,0,0,0,0,0,0,0
white,32,8,14,11,1024,0,0,0,0,0,0,0,0
white,32,8,15,11,1024,0,0,0,0,0,0,0,0
white,32,8,16,11,1024,0,0,0,0,0,0,0,0
white,32,8,17,11,1024,0,0,0,0,0,0,0,0
white,32,8,18,11,1024,0,0,0,0,0,0,0,0
white,32,8,19,11,1024,0,0,0,0,0,0,0,0
white,32,8,0,12,1024,32,3,768,768,0,0,307,307
white,32,8,1,12,1024,0,0,0,0,0,0,0,0
white,32,8,2,12,1024,0,0,0,0,0,0,0,0
white,32,8,3,12,1024,0,0,0,0,0,0,0,0
white,32,8,4,12,1024,0,0,0,0,0,0,0,0
white,32,8,5,12,1024,0,0,0,0,0,0,0,0
white,32,8,6,12,1024,0,0,0,0,0,0,0,0
white,32,8,7,12,1024,0,0,0,0,0,0,0,0
white,32,8,8,12,1024,0,0,0,0,0,0,0,0
white,32,8,9,12,1024,0,0,0,0,0,0,0,0
white,32,8,10,12,1024,0,0,0,0,0,0,0,0
white,32,8,11,12,1024,0,0,0,0,0,0,0,0
white,32,8,12,12,1024,0,0,0,0,0,0,0,0
white,32,8,13,12,1024,0,0,0,0,0,0,0,0
white,32,8,14,12,1024,0,0,0,0,0,0,0,0
white,32,8,15,12,1024,0,0,0,0,0,0,0,0
white,32,8,16,12,1024,0,0,0,0,0,0,0,0
white,32,8,17,12,1024,0,0,0,0,0,0,0,0
white,32,8,18,12,1024,0,0,0,0,0,0,0,0
white,32,8,19,12,1024,0,0,0,0,0,0,0,0
white,32,8,0,13,1024,32,3,768,768,0,0,307,307
white,32,8,1,13,1024,0,0,0,0,0,0,0,0
white,32,8,2,13,1024,0,0,0,0,0,0,0,0
white,32,8,3,13,1024,0,0,0,0,0,0,0,0
white,32,8,4,13,1024,0,0,0,0,0,0,0,0
white,32,8,5,13,1024,0,0,0,0,0,0,0,0
white,32,8,6,13,1024,0,0,0,0,0,0,0,0
white,32,8,7,13,1024,0,0,0,0,0,0,0,0
white,32,8,8,13,1024,0,0,0,0,0,0,0,0
white,32,8,9,13,1024,0,0,0,0,0,0,0,0
white,32,8,10,13,1024,0,0,0,0,0,0,0,0
white,32,8,11,13,1024,0,0,0,0,0,0,0,0
white,32,8,12,13,1024,0,0,0,0,0,0,0,0
white,32,8,13,13,1024,0,0,0,0,0,0,0,0
white,32,8,14,13,1024,0,0,0,0,0,0,0,0
white,32,8,15,13,1024,0,0,0,0,0,0,0,0
white,32,8,16,13,1024,0,0,0,0,0,0,0,0
white,32,8,17,13,1024,0,0,0,0,0,0,0,0
white,32,8,18,13,1024,0,0,0,0,0,0,0,0
white,32,8,19,13,1024,0,0,0,0,0,0,0,0
white,32,8,0,14,1024,32,3,768,768,0,0,307,307
white,32,8,1,14,1024,0,0,0,0,0,0,0,0
white,32,8,2,14,1024,0,0,0,0,0,0,0,0
white,32,8,3,14,1024,0,0,0,0,0,0,0,0
white,32,8,4,14,1024,0,0,0,0,0,0,0,0
white,32,8,5,14,1024,0,0,0,0,0,0,0,0
white,32,8,6,14,1024,0,0,0,0,0,0,0,0
white,32,8,7,14,1024,0,0,0,0,0,0,0,0
white,32,8,8,14,1024,0,0,0,0,0,0,0,0
white,32,8,9,14,1024,0,0,0,0,0,0,0,0
white,32,8,10,14,1024,0,0,0,0,0,0,0,0
white,32,8,11,14,1024,0,0,0,0,0,0,0,0
white,32,8,12,14,1024,0,0,0,0,0,0,0,0
white,32,8,13,14,1024,0,0,0,0,0,0,0,0
white,32,8,14,14,1024,0,0,0,0,0,0,0,0
white,32,8,15,14,1024,0,0,0,0,0,0,0,0
white,32,8,16,14,1024,0,0,0,0,0,0,0,0
white,32,8,17,14,1024,0,0,0,0,0,0,0,0
white,32,8,18,14,1024,0,0,0,0,0,0,0,0
white,32,8,19,14,1024,0,0,0,0,0,0,0,0
white,32,16,0,0,1024,57,6,768,768,0,0,307,307
white,32,16,1,0,1024,32,6,768,768,0,0,307,307
white,32,16,2,0,1024,32,6,768,768,0,0,307,307
white,32,16,3,0,1024,32,6,768,768,0,0,307,307
white,32,16,4,0,1024,32,6,768,768,0,0,307,307
white,32,16,5,0,1024,32,6,768,768,0,0,307,307
white,32,16,6,0,1024,32,6,768,768,0,0,307,307
white,32,16,7,0,1024,32,6,768,768,0,0,307,307
white,32,16,8,0,1024,32,6,768,768,0,0,307,307
white,32,16,9,0,1024,32,6,768,768,0,0,307,307
white,32,16,10,0,1024,32,6,768,768,0,0,307,307
white,32,16,11,0,1024,32,6,768,768,0,0,307,307
white,32,16,12,0,1024,32,6,768,768,0,0,307,307
white,32,16,13,0,1024,32,6,768,768,0,0,307,307
white,32,16,14,0,1024,32,6,768,768,0,0,307,307
white,32,16,15,0,1024,32,6,768,768,0,0,307,307
white,32,16,16,0,1024,32,6,768,768,0,0,307,307
white,32,16,17,0,1024,32,6,768,768,0,0,307,307
white,32,16,18,0,1024,32,6,768,768,0,0,307,307
white,32,16,19,0,1024,32,6,768,768,0,0,307,307
white,32,16,0,1,1024,32,6,768,768,0,0,307,307
white,32,16,1,1,1024,0,0,0,0,0,0,0,0
white,32,16,2,1,1024,0,0,0,0,0,0,0,0
white,32,16,3,1,1024,0,0,0,0,0,0,0,0
white,32,16,4,1,1024,0,0,0,0,0,0,0,0
white,32,16,5,1,1024,0,0,0,0,0,0,0,0
white,32,16,6,1,1024,0,0,0,0,0,0,0,0
white,32,16,7,1,1024,0,0,0,0,0,0,0,0
white,32,16,8,1,1024,0,0,0,0,0,0,0,0
white,32,16,9,1,1024,0,0,0,0,0,0,0,0
white,32,16,10,1,1024,0,0,0,0,0,0,0,0
white,32,16,11,1,1024,0,0,0,0,0,0,0,0
white,32,16,12,1,1024,0,0,0,0,0,0,0,0
white,32,16,13,1,1024,0,0,0,0,0,0,0,0
white,32,16,14,1,1024,0,0,0,0,0,0,0,0
white,32,16,15,1,1024,0,0,0,0,0,0,0,0
white,32,16,16,1,1024,0,0,0,0,0,0,0,0
white,32,16,17,1,1024,0,0,0,0,0,0,0,0
white,32,16,18,1,1024,0,0,0,0,0,0,0,0
white,32,16,19,1,1024,0,0,0,0,0,0,0,0
white,32,16,0,2,1024,32,6,768,768,0,0,307,307
white,32,16,1,2,1024,0,0,0,0,0,0,0,0
white,32,16,2,2,1024,0,0,0,0,0,0,0,0
white,32,16,3,2,1024,0,0,0,0,0,0,0,0
white,32,16,4,2,1024,0,0,0,0,0,0,0,0
white,32,16,5,2,1024,0,0,0,0,0,0,0,0
white,32,16,6,2,1024,0,0,0,0,0,0,0,0
white,32,16,7,2,1024,0,0,0,0,0,0,0,0
white,32,16,8,2,1024,0,0,0,0,0,0,0,0
white,32,16,9,2,1024,0,0,0,0,0,0,0,0
white,32,16,10,2,1024,0,0,0,0,0,0,0,0
white,32,16,11,2,1024,0,0,0,0,0,0,0,0
white,32,16,12,2,1024,0,0,0,0,0,0,0,0
white,32,16,13,2,1024,0,0,0,0,0,0,0,0
white,32,16,14,2,1024,0,0,0,0,0,0,0,0
white,32,16,15,2,1024,0,0,0,0,0,0,0,0
white,32,16,16,2,1024,0,0,0,0,0,0,0,0
white,32,16,17,2,1024,0,0,0,0,0,0,0,0
white,32,16,18,2,1024,0,0,0,0,0,0,0,0
white,32,16,19,2,1024,0,0,0,0,0,0,0,0
white,32,16,0,3,1024,32,6,768,768,0,0,307,307
white,32,16,1,3,1024,0,0,0,0,0,0,0,0
white,32,16,2,3,1024,0,0,0,0,0,0,0,0
white,32,16,3,3,1024,0,0,0,0,0,0,0,0
white,32,16,4,3,1024,0,0,0,0,0,0,0,0
white,32,16,5,3,1024,0,0,0,0,0,0,0,0
white,32,16,6,3,1024,0,0,0,0,0,0,0,0
white,32,16,7,3,1024,0,0,0,0,0,0,0,0
white,32,16,8,3,1024,0,0,0,0,0,0,0,0
white,32,16,9,3,1024,0,0,0,0,0,0,0,0
white,32,16,10,3,1024,0,0,0,0,0,0,0,0
white,32,16,11,3,1024,0,0,0,0,0,0,0,0
white,32,16,12,3,1024,0,0,0,0,0,0,0,0
white,32,16,13,3,1024,0,0,0,0,0,0,0,0
white,32,16,14,3,1024,0,0,0,0,0,0,0,0
white,32,16,15,3,1024,0,0,0,0,0,0,0,0
white,32,16,16,3,1024,0,0,0,0,0,0,0,0
white,32,16,17,3,1024,0,0,0,0,0,0,0,0
white,32,16,18,3,1024,0,0,0,0,0,0,0,0
white,32,16,19,3,1024,0,0,0,0,0,0,0,0
white,32,16,0,4,1024,32,6,768,768,0,0,307,307
white,32,16,1,4,1024,0,0,0,0,0,0,0,0
white,32,16,2,4,1024,0,0,0,0,0,0,0,0
white,32,16,3,4,1024,0,0,0,0,0,0,0,0
white,32,16,4,4,1024,0,0,0,0,0,0,0,0
white,32,16,5,4,1024,0,0,0,0,0,0,0,0
white,32,16,6,4,1024,0,0,0,0,0,0,0,0
white,32,16,7,4,1024,0,0,0,0,0,0,0,0
white,32,16,8,4,1024,0,0,0,0,0,0,0,0
white,32,16,9,4,1024,0,0,0,0,0,0,0,0
white,32,16,10,4,1024,0,0,0,0,0,0,0,0
white,32,16,11,4,1024,0,0,0,0,0,0,0,0
white,32,16,12,4,1024,0,0,0,0,0,0,0,0
white,32,16,13,4,1024,0,0,0,0,0,0,0,0
white,32,16,14,4,1024,0,0,0,0,0,0,0,0
white,32,16,15,4,1024,0,0,0,0,0,0,0,0
white,32,16,16,4,1024,0,0,0,0,0,0,0,0
white,32,16,17,4,1024,0,0,0,0,0,0,0,0
white,32,16,18,4,1024,0,0,0,0,0,0,0,0
white,32,16,19,4,1024,0,0,0,0,0,0,0,0
white,32,16,0,5,1024,32,6,768,768,0,0,307,307
white,32,16,1,5,1024,0,0,0,0,0,0,0,0
white,32,16,2,5,1024,0,0,0,0,0,0,0,0
white,32,16,3,5,1024,0,0,0,0,0,0,0,0
white,32,16,4,5,1024,0,0,0,0,0,0,0,0
white,32,16,5,5,1024,0,0,0,0,0,0,0,0
white,32,16,6,5,1024,0,0,0,0,0,0,0,0
white,32,16,7,5,1024,0,0,0,0,0,0,0,0
white,32,16,8,5,1024,0,0,0,0,0,0,0,0
white,32,16,9,5,1024,0,0,0,0,0,0,0,0
white,32,16,10,5,1024,0,0,0,0,0,0,0,0
white,32,16,11,5,1024,0,0,0,0,0,0,0,0
white,32,16,12,5,1024,0,0,0,0,0,0,0,0
white,32,16,13,5,1024,0,0,0,0,0,0,0,0
white,32,16,14,5,1024,0,0,0,0,0,0,0,0
white,32,16,15,5,1024,0,0,0,0,0,0,0,0
white,32,16,16,5,1024,0,0,0,0,0,0,0,0
white,32,16,17,5,1024,0,0,0,0,0,0,0,0
white,32,16,18,5,1024,0,0,0,0,0,0,0,0
white,32,16,19,5,1024,0,0,0,0,0,0,0,0
white,32,16,0,6,1024,32,6,768,768,0,0,307,307
white,32,16,1,6,1024,0,0,0,0,0,0,0,0
white,32,16,2,6,1024,0,0,0,0,0,0,0,0
white,32,16,3,6,1024,0,0,0,0,0,0,0,0
white,32,16,4,6,1024,0,0,0,0,0,0,0,0
white,32,16,5,6,1024,0,0,0,0,0,0,0,0
white,32,16,6,6,1024,0,0,0,0,0,0,0,0
white,32,16,7,6,1024,0,0,0,0,0,0,0,0
white,32,16,8,6,1024,0,0,0,0,0,0,0,0
white,32,16,9,6,1024,0,0,0,0,0,0,0,0
white,32,16,10,6,1024,0,0,0,0,0,0,0,0
white,32,16,11,6,1024,0,0,0,0,0,0,0,0
white,32,16,12,6,1024,0,0,0,0,0,0,0,0
white,32,16,13,6,1024,0,0,0,0,0,0,0,0
white,32,16,14,6,1024,0,0,0,0,0,0,0,0
white,32,16,15,6,1024,0,0,0,0,0,0,0,0
white,32,16,16,6,1024,0,0,0,0,0,0,0,0
white,32,16,17,6,1024,0,0,0,0,0,0,0,0
white,32,16,18,6,1024,0,0,0,0,0,0,0,0
white,32,16,19,6,1024,0,0,0,0,0,0,0,0
white,32,16,0,7,1024,32,6,768,768,0,0,307,307
white,32,16,1,7,1024,0,0,0,0,0,0,0,0
white,32,16,2,7,1024,0,0,0,0,0,0,0,0
white,32,16,3,7,1024,0,0,0,0,0,0,0,0
white,32,16,4,7,1024,0,0,0,0,0,0,0,0
white,32,16,5,7,1024,0,0,0,0,0,0,0,0
white,32,16,6,7,1024,0,0,0,0,0,0,0,0
white,32,16,7,7,1024,0,0,0,0,0,0,0,0
white,32,16,8,7,1024,0,0,0,0,0,0,0,0
white,32,16,9,7,1024,0,0,0,0,0,0,0,0
white,32,16,10,7,1024,0,0,0,0,0,0,0,0
white,32,16,11,7,1024,0,0,0,0,0,0,0,0
white,32,16,12,7,1024,0,0,0,0,0,0,0,0
white,32,16,13,7,1024,0,0,0,0,0,0,0,0
white,32,16,14,7,1024,0,0,0,0,0,0,0,0
white,32,16,15,7,1024,0,0,0,0,0,0,0,0
white,32,16,16,7,1024,0,0,0,0,0,0,0,0
white,32,16,17,7,1024,0,0,0,0,0,0,0,0
white,32,16,18,7,1024,0,0,0,0,0,0,0,0
white,32,16,19,7,1024,0,0,0,0,0,0,0,0
white,32,16,0,8,1024,32,6,768,768,0,0,307,307
white,32,16,1,8,1024,0,0,0,0,0,0,0,0
white,32,16,2,8,1024,0,0,0,0,0,0,0,0
white,32,16,3,8,1024,0,0,0,0,0,0,0,0
white,32,16,4,8,1024,0,0,0,0,0,0,0,0
white,32,16,5,8,1024,0,0,0,0,0,0,0,0
white,32,16,6,8,1024,0,0,0,0,0,0,0,0
white,32,16,7,8,1024,0,0,0,0,0,0,0,0
white,32,16,8,8,1024,0,0,0,0,0,0,0,0
white,32,16,9,8,1024,0,0,0,0,0,0,0,0
white,32,16,10,8,1024,0,0,0,0,0,0,0,0
white,32,16,11,8,1024,0,0,0,0,0,0,0,0
white,32,16,12,8,1024,0,0,0,0,0,0,0,0
white,32,16,13,8,1024,0,0,0,0,0,0,0,0
white,32,16,14,8,1024,0,0,0,0,0,0,0,0
white,32,16,15,8,1024,0,0,0,0,0,0,0,0
white,32,16,16,8,1024,0,0,0,0,0,0,0,0
white,32,16,17,8,1024,0,0,0,0,0,0,0,0
white,32,16,18,8,1024,0,0,0,0,0,0,0,0
white,32,16,19,8,1024,0,0,0,0,0,0,0,0
white,32,16,0,9,1024,32,6,768,768,0,0,307,307
white,32,16,1,9,1024,0,0,0,0,0,0,0,0
white,32,16,2,9,1024,0,0,0,0,0,0,0,0
white,32,16,3,9,1024,0,0,0,0,0,0,0,0
white,32,16,4,9,1024,0,0,0,0,0,0,0,0
white,32,16,5,9,1024,0,0,0,0,0,0,0,0
white,32,16,6,9,1024,0,0,0,0,0,0,0,0
white,32,16,7,9,1024,0,0,0,0,0,0,0,0
white,32,16,8,9,1024,0,0,0,0,0,0,0,0
white,32,16,9,9,1024,0,0,0,0,0,0,0,0
white,32,16,10,9,1024,0,0,0,0,0,0,0,0
white,32,16,11,9,1024,0,0,0,0,0,0,0,0
white,32,16,12,9,1024,0,0,0,0,0,0,0,0
white,32,16,13,9,1024,0,0,0,0,0,0,0,0
white,32,16,14,9,1024,0,0,0,0,0,0,0,0
white,32,16,15,9,1024,0,0,0,0,0,0,0,0
white,32,16,16,9,1024,0,0,0,0,0,0,0,0
white,32,16,17,9,1024,0,0,0,0,0,0,0,0
white,32,16,18,9,1024,0,0,0,0,0,0,0,0
white,32,16,19,9,1024,0,0,0,0,0,0,0,0
white,32,16,0,10,1024,32,6,768,768,0,0,307,307
white,32,16,1,10,1024,0,0,0,0,0,0,0,0
white,32,16,2,10,1024,0,0,0,0,0,0,0,0
white,32,16,3,10,1024,0,0,0,0,0,0,0,0
white,32,16,4,10,1024,0,0,0,0,0,0,0,0
white,32,16,5,10,1024,0,0,0,0,0,0,0,0
white,32,16,6,10,1024,0,0,0,0,0,0,0,0
white,32,16,7,10,1024,0,0,0,0,0,0,0,0
white,32,16,8,10,1024,0,0,0,0,0,0,0,0
white,32,16,9,10,1024,0,0,0,0,0,0,0,0
white,32,16,10,10,1024,0,0,0,0,0,0,0,0
white,32,16,11,10,1024,0,0,0,0,0,0,0,0
white,32,16,12,10,1024,0,0,0,0,0,0,0,0
white,32,16,13,10,1024,0,0,0,0,0,0,0,0
white,32,16,14,10,1024,0,0,0,0,0,0,0,0
white,32,16,15,10,1024,0,0,0,0,0,0,0,0
white,32,16,16,10,1024,0,0,0,0,0,0,0,0
white,32,16,17,10,1024,0,0,0,0,0,0,0,0
white,32,16,18,10,1024,0,0,0,0,0,0,0,0
white,32,16,19,10,1024,0,0,0,0,0,0,0,0
white,32,16,0,11,1024,32,6,768,768,0,0,307,307
white,32,16,1,11,1024,0,0,0,0,0,0,0,0
white,32,16,2,11,1024,0,0,0,0,0,0,0,0
white,32,16,3,11,1024,0,0,0,0,0,0,0,0
white,32,16,4,11,1024,0,0,0,0,0,0,0,0
white,32,16,5,11,1024,0,0,0,0,0,0,0,0
white,32,16,6,11,1024,0,0,0,0,0,0,0,0
white,32,16,7,11,1024,0,0,0,0,0,0,0,0
white,32,16,8,11,1024,0,0,0,0,0,0,0,0
white,32,16,9,11,1024,0,0,0,0,0,0,0,0
white,32,16,10,11,1024,0,0,0,0,0,0,0,0
white,32,16,11,11,1024,0,0,0,0,0,0,0,0
white,32,16,12,11,1024,0,0,0,0,0,0,0,0
white,32,16,13,11,1024,0,0,0,0,0,0,0,0
white,32,16,14,11,1024,0,0,0,0,0,0,0,0
white,32,16,15,11,1024,0,0,0,0,0,0,0,0
white,32,16,16,11,1024,0,0,0,0,0,0,0,0
white,32,16,17,11,1024,0,0,0,0,0,0,0,0
white,32,16,18,11,1024,0,0,0,0,0,0,0,0
white,32,16,19,11,1024,0,0,0,0,0,0,0,0
white,32,16,0,12,1024,32,6,768,768,0,0,307,307
white,32,16,1,12,1024,0,0,0,0,0,0,0,0
white,32,16,2,12,1024,0,0,0,0,0,0,0,0
white,32,16,3,12,1024,0,0,0,0,0,0,0,0
white,32,16,4,12,1024,0,0,0,0,0,0,0,0
white,32,16,5,12,1024,0,0,0,0,0,0,0,0
white,32,16,6,12,1024,0,0,0,0,0,0,0,0
white,32,16,7,12,1024,0,0,0,0,0,0,0,0
white,32,16,8,12,1024,0,0,0,0,0,0,0,0
white,32,16,9,12,1024,0,0,0,0,0,0,0,0
white,32,16,10,12,1024,0,0,0,0,0,0,0,0
white,32,16,11,12,1024,0,0,0,0,0,0,0,0
white,32,16,12,12,1024,0,0,0,0,0,0,0,0
white,32,16,13,12,1024,0,0,0,0,0,0,0,0
white,32,16,14,12,1024,0,0,0,0,0,0,0,0
white,32,16,15,12,1024,0,0,0,0,0,0,0,0
white,32,16,16,12,1024,0,0,0,0,0,0,0,0
white,32,16,17,12,1024,0,0,0,0,0,0,0,0
white,32,16,18,12,1024,0,0,0,0,0,0,0,0
white,32,16,19,12,1024,0,0,0,0,0,0,0,0
white,32,16,0,13,1024,32,6,768,768,0,0,307,307
white,32,16,1,13,1024,0,0,0,0,0,0,0,0
white,32,16,2,13,1024,0,0,0,0,0,0,0,0
white,32,16,3,13,1024,0,0,0,0,0,0,0,0
white,32,16,4,13,1024,0,0,0,0,0,0,0,0
white,32,16,5,13,1024,0,0,0,0,0,0,0,0
white,32,16,6,13,1024,0,0,0,0,0,0,0,0
white,32,16,7,13,1024,0,0,0,0,0,0,0,0
white,32,16,8,13,1024,0,0,0,0,0,0,0,0
white,32,16,9,13,1024,0,0,0,0,0,0,0,0
white,32,16,10,13,1024,0,0,0,0,0,0,0,0
white,32,16,11,13,1024,0,0,0,0,0,0,0,0
white,32,16,12,13,1024,0,0,0,0,0,0,0,0
white,32,16,13,13,1024,0,0,0,0,0,0,0,0
white,32,16,14,13,1024,0,0,0,0,0,0,0,0
white,32,16,15,13,1024,0,0,0,0,0,0,0,0
white,32,16,16,13,1024,0,0,0,0,0,0,0,0
white,32,16,17,13,1024,0,0,0,0,0,0,0,0
white,32,16,18,13,1024,0,0,0,0,0,0,0,0
white,32,16,19,13,1024,0,0,0,0,0,0,0,0
white,32,16,0,14,1024,32,6,768,768,0,0,307,307
white,32,16,1,14,1024,0,0,0,0,0,0,0,0
white,32,16,2,14,1024,0,0,0,0,0,0,0,0
white,32,16,3,14,1024,0,0,0,0,0,0,0,0
white,32,16,4,14,1024,0,0,0,0,0,0,0,0
white,32,16,5,14,1024,0,0,0,0,0,0,0,0
white,32,16,6,14,1024,0,0,0,0,0,0,0,0
white,32,16,7,14,1024,0,0,0,0,0,0,0,0
white,32,16,8,14,1024,0,0,0,0,0,0,0,0
white,32,16,9,14,1024,0,0,0,0,0,0,0,0
white,32,16,10,14,1024,0,0,0,0,0,0,0,0
white,32,16,11,14,1024,0,0,0,0,0,0,0,0
white,32,16,12,14,1024,0,0,0,0,0,0,0,0
white,32,16,13,14,1024,0,0,0,0,0,0,0,0
white,32,16,14,14,1024,0,0,0,0,0,0,0,0
white,32,16,15,14,1024,0,0,0,0,0,0,0,0
white,32,16,16,14,1024,0,0,0,0,0,0,0,0
white,32,16,17,14,1024,0,0,0,0,0,0,0,0
white,32,16,18,14,1024,0,0,0,0,0,0,0,0
white,32,16,19,14,1024,0,0,0,0,0,0,0,0
white,32,32,0,0,1024,57,12,768,768,0,0,307,307
white,32,32,1,0,1024,32,12,768,768,0,0,307,307
white,32,32,2,0,1024,32,12,768,768,0,0,307,307
white,32,32,3,0,1024,32,12,768,768,0,0,307,307
white,32,32,4,0,1024,32,12,768,768,0,0,307,307
white,32,32,5,0,1024,32,12,768,768,0,0,307,307
white,32,32,6,0,1024,32,12,768,768,0,0,307,307
white,32,32,7,0,1024,32,12,768,768,0,0,307,307
white,32,32,8,0,1024,32,12,768,768,0,0,307,307
white,32,32,9,0,1024,32,12,768,768,0,0,307,307
white,32,32,10,0,1024,32,12,768,768,0,0,307,307
white,32,32,11,0,1024,32,12,768,768,0,0,307,307
white,32,32,12,0,1024,32,12,768,768,0,0,307,307
white,32,32,13,0,1024,32,12,768,768,0,0,307,307
white,32,32,14,0,1024,32,12,768,768,0,0,307,307
white,32,32,15,0,1024,32,12,768,768,0,0,307,307
white,32,32,16,0,1024,32,12,768,768,0,0,307,307
white,32,32,17,0,1024,32,12,768,768,0,0,307,307
white,32,32,18,0,1024,32,12,768,768,0,0,307,307
white,32,32,19,0,1024,32,12,768,768,0,0,307,307
white,32,32,0,1,1024,32,12,768,768,0,0,307,307
white,32,32,1,1,1024,0,0,0,0,0,0,0,0
white,32,32,2,1,1024,0,0,0,0,0,0,0,0
white,32,32,3,1,1024,0,0,0,0,0,0,0,0
white,32,32,4,1,1024,0,0,0,0,0,0,0,0
white,32,32,5,1,1024,0,0,0,0,0,0,0,0
white,32,32,6,1,1024,0,0,0,0,0,0,0,0
white,32,32,7,1,1024,0,0,0,0,0,0,0,0
white,32,32,8,1,1024,0,0,0,0,0,0,0,0
white,32,32,9,1,1024,0,0,0,0,0,0,0,0
white,32,32,10,1,1024,0,0,0,0,0,0,0,0
white,32,32,11,1,1024,0,0,0,0,0,0,0,0
white,32,32,12,1,1024,0,0,0,0,0,0,0,0
white,32,32,13,1,1024,0,0,0,0,0,0,0,0
white,32,32,14,1,1024,0,0,0,0,0,0,0,0
white,32,32,15,1,1024,0,0,0,0,0,0,0,0
white,32,32,16,1,1024,0,0,0,0,0,0,0,0
white,32,32,17,1,1024,0,0,0,0,0,0,0,0
white,32,32,18,1,1024,0,0,0,0,0,0,0,0
white,32,32,19,1,1024,0,0,0,0,0,0,0,0
white,32,32,0,2,1024,32,12,768,768,0,0,307,307
white,32,32,1,2,1024,0,0,0,0,0,0,0,0
white,32,32,2,2,1024,0,0,0,0,0,0,0,0
white,32,32,3,2,1024,0,0,0,0,0,0,0,0
white,32,32,4,2,1024,0,0,0,0,0,0,0,0
white,32,32,5,2,1024,0,0,0,0,0,0,0,0
white,32,32,6,2,1024,0,0,0,0,0,0,0,0
white,32,32,7,2,1024,0,0,0,0,0,0,0,0
white,32,32,8,2,1024,0,0,0,0,0,0,0,0
white,32,32,9,2,1024,0,0,0,0,0,0,0,0
white,32,32,10,2,1024,0,0,0,0,0,0,0,0
white,32,32,11,2,1024,0,0,0,0,0,0,0,0
white,32,32,12,2,1024,0,0,0,0,0,0,0,0
white,32,32,13,2,1024,0,0,0,0,0,0,0,0
white,32,32,14,2,1024,0,0,0,0,0,0,0,0
white,32,32,15,2,1024,0,0,0,0,0,0,0,0
white,32,32,16,2,1024,0,0,0,0,0,0,0,0
white,32,32,17,2,1024,0,0,0,0,0,0,0,0
white,32,32,18,2,1024,0,0,0,0,0,0,0,0
white,32,32,19,2,1024,0,0,0,0,0,0,0,0
white,32,32,0,3,1024,32,12,768,768,0,0,307,307
white,32,32,1,3,1024,0,0,0,0,0,0,0,0
white,32,32,2,3,1024,0,0,0,0,0,0,0,0
white,32,32,3,3,1024,0,0,0,0,0,0,0,0
white,32,32,4,3,1024,0,0,0,0,0,0,0,0
white,32,32,5,3,1024,0,0,0,0,0,0,0,0
white,32,32,6,3,1024,0,0,0,0,0,0,0,0
white,32,32,7,3,1024,0,0,0,0,0,0,0,0
white,32,32,8,3,1024,0,0,0,0,0,0,0,0
white,32,32,9,3,1024,0,0,0,0,0,0,0,0
white,32,32,10,3,1024,0,0,0,0,0,0,0,0
white,32,32,11,3,1024,0,0,0,0,0,0,0,0
white,32,32,12,3,1024,0,0,0,0,0,0,0,0
white,32,32,13,3,1024,0,0,0,0,0,0,0,0
white,32,32,14,3,1024,0,0,0,0,0,0,0,0
white,32,32,15,3,1024,0,0,0,0,0,0,0,0
white,32,32,16,3,1024,0,0,0,0,0,0,0,0
white,32,32,17,3,1024,0,0,0,0,0,0,0,0
white,32,32,18,3,1024,0,0,0,0,0,0,0,0
white,32,32,19,3,1024,0,0,0,0,0,0,0,0
white,32,32,0,4,1024,32,12,768,768,0,0,307,307
white,32,32,1,4,1024,0,0,0,0,0,0,0,0
white,32,32,2,4,1024,0,0,0,0,0,0,0,0
white,32,32,3,4,1024,0,0,0,0,0,0,0,0
white,32,32,4,4,1024,0,0,0,0,0,0,0,0
white,32,32,5,4,1024,0,0,0,0,0,0,0,0
white,32,32,6,4,1024,0,0,0,0,0,0,0,0
white,32,32,7,4,1024,0,0,0,0,0,0,0,0
white,32,32,8,4,1024,0,0,0,0,0,0,0,0
white,32,32,9,4,1024,0,0,0,0,0,0,0,0
white,32,32,10,4,1024,0,0,0,0,0,0,0,0
white,32,32,11,4,1024,0,0,0,0,0,0,0,0
white,32,32,12,4,1024,0,0,0,0,0,0,0,0
white,32,32,13,4,1024,0,0,0,0,0,0,0,0
white,32,32,14,4,1024,0,0,0,0,0,0,0,0
white,32,32,15,4,1024,0,0,0,0,0,0,0,0
white,32,32,16,4,1024,0,0,0,0,0,0,0,0
white,32,32,17,4,1024,0,0,0,0,0,0,0,0
white,32,32,18,4,1024,0,0,0,0,0,0,0,0
white,32,32,19,4,1024,0,0,0,0,0,0,0,0
white,32,32,0,5,1024,32,12,768,768,0,0,307,307
white,32,32,1,5,1024,0,0,0,0,0,0,0,0
white,32,32,2,5,1024,0,0,0,0,0,0,0,0
white,32,32,3,5,1024,0,0,0,0,0,0,0,0
white,32,32,4,5,1024,0,0,0,0,0,0,0,0
white,32,32,5,5,1024,0,0,0,0,0,0,0,0
white,32,32,6,5,1024,0,0,0,0,0,0,0,0
white,32,32,7,5,1024,0,0,0,0,0,0,0,0
white,32,32,8,5,1024,0,0,0,0,0,0,0,0
white,32,32,9,5,1024,0,0,0,0,0,0,0,0
white,32,32,10,5,1024,0,0,0,0,0,0,0,0
white,32,32,11,5,1024,0,0,0,0,0,0,0,0
white,32,32,12,5,1024,0,0,0,0,0,0,0,0
white,32,32,13,5,1024,0,0,0,0,0,0,0,0
white,32,32,14,5,1024,0,0,0,0,0,0,0,0
white,32,32,15,5,1024,0,0,0,0,0,0,0,0
white,32,32,16,5,1024,0,0,0,0,0,0,0,0
white,32,32,17,5,1024,0,0,0,0,0,0,0,0
white,32,32,18,5,1024,0,0,0,0,0,0,0,0
white,32,32,19,5,1024,0,0,0,0,0,0,0,0
white,32,32,0,6,1024,32,12,768,768,0,0,307,307
white,32,32,1,6,1024,0,0,0,0,0,0,0,0
white,32,32,2,6,1024,0,0,0,0,0,0,0,0
white,32,32,3,6,1024,0,0,0,0,0,0,0,0
white,32,32,4,6,1024,0,0,0,0,0,0,0,0
white,32,32,5,6,1024,0,0,0,0,0,0,0,0
white,32,32,6,6,1024,0,0,0,0,0,0,0,0
white,32,32,7,6,1024,0,0,0,0,0,0,0,0
white,32,32,8,6,1024,0,0,0,0,0,0,0,0
white,32,32,9,6,1024,0,0,0,0,0,0,0,0
white,32,32,10,6,1024,0,0,0,0,0,0,0,0
white,32,32,11,6,1024,0,0,0,0,0,0,0,0
white,32,32,12,6,1024,0,0,0,0,0,0,0,0
white,32,32,13,6,1024,0,0,0,0,0,0,0,0
white,32,32,14,6,1024,0,0,0,0,0,0,0,0
white,32,32,15,6,1024,0,0,0,0,0,0,0,0
white,32,32,16,6,1024,0,0,0,0,0,0,0,0
white,32,32,17,6,1024,0,0,0,0,0,0,0,0
white,32,32,18,6,1024,0,0,0,0,0,0,0,0
white,32,32,19,6,1024,0,0,0,0,0,0,0,0
white,32,32,0,7,1024,32,12,768,768,0,0,307,307
white,32,32,1,7,1024,0,0,0,0,0,0,0,0
white,32,32,2,7,1024,0,0,0,0,0,0,0,0
white,32,32,3,7,1024,0,0,0,0,0,0,0,0
white,32,32,4,7,1024,0,0,0,0,0,0,0,0
white,32,32,5,7,1024,0,0,0,0,0,0,0,0
white,32,32,6,7,1024,0,0,0,0,0,0,0,0
white,32,32,7,7,1024,0,0,0,0,0,0,0,0
white,32,32,8,7,1024,0,0,0,0,0,0,0,0
white,32,32,9,7,1024,0,0,0,0,0,0,0,0
white,32,32,10,7,1024,0,0,0,0,0,0,0,0
white,32,32,11,7,1024,0,0,0,0,0,0,0,0
white,32,32,12,7,1024,0,0,0,0,0,0,0,0
white,32,32,13,7,1024,0,0,0,0,0,0,0,0
white,32,32,14,7,1024,0,0,0,0,0,0,0,0
white,32,32,15,7,1024,0,0,0,0,0,0,0,0
white,32,32,16,7,1024,0,0,0,0,0,0,0,0
white,32,32,17,7,1024,0,0,0,0,0,0,0,0
white,32,32,18,7,1024,0,0,0,0,0,0,0,0
white,32,32,19,7,1024,0,0,0,0,0,0,0,0
white,32,32,0,8,1024,32,12,768,768,0,0,307,307
white,32,32,1,8,1024,0,0,0,0,0,0,0,0
white,32,32,2,8,1024,0,0,0,0,0,0,0,0
white,32,32,3,8,1024,0,0,0,0,0,0,0,0
white,32,32,4,8,1024,0,0,0,0,0,0,0,0
white,32,32,5,8,1024,0,0,0,0,0,0,0,0
white,32,32,6,8,1024,0,0,0,0,0,0,0,0
white,32,32,7,8,1024,0,0,0,0,0,0,0,0
white,32,32,8,8,1024,0,0,0,0,0,0,0,0
white,32,32,9,8,1024,0,0,0,0,0,0,0,0
white,32,32,10,8,1024,0,0,0,0,0,0,0,0
white,32,32,11,8,1024,0,0,0,0,0,0,0,0
white,32,32,12,8,1024,0,0,0,0,0,0,0,0
white,32,32,13,8,1024,0,0,0,0,0,0,0,0
white,32,32,14,8,1024,0,0,0,0,0,0,0,0
white,32,32,15,8,1024,0,0,0,0,0,0,0,0
white,32,32,16,8,1024,0,0,0,0,0,0,0,0
white,32,32,17,8,1024,0,0,0,0,0,0,0,0
white,32,32,18,8,1024,0,0,0,0,0,0,0,0
white,32,32,19,8,1024,0,0,0,0,0,0,0,0
white,32,32,0,9,1024,32,12,768,768,0,0,307,307
white,32,32,1,9,1024,0,0,0,0,0,0,0,0
white,32,32,2,9,1024,0,0,0,0,0,0,0,0
white,32,32,3,9,1024,0,0,0,0,0,0,0,0
white,32,32,4,9,1024,0,0,0,0,0,0,0,0
white,32,32,5,9,1024,0,0,0,0,0,0,0,0
white,32,32,6,9,1024,0,0,0,0,0,0,0,0
white,32,32,7,9,1024,0,0,0,0,0,0,0,0
white,32,32,8,9,1024,0,0,0,0,0,0,0,0
white,32,32,9,9,1024,0,0,0,0,0,0,0,0
white,32,32,10,9,1024,0,0,0,0,0,0,0,0
white,32,32,11,9,1024,0,0,0,0,0,0,0,0
white,32,32,12,9,1024,0,0,0,0,0,0,0,0
white,32,32,13,9,1024,0,0,0,0,0,0,0,0
white,32,32,14,9,1024,0,0,0,0,0,0,0,0
white,32,32,15,9,1024,0,0,0,0,0,0,0,0
white,32,32,16,9,1024,0,0,0,0,0,0,0,0
white,32,32,17,9,1024,0,0,0,0,0,0,0,0
white,32,32,18,9,1024,0,0,0,0,0,0,0,0
white,32,32,19,9,1024,0,0,0,0,0,0,0,0
white,32,32,0,10,1024,32,12,768,768,0,0,307,307
white,32,32,1,10,1024,0,0,0,0,0,0,0,0
white,32,32,2,10,1024,0,0,0,0,0,0,0,0
white,32,32,3,10,1024,0,0,0,0,0,0,0,0
white,32,32,4,10,1024,0,0,0,0,0,0,0,0
white,32,32,5,10,1024,0,0,0,0,0,0,0,0
white,32,32,6,10,1024,0,0,0,0,0,0,0,0
white,32,32,7,10,1024,0,0,0,0,0,0,0,0
white,32,32,8,10,1024,0,0,0,0,0,0,0,0
white,32,32,9,10,1024,0,0,0,0,0,0,0,0
white,32,32,10,10,1024,0,0,0,0,0,0,0,0
white,32,32,11,10,1024,0,0,0,0,0,0,0,0
white,32,32,12,10,1024,0,0,0,0,0,0,0,0
white,32,32,13,10,1024,0,0,0,0,0,0,0,0
white,32,32,14,10,1024,0,0,0,0,0,0,0,0
white,32,32,15,10,1024,0,0,0,0,0,0,0,0
white,32,32,16,10,1024,0,0,0,0,0,0,0,0
white,32,32,17,10,1024,0,0,0,0,0,0,0,0
white,32,32,18,10,1024,0,0,0,0,0,0,0,0
white,32,32,19,10,1024,0,0,0,0,0,0,0,0
white,32,32,0,11,1024,32,12,768,768,0,0,307,307
white,32,32,1,11,1024,0,0,0,0,0,0,0,0
white,32,32,2,11,1024,0,0,0,0,0,0,0,0
white,32,32,3,11,1024,0,0,0,0,0,0,0,0
white,32,32,4,11,1024,0,0,0,0,0,0,0,0
white,32,32,5,11,1024,0,0,0,0,0,0,0,0
white,32,32,6,11,1024,0,0,0,0,0,0,0,0
white,32,32,7,11,1024,0,0,0,0,0,0,0,0
white,32,32,8,11,1024,0,0,0,0,0,0,0,0
white,32,32,9,11,1024,0,0,0,0,0,0,0,0
white,32,32,10,11,1024,0,0,0,0,0,0,0,0
white,32,32,11,11,1024,0,0,0,0,0,0,0,0
white,32,32,12,11,1024,0,0,0,0,0,0,0,0
white,32,32,13,11,1024,0,0,0,0,0,0,0,0
white,32,32,14,11,1024,0,0,0,0,0,0,0,0
white,32,32,15,11,1024,0,0,0,0,0,0,0,0
white,32,32,16,11,1024,0,0,0,0,0,0,0,0
white,32,32,17,11,1024,0,0,0,0,0,0,0,0
white,32,32,18,11,1024,0,0,0,0,0,0,0,0
white,32,32,19,11,1024,0,0,0,0,0,0,0,0
white,32,32,0,12,1024,32,12,768,768,0,0,307,307
white,32,32,1,12,1024,0,0,0,0,0,0,0,0
white,32,32,2,12,1024,0,0,0,0,0,0,0,0
white,32,32,3,12,1024,0,0,0,0,0,0,0,0
white,32,32,4,12,1024,0,0,0,0,0,0,0,0
white,32,32,5,12,1024,0,0,0,0,0,0,0,0
white,32,32,6,12,1024,0,0,0,0,0,0,0,0
white,32,32,7,12,1024,0,0,0,0,0,0,0,0
white,32,32,8,12,1024,0,0,0,0,0,0,0,0
white,32,32,9,12,1024,0,0,0,0,0,0,0,0
white,32,32,10,12,1024,0,0,0,0,0,0,0,0
white,32,32,11,12,1024,0,0,0,0,0,0,0,0
white,32,32,12,12,1024,0,0,0,0,0,0,0,0
white,32,32,13,12,1024,0,0,0,0,0,0,0,0
white,32,32,14,12,1024,0,0,0,0,0,0,0,0
white,32,32,15,12,1024,0,0,0,0,0,0,0,0
white,32,32,16,12,1024,0,0,0,0,0,0,0,0
white,32,32,17,12,1024,0,0,0,0,0,0,0,0
white,32,32,18,12,1024,0,0,0,0,0,0,0,0
white,32,32,19,12,1024,0,0,0,0,0,0,0,0
white,32,32,0,13,1024,32,12,768,768,0,0,307,307
white,32,32,1,13,1024,0,0,0,0,0,0,0,0
white,32,32,2,13,1024,0,0,0,0,0,0,0,0
white,32,32,3,13,1024,0,0,0,0,0,0,0,0
white,32,32,4,13,1024,0,0,0,0,0,0,0,0
white,32,32,5,13,1024,0,0,0,0,0,0,0,0
white,32,32,6,13,1024,0,0,0,0,0,0,0,0
white,32,32,7,13,1024,0,0,0,0,0,0,0,0
white,32,32,8,13,1024,0,0,0,0,0,0,0,0
white,32,32,9,13,1024,0,0,0,0,0,0,0,0
white,32,32,10,13,1024,0,0,0,0,0,0,0,0
white,32,32,11,13,1024,0,0,0,0,0,0,0,0
white,32,32,12,13,1024,0,0,0,0,0,0,0,0
white,32,32,13,13,1024,0,0,0,0,0,0,0,0
white,32,32,14,13,1024,0,0,0,0,0,0,0,0
white,32,32,15,13,1024,0,0,0,0,0,0,0,0
white,32,32,16,13,1024,0,0,0,0,0,0,0,0
white,32,32,17,13,1024,0,0,0,0,0,0,0,0
white,32,32,18,13,1024,0,0,0,0,0,0,0,0
white,32,32,19,13,1024,0,0,0,0,0,0,0,0
white,32,32,0,14,1024,32,12,768,768,0,0,307,307
white,32,32,1,14,1024,0,0,0,0,0,0,0,0
white,32,32,2,14,1024,0,0,0,0,0,0,0,0
white,32,32,3,14,1024,0,0,0,0,0,0,0,0
white,32,32,4,14,1024,0,0,0,0,0,0,0,0
white,32,32,5,14,1024,0,0,0,0,0,0,0,0
white,32,32,6,14,1024,0,0,0,0,0,0,0,0
white,32,32,7,14,1024,0,0,0,0,0,0,0,0
white,32,32,8,14,1024,0,0,0,0,0,0,0,0
white,32,32,9,14,1024,0,0,0,0,0,0,0,0
white,32,32,10,14,1024,0,0,0,0,0,0,0,0
white,32,32,11,14,1024,0,0,0,0,0,0,0,0
white,32,32,12,14,1024,0,0,0,0,0,0,0,0
white,32,32,13,14,1024,0,0,0,0,0,0,0,0
white,32,32,14,14,1024,0,0,0,0,0,0,0,0
white,32,32,15,14,1024,0,0,0,0,0,0,0,0
white,32,32,16,14,1024,0,0,0,0,0,0,0,0
white,32,32,17,14,1024,0,0,0,0,0,0,0,0
white,32,32,18,14,1024,0,0,0,0,0,0,0,0
white,32,32,19,14,1024,0,0,0,0,0,0,0,0
white,64,8,0,0,4096,121,3,768,768,0,0,307,307
white,64,8,1,0,4096,64,3,768,768,0,0,307,307
white,64,8,2,0,4096,64,3,768,768,0,0,307,307
white,64,8,3,0,4096,64,3,768,768,0,0,307,307
white,64,8,4,0,4096,64,3,768,768,0,0,307,307
white,64,8,5,0,4096,64,3,768,768,0,0,307,307
white,64,8,6,0,4096,64,3,768,768,0,0,307,307
white,64,8,7,0,4096,64,3,768,768,0,0,307,307
white,64,8,8,0,4096,64,3,768,768,0,0,307,307
white,64,8,9,0,4096,64,3,768,768,0,0,307,307
white,64,8,0,1,4096,64,3,768,768,0,0,307,307
white,64,8,1,1,4096,0,0,0,0,0,0,0,0
white,64,8,2,1,4096,0,0,0,0,0,0,0,0
white,64,8,3,1,4096,0,0,0,0,0,0,0,0
white,64,8,4,1,4096,0,0,0,0,0,0,0,0
white,64,8,5,1,4096,0,0,0,0,0,0,0,0
white,64,8,6,1,4096,0,0,0,0,0,0,0,0
white,64,8,7,1,4096,0,0,0,0,0,0,0,0
white,64,8,8,1,4096,0,0,0,0,0,0,0,0
white,64,8,9,1,4096,0,0,0,0,0,0,0,0
white,64,8,0,2,4096,64,3,768,768,0,0,307,307
white,64,8,1,2,4096,0,0,0,0,0,0,0,0
white,64,8,2,2,4096,0,0,0,0,0,0,0,0
white,64,8,3,2,4096,0,0,0,0,0,0,0,0
white,64,8,4,2,4096,0,0,0,0,0,0,0,0
white,64,8,5,2,4096,0,0,0,0,0,0,0,0
white,64,8,6,2,4096,0,0,0,0,0,0,0,0
white,64,8,7,2,4096,0,0,0,0,0,0,0,0
white,64,8,8,2,4096,0,0,0,0,0,0,0,0
white,64,8,9,2,4096,0,0,0,0,0,0,0,0
white,64,8,0,3,4096,64,3,768,768,0,0,307,307
white,64,8,1,3,4096,0,0,0,0,0,0,0,0
white,64,8,2,3,4096,0,0,0,0,0,0,0,0
white,64,8,3,3,4096,0,0,0,0,0,0,0,0
white,64,8,4,3,4096,0,0,0,0,0,0,0,0
white,64,8,5,3,4096,0,0,0,0,0,0,0,0
white,64,8,6,3,4096,0,0,0,0,0,0,0,0
white,64,8,7,3,4096,0,0,0,0,0,0,0,0
white,64,8,8,3,4096,0,0,0,0,0,0,0,0
white,64,8,9,3,4096,0,0,0,0,0,0,0,0
white,64,8,0,4,4096,64,3,768,768,0,0,307,307
white,64,8,1,4,4096,0,0,0,0,0,0,0,0
white,64,8,2,4,4096,0,0,0,0,0,0,0,0
white,64,8,3,4,4096,0,0,0,0,0,0,0,0
white,64,8,4,4,4096,0,0,0,0,0,0,0,0
white,64,8,5,4,4096,0,0,0,0,0,0,0,0
white,64,8,6,4,4096,0,0,0,0,0,0,0,0
white,64,8,7,4,4096,0,0,0,0,0,0,0,0
white,64,8,8,4,4096,0,0,0,0,0,0,0,0
white,64,8,9,4,4096,0,0,0,0,0,0,0,0
white,64,8,0,5,4096,64,3,768,768,0,0,307,307
white,64,8,1,5,4096,0,0,0,0,0,0,0,0
white,64,8,2,5,4096,0,0,0,0,0,0,0,0
white,64,8,3,5,4096,0,0,0,0,0,0,0,0
white,64,8,4,5,4096,0,0,0,0,0,0,0,0
white,64,8,5,5,4096,0,0,0,0,0,0,0,0
white,64,8,6,5,4096,0,0,0,0,0,0,0,0
white,64,8,7,5,4096,0,0,0,0,0,0,0,0
white,64,8,8,5,4096,0,0,0,0,0,0,0,0
white,64,8,9,5,4096,0,0,0,0,0,0,0,0
white,64,8,0,6,4096,64,3,768,768,0,0,307,307
white,64,8,1,6,4096,0,0,0,0,0,0,0,0
white,64,8,2,6,4096,0,0,0,0,0,0,0,0
white,64,8,3,6,4096,0,0,0,0,0,0,0,0
white,64,8,4,6,4096,0,0,0,0,0,0,0,0
white,64,8,5,6,4096,0,0,0,0,0,0,0,0
white,64,8,6,6,4096,0,0,0,0,0,0,0,0
white,64,8,7,6,4096,0,0,0,0,0,0,0,0
white,64,8,8,6,4096,0,0,0,0,0,0,0,0
white,64,8,9,6,4096,0,0,0,0,0,0,0,0
white,64,8,0,7,2048,32,3,768,768,0,0,307,307
white,64,8,1,7,2048,0,0,0,0,0,0,0,0
white,64,8,2,7,2048,0,0,0,0,0,0,0,0
white,64,8,3,7,2048,0,0,0,0,0,0,0,0
white,64,8,4,7,2048,0,0,0,0,0,0,0,0
white,64,8,5,7,2048,0,0,0,0,0,0,0,0
white,64,8,6,7,2048,0,0,0,0,0,0,0,0
white,64,8,7,7,2048,0,0,0,0,0,0,0,0
white,64,8,8,7,2048,0,0,0,0,0,0,0,0
white,64,8,9,7,2048,0,0,0,0,0,0,0,0
white,64,16,0,0,4096,121,6,768,768,0,0,307,307
white,64,16,1,0,4096,64,6,768,768,0,0,307,307
white,64,16,2,0,4096,64,6,768,768,0,0,307,307
white,64,16,3,0,4096,64,6,768,768,0,0,307,307
white,64,16,4,0,4096,64,6,768,768,0,0,307,307
white,64,16,5,0,4096,64,6,768,768,0,0,307,307
white,64,16,6,0,4096,64,6,768,768,0,0,307,307
white,64,16,7,0,4096,64,6,768,768,0,0,307,307
white,64,16,8,0,4096,64,6,768,768,0,0,307,307
white,64,16,9,0,4096,64,6,768,768,0,0,307,307
white,64,16,0,1,4096,64,6,768,768,0,0,307,307
white,64,16,1,1,4096,0,0,0,0,0,0,0,0
white,64,16,2,1,4096,0,0,0,0,0,0,0,0
white,64,16,3,1,4096,0,0,0,0,0,0,0,0
white,64,16,4,1,4096,0,0,0,0,0,0,0,0
white,64,16,5,1,4096,0,0,0,0,0,0,0,0
white,64,16,6,1,4096,0,0,0,0,0,0,0,0
white,64,16,7,1,4096,0,0,0,0,0,0,0,0
white,64,16,8,1,4096,0,0,0,0,0,0,0,0
white,64,16,9,1,4096,0,0,0,0,0,0,0,0
white,64,16,0,2,4096,64,6,768,768,0,0,307,307
white,64,16,1,2,4096,0,0,0,0,0,0,0,0
white,64,16,2,2,4096,0,0,0,0,0,0,0,0
white,64,16,3,2,4096,0,0,0,0,0,0,0,0
white,64,16,4,2,4096,0,0,0,0,0,0,0,0
white,64,16,5,2,4096,0,0,0,0,0,0,0,0
white,64,16,6,2,4096,0,0,0,0,0,0,0,0
white,64,16,7,2,4096,0,0,0,0,0,0,0,0
white,64,16,8,2,4096,0,0,0,0,0,0,0,0
white,64,16,9,2,4096,0,0,0,0,0,0,0,0
white,64,16,0,3,4096,64,6,768,768,0,0,307,307
white,64,16,1,3,4096,0,0,0,0,0,0,0,0
white,64,16,2,3,4096,0,0,0,0,0,0,0,0
white,64,16,3,3,4096,0,0,0,0,0,0,0,0
white,64,16,4,3,4096,0,0,0,0,0,0,0,0
white,64,16,5,3,4096,0,0,0,0,0,0,0,0
white,64,16,6,3,4096,0,0,0,0,0,0,0,0
white,64,16,7,3,4096,0,0,0,0,0,0,0,0
white,64,16,8,3,4096,0,0,0,0,0,0,0,0
white,64,16,9,3,4096,0,0,0,0,0,0,0,0
white,64,16,0,4,4096,64,6,768,768,0,0,307,307
white,64,16,1,4,4096,0,0,0,0,0,0,0,0
white,64,16,2,4,4096,0,0,0,0,0,0,0,0
white,64,16,3,4,4096,0,0,0,0,0,0,0,0
white,64,16,4,4,4096,0,0,0,0,0,0,0,0
white,64,16,5,4,4096,0,0,0,0,0,0,0,0
white,64,16,6,4,4096,0,0,0,0,0,0,0,0
white,64,16,7,4,4096,0,0,0,0,0,0,0,0
white,64,16,8,4,4096,0,0,0,0,0,0,0,0
white,64,16,9,4,4096,0,0,0,0,0,0,0,0
white,64,16,0,5,4096,64,6,768,768,0,0,307,307
white,64,16,1,5,4096,0,0,0,0,0,0,0,0
white,64,16,2,5,4096,0,0,0,0,0,0,0,0
white,64,16,3,5,4096,0,0,0,0,0,0,0,0
white,64,16,4,5,4096,0,0,0,0,0,0,0,0
white,64,16,5,5,4096,0,0,0,0,0,0,0,0
white,64,16,6,5,4096,0,0,0,0,0,0,0,0
white,64,16,7,5,4096,0,0,0,0,0,0,0,0
white,64,16,8,5,4096,0,0,0,0,0,0,0,0
white,64,16,9,5,4096,0,0,0,0,0,0,0,0
white,64,16,0,6,4096,64,6,768,768,0,0,307,307
white,64,16,1,6,4096,0,0,0,0,0,0,0,0
white,64,16,2,6,4096,0,0,0,0,0,0,0,0
white,64,16,3,6,4096,0,0,0,0,0,0,0,0
white,64,16,4,6,4096,0,0,0,0,0,0,0,0
white,64,16,5,6,4096,0,0,0,0,0,0,0,0
white,64,16,6,6,4096,0,0,0,0,0,0,0,0
white,64,16,7,6,4096,0,0,0,0,0,0,0,0
white,64,16,8,6,4096,0,0,0,0,0,0,0,0
white,64,16,9,6,4096,0,0,0,0,0,0,0,0
white,64,16,0,7,2048,32,6,768,768,0,0,307,307
white,64,16,1,7,2048,0,0,0,0,0,0,0,0
white,64,16,2,7,2048,0,0,0,0,0,0,0,0
white,64,16,3,7,2048,0,0,0,0,0,0,0,0
white,64,16,4,7,2048,0,0,0,0,0,0,0,0
white,64,16,5,7,2048,0,0,0,0,0,0,0,0
white,64,16,6,7,2048,0,0,0,0,0,0,0,0
white,64,16,7,7,2048,0,0,0,0,0,0,0,0
white,64,16,8,7,2048,0,0,0,0,0,0,0,0
white,64,16,9,7,2048,0,0,0,0,0,0,0,0
white,64,32,0,0,4096,121,12,768,768,0,0,307,307
white,64,32,1,0,4096,64,12,768,768,0,0,307,307
white,64,32,2,0,4096,64,12,768,768,0,0,307,307
white,64,32,3,0,4096,64,12,768,768,0,0,307,307
white,64,32,4,0,4096,64,12,768,768,0,0,307,307
white,64,32,5,0,4096,64,12,768,768,0,0,307,307
white,64,32,6,0,4096,64,12,768,768,0,0,307,307
white,64,32,7,0,4096,64,12,768,768,0,0,307,307
white,64,32,8,0,4096,64,12,768,768,0,0,307,307
white,64,32,9,0,4096,64,12,768,768,0,0,307,307
white,64,32,0,1,4096,64,12,768,768,0,0,307,307
white,64,32,1,1,4096,0,0,0,0,0,0,0,0
white,64,32,2,1,4096,0,0,0,0,0,0,0,0
white,64,32,3,1,4096,0,0,0,0,0,0,0,0
white,64,32,4,1,4096,0,0,0,0,0,0,0,0
white,64,32,5,1,4096,0,0,0,0,0,0,0,0
white,64,32,6,1,4096,0,0,0,0,0,0,0,0
white,64,32,7,1,4096,0,0,0,0,0,0,0,0
white,64,32,8,1,4096,0,0,0,0,0,0,0,0
white,64,32,9,1,4096,0,0,0,0,0,0,0,0
white,64,32,0,2,4096,64,12,768,768,0,0,307,307
white,64,32,1,2,4096,0,0,0,0,0,0,0,0
white,64,32,2,2,4096,0,0,0,0,0,0,0,0
white,64,32,3,2,4096,0,0,0,0,0,0,0,0
white,64,32,4,2,4096,0,0,0,0,0,0,0,0
white,64,32,5,2,4096,0,0,0,0,0,0,0,0
white,64,32,6,2,4096,0,0,0,0,0,0,0,0
white,64,32,7,2,4096,0,0,0,0,0,0,0,0
white,64,32,8,2,4096,0,0,0,0,0,0,0,0
white,64,32,9,2,4096,0,0,0,0,0,0,0,0
white,64,32,0,3,4096,64,12,768,768,0,0,307,307
white,64,32,1,3,4096,0,0,0,0,0,0,0,0
white,64,32,2,3,4096,0,0,0,0,0,0,0,0
white,64,32,3,3,4096,0,0,0,0,0,0,0,0
white,64,32,4,3,4096,0,0,0,0,0,0,0,0
white,64,32,5,3,4096,0,0,0,0,0,0,0,0
white,64,32,6,3,4096,0,0,0,0,0,0,0,0
white,64,32,7,3,4096,0,0,0,0,0,0,0,0
white,64,32,8,3,4096,0,0,0,0,0,0,0,0
white,64,32,9,3,4096,0,0,0,0,0,0,0,0
white,64,32,0,4,4096,64,12,768,768,0,0,307,307
white,64,32,1,4,4096,0,0,0,0,0,0,0,0
white,64,32,2,4,4096,0,0,0,0,0,0,0,0
white,64,32,3,4,4096,0,0,0,0,0,0,0,0
white,64,32,4,4,4096,0,0,0,0,0,0,0,0
white,64,32,5,4,4096,0,0,0,0,0,0,0,0
white,64,32,6,4,4096,0,0,0,0,0,0,0,0
white,64,32,7,4,4096,0,0,0,0,0,0,0,0
white,64,32,8,4,4096,0,0,0,0,0,0,0,0
white,64,32,9,4,4096,0,0,0,0,0,0,0,0
white,64,32,0,5,4096,64,12,768,768,0,0,307,307
white,64,32,1,5,4096,0,0,0,0,0,0,0,0
white,64,32,2,5,4096,0,0,0,0,0,0,0,0
white,64,32,3,5,4096,0,0,0,0,0,0,0,0
white,64,32,4,5,4096,0,0,0,0,0,0,0,0
white,64,32,5,5,4096,0,0,0,0,0,0,0,0
white,64,32,6,5,4096,0,0,0,0,0,0,0,0
white,64,32,7,5,4096,0,0,0,0,0,0,0,0
white,64,32,8,5,4096,0,0,0,0,0,0,0,0
white,64,32,9,5,4096,0,0,0,0,0,0,0,0
white,64,32,0,6,4096,64,12,768,768,0,0,307,307
white,64,32,1,6,4096,0,0,0,0,0,0,0,0
white,64,32,2,6,4096,0,0,0,0,0,0,0,0
white,64,32,3,6,4096,0,0,0,0,0,0,0,0
white,64,32,4,6,4096,0,0,0,0,0,0,0,0
white,64,32,5,6,4096,0,0,0,0,0,0,0,0
white,64,32,6,6,4096,0,0,0,0,0,0,0,0
white,64,32,7,6,4096,0,0,0,0,0,0,0,0
white,64,32,8,6,4096,0,0,0,0,0,0,0,0
white,64,32,9,6,4096,0,0,0,0,0,0,0,0
white,64,32,0,7,2048,32,12,768,768,0,0,307,307
white,64,32,1,7,2048,0,0,0,0,0,0,0,0
white,64,32,2,7,2048,0,0,0,0,0,0,0,0
white,64,32,3,7,2048,0,0,0,0,0,0,0,0
white,64,32,4,7,2048,0,0,0,0,0,0,0,0
white,64,32,5,7,2048,0,0,0,0,0,0,0,0
white,64,32,6,7,2048,0,0,0,0,0,0,0,0
white,64,32,7,7,2048,0,0,0,0,0,0,0,0
white,64,32,8,7,2048,0,0,0,0,0,0,0,0
white,64,32,9,7,2048,0,0,0,0,0,0,0,0
impulse,32,8,0,0,1024,0,0,0,0,0,0,0,0
impulse,32,8,1,0,1024,0,0,0,0,0,0,0,0
impulse,32,8,2,0,1024,0,0,0,0,0,0,0,0
impulse,32,8,3,0,1024,0,0,0,0,0,0,0,0
impulse,32,8,4,0,1024,0,0,0,0,0,0,0,0
impulse,32,8,5,0,1024,0,0,0,0,0,0,0,0
impulse,32,8,6,0,1024,0,0,0,0,0,0,0,0
impulse,32,8,7,0,1024,0,0,0,0,0,0,0,0
impulse,32,8,8,0,1024,0,0,0,0,0,0,0,0
impulse,32,8,9,0,1024,0,0,0,0,0,0,0,0
impulse,32,8,10,0,1024,0,0,0,0,0,0,0,0
impulse,32,8,11,0,1024,0,0,0,0,0,0,0,0
impulse,32,8,12,0,1024,0,0,0,0,0,0,0,0
impulse,32,8,13,0,1024,0,0,0,0,0,0,0,0
impulse,32,8,14,0,1024,0,0,0,0,0,0,0,0
impulse,32,8,15,0,1024,0,0,0,0,0,0,0,0
impulse,32,8,16,0,1024,0,0,0,0,0,0,0,0
impulse,32,8,17,0,1024,0,0,0,0,0,0,0,0
impulse,32,8,18,0,1024,0,0,0,0,0,0,0,0
impulse,32,8,19,0,1024,0,0,0,0,0,0,0,0
impulse,32,8,0,1,1024,0,0,0,0,0,0,0,0
impulse,32,8,1,1,1024,0,0,0,0,0,0,0,0
impulse,32,8,2,1,1024,0,0,0,0,0,0,0,0
impulse,32,8,3,1,1024,0,0,0,0,0,0,0,0
impulse,32,8,4,1,1024,0,0,0,0,0,0,0,0
impulse,32,8,5,1,1024,0,0,0,0,0,0,0,0
impulse,32,8,6,1,1024,0,0,0,0,0,0,0,0
impulse,32,8,7,1,1024,0,0,0,0,0,0,0,0
impulse,32,8,8,1,1024,0,0,0,0,0,0,0,0
impulse,32,8,9,1,1024,0,0,0,0,0,0,0,0
impulse,32,8,10,1,1024,0,0,0,0,0,0,0,0
impulse,32,8,11,1,1024,0,0,0,0,0,0,0,0
impulse,32,8,12,1,1024,0,0,0,0,0,0,0,0
impulse,32,8,13,1,1024,0,0,0,0,0,0,0,0
impulse,32,8,14,1,1024,0,0,0,0,0,0,0,0
impulse,32,8,15,1,1024,0,0,0,0,0,0,0,0
impulse,32,8,16,1,1024,0,0,0,0,0,0,0,0
impulse,32,8,17,1,1024,0,0,0,0,0,0,0,0
impulse,32,8,18,1,1024,0,0,0,0,0,0,0,0
impulse,32,8,19,1,1024,0,0,0,0,0,0,0,0
impulse,32,8,0,2,1024,0,0,0,0,0,0,0,0
impulse,32,8,1,2,1024,0,0,0,0,0,0,0,0
impulse,32,8,2,2,1024,0,0,0,0,0,0,0,0
impulse,32,8,3,2,1024,0,0,0,0,0,0,0,0
impulse,32,8,4,2,1024,0,0,0,0,0,0,0,0
impulse,32,8,5,2,1024,0,0,0,0,0,0,0,0
impulse,32,8,6,2,1024,0,0,0,0,0,0,0,0
impulse,32,8,7,2,1024,0,0,0,0,0,0,0,0
impulse,32,8,8,2,1024,0,0,0,0,0,0,0,0
impulse,32,8,9,2,1024,0,0,0,0,0,0,0,0
impulse,32,8,10,2,1024,0,0,0,0,0,0,0,0
impulse,32,8,11,2,1024,0,0,0,0,0,0,0,0
impulse,32,8,12,2,1024,0,0,0,0,0,0,0,0
impulse,32,8,13,2,1024,0,0,0,0,0,0,0,0
impulse,32,8,14,2,1024,0,0,0,0,0,0,0,0
impulse,32,8,15,2,1024,0,0,0,0,0,0,0,0
impulse,32,8,16,2,1024,0,0,0,0,0,0,0,0
impulse,32,8,17,2,1024,0,0,0,0,0,0,0,0
impulse,32,8,18,2,1024,0,0,0,0,0,0,0,0
impulse,32,8,19,2,1024,0,0,0,0,0,0,0,0
impulse,32,8,0,3,1024,0,0,0,0,0,0,0,0
impulse,32,8,1,3,1024,0,0,0,0,0,0,0,0
impulse,32,8,2,3,1024,0,0,0,0,0,0,0,0
impulse,32,8,3,3,1024,0,0,0,0,0,0,0,0
impulse,32,8,4,3,1024,0,0,0,0,0,0,0,0
impulse,32,8,5,3,1024,0,0,0,0,0,0,0,0
impulse,32,8,6,3,1024,0,0,0,0,0,0,0,0
impulse,32,8,7,3,1024,0,0,0,0,0,0,0,0
impulse,32,8,8,3,1024,0,0,0,0,0,0,0,0
impulse,32,8,9,3,1024,0,0,0,0,0,0,0,0
impulse,32,8,10,3,1024,0,0,0,0,0,0,0,0
impulse,32,8,11,3,1024,0,0,0,0,0,0,0,0
impulse,32,8,12,3,1024,0,0,0,0,0,0,0,0
impulse,32,8,13,3,1024,0,0,0,0,0,0,0,0
impulse,32,8,14,3,1024,0,0,0,0,0,0,0,0
impulse,32,8,15,3,1024,0,0,0,0,0,0,0,0
impulse,32,8,16,3,1024,0,0,0,0,0,0,0,0
impulse,32,8,17,3,1024,0,0,0,0,0,0,0,0
impulse,32,8,18,3,1024,0,0,0,0,0,0,0,0
impulse,32,8,19,3,1024,0,0,0,0,0,0,0,0
impulse,32,8,0,4,1024,0,0,0,0,0,0,0,0
impulse,32,8,1,4,1024,0,0,0,0,0,0,0,0
impulse,32,8,2,4,1024,0,0,0,0,0,0,0,0
impulse,32,8,3,4,1024,0,0,0,0,0,0,0,0
impulse,32,8,4,4,1024,0,0,0,0,0,0,0,0
impulse,32,8,5,4,1024,0,0,0,0,0,0,0,0
impulse,32,8,6,4,1024,0,0,0,0,0,0,0,0
impulse,32,8,7,4,1024,0,0,0,0,0,0,0,0
impulse,32,8,8,4,1024,0,0,0,0,0,0,0,0
impulse,32,8,9,4,1024,0,0,0,0,0,0,0,0
impulse,32,8,10,4,1024,0,0,0,0,0,0,0,0
impulse,32,8,11,4,1024,0,0,0,0,0,0,0,0
impulse,32,8,12,4,1024,0,0,0,0,0,0,0,0
impulse,32,8,13,4,1024,0,0,0,0,0,0,0,0
impulse,32,8,14,4,1024,0,0,0,0,0,0,0,0
impulse,32,8,15,4,1024,0,0,0,0,0,0,0,0
impulse,32,8,16,4,1024,0,0,0,0,0,0,0,0
impulse,32,8,17,4,1024,0,0,0,0,0,0,0,0
impulse,32,8,18,4,1024,0,0,0,0,0,0,0,0
impulse,32,8,19,4,1024,0,0,0,0,0,0,0,0
impulse,32,8,0,5,1024,0,0,0,0,0,0,0,0
impulse,32,8,1,5,1024,0,0,0,0,0,0,0,0
impulse,32,8,2,5,1024,0,0,0,0,0,0,0,0
impulse,32,8,3,5,1024,0,0,0,0,0,0,0,0
impulse,32,8,4,5,1024,0,0,0,0,0,0,0,0
impulse,32,8,5,5,1024,0,0,0,0,0,0,0,0
impulse,32,8,6,5,1024,0,0,0,0,0,0,0,0
impulse,32,8,7,5,1024,0,0,0,0,0,0,0,0
impulse,32,8,8,5,1024,0,0,0,0,0,0,0,0
impulse,32,8,9,5,1024,0,0,0,0,0,0,0,0
impulse,32,8,10,5,1024,0,0,0,0,0,0,0,0
impulse,32,8,11,5,1024,0,0,0,0,0,0,0,0
impulse,32,8,12,5,1024,0,0,0,0,0,0,0,0
impulse,32,8,13,5,1024,0,0,0,0,0,0,0,0
impulse,32,8,14,5,1024,0,0,0,0,0,0,0,0
impulse,32,8,15,5,1024,0,0,0,0,0,0,0,0
impulse,32,8,16,5,1024,0,0,0,0,0,0,0,0
impulse,32,8,17,5,1024,0,0,0,0,0,0,0,0
impulse,32,8,18,5,1024,0,0,0,0,0,0,0,0
impulse,32,8,19,5,1024,0,0,0,0,0,0,0,0
impulse,32,8,0,6,1024,0,0,0,0,0,0,0,0
impulse,32,8,1,6,1024,0,0,0,0,0,0,0,0
impulse,32,8,2,6,1024,0,0,0,0,0,0,0,0
impulse,32,8,3,6,1024,0,0,0,0,0,0,0,0
impulse,32,8,4,6,1024,0,0,0,0,0,0,0,0
impulse,32,8,5,6,1024,0,0,0,0,0,0,0,0
impulse,32,8,6,6,1024,0,0,0,0,0,0,0,0
impulse,32,8,7,6,1024,0,0,0,0,0,0,0,0
impulse,32,8,8,6,1024,0,0,0,0,0,0,0,0
impulse,32,8,9,6,1024,0,0,0,0,0,0,0,0
impulse,32,8,10,6,1024,0,0,0,0,0,0,0,0
impulse,32,8,11,6,1024,0,0,0,0,0,0,0,0
impulse,32,8,12,6,1024,0,0,0,0,0,0,0,0
impulse,32,8,13,6,1024,0,0,0,0,0,0,0,0
impulse,32,8,14,6,1024,0,0,0,0,0,0,0,0
impulse,32,8,15,6,1024,0,0,0,0,0,0,0,0
impulse,32,8,16,6,1024,0,0,0,0,0,0,0,0
impulse,32,8,17,6,1024,0,0,0,0,0,0,0,0
impulse,32,8,18,6,1024,0,0,0,0,0,0,0,0
impulse,32,8,19,6,1024,0,0,0,0,0,0,0,0
impulse,32,8,0,7,1024,0,0,0,0,0,0,0,0
impulse,32,8,1,7,1024,0,0,0,0,0,0,0,0
impulse,32,8,2,7,1024,0,0,0,0,0,0,0,0
impulse,32,8,3,7,1024,0,0,0,0,0,0,0,0
impulse,32,8,4,7,1024,0,0,0,0,0,0,0,0
impulse,32,8,5,7,1024,0,0,0,0,0,0,0,0
impulse,32,8,6,7,1024,0,0,0,0,0,0,0,0
impulse,32,8,7,7,1024,0,0,0,0,0,0,0,0
impulse,32,8,8,7,1024,0,0,0,0,0,0,0,0
impulse,32,8,9,7,1024,0,0,0,0,0,0,0,0
impulse,32,8,10,7,1024,8,0,1,188,-187,187,0,75
impulse,32,8,11,7,1024,0,0,0,0,0,0,0,0
impulse,32,8,12,7,1024,0,0,0,0,0,0,0,0
impulse,32,8,13,7,1024,0,0,0,0,0,0,0,0
impulse,32,8,14,7,1024,0,0,0,0,0,0,0,0
impulse,32,8,15,7,1024,0,0,0,0,0,0,0,0
impulse,32,8,16,7,1024,0,0,0,0,0,0,0,0
impulse,32,8,17,7,1024,0,0,0,0,0,0,0,0
impulse,32,8,18,7,1024,0,0,0,0,0,0,0,0
impulse,32,8,19,7,1024,0,0,0,0,0,0,0,0
impulse,32,8,0,8,1024,0,0,0,0,0,0,0,0
impulse,32,8,1,8,1024,0,0,0,0,0,0,0,0
impulse,32,8,2,8,1024,0,0,0,0,0,0,0,0
impulse,32,8,3,8,1024,0,0,0,0,0,0,0,0
impulse,32,8,4,8,1024,0,0,0,0,0,0,0,0
impulse,32,8,5,8,1024,0,0,0,0,0,0,0,0
impulse,32,8,6,8,1024,0,0,0,0,0,0,0,0
impulse,32,8,7,8,1024,0,0,0,0,0,0,0,0
impulse,32,8,8,8,1024,0,0,0,0,0,0,0,0
impulse,32,8,9,8,1024,0,0,0,0,0,0,0,0
impulse,32,8,10,8,1024,0,0,0,0,0,0,0,0
impulse,32,8,11,8,1024,0,0,0,0,0,0,0,0
impulse,32,8,12,8,1024,0,0,0,0,0,0,0,0
impulse,32,8,13,8,1024,0,0,0,0,0,0,0,0
impulse,32,8,14,8,1024,0,0,0,0,0,0,0,0
impulse,32,8,15,8,1024,0,0,0,0,0,0,0,0
impulse,32,8,16,8,1024,0,0,0,0,0,0,0,0
impulse,32,8,17,8,1024,0,0,0,0,0,0,0,0
impulse,32,8,18,8,1024,0,0,0,0,0,0,0,0
impulse,32,8,19,8,1024,0,0,0,0,0,0,0,0
impulse,32,8,0,9,1024,0,0,0,0,0,0,0,0
impulse,32,8,1,9,1024,0,0,0,0,0,0,0,0
impulse,32,8,2,9,1024,0,0,0,0,0,0,0,0
impulse,32,8,3,9,1024,0,0,0,0,0,0,0,0
impulse,32,8,4,9,1024,0,0,0,0,0,0,0,0
impulse,32,8,5,9,1024,0,0,0,0,0,0,0,0
impulse,32,8,6,9,1024,0,0,0,0,0,0,0,0
impulse,32,8,7,9,1024,0,0,0,0,0,0,0,0
impulse,32,8,8,9,1024,0,0,0,0,0,0,0,0
impulse,32,8,9,9,1024,0,0,0,0,0,0,0,0
impulse,32,8,10,9,1024,0,0,0,0,0,0,0,0
impulse,32,8,11,9,1024,0,0,0,0,0,0,0,0
impulse,32,8,12,9,1024,0,0,0,0,0,0,0,0
impulse,32,8,13,9,1024,0,0,0,0,0,0,0,0
impulse,32,8,14,9,1024,0,0,0,0,0,0,0,0
impulse,32,8,15,9,1024,0,0,0,0,0,0,0,0
impulse,32,8,16,9,1024,0,0,0,0,0,0,0,0
impulse,32,8,17,9,1024,0,0,0,0,0,0,0,0
impulse,32,8,18,9,1024,0,0,0,0,0,0,0,0
impulse,32,8,19,9,1024,0,0,0,0,0,0,0,0
impulse,32,8,0,10,1024,0,0,0,0,0,0,0,0
impulse,32,8,1,10,1024,0,0,0,0,0,0,0,0
impulse,32,8,2,10,1024,0,0,0,0,0,0,0,0
impulse,32,8,3,10,1024,0,0,0,0,0,0,0,0
impulse,32,8,4,10,1024,0,0,0,0,0,0,0,0
impulse,32,8,5,10,1024,0,0,0,0,0,0,0,0
impulse,32,8,6,10,1024,0,0,0,0,0,0,0,0
impulse,32,8,7,10,1024,0,0,0,0,0,0,0,0
impulse,32,8,8,10,1024,0,0,0,0,0,0,0,0
impulse,32,8,9,10,1024,0,0,0,0,0,0,0,0
impulse,32,8,10,10,1024,0,0,0,0,0,0,0,0
impulse,32,8,11,10,1024,0,0,0,0,0,0,0,0
impulse,32,8,12,10,1024,0,0,0,0,0,0,0,0
impulse,32,8,13,10,1024,0,0,0,0,0,0,0,0
impulse,32,8,14,10,1024,0,0,0,0,0,0,0,0
impulse,32,8,15,10,1024,0,0,0,0,0,0,0,0
impulse,32,8,16,10,1024,0,0,0,0,0,0,0,0
impulse,32,8,17,10,1024,0,0,0,0,0,0,0,0
impulse,32,8,18,10,1024,0,0,0,0,0,0,0,0
impulse,32,8,19,10,1024,0,0,0,0,0,0,0,0
impulse,32,8,0,11,1024,0,0,0,0,0,0,0,0
impulse,32,8,1,11,1024,0,0,0,0,0,0,0,0
impulse,32,8,2,11,1024,0,0,0,0,0,0,0,0
impulse,32,8,3,11,1024,0,0,0,0,0,0,0,0
impulse,32,8,4,11,1024,0,0,0,0,0,0,0,0
impulse,32,8,5,11,1024,0,0,0,0,0,0,0,0
impulse,32,8,6,11,1024,0,0,0,0,0,0,0,0
impulse,32,8,7,11,1024,0,0,0,0,0,0,0,0
impulse,32,8,8,11,1024,0,0,0,0,0,0,0,0
impulse,32,8,9,11,1024,0,0,0,0,0,0,0,0
impulse,32,8,10,11,1024,0,0,0,0,0,0,0,0
impulse,32,8,11,11,1024,0,0,0,0,0,0,0,0
impulse,32,8,12,11,1024,0,0,0,0,0,0,0,0
impulse,32,8,13,11,1024,0,0,0,0,0,0,0,0
impulse,32,8,14,11,1024,0,0,0,0,0,0,0,0
impulse,32,8,15,11,1024,0,0,0,0,0,0,0,0
impulse,32,8,16,11,1024,0,0,0,0,0,0,0,0
impulse,32,8,17,11,1024,0,0,0,0,0,0,0,0
impulse,32,8,18,11,1024,0,0,0,0,0,0,0,0
impulse,32,8,19,11,1024,0,0,0,0,0,0,0,0
impulse,32,8,0,12,1024,0,0,0,0,0,0,0,0
impulse,32,8,1,12,1024,0,0,0,0,0,0,0,0
impulse,32,8,2,12,1024,0,0,0,0,0,0,0,0
impulse,32,8,3,12,1024,0,0,0,0,0,0,0,0
impulse,32,8,4,12,1024,0,0,0,0,0,0,0,0
impulse,32,8,5,12,1024,0,0,0,0,0,0,0,0
impulse,32,8,6,12,1024,0,0,0,0,0,0,0,0
impulse,32,8,7,12,1024,0,0,0,0,0,0,0,0
impulse,32,8,8,12,1024,0,0,0,0,0,0,0,0
impulse,32,8,9,12,1024,0,0,0,0,0,0,0,0
impulse,32,8,10,12,1024,0,0,0,0,0,0,0,0
impulse,32,8,11,12,1024,0,0,0,0,0,0,0,0
impulse,32,8,12,12,1024,0,0,0,0,0,0,0,0
impulse,32,8,13,12,1024,0,0,0,0,0,0,0,0
impulse,32,8,14,12,1024,0,0,0,0,0,0,0,0
impulse,32,8,15,12,1024,0,0,0,0,0,0,0,0
impulse,32,8,16,12,1024,0,0,0,0,0,0,0,0
impulse,32,8,17,12,1024,0,0,0,0,0,0,0,0
impulse,32,8,18,12,1024,0,0,0,0,0,0,0,0
impulse,32,8,19,12,1024,0,0,0,0,0,0,0,0
impulse,32,8,0,13,1024,0,0,0,0,0,0,0,0
impulse,32,8,1,13,1024,0,0,0,0,0,0,0,0
impulse,32,8,2,13,1024,0,0,0,0,0,0,0,0
impulse,32,8,3,13,1024,0,0,0,0,0,0,0,0
impulse,32,8,4,13,1024,0,0,0,0,0,0,0,0
impulse,32,8,5,13,1024,0,0,0,0,0,0,0,0
impulse,32,8,6,13,1024,0,0,0,0,0,0,0,0
impulse,32,8,7,13,1024,0,0,0,0,0,0,0,0
impulse,32,8,8,13,1024,0,0,0,0,0,0,0,0
impulse,32,8,9,13,1024,0,0,0,0,0,0,0,0
impulse,32,8,10,13,1024,0,0,0,0,0,0,0,0
impulse,32,8,11,13,1024,0,0,0,0,0,0,0,0
impulse,32,8,12,13,1024,0,0,0,0,0,0,0,0
impulse,32,8,13,13,1024,0,0,0,0,0,0,0,0
impulse,32,8,14,13,1024,0,0,0,0,0,0,0,0
impulse,32,8,15,13,1024,0,0,0,0,0,0,0,0
impulse,32,8,16,13,1024,0,0,0,0,0,0,0,0
impulse,32,8,17,13,1024,0,0,0,0,0,0,0,0
impulse,32,8,18,13,1024,0,0,0,0,0,0,0,0
impulse,32,8,19,13,1024,0,0,0,0,0,0,0,0
impulse,32,8,0,14,1024,0,0,0,0,0,0,0,0
impulse,32,8,1,14,1024,0,0,0,0,0,0,0,0
impulse,32,8,2,14,1024,0,0,0,0,0,0,0,0
impulse,32,8,3,14,1024,0,0,0,0,0,0,0,0
impulse,32,8,4,14,1024,0,0,0,0,0,0,0,0
impulse,32,8,5,14,1024,0,0,0,0,0,0,0,0
impulse,32,8,6,14,1024,0,0,0,0,0,0,0,0
impulse,32,8,7,14,1024,0,0,0,0,0,0,0,0
impulse,32,8,8,14,1024,0,0,0,0,0,0,0,0
impulse,32,8,9,14,1024,0,0,0,0,0,0,0,0
impulse,32,8,10,14,1024,0,0,0,0,0,0,0,0
impulse,32,8,11,14,1024,0,0,0,0,0,0,0,0
impulse,32,8,12,14,1024,0,0,0,0,0,0,0,0
impulse,32,8,13,14,1024,0,0,0,0,0,0,0,0
impulse,32,8,14,14,1024,0,0,0,0,0,0,0,0
impulse,32,8,15,14,1024,0,0,0,0,0,0,0,0
impulse,32,8,16,14,1024,0,0,0,0,0,0,0,0
impulse,32,8,17,14,1024,0,0,0,0,0,0,0,0
impulse,32,8,18,14,1024,0,0,0,0,0,0,0,0
impulse,32,8,19,14,1024,0,0,0,0,0,0,0,0
impulse,32,16,0,0,1024,0,0,0,0,0,0,0,0
impulse,32,16,1,0,1024,0,0,0,0,0,0,0,0
impulse,32,16,2,0,1024,0,0,0,0,0,0,0,0
impulse,32,16,3,0,1024,0,0,0,0,0,0,0,0
impulse,32,16,4,0,1024,0,0,0,0,0,0,0,0
impulse,32,16,5,0,1024,0,0,0,0,0,0,0,0
impulse,32,16,6,0,1024,0,0,0,0,0,0,0,0
impulse,32,16,7,0,1024,0,0,0,0,0,0,0,0
impulse,32,16,8,0,1024,0,0,0,0,0,0,0,0
impulse,32,16,9,0,1024,0,0,0,0,0,0,0,0
impulse,32,16,10,0,1024,0,0,0,0,0,0,0,0
impulse,32,16,11,0,1024,0,0,0,0,0,0,0,0
impulse,32,16,12,0,1024,0,0,0,0,0,0,0,0
impulse,32,16,13,0,1024,0,0,0,0,0,0,0,0
impulse,32,16,14,0,1024,0,0,0,0,0,0,0,0
impulse,32,16,15,0,1024,0,0,0,0,0,0,0,0
impulse,32,16,16,0,1024,0,0,0,0,0,0,0,0
impulse,32,16,17,0,1024,0,0,0,0,0,0,0,0
impulse,32,16,18,0,1024,0,0,0,0,0,0,0,0
impulse,32,16,19,0,1024,0,0,0,0,0,0,0,0
impulse,32,16,0,1,1024,0,0,0,0,0,0,0,0
impulse,32,16,1,1,1024,0,0,0,0,0,0,0,0
impulse,32,16,2,1,1024,0,0,0,0,0,0,0,0
impulse,32,16,3,1,1024,0,0,0,0,0,0,0,0
impulse,32,16,4,1,1024,0,0,0,0,0,0,0,0
impulse,32,16,5,1,1024,0,0,0,0,0,0,0,0
impulse,32,16,6,1,1024,0,0,0,0,0,0,0,0
impulse,32,16,7,1,1024,0,0,0,0,0,0,0,0
impulse,32,16,8,1,1024,0,0,0,0,0,0,0,0
impulse,32,16,9,1,1024,0,0,0,0,0,0,0,0
impulse,32,16,10,1,1024,0,0,0,0,0,0,0,0
impulse,32,16,11,1,1024,0,0,0,0,0,0,0,0
impulse,32,16,12,1,1024,0,0,0,0,0,0,0,0
impulse,32,16,13,1,1024,0,0,0,0,0,0,0,0
impulse,32,16,14,1,1024,0,0,0,0,0,0,0,0
impulse,32,16,15,1,1024,0,0,0,0,0,0,0,0
impulse,32,16,16,1,1024,0,0,0,0,0,0,0,0
impulse,32,16,17,1,1024,0,0,0,0,0,0,0,0
impulse,32,16,18,1,1024,0,0,0,0,0,0,0,0
impulse,32,16,19,1,1024,0,0,0,0,0,0,0,0
impulse,32,16,0,2,1024,0,0,0,0,0,0,0,0
impulse,32,16,1,2,1024,0,0,0,0,0,0,0,0
impulse,32,16,2,2,1024,0,0,0,0,0,0,0,0
impulse,32,16,3,2,1024,0,0,0,0,0,0,0,0
impulse,32,16,4,2,1024,0,0,0,0,0,0,0,0
impulse,32,16,5,2,1024,0,0,0,0,0,0,0,0
impulse,32,16,6,2,1024,0,0,0,0,0,0,0,0
impulse,32,16,7,2,1024,0,0,0,0,0,0,0,0
impulse,32,16,8,2,1024,0,0,0,0,0,0,0,0
impulse,32,16,9,2,1024,0,0,0,0,0,0,0,0
impulse,32,16,10,2,1024,0,0,0,0,0,0,0,0
impulse,32,16,11,2,1024,0,0,0,0,0,0,0,0
impulse,32,16,12,2,1024,0,0,0,0,0,0,0,0
impulse,32,16,13,2,1024,0,0,0,0,0,0,0,0
impulse,32,16,14,2,1024,0,0,0,0,0,0,0,0
impulse,32,16,15,2,1024,0,0,0,0,0,0,0,0
impulse,32,16,16,2,1024,0,0,0,0,0,0,0,0
impulse,32,16,17,2,1024,0,0,0,0,0,0,0,0
impulse,32,16,18,2,1024,0,0,0,0,0,0,0,0
impulse,32,16,19,2,1024,0,0,0,0,0,0,0,0
impulse,32,16,0,3,1024,0,0,0,0,0,0,0,0
impulse,32,16,1,3,1024,0,0,0,0,0,0,0,0
impulse,32,16,2,3,1024,0,0,0,0,0,0,0,0
impulse,32,16,3,3,1024,0,0,0,0,0,0,0,0
impulse,32,16,4,3,1024,0,0,0,0,0,0,0,0
impulse,32,16,5,3,1024,0,0,0,0,0,0,0,0
impulse,32,16,6,3,1024,0,0,0,0,0,0,0,0
impulse,32,16,7,3,1024,0,0,0,0,0,0,0,0
impulse,32,16,8,3,1024,0,0,0,0,0,0,0,0
impulse,32,16,9,3,1024,0,0,0,0,0,0,0,0
impulse,32,16,10,3,1024,0,0,0,0,0,0,0,0
impulse,32,16,11,3,1024,0,0,0,0,0,0,0,0
impulse,32,16,12,3,1024,0,0,0,0,0,0,0,0
impulse,32,16,13,3,1024,0,0,0,0,0,0,0,0
impulse,32,16,14,3,1024,0,0,0,0,0,0,0,0
impulse,32,16,15,3,1024,0,0,0,0,0,0,0,0
impulse,32,16,16,3,1024,0,0,0,0,0,0,0,0
impulse,32,16,17,3,1024,0,0,0,0,0,0,0,0
impulse,32,16,18,3,1024,0,0,0,0,0,0,0,0
impulse,32,16,19,3,1024,0,0,0,0,0,0,0,0
impulse,32,16,0,4,1024,0,0,0,0,0,0,0,0
impulse,32,16,1,4,1024,0,0,0,0,0,0,0,0
impulse,32,16,2,4,1024,0,0,0,0,0,0,0,0
impulse,32,16,3,4,1024,0,0,0,0,0,0,0,0
impulse,32,16,4,4,1024,0,0,0,0,0,0,0,0
impulse,32,16,5,4,1024,0,0,0,0,0,0,0,0
impulse,32,16,6,4,1024,0,0,0,0,0,0,0,0
impulse,32,16,7,4,1024,0,0,0,0,0,0,0,0
impulse,32,16,8,4,1024,0,0,0,0,0,0,0,0
impulse,32,16,9,4,1024,0,0,0,0,0,0,0,0
impulse,32,16,10,4,1024,0,0,0,0,0,0,0,0
impulse,32,16,11,4,1024,0,0,0,0,0,0,0,0
impulse,32,16,12,4,1024,0,0,0,0,0,0,0,0
impulse,32,16,13,4,1024,0,0,0,0,0,0,0,0
impulse,32,16,14,4,1024,0,0,0,0,0,0,0,0
impulse,32,16,15,4,1024,0,0,0,0,0,0,0,0
impulse,32,16,16,4,1024,0,0,0,0,0,0,0,0
impulse,32,16,17,4,1024,0,0,0,0,0,0,0,0
impulse,32,16,18,4,1024,0,0,0,0,0,0,0,0
impulse,32,16,19,4,1024,0,0,0,0,0,0,0,0
impulse,32,16,0,5,1024,0,0,0,0,0,0,0,0
impulse,32,16,1,5,1024,0,0,0,0,0,0,0,0
impulse,32,16,2,5,1024,0,0,0,0,0,0,0,0
impulse,32,16,3,5,1024,0,0,0,0,0,0,0,0
impulse,32,16,4,5,1024,0,0,0,0,0,0,0,0
impulse,32,16,5,5,1024,0,0,0,0,0,0,0,0
impulse,32,16,6,5,1024,0,0,0,0,0,0,0,0
impulse,32,16,7,5,1024,0,0,0,0,0,0,0,0
impulse,32,16,8,5,1024,0,0,0,0,0,0,0,0
impulse,32,16,9,5,1024,0,0,0,0,0,0,0,0
impulse,32,16,10,5,1024,0,0,0,0,0,0,0,0
impulse,32,16,11,5,1024,0,0,0,0,0,0,0,0
impulse,32,16,12,5,1024,0,0,0,0,0,0,0,0
impulse,32,16,13,5,1024,0,0,0,0,0,0,0,0
impulse,32,16,14,5,1024,0,0,0,0,0,0,0,0
impulse,32,16,15,5,1024,0,0,0,0,0,0,0,0
impulse,32,16,16,5,1024,0,0,0,0,0,0,0,0
impulse,32,16,17,5,1024,0,0,0,0,0,0,0,0
impulse,32,16,18,5,1024,0,0,0,0,0,0,0,0
impulse,32,16,19,5,1024,0,0,0,0,0,0,0,0
impulse,32,16,0,6,1024,0,0,0,0,0,0,0,0
impulse,32,16,1,6,1024,0,0,0,0,0,0,0,0
impulse,32,16,2,6,1024,0,0,0,0,0,0,0,0
impulse,32,16,3,6,1024,0,0,0,0,0,0,0,0
impulse,32,16,4,6,1024,0,0,0,0,0,0,0,0
impulse,32,16,5,6,1024,0,0,0,0,0,0,0,0
impulse,32,16,6,6,1024,0,0,0,0,0,0,0,0
impulse,32,16,7,6,1024,0,0,0,0,0,0,0,0
impulse,32,16,8,6,1024,0,0,0,0,0,0,0,0
impulse,32,16,9,6,1024,0,0,0,0,0,0,0,0
impulse,32,16,10,6,1024,0,0,0,0,0,0,0,0
impulse,32,16,11,6,1024,0,0,0,0,0,0,0,0
impulse,32,16,12,6,1024,0,0,0,0,0,0,0,0
impulse,32,16,13,6,1024,0,0,0,0,0,0,0,0
impulse,32,16,14,6,1024,0,0,0,0,0,0,0,0
impulse,32,16,15,6,1024,0,0,0,0,0,0,0,0
impulse,32,16,16,6,1024,0,0,0,0,0,0,0,0
impulse,32,16,17,6,1024,0,0,0,0,0,0,0,0
impulse,32,16,18,6,1024,0,0,0,0,0,0,0,0
impulse,32,16,19,6,1024,0,0,0,0,0,0,0,0
impulse,32,16,0,7,1024,0,0,0,0,0,0,0,0
impulse,32,16,1,7,1024,0,0,0,0,0,0,0,0
impulse,32,16,2,7,1024,0,0,0,0,0,0,0,0
impulse,32,16,3,7,1024,0,0,0,0,0,0,0,0
impulse,32,16,4,7,1024,0,0,0,0,0,0,0,0
impulse,32,16,5,7,1024,0,0,0,0,0,0,0,0
impulse,32,16,6,7,1024,0,0,0,0,0,0,0,0
impulse,32,16,7,7,1024,0,0,0,0,0,0,0,0
impulse,32,16,8,7,1024,0,0,0,0,0,0,0,0
impulse,32,16,9,7,1024,0,0,0,0,0,0,0,0
impulse,32,16,10,7,1024,8,1,128,188,-60,60,51,75
impulse,32,16,11,7,1024,0,0,0,0,0,0,0,0
impulse,32,16,12,7,1024,0,0,0,0,0,0,0,0
impulse,32,16,13,7,1024,0,0,0,0,0,0,0,0
impulse,32,16,14,7,1024,0,0,0,0,0,0,0,0
impulse,32,16,15,7,1024,0,0,0,0,0,0,0,0
impulse,32,16,16,7,1024,0,0,0,0,0,0,0,0
impulse,32,16,17,7,1024,0,0,0,0,0,0,0,0
impulse,32,16,18,7,1024,0,0,0,0,0,0,0,0
impulse,32,16,19,7,1024,0,0,0,0,0,0,0,0
impulse,32,16,0,8,1024,0,0,0,0,0,0,0,0
impulse,32,16,1,8,1024,0,0,0,0,0,0,0,0
impulse,32,16,2,8,1024,0,0,0,0,0,0,0,0
impulse,32,16,3,8,1024,0,0,0,0,0,0,0,0
impulse,32,16,4,8,1024,0,0,0,0,0,0,0,0
impulse,32,16,5,8,1024,0,0,0,0,0,0,0,0
impulse,32,16,6,8,1024,0,0,0,0,0,0,0,0
impulse,32,16,7,8,1024,0,0,0,0,0,0,0,0
impulse,32,16,8,8,1024,0,0,0,0,0,0,0,0
impulse,32,16,9,8,1024,0,0,0,0,0,0,0,0
impulse,32,16,10,8,1024,0,0,0,0,0,0,0,0
impulse,32,16,11,8,1024,0,0,0,0,0,0,0,0
impulse,32,16,12,8,1024,0,0,0,0,0,0,0,0
impulse,32,16,13,8,1024,0,0,0,0,0,0,0,0
impulse,32,16,14,8,1024,0,0,0,0,0,0,0,0
impulse,32,16,15,8,1024,0,0,0,0,0,0,0,0
impulse,32,16,16,8,1024,0,0,0,0,0,0,0,0
impulse,32,16,17,8,1024,0,0,0,0,0,0,0,0
impulse,32,16,18,8,1024,0,0,0,0,0,0,0,0
impulse,32,16,19,8,1024,0,0,0,0,0,0,0,0
impulse,32,16,0,9,1024,0,0,0,0,0,0,0,0
impulse,32,16,1,9,1024,0,0,0,0,0,0,0,0
impulse,32,16,2,9,1024,0,0,0,0,0,0,0,0
impulse,32,16,3,9,1024,0,0,0,0,0,0,0,0
impulse,32,16,4,9,1024,0,0,0,0,0,0,0,0
impulse,32,16,5,9,1024,0,0,0,0,0,0,0,0
impulse,32,16,6,9,1024,0,0,0,0,0,0,0,0
impulse,32,16,7,9,1024,0,0,0,0,0,0,0,0
impulse,32,16,8,9,1024,0,0,0,0,0,0,0,0
impulse,32,16,9,9,1024,0,0,0,0,0,0,0,0
impulse,32,16,10,9,1024,0,0,0,0,0,0,0,0
impulse,32,16,11,9,1024,0,0,0,0,0,0,0,0
impulse,32,16,12,9,1024,0,0,0,0,0,0,0,0
impulse,32,16,13,9,1024,0,0,0,0,0,0,0,0
impulse,32,16,14,9,1024,0,0,0,0,0,0,0,0
impulse,32,16,15,9,1024,0,0,0,0,0,0,0,0
impulse,32,16,16,9,1024,0,0,0,0,0,0,0,0
impulse,32,16,17,9,1024,0,0,0,0,0,0,0,0
impulse,32,16,18,9,1024,0,0,0,0,0,0,0,0
impulse,32,16,19,9,1024,0,0,0,0,0,0,0,0
impulse,32,16,0,10,1024,0,0,0,0,0,0,0,0
impulse,32,16,1,10,1024,0,0,0,0,0,0,0,0
impulse,32,16,2,10,1024,0,0,0,0,0,0,0,0
impulse,32,16,3,10,1024,0,0,0,0,0,0,0,0
impulse,32,16,4,10,1024,0,0,0,0,0,0,0,0
impulse,32,16,5,10,1024,0,0,0,0,0,0,0,0
impulse,32,16,6,10,1024,0,0,0,0,0,0,0,0
impulse,32,16,7,10,1024,0,0,0,0,0,0,0,0
impulse,32,16,8,10,1024,0,0,0,0,0,0,0,0
impulse,32,16,9,10,1024,0,0,0,0,0,0,0,0
impulse,32,16,10,10,1024,0,0,0,0,0,0,0,0
impulse,32,16,11,10,1024,0,0,0,0,0,0,0,0
impulse,32,16,12,10,1024,0,0,0,0,0,0,0,0
impulse,32,16,13,10,1024,0,0,0,0,0,0,0,0
impulse,32,16,14,10,1024,0,0,0,0,0,0,0,0
impulse,32,16,15,10,1024,0,0,0,0,0,0,0,0
impulse,32,16,16,10,1024,0,0,0,0,0,0,0,0
impulse,32,16,17,10,1024,0,0,0,0,0,0,0,0
impulse,32,16,18,10,1024,0,0,0,0,0,0,0,0
impulse,32,16,19,10,1024,0,0,0,0,0,0,0,0
impulse,32,16,0,11,1024,0,0,0,0,0,0,0,0
impulse,32,16,1,11,1024,0,0,0,0,0,0,0,0
impulse,32,16,2,11,1024,0,0,0,0,0,0,0,0
impulse,32,16,3,11,1024,0,0,0,0,0,0,0,0
impulse,32,16,4,11,1024,0,0,0,0,0,0,0,0
impulse,32,16,5,11,1024,0,0,0,0,0,0,0,0
impulse,32,16,6,11,1024,0,0,0,0,0,0,0,0
impulse,32,16,7,11,1024,0,0,0,0,0,0,0,0
impulse,32,16,8,11,1024,0,0,0,0,0,0,0,0
impulse,32,16,9,11,1024,0,0,0,0,0,0,0,0
impulse,32,16,10,11,1024,0,0,0,0,0,0,0,0
impulse,32,16,11,11,1024,0,0,0,0,0,0,0,0
impulse,32,16,12,11,1024,0,0,0,0,0,0,0,0
impulse,32,16,13,11,1024,0,0,0,0,0,0,0,0
impulse,32,16,14,11,1024,0,0,0,0,0,0,0,0
impulse,32,16,15,11,1024,0,0,0,0,0,0,0,0
impulse,32,16,16,11,1024,0,0,0,0,0,0,0,0
impulse,32,16,17,11,1024,0,0,0,0,0,0,0,0
impulse,32,16,18,11,1024,0,0,0,0,0,0,0,0
impulse,32,16,19,11,1024,0,0,0,0,0,0,0,0
impulse,32,16,0,12,1024,0,0,0,0,0,0,0,0
impulse,32,16,1,12,1024,0,0,0,0,0,0,0,0
impulse,32,16,2,12,1024,0,0,0,0,0,0,0,0
impulse,32,16,3,12,1024,0,0,0,0,0,0,0,0
impulse,32,16,4,12,1024,0,0,0,0,0,0,0,0
impulse,32,16,5,12,1024,0,0,0,0,0,0,0,0
impulse,32,16,6,12,1024,0,0,0,0,0,0,0,0
impulse,32,16,7,12,1024,0,0,0,0,0,0,0,0
impulse,32,16,8,12,1024,0,0,0,0,0,0,0,0
impulse,32,16,9,12,1024,0,0,0,0,0,0,0,0
impulse,32,16,10,12,1024,0,0,0,0,0,0,0,0
impulse,32,16,11,12,1024,0,0,0,0,0,0,0,0
impulse,32,16,12,12,1024,0,0,0,0,0,0,0,0
impulse,32,16,13,12,1024,0,0,0,0,0,0,0,0
impulse,32,16,14,12,1024,0,0,0,0,0,0,0,0
impulse,32,16,15,12,1024,0,0,0,0,0,0,0,0
impulse,32,16,16,12,1024,0,0,0,0,0,0,0,0
impulse,32,16,17,12,1024,0,0,0,0,0,0,0,0
impulse,32,16,18,12,1024,0,0,0,0,0,0,0,0
impulse,32,16,19,12,1024,0,0,0,0,0,0,0,0
impulse,32,16,0,13,1024,0,0,0,0,0,0,0,0
impulse,32,16,1,13,1024,0,0,0,0,0,0,0,0
impulse,32,16,2,13,1024,0,0,0,0,0,0,0,0
impulse,32,16,3,13,1024,0,0,0,0,0,0,0,0
impulse,32,16,4,13,1024,0,0,0,0,0,0,0,0
impulse,32,16,5,13,1024,0,0,0,0,0,0,0,0
impulse,32,16,6,13,1024,0,0,0,0,0,0,0,0
impulse,32,16,7,13,1024,0,0,0,0,0,0,0,0
impulse,32,16,8,13,1024,0,0,0,0,0,0,0,0
impulse,32,16,9,13,1024,0,0,0,0,0,0,0,0
impulse,32,16,10,13,1024,0,0,0,0,0,0,0,0
impulse,32,16,11,13,1024,0,0,0,0,0,0,0,0
impulse,32,16,12,13,1024,0,0,0,0,0,0,0,0
impulse,32,16,13,13,1024,0,0,0,0,0,0,0,0
impulse,32,16,14,13,1024,0,0,0,0,0,0,0,0
impulse,32,16,15,13,1024,0,0,0,0,0,0,0,0
impulse,32,16,16,13,1024,0,0,0,0,0,0,0,0
impulse,32,16,17,13,1024,0,0,0,0,0,0,0,0
impulse,32,16,18,13,1024,0,0,0,0,0,0,0,0
impulse,32,16,19,13,1024,0,0,0,0,0,0,0,0
impulse,32,16,0,14,1024,0,0,0,0,0,0,0,0
impulse,32,16,1,14,1024,0,0,0,0,0,0,0,0
impulse,32,16,2,14,1024,0,0,0,0,0,0,0,0
impulse,32,16,3,14,1024,0,0,0,0,0,0,0,0
impulse,32,16,4,14,1024,0,0,0,0,0,0,0,0
impulse,32,16,5,14,1024,0,0,0,0,0,0,0,0
impulse,32,16,6,14,1024,0,0,0,0,0,0,0,0
impulse,32,16,7,14,1024,0,0,0,0,0,0,0,0
impulse,32,16,8,14,1024,0,0,0,0,0,0,0,0
impulse,32,16,9,14,1024,0,0,0,0,0,0,0,0
impulse,32,16,10,14,1024,0,0,0,0,0,0,0,0
impulse,32,16,11,14,1024,0,0,0,0,0,0,0,0
impulse,32,16,12,14,1024,0,0,0,0,0,0,0,0
impulse,32,16,13,14,1024,0,0,0,0,0,0,0,0
impulse,32,16,14,14,1024,0,0,0,0,0,0,0,0
impulse,32,16,15,14,1024,0,0,0,0,0,0,0,0
impulse,32,16,16,14,1024,0,0,0,0,0,0,0,0
impulse,32,16,17,14,1024,0,0,0,0,0,0,0,0
impulse,32,16,18,14,1024,0,0,0,0,0,0,0,0
impulse,32,16,19,14,1024,0,0,0,0,0,0,0,0
impulse,32,32,0,0,1024,0,0,0,0,0,0,0,0
impulse,32,32,1,0,1024,0,0,0,0,0,0,0,0
impulse,32,32,2,0,1024,0,0,0,0,0,0,0,0
impulse,32,32,3,0,1024,0,0,0,0,0,0,0,0
impulse,32,32,4,0,1024,0,0,0,0,0,0,0,0
impulse,32,32,5,0,1024,0,0,0,0,0,0,0,0
impulse,32,32,6,0,1024,0,0,0,0,0,0,0,0
impulse,32,32,7,0,1024,0,0,0,0,0,0,0,0
impulse,32,32,8,0,1024,0,0,0,0,0,0,0,0
impulse,32,32,9,0,1024,0,0,0,0,0,0,0,0
impulse,32,32,10,0,1024,0,0,0,0,0,0,0,0
impulse,32,32,11,0,1024,0,0,0,0,0,0,0,0
impulse,32,32,12,0,1024,0,0,0,0,0,0,0,0
impulse,32,32,13,0,1024,0,0,0,0,0,0,0,0
impulse,32,32,14,0,1024,0,0,0,0,0,0,0,0
impulse,32,32,15,0,1024,0,0,0,0,0,0,0,0
impulse,32,32,16,0,1024,0,0,0,0,0,0,0,0
impulse,32,32,17,0,1024,0,0,0,0,0,0,0,0
impulse,32,32,18,0,1024,0,0,0,0,0,0,0,0
impulse,32,32,19,0,1024,0,0,0,0,0,0,0,0
impulse,32,32,0,1,1024,0,0,0,0,0,0,0,0
impulse,32,32,1,1,1024,0,0,0,0,0,0,0,0
impulse,32,32,2,1,1024,0,0,0,0,0,0,0,0
impulse,32,32,3,1,1024,0,0,0,0,0,0,0,0
impulse,32,32,4,1,1024,0,0,0,0,0,0,0,0
impulse,32,32,5,1,1024,0,0,0,0,0,0,0,0
impulse,32,32,6,1,1024,0,0,0,0,0,0,0,0
impulse,32,32,7,1,1024,0,0,0,0,0,0,0,0
impulse,32,32,8,1,1024,0,0,0,0,0,0,0,0
impulse,32,32,9,1,1024,0,0,0,0,0,0,0,0
impulse,32,32,10,1,1024,0,0,0,0,0,0,0,0
impulse,32,32,11,1,1024,0,0,0,0,0,0,0,0
impulse,32,32,12,1,1024,0,0,0,0,0,0,0,0
impulse,32,32,13,1,1024,0,0,0,0,0,0,0,0
impulse,32,32,14,1,1024,0,0,0,0,0,0,0,0
impulse,32,32,15,1,1024,0,0,0,0,0,0,0,0
impulse,32,32,16,1,1024,0,0,0,0,0,0,0,0
impulse,32,32,17,1,1024,0,0,0,0,0,0,0,0
impulse,32,32,18,1,1024,0,0,0,0,0,0,0,0
impulse,32,32,19,1,1024,0,0,0,0,0,0,0,0
impulse,32,32,0,2,1024,0,0,0,0,0,0,0,0
impulse,32,32,1,2,1024,0,0,0,0,0,0,0,0
impulse,32,32,2,2,1024,0,0,0,0,0,0,0,0
impulse,32,32,3,2,1024,0,0,0,0,0,0,0,0
impulse,32,32,4,2,1024,0,0,0,0,0,0,0,0
impulse,32,32,5,2,1024,0,0,0,0,0,0,0,0
impulse,32,32,6,2,1024,0,0,0,0,0,0,0,0
impulse,32,32,7,2,1024,0,0,0,0,0,0,0,0
impulse,32,32,8,2,1024,0,0,0,0,0,0,0,0
impulse,32,32,9,2,1024,0,0,0,0,0,0,0,0
impulse,32,32,10,2,1024,0,0,0,0,0,0,0,0
impulse,32,32,11,2,1024,0,0,0,0,0,0,0,0
impulse,32,32,12,2,1024,0,0,0,0,0,0,0,0
impulse,32,32,13,2,1024,0,0,0,0,0,0,0,0
impulse,32,32,14,2,1024,0,0,0,0,0,0,0,0
impulse,32,32,15,2,1024,0,0,0,0,0,0,0,0
impulse,32,32,16,2,1024,0,0,0,0,0,0,0,0
impulse,32,32,17,2,1024,0,0,0,0,0,0,0,0
impulse,32,32,18,2,1024,0,0,0,0,0,0,0,0
impulse,32,32,19,2,1024,0,0,0,0,0,0,0,0
impulse,32,32,0,3,1024,0,0,0,0,0,0,0,0
impulse,32,32,1,3,1024,0,0,0,0,0,0,0,0
impulse,32,32,2,3,1024,0,0,0,0,0,0,0,0
impulse,32,32,3,3,1024,0,0,0,0,0,0,0,0
impulse,32,32,4,3,1024,0,0,0,0,0,0,0,0
impulse,32,32,5,3,1024,0,0,0,0,0,0,0,0
impulse,32,32,6,3,1024,0,0,0,0,0,0,0,0
impulse,32,32,7,3,1024,0,0,0,0,0,0,0,0
impulse,32,32,8,3,1024,0,0,0,0,0,0,0,0
impulse,32,32,9,3,1024,0,0,0,0,0,0,0,0
impulse,32,32,10,3,1024,0,0,0,0,0,0,0,0
impulse,32,32,11,3,1024,0,0,0,0,0,0,0,0
impulse,32,32,12,3,1024,0,0,0,0,0,0,0,0
impulse,32,32,13,3,1024,0,0,0,0,0,0,0,0
impulse,32,32,14,3,1024,0,0,0,0,0,0,0,0
impulse,32,32,15,3,1024,0,0,0,0,0,0,0,0
impulse,32,32,16,3,1024,0,0,0,0,0,0,0,0
impulse,32,32,17,3,1024,0,0,0,0,0,0,0,0
impulse,32,32,18,3,1024,0,0,0,0,0,0,0,0
impulse,32,32,19,3,1024,0,0,0,0,0,0,0,0
impulse,32,32,0,4,1024,0,0,0,0,0,0,0,0
impulse,32,32,1,4,1024,0,0,0,0,0,0,0,0
impulse,32,32,2,4,1024,0,0,0,0,0,0,0,0
impulse,32,32,3,4,1024,0,0,0,0,0,0,0,0
impulse,32,32,4,4,1024,0,0,0,0,0,0,0,0
impulse,32,32,5,4,1024,0,0,0,0,0,0,0,0
impulse,32,32,6,4,1024,0,0,0,0,0,0,0,0
impulse,32,32,7,4,1024,0,0,0,0,0,0,0,0
impulse,32,32,8,4,1024,0,0,0,0,0,0,0,0
impulse,32,32,9,4,1024,0,0,0,0,0,0,0,0
impulse,32,32,10,4,1024,0,0,0,0,0,0,0,0
impulse,32,32,11,4,1024,0,0,0,0,0,0,0,0
impulse,32,32,12,4,1024,0,0,0,0,0,0,0,0
impulse,32,32,13,4,1024,0,0,0,0,0,0,0,0
impulse,32,32,14,4,1024,0,0,0,0,0,0,0,0
impulse,32,32,15,4,1024,0,0,0,0,0,0,0,0
impulse,32,32,16,4,1024,0,0,0,0,0,0,0,0
impulse,32,32,17,4,1024,0,0,0,0,0,0,0,0
impulse,32,32,18,4,1024,0,0,0,0,0,0,0,0
impulse,32,32,19,4,1024,0,0,0,0,0,0,0,0
impulse,32,32,0,5,1024,0,0,0,0,0,0,0,0
impulse,32,32,1,5,1024,0,0,0,0,0,0,0,0
impulse,32,32,2,5,1024,0,0,0,0,0,0,0,0
impulse,32,32,3,5,1024,0,0,0,0,0,0,0,0
impulse,32,32,4,5,1024,0,0,0,0,0,0,0,0
impulse,32,32,5,5,1024,0,0,0,0,0,0,0,0
impulse,32,32,6,5,1024,0,0,0,0,0,0,0,0
impulse,32,32,7,5,1024,0,0,0,0,0,0,0,0
impulse,32,32,8,5,1024,0,0,0,0,0,0,0,0
impulse,32,32,9,5,1024,0,0,0,0,0,0,0,0
impulse,32,32,10,5,1024,0,0,0,0,0,0,0,0
impulse,32,32,11,5,1024,0,0,0,0,0,0,0,0
impulse,32,32,12,5,1024,0,0,0,0,0,0,0,0
impulse,32,32,13,5,1024,0,0,0,0,0,0,0,0
impulse,32,32,14,5,1024,0,0,0,0,0,0,0,0
impulse,32,32,15,5,1024,0,0,0,0,0,0,0,0
impulse,32,32,16,5,1024,0,0,0,0,0,0,0,0
impulse,32,32,17,5,1024,0,0,0,0,0,0,0,0
impulse,32,32,18,5,1024,0,0,0,0,0,0,0,0
impulse,32,32,19,5,1024,0,0,0,0,0,0,0,0
impulse,32,32,0,6,1024,0,0,0,0,0,0,0,0
impulse,32,32,1,6,1024,0,0,0,0,0,0,0,0
impulse,32,32,2,6,1024,0,0,0,0,0,0,0,0
impulse,32,32,3,6,1024,0,0,0,0,0,0,0,0
impulse,32,32,4,6,1024,0,0,0,0,0,0,0,0
impulse,32,32,5,6,1024,0,0,0,0,0,0,0,0
impulse,32,32,6,6,1024,0,0,0,0,0,0,0,0
impulse,32,32,7,6,1024,0,0,0,0,0,0,0,0
impulse,32,32,8,6,1024,0,0,0,0,0,0,0,0
impulse,32,32,9,6,1024,0,0,0,0,0,0,0,0
impulse,32,32,10,6,1024,0,0,0,0,0,0,0,0
impulse,32,32,11,6,1024,0,0,0,0,0,0,0,0
impulse,32,32,12,6,1024,0,0,0,0,0,0,0,0
impulse,32,32,13,6,1024,0,0,0,0,0,0,0,0
impulse,32,32,14,6,1024,0,0,0,0,0,0,0,0
impulse,32,32,15,6,1024,0,0,0,0,0,0,0,0
impulse,32,32,16,6,1024,0,0,0,0,0,0,0,0
impulse,32,32,17,6,1024,0,0,0,0,0,0,0,0
impulse,32,32,18,6,1024,0,0,0,0,0,0,0,0
impulse,32,32,19,6,1024,0,0,0,0,0,0,0,0
impulse,32,32,0,7,1024,0,0,0,0,0,0,0,0
impulse,32,32,1,7,1024,0,0,0,0,0,0,0,0
impulse,32,32,2,7,1024,0,0,0,0,0,0,0,0
impulse,32,32,3,7,1024,0,0,0,0,0,0,0,0
impulse,32,32,4,7,1024,0,0,0,0,0,0,0,0
impulse,32,32,5,7,1024,0,0,0,0,0,0,0,0
impulse,32,32,6,7,1024,0,0,0,0,0,0,0,0
impulse,32,32,7,7,1024,0,0,0,0,0,0,0,0
impulse,32,32,8,7,1024,0,0,0,0,0,0,0,0
impulse,32,32,9,7,1024,0,0,0,0,0,0,0,0
impulse,32,32,10,7,1024,8,2,128,188,-60,60,51,75
impulse,32,32,11,7,1024,0,0,0,0,0,0,0,0
impulse,32,32,12,7,1024,0,0,0,0,0,0,0,0
impulse,32,32,13,7,1024,0,0,0,0,0,0,0,0
impulse,32,32,14,7,1024,0,0,0,0,0,0,0,0
impulse,32,32,15,7,1024,0,0,0,0,0,0,0,0
impulse,32,32,16,7,1024,0,0,0,0,0,0,0,0
impulse,32,32,17,7,1024,0,0,0,0,0,0,0,0
impulse,32,32,18,7,1024,0,0,0,0,0,0,0,0
impulse,32,32,19,7,1024,0,0,0,0,0,0,0,0
impulse,32,32,0,8,1024,0,0,0,0,0,0,0,0
impulse,32,32,1,8,1024,0,0,0,0,0,0,0,0
impulse,32,32,2,8,1024,0,0,0,0,0,0,0,0
impulse,32,32,3,8,1024,0,0,0,0,0,0,0,0
impulse,32,32,4,8,1024,0,0,0,0,0,0,0,0
impulse,32,32,5,8,1024,0,0,0,0,0,0,0,0
impulse,32,32,6,8,1024,0,0,0,0,0,0,0,0
impulse,32,32,7,8,1024,0,0,0,0,0,0,0,0
impulse,32,32,8,8,1024,0,0,0,0,0,0,0,0
impulse,32,32,9,8,1024,0,0,0,0,0,0,0,0
impulse,32,32,10,8,1024,0,0,0,0,0,0,0,0
impulse,32,32,11,8,1024,0,0,0,0,0,0,0,0
impulse,32,32,12,8,1024,0,0,0,0,0,0,0,0
impulse,32,32,13,8,1024,0,0,0,0,0,0,0,0
impulse,32,32,14,8,1024,0,0,0,0,0,0,0,0
impulse,32,32,15,8,1024,0,0,0,0,0,0,0,0
impulse,32,32,16,8,1024,0,0,0,0,0,0,0,0
impulse,32,32,17,8,1024,0,0,0,0,0,0,0,0
impulse,32,32,18,8,1024,0,0,0,0,0,0,0,0
impulse,32,32,19,8,1024,0,0,0,0,0,0,0,0
impulse,32,32,0,9,1024,0,0,0,0,0,0,0,0
impulse,32,32,1,9,1024,0,0,0,0,0,0,0,0
impulse,32,32,2,9,1024,0,0,0,0,0,0,0,0
impulse,32,32,3,9,1024,0,0,0,0,0,0,0,0
impulse,32,32,4,9,1024,0,0,0,0,0,0,0,0
impulse,32,32,5,9,1024,0,0,0,0,0,0,0,0
impulse,32,32,6,9,1024,0,0,0,0,0,0,0,0
impulse,32,32,7,9,1024,0,0,0,0,0,0,0,0
impulse,32,32,8,9,1024,0,0,0,0,0,0,0,0
impulse,32,32,9,9,1024,0,0,0,0,0,0,0,0
impulse,32,32,10,9,1024,0,0,0,0,0,0,0,0
impulse,32,32,11,9,1024,0,0,0,0,0,0,0,0
impulse,32,32,12,9,1024,0,0,0,0,0,0,0,0
impulse,32,32,13,9,1024,0,0,0,0,0,0,0,0
impulse,32,32,14,9,1024,0,0,0,0,0,0,0,0
impulse,32,32,15,9,1024,0,0,0,0,0,0,0,0
impulse,32,32,16,9,1024,0,0,0,0,0,0,0,0
impulse,32,32,17,9,1024,0,0,0,0,0,0,0,0
impulse,32,32,18,9,1024,0,0,0,0,0,0,0,0
impulse,32,32,19,9,1024,0,0,0,0,0,0,0,0
impulse,32,32,0,10,1024,0,0,0,0,0,0,0,0
impulse,32,32,1,10,1024,0,0,0,0,0,0,0,0
impulse,32,32,2,10,1024,0,0,0,0,0,0,0,0
impulse,32,32,3,10,1024,0,0,0,0,0,0,0,0
impulse,32,32,4,10,1024,0,0,0,0,0,0,0,0
impulse,32,32,5,10,1024,0,0,0,0,0,0,0,0
impulse,32,32,6,10,1024,0,0,0,0,0,0,0,0
impulse,32,32,7,10,1024,0,0,0,0,0,0,0,0
impulse,32,32,8,10,1024,0,0,0,0,0,0,0,0
impulse,32,32,9,10,1024,0,0,0,0,0,0,0,0
impulse,32,32,10,10,1024,0,0,0,0,0,0,0,0
impulse,32,32,11,10,1024,0,0,0,0,0,0,0,0
impulse,32,32,12,10,1024,0,0,0,0,0,0,0,0
impulse,32,32,13,10,1024,0,0,0,0,0,0,0,0
impulse,32,32,14,10,1024,0,0,0,0,0,0,0,0
impulse,32,32,15,10,1024,0,0,0,0,0,0,0,0
impulse,32,32,16,10,1024,0,0,0,0,0,0,0,0
impulse,32,32,17,10,1024,0,0,0,0,0,0,0,0
impulse,32,32,18,10,1024,0,0,0,0,0,0,0,0
impulse,32,32,19,10,1024,0,0,0,0,0,0,0,0
impulse,32,32,0,11,1024,0,0,0,0,0,0,0,0
impulse,32,32,1,11,1024,0,0,0,0,0,0,0,0
impulse,32,32,2,11,1024,0,0,0,0,0,0,0,0
impulse,32,32,3,11,1024,0,0,0,0,0,0,0,0
impulse,32,32,4,11,1024,0,0,0,0,0,0,0,0
impulse,32,32,5,11,1024,0,0,0,0,0,0,0,0
impulse,32,32,6,11,1024,0,0,0,0,0,0,0,0
impulse,32,32,7,11,1024,0,0,0,0,0,0,0,0
impulse,32,32,8,11,1024,0,0,0,0,0,0,0,0
impulse,32,32,9,11,1024,0,0,0,0,0,0,0,0
impulse,32,32,10,11,1024,0,0,0,0,0,0,0,0
impulse,32,32,11,11,1024,0,0,0,0,0,0,0,0
impulse,32,32,12,11,1024,0,0,0,0,0,0,0,0
impulse,32,32,13,11,1024,0,0,0,0,0,0,0,0
impulse,32,32,14,11,1024,0,0,0,0,0,0,0,0
impulse,32,32,15,11,1024,0,0,0,0,0,0,0,0
impulse,32,32,16,11,1024,0,0,0,0,0,0,0,0
impulse,32,32,17,11,1024,0,0,0,0,0,0,0,0
impulse,32,32,18,11,1024,0,0,0,0,0,0,0,0
impulse,32,32,19,11,1024,0,0,0,0,0,0,0,0
impulse,32,32,0,12,1024,0,0,0,0,0,0,0,0
impulse,32,32,1,12,1024,0,0,0,0,0,0,0,0
impulse,32,32,2,12,1024,0,0,0,0,0,0,0,0
impulse,32,32,3,12,1024,0,0,0,0,0,0,0,0
impulse,32,32,4,12,1024,0,0,0,0,0,0,0,0
impulse,32,32,5,12,1024,0,0,0,0,0,0,0,0
impulse,32,32,6,12,1024,0,0,0,0,0,0,0,0
impulse,32,32,7,12,1024,0,0,0,0,0,0,0,0
impulse,32,32,8,12,1024,0,0,0,0,0,0,0,0
impulse,32,32,9,12,1024,0,0,0,0,0,0,0,0
impulse,32,32,10,12,1024,0,0,0,0,0,0,0,0
impulse,32,32,11,12,1024,0,0,0,0,0,0,0,0
impulse,32,32,12,12,1024,0,0,0,0,0,0,0,0
impulse,32,32,13,12,1024,0,0,0,0,0,0,0,0
impulse,32,32,14,12,1024,0,0,0,0,0,0,0,0
impulse,32,32,15,12,1024,0,0,0,0,0,0,0,0
impulse,32,32,16,12,1024,0,0,0,0,0,0,0,0
impulse,32,32,17,12,1024,0,0,0,0,0,0,0,0
impulse,32,32,18,12,1024,0,0,0,0,0,0,0,0
impulse,32,32,19,12,1024,0,0,0,0,0,0,0,0
impulse,32,32,0,13,1024,0,0,0,0,0,0,0,0
impulse,32,32,1,13,1024,0,0,0,0,0,0,0,0
impulse,32,32,2,13,1024,0,0,0,0,0,0,0,0
impulse,32,32,3,13,1024,0,0,0,0,0,0,0,0
impulse,32,32,4,13,1024,0,0,0,0,0,0,0,0
impulse,32,32,5,13,1024,0,0,0,0,0,0,0,0
impulse,32,32,6,13,1024,0,0,0,0,0,0,0,0
impulse,32,32,7,13,1024,0,0,0,0,0,0,0,0
impulse,32,32,8,13,1024,0,0,0,0,0,0,0,0
impulse,32,32,9,13,1024,0,0,0,0,0,0,0,0
impulse,32,32,10,13,1024,0,0,0,0,0,0,0,0
impulse,32,32,11,13,1024,0,0,0,0,0,0,0,0
impulse,32,32,12,13,1024,0,0,0,0,0,0,0,0
impulse,32,32,13,13,1024,0,0,0,0,0,0,0,0
impulse,32,32,14,13,1024,0,0,0,0,0,0,0,0
impulse,32,32,15,13,1024,0,0,0,0,0,0,0,0
impulse,32,32,16,13,1024,0,0,0,0,0,0,0,0
impulse,32,32,17,13,1024,0,0,0,0,0,0,0,0
impulse,32,32,18,13,1024,0,0,0,0,0,0,0,0
impulse,32,32,19,13,1024,0,0,0,0,0,0,0,0
impulse,32,32,0,14,1024,0,0,0,0,0,0,0,0
impulse,32,32,1,14,1024,0,0,0,0,0,0,0,0
impulse,32,32,2,14,1024,0,0,0,0,0,0,0,0
impulse,32,32,3,14,1024,0,0,0,0,0,0,0,0
impulse,32,32,4,14,1024,0,0,0,0,0,0,0,0
impulse,32,32,5,14,1024,0,0,0,0,0,0,0,0
impulse,32,32,6,14,1024,0,0,0,0,0,0,0,0
impulse,32,32,7,14,1024,0,0,0,0,0,0,0,0
impulse,32,32,8,14,1024,0,0,0,0,0,0,0,0
impulse,32,32,9,14,1024,0,0,0,0,0,0,0,0
impulse,32,32,10,14,1024,0,0,0,0,0,0,0,0
impulse,32,32,11,14,1024,0,0,0,0,0,0,0,0
impulse,32,32,12,14,1024,0,0,0,0,0,0,0,0
impulse,32,32,13,14,1024,0,0,0,0,0,0,0,0
impulse,32,32,14,14,1024,0,0,0,0,0,0,0,0
impulse,32,32,15,14,1024,0,0,0,0,0,0,0,0
impulse,32,32,16,14,1024,0,0,0,0,0,0,0,0
impulse,32,32,17,14,1024,0,0,0,0,0,0,0,0
impulse,32,32,18,14,1024,0,0,0,0,0,0,0,0
impulse,32,32,19,14,1024,0,0,0,0,0,0,0,0
impulse,64,8,0,0,4096,0,0,0,0,0,0,0,0
impulse,64,8,1,0,4096,0,0,0,0,0,0,0,0
impulse,64,8,2,0,4096,0,0,0,0,0,0,0,0
impulse,64,8,3,0,4096,0,0,0,0,0,0,0,0
impulse,64,8,4,0,4096,0,0,0,0,0,0,0,0
impulse,64,8,5,0,4096,0,0,0,0,0,0,0,0
impulse,64,8,6,0,4096,0,0,0,0,0,0,0,0
impulse,64,8,7,0,4096,0,0,0,0,0,0,0,0
impulse,64,8,8,0,4096,0,0,0,0,0,0,0,0
impulse,64,8,9,0,4096,0,0,0,0,0,0,0,0
impulse,64,8,0,1,4096,0,0,0,0,0,0,0,0
impulse,64,8,1,1,4096,0,0,0,0,0,0,0,0
impulse,64,8,2,1,4096,0,0,0,0,0,0,0,0
impulse,64,8,3,1,4096,0,0,0,0,0,0,0,0
impulse,64,8,4,1,4096,0,0,0,0,0,0,0,0
impulse,64,8,5,1,4096,0,0,0,0,0,0,0,0
impulse,64,8,6,1,4096,0,0,0,0,0,0,0,0
impulse,64,8,7,1,4096,0,0,0,0,0,0,0,0
impulse,64,8,8,1,4096,0,0,0,0,0,0,0,0
impulse,64,8,9,1,4096,0,0,0,0,0,0,0,0
impulse,64,8,0,2,4096,0,0,0,0,0,0,0,0
impulse,64,8,1,2,4096,0,0,0,0,0,0,0,0
impulse,64,8,2,2,4096,0,0,0,0,0,0,0,0
impulse,64,8,3,2,4096,0,0,0,0,0,0,0,0
impulse,64,8,4,2,4096,0,0,0,0,0,0,0,0
impulse,64,8,5,2,4096,0,0,0,0,0,0,0,0
impulse,64,8,6,2,4096,0,0,0,0,0,0,0,0
impulse,64,8,7,2,4096,0,0,0,0,0,0,0,0
impulse,64,8,8,2,4096,0,0,0,0,0,0,0,0
impulse,64,8,9,2,4096,0,0,0,0,0,0,0,0
impulse,64,8,0,3,4096,0,0,0,0,0,0,0,0
impulse,64,8,1,3,4096,0,0,0,0,0,0,0,0
impulse,64,8,2,3,4096,0,0,0,0,0,0,0,0
impulse,64,8,3,3,4096,0,0,0,0,0,0,0,0
impulse,64,8,4,3,4096,0,0,0,0,0,0,0,0
impulse,64,8,5,3,4096,8,0,1,188,-187,187,0,75
impulse,64,8,6,3,4096,0,0,0,0,0,0,0,0
impulse,64,8,7,3,4096,0,0,0,0,0,0,0,0
impulse,64,8,8,3,4096,0,0,0,0,0,0,0,0
impulse,64,8,9,3,4096,0,0,0,0,0,0,0,0
impulse,64,8,0,4,4096,0,0,0,0,0,0,0,0
impulse,64,8,1,4,4096,0,0,0,0,0,0,0,0
impulse,64,8,2,4,4096,0,0,0,0,0,0,0,0
impulse,64,8,3,4,4096,0,0,0,0,0,0,0,0
impulse,64,8,4,4,4096,0,0,0,0,0,0,0,0
impulse,64,8,5,4,4096,0,0,0,0,0,0,0,0
impulse,64,8,6,4,4096,0,0,0,0,0,0,0,0
impulse,64,8,7,4,4096,0,0,0,0,0,0,0,0
impulse,64,8,8,4,4096,0,0,0,0,0,0,0,0
impulse,64,8,9,4,4096,0,0,0,0,0,0,0,0
impulse,64,8,0,5,4096,0,0,0,0,0,0,0,0
impulse,64,8,1,5,4096,0,0,0,0,0,0,0,0
impulse,64,8,2,5,4096,0,0,0,0,0,0,0,0
impulse,64,8,3,5,4096,0,0,0,0,0,0,0,0
impulse,64,8,4,5,4096,0,0,0,0,0,0,0,0
impulse,64,8,5,5,4096,0,0,0,0,0,0,0,0
impulse,64,8,6,5,4096,0,0,0,0,0,0,0,0
impulse,64,8,7,5,4096,0,0,0,0,0,0,0,0
impulse,64,8,8,5,4096,0,0,0,0,0,0,0,0
impulse,64,8,9,5,4096,0,0,0,0,0,0,0,0
impulse,64,8,0,6,4096,0,0,0,0,0,0,0,0
impulse,64,8,1,6,4096,0,0,0,0,0,0,0,0
impulse,64,8,2,6,4096,0,0,0,0,0,0,0,0
impulse,64,8,3,6,4096,0,0,0,0,0,0,0,0
impulse,64,8,4,6,4096,0,0,0,0,0,0,0,0
impulse,64,8,5,6,4096,0,0,0,0,0,0,0,0
impulse,64,8,6,6,4096,0,0,0,0,0,0,0,0
impulse,64,8,7,6,4096,0,0,0,0,0,0,0,0
impulse,64,8,8,6,4096,0,0,0,0,0,0,0,0
impulse,64,8,9,6,4096,0,0,0,0,0,0,0,0
impulse,64,8,0,7,2048,0,0,0,0,0,0,0,0
impulse,64,8,1,7,2048,0,0,0,0,0,0,0,0
impulse,64,8,2,7,2048,0,0,0,0,0,0,0,0
impulse,64,8,3,7,2048,0,0,0,0,0,0,0,0
impulse,64,8,4,7,2048,0,0,0,0,0,0,0,0
impulse,64,8,5,7,2048,0,0,0,0,0,0,0,0
impulse,64,8,6,7,2048,0,0,0,0,0,0,0,0
impulse,64,8,7,7,2048,0,0,0,0,0,0,0,0
impulse,64,8,8,7,2048,0,0,0,0,0,0,0,0
impulse,64,8,9,7,2048,0,0,0,0,0,0,0,0
impulse,64,16,0,0,4096,0,0,0,0,0,0,0,0
impulse,64,16,1,0,4096,0,0,0,0,0,0,0,0
impulse,64,16,2,0,4096,0,0,0,0,0,0,0,0
impulse,64,16,3,0,4096,0,0,0,0,0,0,0,0
impulse,64,16,4,0,4096,0,0,0,0,0,0,0,0
impulse,64,16,5,0,4096,0,0,0,0,0,0,0,0
impulse,64,16,6,0,4096,0,0,0,0,0,0,0,0
impulse,64,16,7,0,4096,0,0,0,0,0,0,0,0
impulse,64,16,8,0,4096,0,0,0,0,0,0,0,0
impulse,64,16,9,0,4096,0,0,0,0,0,0,0,0
impulse,64,16,0,1,4096,0,0,0,0,0,0,0,0
impulse,64,16,1,1,4096,0,0,0,0,0,0,0,0
impulse,64,16,2,1,4096,0,0,0,0,0,0,0,0
impulse,64,16,3,1,4096,0,0,0,0,0,0,0,0
impulse,64,16,4,1,4096,0,0,0,0,0,0,0,0
impulse,64,16,5,1,4096,0,0,0,0,0,0,0,0
impulse,64,16,6,1,4096,0,0,0,0,0,0,0,0
impulse,64,16,7,1,4096,0,0,0,0,0,0,0,0
impulse,64,16,8,1,4096,0,0,0,0,0,0,0,0
impulse,64,16,9,1,4096,0,0,0,0,0,0,0,0
impulse,64,16,0,2,4096,0,0,0,0,0,0,0,0
impulse,64,16,1,2,4096,0,0,0,0,0,0,0,0
impulse,64,16,2,2,4096,0,0,0,0,0,0,0,0
impulse,64,16,3,2,4096,0,0,0,0,0,0,0,0
impulse,64,16,4,2,4096,0,0,0,0,0,0,0,0
impulse,64,16,5,2,4096,0,0,0,0,0,0,0,0
impulse,64,16,6,2,4096,0,0,0,0,0,0,0,0
impulse,64,16,7,2,4096,0,0,0,0,0,0,0,0
impulse,64,16,8,2,4096,0,0,0,0,0,0,0,0
impulse,64,16,9,2,4096,0,0,0,0,0,0,0,0
impulse,64,16,0,3,4096,0,0,0,0,0,0,0,0
impulse,64,16,1,3,4096,0,0,0,0,0,0,0,0
impulse,64,16,2,3,4096,0,0,0,0,0,0,0,0
impulse,64,16,3,3,4096,0,0,0,0,0,0,0,0
impulse,64,16,4,3,4096,0,0,0,0,0,0,0,0
impulse,64,16,5,3,4096,8,1,128,188,-60,60,51,75
impulse,64,16,6,3,4096,0,0,0,0,0,0,0,0
impulse,64,16,7,3,4096,0,0,0,0,0,0,0,0
impulse,64,16,8,3,4096,0,0,0,0,0,0,0,0
impulse,64,16,9,3,4096,0,0,0,0,0,0,0,0
impulse,64,16,0,4,4096,0,0,0,0,0,0,0,0
impulse,64,16,1,4,4096,0,0,0,0,0,0,0,0
impulse,64,16,2,4,4096,0,0,0,0,0,0,0,0
impulse,64,16,3,4,4096,0,0,0,0,0,0,0,0
impulse,64,16,4,4,4096,0,0,0,0,0,0,0,0
impulse,64,16,5,4,4096,0,0,0,0,0,0,0,0
impulse,64,16,6,4,4096,0,0,0,0,0,0,0,0
impulse,64,16,7,4,4096,0,0,0,0,0,0,0,0
impulse,64,16,8,4,4096,0,0,0,0,0,0,0,0
impulse,64,16,9,4,4096,0,0,0,0,0,0,0,0
impulse,64,16,0,5,4096,0,0,0,0,0,0,0,0
impulse,64,16,1,5,4096,0,0,0,0,0,0,0,0
impulse,64,16,2,5,4096,0,0,0,0,0,0,0,0
impulse,64,16,3,5,4096,0,0,0,0,0,0,0,0
impulse,64,16,4,5,4096,0,0,0,0,0,0,0,0
impulse,64,16,5,5,4096,0,0,0,0,0,0,0,0
impulse,64,16,6,5,4096,0,0,0,0,0,0,0,0
impulse,64,16,7,5,4096,0,0,0,0,0,0,0,0
impulse,64,16,8,5,4096,0,0,0,0,0,0,0,0
impulse,64,16,9,5,4096,0,0,0,0,0,0,0,0
impulse,64,16,0,6,4096,0,0,0,0,0,0,0,0
impulse,64,16,1,6,4096,0,0,0,0,0,0,0,0
impulse,64,16,2,6,4096,0,0,0,0,0,0,0,0
impulse,64,16,3,6,4096,0,0,0,0,0,0,0,0
impulse,64,16,4,6,4096,0,0,0,0,0,0,0,0
impulse,64,16,5,6,4096,0,0,0,0,0,0,0,0
impulse,64,16,6,6,4096,0,0,0,0,0,0,0,0
impulse,64,16,7,6,4096,0,0,0,0,0,0,0,0
impulse,64,16,8,6,4096,0,0,0,0,0,0,0,0
impulse,64,16,9,6,4096,0,0,0,0,0,0,0,0
impulse,64,16,0,7,2048,0,0,0,0,0,0,0,0
impulse,64,16,1,7,2048,0,0,0,0,0,0,0,0
impulse,64,16,2,7,2048,0,0,0,0,0,0,0,0
impulse,64,16,3,7,2048,0,0,0,0,0,0,0,0
impulse,64,16,4,7,2048,0,0,0,0,0,0,0,0
impulse,64,16,5,7,2048,0,0,0,0,0,0,0,0
impulse,64,16,6,7,2048,0,0,0,0,0,0,0,0
impulse,64,16,7,7,2048,0,0,0,0,0,0,0,0
impulse,64,16,8,7,2048,0,0,0,0,0,0,0,0
impulse,64,16,9,7,2048,0,0,0,0,0,0,0,0
impulse,64,32,0,0,4096,0,0,0,0,0,0,0,0
impulse,64,32,1,0,4096,0,0,0,0,0,0,0,0
impulse,64,32,2,0,4096,0,0,0,0,0,0,0,0
impulse,64,32,3,0,4096,0,0,0,0,0,0,0,0
impulse,64,32,4,0,4096,0,0,0,0,0,0,0,0
impulse,64,32,5,0,4096,0,0,0,0,0,0,0,0
impulse,64,32,6,0,4096,0,0,0,0,0,0,0,0
impulse,64,32,7,0,4096,0,0,0,0,0,0,0,0
impulse,64,32,8,0,4096,0,0,0,0,0,0,0,0
impulse,64,32,9,0,4096,0,0,0,0,0,0,0,0
impulse,64,32,0,1,4096,0,0,0,0,0,0,0,0
impulse,64,32,1,1,4096,0,0,0,0,0,0,0,0
impulse,64,32,2,1,4096,0,0,0,0,0,0,0,0
impulse,64,32,3,1,4096,0,0,0,0,0,0,0,0
impulse,64,32,4,1,4096,0,0,0,0,0,0,0,0
impulse,64,32,5,1,4096,0,0,0,0,0,0,0,0
impulse,64,32,6,1,4096,0,0,0,0,0,0,0,0
impulse,64,32,7,1,4096,0,0,0,0,0,0,0,0
impulse,64,32,8,1,4096,0,0,0,0,0,0,0,0
impulse,64,32,9,1,4096,0,0,0,0,0,0,0,0
impulse,64,32,0,2,4096,0,0,0,0,0,0,0,0
impulse,64,32,1,2,4096,0,0,0,0,0,0,0,0
impulse,64,32,2,2,4096,0,0,0,0,0,0,0,0
impulse,64,32,3,2,4096,0,0,0,0,0,0,0,0
impulse,64,32,4,2,4096,0,0,0,0,0,0,0,0
impulse,64,32,5,2,4096,0,0,0,0,0,0,0,0
impulse,64,32,6,2,4096,0,0,0,0,0,0,0,0
impulse,64,32,7,2,4096,0,0,0,0,0,0,0,0
impulse,64,32,8,2,4096,0,0,0,0,0,0,0,0
impulse,64,32,9,2,4096,0,0,0,0,0,0,0,0
impulse,64,32,0,3,4096,0,0,0,0,0,0,0,0
impulse,64,32,1,3,4096,0,0,0,0,0,0,0,0
impulse,64,32,2,3,4096,0,0,0,0,0,0,0,0
impulse,64,32,3,3,4096,0,0,0,0,0,0,0,0
impulse,64,32,4,3,4096,0,0,0,0,0,0,0,0
impulse,64,32,5,3,4096,8,2,128,188,-60,60,51,75
impulse,64,32,6,3,4096,0,0,0,0,0,0,0,0
impulse,64,32,7,3,4096,0,0,0,0,0,0,0,0
impulse,64,32,8,3,4096,0,0,0,0,0,0,0,0
impulse,64,32,9,3,4096,0,0,0,0,0,0,0,0
impulse,64,32,0,4,4096,0,0,0,0,0,0,0,0
impulse,64,32,1,4,4096,0,0,0,0,0,0,0,0
impulse,64,32,2,4,4096,0,0,0,0,0,0,0,0
impulse,64,32,3,4,4096,0,0,0,0,0,0,0,0
impulse,64,32,4,4,4096,0,0,0,0,0,0,0,0
impulse,64,32,5,4,4096,0,0,0,0,0,0,0,0
impulse,64,32,6,4,4096,0,0,0,0,0,0,0,0
impulse,64,32,7,4,4096,0,0,0,0,0,0,0,0
impulse,64,32,8,4,4096,0,0,0,0,0,0,0,0
impulse,64,32,9,4,4096,0,0,0,0,0,0,0,0
impulse,64,32,0,5,4096,0,0,0,0,0,0,0,0
impulse,64,32,1,5,4096,0,0,0,0,0,0,0,0
impulse,64,32,2,5,4096,0,0,0,0,0,0,0,0
impulse,64,32,3,5,4096,0,0,0,0,0,0,0,0
impulse,64,32,4,5,4096,0,0,0,0,0,0,0,0
impulse,64,32,5,5,4096,0,0,0,0,0,0,0,0
impulse,64,32,6,5,4096,0,0,0,0,0,0,0,0
impulse,64,32,7,5,4096,0,0,0,0,0,0,0,0
impulse,64,32,8,5,4096,0,0,0,0,0,0,0,0
impulse,64,32,9,5,4096,0,0,0,0,0,0,0,0
impulse,64,32,0,6,4096,0,0,0,0,0,0,0,0
impulse,64,32,1,6,4096,0,0,0,0,0,0,0,0
impulse,64,32,2,6,4096,0,0,0,0,0,0,0,0
impulse,64,32,3,6,4096,0,0,0,0,0,0,0,0
impulse,64,32,4,6,4096,0,0,0,0,0,0,0,0
impulse,64,32,5,6,4096,0,0,0,0,0,0,0,0
impulse,64,32,6,6,4096,0,0,0,0,0,0,0,0
impulse,64,32,7,6,4096,0,0,0,0,0,0,0,0
impulse,64,32,8,6,4096,0,0,0,0,0,0,0,0
impulse,64,32,9,6,4096,0,0,0,0,0,0,0,0
impulse,64,32,0,7,2048,0,0,0,0,0,0,0,0
impulse,64,32,1,7,2048,0,0,0,0,0,0,0,0
impulse,64,32,2,7,2048,0,0,0,0,0,0,0,0
impulse,64,32,3,7,2048,0,0,0,0,0,0,0,0
impulse,64,32,4,7,2048,0,0,0,0,0,0,0,0
impulse,64,32,5,7,2048,0,0,0,0,0,0,0,0
impulse,64,32,6,7,2048,0,0,0,0,0,0,0,0
impulse,64,32,7,7,2048,0,0,0,0,0,0,0,0
impulse,64,32,8,7,2048,0,0,0,0,0,0,0,0
impulse,64,32,9,7,2048,0,0,0,0,0,0,0,0
horizontal,32,8,0,0,1024,0,0,0,0,0,0,0,0
horizontal,32,8,1,0,1024,0,0,0,0,0,0,0,0
horizontal,32,8,2,0,1024,0,0,0,0,0,0,0,0
horizontal,32,8,3,0,1024,0,0,0,0,0,0,0,0
horizontal,32,8,4,0,1024,0,0,0,0,0,0,0,0
horizontal,32,8,5,0,1024,0,0,0,0,0,0,0,0
horizontal,32,8,6,0,1024,0,0,0,0,0,0,0,0
horizontal,32,8,7,0,1024,0,0,0,0,0,0,0,0
horizontal,32,8,8,0,1024,0,0,0,0,0,0,0,0
horizontal,32,8,9,0,1024,0,0,0,0,0,0,0,0
horizontal,32,8,10,0,1024,0,0,0,0,0,0,0,0
horizontal,32,8,11,0,1024,0,0,0,0,0,0,0,0
horizontal,32,8,12,0,1024,0,0,0,0,0,0,0,0
horizontal,32,8,13,0,1024,0,0,0,0,0,0,0,0
horizontal,32,8,14,0,1024,0,0,0,0,0,0,0,0
horizontal,32,8,15,0,1024,0,0,0,0,0,0,0,0
horizontal,32,8,16,0,1024,0,0,0,0,0,0,0,0
horizontal,32,8,17,0,1024,0,0,0,0,0,0,0,0
horizontal,32,8,18,0,1024,0,0,0,0,0,0,0,0
horizontal,32,8,19,0,1024,0,0,0,0,0,0,0,0
horizontal,32,8,0,1,1024,0,0,0,0,0,0,0,0
horizontal,32,8,1,1,1024,0,0,0,0,0,0,0,0
horizontal,32,8,2,1,1024,0,0,0,0,0,0,0,0
horizontal,32,8,3,1,1024,0,0,0,0,0,0,0,0
horizontal,32,8,4,1,1024,0,0,0,0,0,0,0,0
horizontal,32,8,5,1,1024,0,0,0,0,0,0,0,0
horizontal,32,8,6,1,1024,0,0,0,0,0,0,0,0
horizontal,32,8,7,1,1024,0,0,0,0,0,0,0,0
horizontal,32,8,8,1,1024,0,0,0,0,0,0,0,0
horizontal,32,8,9,1,1024,0,0,0,0,0,0,0,0
horizontal,32,8,10,1,1024,0,0,0,0,0,0,0,0
horizontal,32,8,11,1,1024,0,0,0,0,0,0,0,0
horizontal,32,8,12,1,1024,0,0,0,0,0,0,0,0
horizontal,32,8,13,1,1024,0,0,0,0,0,0,0,0
horizontal,32,8,14,1,1024,0,0,0,0,0,0,0,0
horizontal,32,8,15,1,1024,0,0,0,0,0,0,0,0
horizontal,32,8,16,1,1024,0,0,0,0,0,0,0,0
horizontal,32,8,17,1,1024,0,0,0,0,0,0,0,0
horizontal,32,8,18,1,1024,0,0,0,0,0,0,0,0
horizontal,32,8,19,1,1024,0,0,0,0,0,0,0,0
horizontal,32,8,0,2,1024,0,0,0,0,0,0,0,0
horizontal,32,8,1,2,1024,0,0,0,0,0,0,0,0
horizontal,32,8,2,2,1024,0,0,0,0,0,0,0,0
horizontal,32,8,3,2,1024,0,0,0,0,0,0,0,0
horizontal,32,8,4,2,1024,0,0,0,0,0,0,0,0
horizontal,32,8,5,2,1024,0,0,0,0,0,0,0,0
horizontal,32,8,6,2,1024,0,0,0,0,0,0,0,0
horizontal,32,8,7,2,1024,0,0,0,0,0,0,0,0
horizontal,32,8,8,2,1024,0,0,0,0,0,0,0,0
horizontal,32,8,9,2,1024,0,0,0,0,0,0,0,0
horizontal,32,8,10,2,1024,0,0,0,0,0,0,0,0
horizontal,32,8,11,2,1024,0,0,0,0,0,0,0,0
horizontal,32,8,12,2,1024,0,0,0,0,0,0,0,0
horizontal,32,8,13,2,1024,0,0,0,0,0,0,0,0
horizontal,32,8,14,2,1024,0,0,0,0,0,0,0,0
horizontal,32,8,15,2,1024,0,0,0,0,0,0,0,0
horizontal,32,8,16,2,1024,0,0,0,0,0,0,0,0
horizontal,32,8,17,2,1024,0,0,0,0,0,0,0,0
horizontal,32,8,18,2,1024,0,0,0,0,0,0,0,0
horizontal,32,8,19,2,1024,0,0,0,0,0,0,0,0
horizontal,32,8,0,3,1024,0,0,0,0,0,0,0,0
horizontal,32,8,1,3,1024,0,0,0,0,0,0,0,0
horizontal,32,8,2,3,1024,0,0,0,0,0,0,0,0
horizontal,32,8,3,3,1024,0,0,0,0,0,0,0,0
horizontal,32,8,4,3,1024,0,0,0,0,0,0,0,0
horizontal,32,8,5,3,1024,0,0,0,0,0,0,0,0
horizontal,32,8,6,3,1024,0,0,0,0,0,0,0,0
horizontal,32,8,7,3,1024,0,0,0,0,0,0,0,0
horizontal,32,8,8,3,1024,0,0,0,0,0,0,0,0
horizontal,32,8,9,3,1024,0,0,0,0,0,0,0,0
horizontal,32,8,10,3,1024,0,0,0,0,0,0,0,0
horizontal,32,8,11,3,1024,0,0,0,0,0,0,0,0
horizontal,32,8,12,3,1024,0,0,0,0,0,0,0,0
horizontal,32,8,13,3,1024,0,0,0,0,0,0,0,0
horizontal,32,8,14,3,1024,0,0,0,0,0,0,0,0
horizontal,32,8,15,3,1024,0,0,0,0,0,0,0,0
horizontal,32,8,16,3,1024,0,0,0,0,0,0,0,0
horizontal,32,8,17,3,1024,0,0,0,0,0,0,0,0
horizontal,32,8,18,3,1024,0,0,0,0,0,0,0,0
horizontal,32,8,19,3,1024,0,0,0,0,0,0,0,0
horizontal,32,8,0,4,1024,0,0,0,0,0,0,0,0
horizontal,32,8,1,4,1024,0,0,0,0,0,0,0,0
horizontal,32,8,2,4,1024,0,0,0,0,0,0,0,0
horizontal,32,8,3,4,1024,0,0,0,0,0,0,0,0
horizontal,32,8,4,4,1024,0,0,0,0,0,0,0,0
horizontal,32,8,5,4,1024,0,0,0,0,0,0,0,0
horizontal,32,8,6,4,1024,0,0,0,0,0,0,0,0
horizontal,32,8,7,4,1024,0,0,0,0,0,0,0,0
horizontal,32,8,8,4,1024,0,0,0,0,0,0,0,0
horizontal,32,8,9,4,1024,0,0,0,0,0,0,0,0
horizontal,32,8,10,4,1024,0,0,0,0,0,0,0,0
horizontal,32,8,11,4,1024,0,0,0,0,0,0,0,0
horizontal,32,8,12,4,1024,0,0,0,0,0,0,0,0
horizontal,32,8,13,4,1024,0,0,0,0,0,0,0,0
horizontal,32,8,14,4,1024,0,0,0,0,0,0,0,0
horizontal,32,8,15,4,1024,0,0,0,0,0,0,0,0
horizontal,32,8,16,4,1024,0,0,0,0,0,0,0,0
horizontal,32,8,17,4,1024,0,0,0,0,0,0,0,0
horizontal,32,8,18,4,1024,0,0,0,0,0,0,0,0
horizontal,32,8,19,4,1024,0,0,0,0,0,0,0,0
horizontal,32,8,0,5,1024,0,0,0,0,0,0,0,0
horizontal,32,8,1,5,1024,0,0,0,0,0,0,0,0
horizontal,32,8,2,5,1024,0,0,0,0,0,0,0,0
horizontal,32,8,3,5,1024,0,0,0,0,0,0,0,0
horizontal,32,8,4,5,1024,0,0,0,0,0,0,0,0
horizontal,32,8,5,5,1024,0,0,0,0,0,0,0,0
horizontal,32,8,6,5,1024,0,0,0,0,0,0,0,0
horizontal,32,8,7,5,1024,0,0,0,0,0,0,0,0
horizontal,32,8,8,5,1024,0,0,0,0,0,0,0,0
horizontal,32,8,9,5,1024,0,0,0,0,0,0,0,0
horizontal,32,8,10,5,1024,0,0,0,0,0,0,0,0
horizontal,32,8,11,5,1024,0,0,0,0,0,0,0,0
horizontal,32,8,12,5,1024,0,0,0,0,0,0,0,0
horizontal,32,8,13,5,1024,0,0,0,0,0,0,0,0
horizontal,32,8,14,5,1024,0,0,0,0,0,0,0,0
horizontal,32,8,15,5,1024,0,0,0,0,0,0,0,0
horizontal,32,8,16,5,1024,0,0,0,0,0,0,0,0
horizontal,32,8,17,5,1024,0,0,0,0,0,0,0,0
horizontal,32,8,18,5,1024,0,0,0,0,0,0,0,0
horizontal,32,8,19,5,1024,0,0,0,0,0,0,0,0
horizontal,32,8,0,6,1024,0,0,0,0,0,0,0,0
horizontal,32,8,1,6,1024,0,0,0,0,0,0,0,0
horizontal,32,8,2,6,1024,0,0,0,0,0,0,0,0
horizontal,32,8,3,6,1024,0,0,0,0,0,0,0,0
horizontal,32,8,4,6,1024,0,0,0,0,0,0,0,0
horizontal,32,8,5,6,1024,0,0,0,0,0,0,0,0
horizontal,32,8,6,6,1024,0,0,0,0,0,0,0,0
horizontal,32,8,7,6,1024,0,0,0,0,0,0,0,0
horizontal,32,8,8,6,1024,0,0,0,0,0,0,0,0
horizontal,32,8,9,6,1024,0,0,0,0,0,0,0,0
horizontal,32,8,10,6,1024,0,0,0,0,0,0,0,0
horizontal,32,8,11,6,1024,0,0,0,0,0,0,0,0
horizontal,32,8,12,6,1024,0,0,0,0,0,0,0,0
horizontal,32,8,13,6,1024,0,0,0,0,0,0,0,0
horizontal,32,8,14,6,1024,0,0,0,0,0,0,0,0
horizontal,32,8,15,6,1024,0,0,0,0,0,0,0,0
horizontal,32,8,16,6,1024,0,0,0,0,0,0,0,0
horizontal,32,8,17,6,1024,0,0,0,0,0,0,0,0
horizontal,32,8,18,6,1024,0,0,0,0,0,0,0,0
horizontal,32,8,19,6,1024,0,0,0,0,0,0,0,0
horizontal,32,8,0,7,1024,41,3,768,768,0,0,307,307
horizontal,32,8,1,7,1024,32,3,768,768,0,0,307,307
horizontal,32,8,2,7,1024,32,3,768,768,0,0,307,307
horizontal,32,8,3,7,1024,32,3,768,768,0,0,307,307
horizontal,32,8,4,7,1024,32,3,768,768,0,0,307,307
horizontal,32,8,5,7,1024,32,3,768,768,0,0,307,307
horizontal,32,8,6,7,1024,32,3,768,768,0,0,307,307
horizontal,32,8,7,7,1024,32,3,768,768,0,0,307,307
horizontal,32,8,8,7,1024,32,3,768,768,0,0,307,307
horizontal,32,8,9,7,1024,32,3,768,768,0,0,307,307
horizontal,32,8,10,7,1024,32,3,768,768,0,0,307,307
horizontal,32,8,11,7,1024,32,3,768,768,0,0,307,307
horizontal,32,8,12,7,1024,32,3,768,768,0,0,307,307
horizontal,32,8,13,7,1024,32,3,768,768,0,0,307,307
horizontal,32,8,14,7,1024,32,3,768,768,0,0,307,307
horizontal,32,8,15,7,1024,32,3,768,768,0,0,307,307
horizontal,32,8,16,7,1024,32,3,768,768,0,0,307,307
horizontal,32,8,17,7,1024,32,3,768,768,0,0,307,307
horizontal,32,8,18,7,1024,32,3,768,768,0,0,307,307
horizontal,32,8,19,7,1024,32,3,768,768,0,0,307,307
horizontal,32,8,0,8,1024,32,3,768,768,0,0,307,307
horizontal,32,8,1,8,1024,0,0,0,0,0,0,0,0
horizontal,32,8,2,8,1024,0,0,0,0,0,0,0,0
horizontal,32,8,3,8,1024,0,0,0,0,0,0,0,0
horizontal,32,8,4,8,1024,0,0,0,0,0,0,0,0
horizontal,32,8,5,8,1024,0,0,0,0,0,0,0,0
horizontal,32,8,6,8,1024,0,0,0,0,0,0,0,0
horizontal,32,8,7,8,1024,0,0,0,0,0,0,0,0
horizontal,32,8,8,8,1024,0,0,0,0,0,0,0,0
horizontal,32,8,9,8,1024,0,0,0,0,0,0,0,0
horizontal,32,8,10,8,1024,0,0,0,0,0,0,0,0
horizontal,32,8,11,8,1024,0,0,0,0,0,0,0,0
horizontal,32,8,12,8,1024,0,0,0,0,0,0,0,0
horizontal,32,8,13,8,1024,0,0,0,0,0,0,0,0
horizontal,32,8,14,8,1024,0,0,0,0,0,0,0,0
horizontal,32,8,15,8,1024,0,0,0,0,0,0,0,0
horizontal,32,8,16,8,1024,0,0,0,0,0,0,0,0
horizontal,32,8,17,8,1024,0,0,0,0,0,0,0,0
horizontal,32,8,18,8,1024,0,0,0,0,0,0,0,0
horizontal,32,8,19,8,1024,0,0,0,0,0,0,0,0
horizontal,32,8,0,9,1024,32,3,768,768,0,0,307,307
horizontal,32,8,1,9,1024,0,0,0,0,0,0,0,0
horizontal,32,8,2,9,1024,0,0,0,0,0,0,0,0
horizontal,32,8,3,9,1024,0,0,0,0,0,0,0,0
horizontal,32,8,4,9,1024,0,0,0,0,0,0,0,0
horizontal,32,8,5,9,1024,0,0,0,0,0,0,0,0
horizontal,32,8,6,9,1024,0,0,0,0,0,0,0,0
horizontal,32,8,7,9,1024,0,0,0,0,0,0,0,0
horizontal,32,8,8,9,1024,0,0,0,0,0,0,0,0
horizontal,32,8,9,9,1024,0,0,0,0,0,0,0,0
horizontal,32,8,10,9,1024,0,0,0,0,0,0,0,0
horizontal,32,8,11,9,1024,0,0,0,0,0,0,0,0
horizontal,32,8,12,9,1024,0,0,0,0,0,0,0,0
horizontal,32,8,13,9,1024,0,0,0,0,0,0,0,0
horizontal,32,8,14,9,1024,0,0,0,0,0,0,0,0
horizontal,32,8,15,9,1024,0,0,0,0,0,0,0,0
horizontal,32,8,16,9,1024,0,0,0,0,0,0,0,0
horizontal,32,8,17,9,1024,0,0,0,0,0,0,0,0
horizontal,32,8,18,9,1024,0,0,0,0,0,0,0,0
horizontal,32,8,19,9,1024,0,0,0,0,0,0,0,0
horizontal,32,8,0,10,1024,32,3,768,768,0,0,307,307
horizontal,32,8,1,10,1024,0,0,0,0,0,0,0,0
horizontal,32,8,2,10,1024,0,0,0,0,0,0,0,0
horizontal,32,8,3,10,1024,0,0,0,0,0,0,0,0
horizontal,32,8,4,10,1024,0,0,0,0,0,0,0,0
horizontal,32,8,5,10,1024,0,0,0,0,0,0,0,0
horizontal,32,8,6,10,1024,0,0,0,0,0,0,0,0
horizontal,32,8,7,10,1024,0,0,0,0,0,0,0,0
horizontal,32,8,8,10,1024,0,0,0,0,0,0,0,0
horizontal,32,8,9,10,1024,0,0,0,0,0,0,0,0
horizontal,32,8,10,10,1024,0,0,0,0,0,0,0,0
horizontal,32,8,11,10,1024,0,0,0,0,0,0,0,0
horizontal,32,8,12,10,1024,0,0,0,0,0,0,0,0
horizontal,32,8,13,10,1024,0,0,0,0,0,0,0,0
horizontal,32,8,14,10,1024,0,0,0,0,0,0,0,0
horizontal,32,8,15,10,1024,0,0,0,0,0,0,0,0
horizontal,32,8,16,10,1024,0,0,0,0,0,0,0,0
horizontal,32,8,17,10,1024,0,0,0,0,0,0,0,0
horizontal,32,8,18,10,1024,0,0,0,0,0,0,0,0
horizontal,32,8,19,10,1024,0,0,0,0,0,0,0,0
horizontal,32,8,0,11,1024,32,3,768,768,0,0,307,307
horizontal,32,8,1,11,1024,0,0,0,0,0,0,0,0
horizontal,32,8,2,11,1024,0,0,0,0,0,0,0,0
horizontal,32,8,3,11,1024,0,0,0,0,0,0,0,0
horizontal,32,8,4,11,1024,0,0,0,0,0,0,0,0
horizontal,32,8,5,11,1024,0,0,0,0,0,0,0,0
horizontal,32,8,6,11,1024,0,0,0,0,0,0,0,0
horizontal,32,8,7,11,1024,0,0,0,0,0,0,0,0
horizontal,32,8,8,11,1024,0,0,0,0,0,0,0,0
horizontal,32,8,9,11,1024,0,0,0,0,0,0,0,0
horizontal,32,8,10,11,1024,0,0,0,0,0,0,0,0
horizontal,32,8,11,11,1024,0,0,0,0,0,0,0,0
horizontal,32,8,12,11,1024,0,0,0,0,0,0,0,0
horizontal,32,8,13,11,1024,0,0,0,0,0,0,0,0
horizontal,32,8,14,11,1024,0,0,0,0,0,0,0,0
horizontal,32,8,15,11,1024,0,0,0,0,0,0,0,0
horizontal,32,8,16,11,1024,0,0,0,0,0,0,0,0
horizontal,32,8,17,11,1024,0,0,0,0,0,0,0,0
horizontal,32,8,18,11,1024,0,0,0,0,0,0,0,0
horizontal,32,8,19,11,1024,0,0,0,0,0,0,0,0
horizontal,32,8,0,12,1024,32,3,768,768,0,0,307,307
horizontal,32,8,1,12,1024,0,0,0,0,0,0,0,0
horizontal,32,8,2,12,1024,0,0,0,0,0,0,0,0
horizontal,32,8,3,12,1024,0,0,0,0,0,0,0,0
horizontal,32,8,4,12,1024,0,0,0,0,0,0,0,0
horizontal,32,8,5,12,1024,0,0,0,0,0,0,0,0
horizontal,32,8,6,12,1024,0,0,0,0,0,0,0,0
horizontal,32,8,7,12,1024,0,0,0,0,0,0,0,0
horizontal,32,8,8,12,1024,0,0,0,0,0,0,0,0
horizontal,32,8,9,12,1024,0,0,0,0,0,0,0,0
horizontal,32,8,10,12,1024,0,0,0,0,0,0,0,0
horizontal,32,8,11,12,1024,0,0,0,0,0,0,0,0
horizontal,32,8,12,12,1024,0,0,0,0,0,0,0,0
horizontal,32,8,13,12,1024,0,0,0,0,0,0,0,0
horizontal,32,8,14,12,1024,0,0,0,0,0,0,0,0
horizontal,32,8,15,12,1024,0,0,0,0,0,0,0,0
horizontal,32,8,16,12,1024,0,0,0,0,0,0,0,0
horizontal,32,8,17,12,1024,0,0,0,0,0,0,0,0
horizontal,32,8,18,12,1024,0,0,0,0,0,0,0,0
horizontal,32,8,19,12,1024,0,0,0,0,0,0,0,0
horizontal,32,8,0,13,1024,32,3,768,768,0,0,307,307
horizontal,32,8,1,13,1024,0,0,0,0,0,0,0,0
horizontal,32,8,2,13,1024,0,0,0,0,0,0,0,0
horizontal,32,8,3,13,1024,0,0,0,0,0,0,0,0
horizontal,32,8,4,13,1024,0,0,0,0,0,0,0,0
horizontal,32,8,5,13,1024,0,0,0,0,0,0,0,0
horizontal,32,8,6,13,1024,0,0,0,0,0,0,0,0
horizontal,32,8,7,13,1024,0,0,0,0,0,0,0,0
horizontal,32,8,8,13,1024,0,0,0,0,0,0,0,0
horizontal,32,8,9,13,1024,0,0,0,0,0,0,0,0
horizontal,32,8,10,13,1024,0,0,0,0,0,0,0,0
horizontal,32,8,11,13,1024,0,0,0,0,0,0,0,0
horizontal,32,8,12,13,1024,0,0,0,0,0,0,0,0
horizontal,32,8,13,13,1024,0,0,0,0,0,0,0,0
horizontal,32,8,14,13,1024,0,0,0,0,0,0,0,0
horizontal,32,8,15,13,1024,0,0,0,0,0,0,0,0
horizontal,32,8,16,13,1024,0,0,0,0,0,0,0,0
horizontal,32,8,17,13,1024,0,0,0,0,0,0,0,0
horizontal,32,8,18,13,1024,0,0,0,0,0,0,0,0
horizontal,32,8,19,13,1024,0,0,0,0,0,0,0,0
horizontal,32,8,0,14,1024,32,3,768,768,0,0,307,307
horizontal,32,8,1,14,1024,0,0,0,0,0,0,0,0
horizontal,32,8,2,14,1024,0,0,0,0,0,0,0,0
horizontal,32,8,3,14,1024,0,0,0,0,0,0,0,0
horizontal,32,8,4,14,1024,0,0,0,0,0,0,0,0
horizontal,32,8,5,14,1024,0,0,0,0,0,0,0,0
horizontal,32,8,6,14,1024,0,0,0,0,0,0,0,0
horizontal,32,8,7,14,1024,0,0,0,0,0,0,0,0
horizontal,32,8,8,14,1024,0,0,0,0,0,0,0,0
horizontal,32,8,9,14,1024,0,0,0,0,0,0,0,0
horizontal,32,8,10,14,1024,0,0,0,0,0,0,0,0
horizontal,32,8,11,14,1024,0,0,0,0,0,0,0,0
horizontal,32,8,12,14,1024,0,0,0,0,0,0,0,0
horizontal,32,8,13,14,1024,0,0,0,0,0,0,0,0
horizontal,32,8,14,14,1024,0,0,0,0,0,0,0,0
horizontal,32,8,15,14,1024,0,0,0,0,0,0,0,0
horizontal,32,8,16,14,1024,0,0,0,0,0,0,0,0
horizontal,32,8,17,14,1024,0,0,0,0,0,0,0,0
horizontal,32,8,18,14,1024,0,0,0,0,0,0,0,0
horizontal,32,8,19,14,1024,0,0,0,0,0,0,0,0
horizontal,32,16,0,0,1024,0,0,0,0,0,0,0,0
horizontal,32,16,1,0,1024,0,0,0,0,0,0,0,0
horizontal,32,16,2,0,1024,0,0,0,0,0,0,0,0
horizontal,32,16,3,0,1024,0,0,0,0,0,0,0,0
horizontal,32,16,4,0,1024,0,0,0,0,0,0,0,0
horizontal,32,16,5,0,1024,0,0,0,0,0,0,0,0
horizontal,32,16,6,0,1024,0,0,0,0,0,0,0,0
horizontal,32,16,7,0,1024,0,0,0,0,0,0,0,0
horizontal,32,16,8,0,1024,0,0,0,0,0,0,0,0
horizontal,32,16,9,0,1024,0,0,0,0,0,0,0,0
horizontal,32,16,10,0,1024,0,0,0,0,0,0,0,0
horizontal,32,16,11,0,1024,0,0,0,0,0,0,0,0
horizontal,32,16,12,0,1024,0,0,0,0,0,0,0,0
horizontal,32,16,13,0,1024,0,0,0,0,0,0,0,0
horizontal,32,16,14,0,1024,0,0,0,0,0,0,0,0
horizontal,32,16,15,0,1024,0,0,0,0,0,0,0,0
horizontal,32,16,16,0,1024,0,0,0,0,0,0,0,0
horizontal,32,16,17,0,1024,0,0,0,0,0,0,0,0
horizontal,32,16,18,0,1024,0,0,0,0,0,0,0,0
horizontal,32,16,19,0,1024,0,0,0,0,0,0,0,0
horizontal,32,16,0,1,1024,0,0,0,0,0,0,0,0
horizontal,32,16,1,1,1024,0,0,0,0,0,0,0,0
horizontal,32,16,2,1,1024,0,0,0,0,0,0,0,0
horizontal,32,16,3,1,1024,0,0,0,0,0,0,0,0
horizontal,32,16,4,1,1024,0,0,0,0,0,0,0,0
horizontal,32,16,5,1,1024,0,0,0,0,0,0,0,0
horizontal,32,16,6,1,1024,0,0,0,0,0,0,0,0
horizontal,32,16,7,1,1024,0,0,0,0,0,0,0,0
horizontal,32,16,8,1,1024,0,0,0,0,0,0,0,0
horizontal,32,16,9,1,1024,0,0,0,0,0,0,0,0
horizontal,32,16,10,1,1024,0,0,0,0,0,0,0,0
horizontal,32,16,11,1,1024,0,0,0,0,0,0,0,0
horizontal,32,16,12,1,1024,0,0,0,0,0,0,0,0
horizontal,32,16,13,1,1024,0,0,0,0,0,0,0,0
horizontal,32,16,14,1,1024,0,0,0,0,0,0,0,0
horizontal,32,16,15,1,1024,0,0,0,0,0,0,0,0
horizontal,32,16,16,1,1024,0,0,0,0,0,0,0,0
horizontal,32,16,17,1,1024,0,0,0,0,0,0,0,0
horizontal,32,16,18,1,1024,0,0,0,0,0,0,0,0
horizontal,32,16,19,1,1024,0,0,0,0,0,0,0,0
horizontal,32,16,0,2,1024,0,0,0,0,0,0,0,0
horizontal,32,16,1,2,1024,0,0,0,0,0,0,0,0
horizontal,32,16,2,2,1024,0,0,0,0,0,0,0,0
horizontal,32,16,3,2,1024,0,0,0,0,0,0,0,0
horizontal,32,16,4,2,1024,0,0,0,0,0,0,0,0
horizontal,32,16,5,2,1024,0,0,0,0,0,0,0,0
horizontal,32,16,6,2,1024,0,0,0,0,0,0,0,0
horizontal,32,16,7,2,1024,0,0,0,0,0,0,0,0
horizontal,32,16,8,2,1024,0,0,0,0,0,0,0,0
horizontal,32,16,9,2,1024,0,0,0,0,0,0,0,0
horizontal,32,16,10,2,1024,0,0,0,0,0,0,0,0
horizontal,32,16,11,2,1024,0,0,0,0,0,0,0,0
horizontal,32,16,12,2,1024,0,0,0,0,0,0,0,0
horizontal,32,16,13,2,1024,0,0,0,0,0,0,0,0
horizontal,32,16,14,2,1024,0,0,0,0,0,0,0,0
horizontal,32,16,15,2,1024,0,0,0,0,0,0,0,0
horizontal,32,16,16,2,1024,0,0,0,0,0,0,0,0
horizontal,32,16,17,2,1024,0,0,0,0,0,0,0,0
horizontal,32,16,18,2,1024,0,0,0,0,0,0,0,0
horizontal,32,16,19,2,1024,0,0,0,0,0,0,0,0
horizontal,32,16,0,3,1024,0,0,0,0,0,0,0,0
horizontal,32,16,1,3,1024,0,0,0,0,0,0,0,0
horizontal,32,16,2,3,1024,0,0,0,0,0,0,0,0
horizontal,32,16,3,3,1024,0,0,0,0,0,0,0,0
horizontal,32,16,4,3,1024,0,0,0,0,0,0,0,0
horizontal,32,16,5,3,1024,0,0,0,0,0,0,0,0
horizontal,32,16,6,3,1024,0,0,0,0,0,0,0,0
horizontal,32,16,7,3,1024,0,0,0,0,0,0,0,0
horizontal,32,16,8,3,1024,0,0,0,0,0,0,0,0
horizontal,32,16,9,3,1024,0,0,0,0,0,0,0,0
horizontal,32,16,10,3,1024,0,0,0,0,0,0,0,0
horizontal,32,16,11,3,1024,0,0,0,0,0,0,0,0
horizontal,32,16,12,3,1024,0,0,0,0,0,0,0,0
horizontal,32,16,13,3,1024,0,0,0,0,0,0,0,0
horizontal,32,16,14,3,1024,0,0,0,0,0,0,0,0
horizontal,32,16,15,3,1024,0,0,0,0,0,0,0,0
horizontal,32,16,16,3,1024,0,0,0,0,0,0,0,0
horizontal,32,16,17,3,1024,0,0,0,0,0,0,0,0
horizontal,32,16,18,3,1024,0,0,0,0,0,0,0,0
horizontal,32,16,19,3,1024,0,0,0,0,0,0,0,0
horizontal,32,16,0,4,1024,0,0,0,0,0,0,0,0
horizontal,32,16,1,4,1024,0,0,0,0,0,0,0,0
horizontal,32,16,2,4,1024,0,0,0,0,0,0,0,0
horizontal,32,16,3,4,1024,0,0,0,0,0,0,0,0
horizontal,32,16,4,4,1024,0,0,0,0,0,0,0,0
horizontal,32,16,5,4,1024,0,0,0,0,0,0,0,0
horizontal,32,16,6,4,1024,0,0,0,0,0,0,0,0
horizontal,32,16,7,4,1024,0,0,0,0,0,0,0,0
horizontal,32,16,8,4,1024,0,0,0,0,0,0,0,0
horizontal,32,16,9,4,1024,0,0,0,0,0,0,0,0
horizontal,32,16,10,4,1024,0,0,0,0,0,0,0,0
horizontal,32,16,11,4,1024,0,0,0,0,0,0,0,0
horizontal,32,16,12,4,1024,0,0,0,0,0,0,0,0
horizontal,32,16,13,4,1024,0,0,0,0,0,0,0,0
horizontal,32,16,14,4,1024,0,0,0,0,0,0,0,0
horizontal,32,16,15,4,1024,0,0,0,0,0,0,0,0
horizontal,32,16,16,4,1024,0,0,0,0,0,0,0,0
horizontal,32,16,17,4,1024,0,0,0,0,0,0,0,0
horizontal,32,16,18,4,1024,0,0,0,0,0,0,0,0
horizontal,32,16,19,4,1024,0,0,0,0,0,0,0,0
horizontal,32,16,0,5,1024,0,0,0,0,0,0,0,0
horizontal,32,16,1,5,1024,0,0,0,0,0,0,0,0
horizontal,32,16,2,5,1024,0,0,0,0,0,0,0,0
horizontal,32,16,3,5,1024,0,0,0,0,0,0,0,0
horizontal,32,16,4,5,1024,0,0,0,0,0,0,0,0
horizontal,32,16,5,5,1024,0,0,0,0,0,0,0,0
horizontal,32,16,6,5,1024,0,0,0,0,0,0,0,0
horizontal,32,16,7,5,1024,0,0,0,0,0,0,0,0
horizontal,32,16,8,5,1024,0,0,0,0,0,0,0,0
horizontal,32,16,9,5,1024,0,0,0,0,0,0,0,0
horizontal,32,16,10,5,1024,0,0,0,0,0,0,0,0
horizontal,32,16,11,5,1024,0,0,0,0,0,0,0,0
horizontal,32,16,12,5,1024,0,0,0,0,0,0,0,0
horizontal,32,16,13,5,1024,0,0,0,0,0,0,0,0
horizontal,32,16,14,5,1024,0,0,0,0,0,0,0,0
horizontal,32,16,15,5,1024,0,0,0,0,0,0,0,0
horizontal,32,16,16,5,1024,0,0,0,0,0,0,0,0
horizontal,32,16,17,5,1024,0,0,0,0,0,0,0,0
horizontal,32,16,18,5,1024,0,0,0,0,0,0,0,0
horizontal,32,16,19,5,1024,0,0,0,0,0,0,0,0
horizontal,32,16,0,6,1024,0,0,0,0,0,0,0,0
horizontal,32,16,1,6,1024,0,0,0,0,0,0,0,0
horizontal,32,16,2,6,1024,0,0,0,0,0,0,0,0
horizontal,32,16,3,6,1024,0,0,0,0,0,0,0,0
horizontal,32,16,4,6,1024,0,0,0,0,0,0,0,0
horizontal,32,16,5,6,1024,0,0,0,0,0,0,0,0
horizontal,32,16,6,6,1024,0,0,0,0,0,0,0,0
horizontal,32,16,7,6,1024,0,0,0,0,0,0,0,0
horizontal,32,16,8,6,1024,0,0,0,0,0,0,0,0
horizontal,32,16,9,6,1024,0,0,0,0,0,0,0,0
horizontal,32,16,10,6,1024,0,0,0,0,0,0,0,0
horizontal,32,16,11,6,1024,0,0,0,0,0,0,0,0
horizontal,32,16,12,6,1024,0,0,0,0,0,0,0,0
horizontal,32,16,13,6,1024,0,0,0,0,0,0,0,0
horizontal,32,16,14,6,1024,0,0,0,0,0,0,0,0
horizontal,32,16,15,6,1024,0,0,0,0,0,0,0,0
horizontal,32,16,16,6,1024,0,0,0,0,0,0,0,0
horizontal,32,16,17,6,1024,0,0,0,0,0,0,0,0
horizontal,32,16,18,6,1024,0,0,0,0,0,0,0,0
horizontal,32,16,19,6,1024,0,0,0,0,0,0,0,0
horizontal,32,16,0,7,1024,41,6,768,768,0,0,307,307
horizontal,32,16,1,7,1024,32,6,768,768,0,0,307,307
horizontal,32,16,2,7,1024,32,6,768,768,0,0,307,307
horizontal,32,16,3,7,1024,32,6,768,768,0,0,307,307
horizontal,32,16,4,7,1024,32,6,768,768,0,0,307,307
horizontal,32,16,5,7,1024,32,6,768,768,0,0,307,307
horizontal,32,16,6,7,1024,32,6,768,768,0,0,307,307
horizontal,32,16,7,7,1024,32,6,768,768,0,0,307,307
horizontal,32,16,8,7,1024,32,6,768,768,0,0,307,307
horizontal,32,16,9,7,1024,32,6,768,768,0,0,307,307
horizontal,32,16,10,7,1024,32,6,768,768,0,0,307,307
horizontal,32,16,11,7,1024,32,6,768,768,0,0,307,307
horizontal,32,16,12,7,1024,32,6,768,768,0,0,307,307
horizontal,32,16,13,7,1024,32,6,768,768,0,0,307,307
horizontal,32,16,14,7,1024,32,6,768,768,0,0,307,307
horizontal,32,16,15,7,1024,32,6,768,768,0,0,307,307
horizontal,32,16,16,7,1024,32,6,768,768,0,0,307,307
horizontal,32,16,17,7,1024,32,6,768,768,0,0,307,307
horizontal,32,16,18,7,1024,32,6,768,768,0,0,307,307
horizontal,32,16,19,7,1024,32,6,768,768,0,0,307,307
horizontal,32,16,0,8,1024,32,6,768,768,0,0,307,307
horizontal,32,16,1,8,1024,0,0,0,0,0,0,0,0
horizontal,32,16,2,8,1024,0,0,0,0,0,0,0,0
horizontal,32,16,3,8,1024,0,0,0,0,0,0,0,0
horizontal,32,16,4,8,1024,0,0,0,0,0,0,0,0
horizontal,32,16,5,8,1024,0,0,0,0,0,0,0,0
horizontal,32,16,6,8,1024,0,0,0,0,0,0,0,0
horizontal,32,16,7,8,1024,0,0,0,0,0,0,0,0
horizontal,32,16,8,8,1024,0,0,0,0,0,0,0,0
horizontal,32,16,9,8,1024,0,0,0,0,0,0,0,0
horizontal,32,16,10,8,1024,0,0,0,0,0,0,0,0
horizontal,32,16,11,8,1024,0,0,0,0,0,0,0,0
horizontal,32,16,12,8,1024,0,0,0,0,0,0,0,0
horizontal,32,16,13,8,1024,0,0,0,0,0,0,0,0
horizontal,32,16,14,8,1024,0,0,0,0,0,0,0,0
horizontal,32,16,15,8,1024,0,0,0,0,0,0,0,0
horizontal,32,16,16,8,1024,0,0,0,0,0,0,0,0
horizontal,32,16,17,8,1024,0,0,0,0,0,0,0,0
horizontal,32,16,18,8,1024,0,0,0,0,0,0,0,0
horizontal,32,16,19,8,1024,0,0,0,0,0,0,0,0
horizontal,32,16,0,9,1024,32,6,768,768,0,0,307,307
horizontal,32,16,1,9,1024,0,0,0,0,0,0,0,0
horizontal,32,16,2,9,1024,0,0,0,0,0,0,0,0
horizontal,32,16,3,9,1024,0,0,0,0,0,0,0,0
horizontal,32,16,4,9,1024,0,0,0,0,0,0,0,0
horizontal,32,16,5,9,1024,0,0,0,0,0,0,0,0
horizontal,32,16,6,9,1024,0,0,0,0,0,0,0,0
horizontal,32,16,7,9,1024,0,0,0,0,0,0,0,0
horizontal,32,16,8,9,1024,0,0,0,0,0,0,0,0
horizontal,32,16,9,9,1024,0,0,0,0,0,0,0,0
horizontal,32,16,10,9,1024,0,0,0,0,0,0,0,0
horizontal,32,16,11,9,1024,0,0,0,0,0,0,0,0
horizontal,32,16,12,9,1024,0,0,0,0,0,0,0,0
horizontal,32,16,13,9,1024,0,0,0,0,0,0,0,0
horizontal,32,16,14,9,1024,0,0,0,0,0,0,0,0
horizontal,32,16,15,9,1024,0,0,0,0,0,0,0,0
horizontal,32,16,16,9,1024,0,0,0,0,0,0,0,0
horizontal,32,16,17,9,1024,0,0,0,0,0,0,0,0
horizontal,32,16,18,9,1024,0,0,0,0,0,0,0,0
horizontal,32,16,19,9,1024,0,0,0,0,0,0,0,0
horizontal,32,16,0,10,1024,32,6,768,768,0,0,307,307
horizontal,32,16,1,10,1024,0,0,0,0,0,0,0,0
horizontal,32,16,2,10,1024,0,0,0,0,0,0,0,0
horizontal,32,16,3,10,1024,0,0,0,0,0,0,0,0
horizontal,32,16,4,10,1024,0,0,0,0,0,0,0,0
horizontal,32,16,5,10,1024,0,0,0,0,0,0,0,0
horizontal,32,16,6,10,1024,0,0,0,0,0,0,0,0
horizontal,32,16,7,10,1024,0,0,0,0,0,0,0,0
horizontal,32,16,8,10,1024,0,0,0,0,0,0,0,0
horizontal,32,16,9,10,1024,0,0,0,0,0,0,0,0
horizontal,32,16,10,10,1024,0,0,0,0,0,0,0,0
horizontal,32,16,11,10,1024,0,0,0,0,0,0,0,0
horizontal,32,16,12,10,1024,0,0,0,0,0,0,0,0
horizontal,32,16,13,10,1024,0,0,0,0,0,0,0,0
horizontal,32,16,14,10,1024,0,0,0,0,0,0,0,0
horizontal,32,16,15,10,1024,0,0,0,0,0,0,0,0
horizontal,32,16,16,10,1024,0,0,0,0,0,0,0,0
horizontal,32,16,17,10,1024,0,0,0,0,0,0,0,0
horizontal,32,16,18,10,1024,0,0,0,0,0,0,0,0
horizontal,32,16,19,10,1024,0,0,0,0,0,0,0,0
horizontal,32,16,0,11,1024,32,6,768,768,0,0,307,307
horizontal,32,16,1,11,1024,0,0,0,0,0,0,0,0
horizontal,32,16,2,11,1024,0,0,0,0,0,0,0,0
horizontal,32,16,3,11,1024,0,0,0,0,0,0,0,0
horizontal,32,16,4,11,1024,0,0,0,0,0,0,0,0
horizontal,32,16,5,11,1024,0,0,0,0,0,0,0,0
horizontal,32,16,6,11,1024,0,0,0,0,0,0,0,0
horizontal,32,16,7,11,1024,0,0,0,0,0,0,0,0
horizontal,32,16,8,11,1024,0,0,0,0,0,0,0,0
horizontal,32,16,9,11,1024,0,0,0,0,0,0,0,0
horizontal,32,16,10,11,1024,0,0,0,0,0,0,0,0
horizontal,32,16,11,11,1024,0,0,0,0,0,0,0,0
horizontal,32,16,12,11,1024,0,0,0,0,0,0,0,0
horizontal,32,16,13,11,1024,0,0,0,0,0,0,0,0
horizontal,32,16,14,11,1024,0,0,0,0,0,0,0,0
horizontal,32,16,15,11,1024,0,0,0,0,0,0,0,0
horizontal,32,16,16,11,1024,0,0,0,0,0,0,0,0
horizontal,32,16,17,11,1024,0,0,0,0,0,0,0,0
horizontal,32,16,18,11,1024,0,0,0,0,0,0,0,0
horizontal,32,16,19,11,1024,0,0,0,0,0,0,0,0
horizontal,32,16,0,12,1024,32,6,768,768,0,0,307,307
horizontal,32,16,1,12,1024,0,0,0,0,0,0,0,0
horizontal,32,16,2,12,1024,0,0,0,0,0,0,0,0
horizontal,32,16,3,12,1024,0,0,0,0,0,0,0,0
horizontal,32,16,4,12,1024,0,0,0,0,0,0,0,0
horizontal,32,16,5,12,1024,0,0,0,0,0,0,0,0
horizontal,32,16,6,12,1024,0,0,0,0,0,0,0,0
horizontal,32,16,7,12,1024,0,0,0,0,0,0,0,0
horizontal,32,16,8,12,1024,0,0,0,0,0,0,0,0
horizontal,32,16,9,12,1024,0,0,0,0,0,0,0,0
horizontal,32,16,10,12,1024,0,0,0,0,0,0,0,0
horizontal,32,16,11,12,1024,0,0,0,0,0,0,0,0
horizontal,32,16,12,12,1024,0,0,0,0,0,0,0,0
horizontal,32,16,13,12,1024,0,0,0,0,0,0,0,0
horizontal,32,16,14,12,1024,0,0,0,0,0,0,0,0
horizontal,32,16,15,12,1024,0,0,0,0,0,0,0,0
horizontal,32,16,16,12,1024,0,0,0,0,0,0,0,0
horizontal,32,16,17,12,1024,0,0,0,0,0,0,0,0
horizontal,32,16,18,12,1024,0,0,0,0,0,0,0,0
horizontal,32,16,19,12,1024,0,0,0,0,0,0,0,0
horizontal,32,16,0,13,1024,32,6,768,768,0,0,307,307
horizontal,32,16,1,13,1024,0,0,0,0,0,0,0,0
horizontal,32,16,2,13,1024,0,0,0,0,0,0,0,0
horizontal,32,16,3,13,1024,0,0,0,0,0,0,0,0
horizontal,32,16,4,13,1024,0,0,0,0,0,0,0,0
horizontal,32,16,5,13,1024,0,0,0,0,0,0,0,0
horizontal,32,16,6,13,1024,0,0,0,0,0,0,0,0
horizontal,32,16,7,13,1024,0,0,0,0,0,0,0,0
horizontal,32,16,8,13,1024,0,0,0,0,0,0,0,0
horizontal,32,16,9,13,1024,0,0,0,0,0,0,0,0
horizontal,32,16,10,13,1024,0,0,0,0,0,0,0,0
horizontal,32,16,11,13,1024,0,0,0,0,0,0,0,0
horizontal,32,16,12,13,1024,0,0,0,0,0,0,0,0
horizontal,32,16,13,13,1024,0,0,0,0,0,0,0,0
horizontal,32,16,14,13,1024,0,0,0,0,0,0,0,0
horizontal,32,16,15,13,1024,0,0,0,0,0,0,0,0
horizontal,32,16,16,13,1024,0,0,0,0,0,0,0,0
horizontal,32,16,17,13,1024,0,0,0,0,0,0,0,0
horizontal,32,16,18,13,1024,0,0,0,0,0,0,0,0
horizontal,32,16,19,13,1024,0,0,0,0,0,0,0,0
horizontal,32,16,0,14,1024,32,6,768,768,0,0,307,307
horizontal,32,16,1,14,1024,0,0,0,0,0,0,0,0
horizontal,32,16,2,14,1024,0,0,0,0,0,0,0,0
horizontal,32,16,3,14,1024,0,0,0,0,0,0,0,0
horizontal,32,16,4,14,1024,0,0,0,0,0,0,0,0
horizontal,32,16,5,14,1024,0,0,0,0,0,0,0,0
horizontal,32,16,6,14,1024,0,0,0,0,0,0,0,0
horizontal,32,16,7,14,1024,0,0,0,0,0,0,0,0
horizontal,32,16,8,14,1024,0,0,0,0,0,0,0,0
horizontal,32,16,9,14,1024,0,0,0,0,0,0,0,0
horizontal,32,16,10,14,1024,0,0,0,0,0,0,0,0
horizontal,32,16,11,14,1024,0,0,0,0,0,0,0,0
horizontal,32,16,12,14,1024,0,0,0,0,0,0,0,0
horizontal,32,16,13,14,1024,0,0,0,0,0,0,0,0
horizontal,32,16,14,14,1024,0,0,0,0,0,0,0,0
horizontal,32,16,15,14,1024,0,0,0,0,0,0,0,0
horizontal,32,16,16,14,1024,0,0,0,0,0,0,0,0
horizontal,32,16,17,14,1024,0,0,0,0,0,0,0,0
horizontal,32,16,18,14,1024,0,0,0,0,0,0,0,0
horizontal,32,16,19,14,1024,0,0,0,0,0,0,0,0
horizontal,32,32,0,0,1024,0,0,0,0,0,0,0,0
horizontal,32,32,1,0,1024,0,0,0,0,0,0,0,0
horizontal,32,32,2,0,1024,0,0,0,0,0,0,0,0
horizontal,32,32,3,0,1024,0,0,0,0,0,0,0,0
horizontal,32,32,4,0,1024,0,0,0,0,0,0,0,0
horizontal,32,32,5,0,1024,0,0,0,0,0,0,0,0
horizontal,32,32,6,0,1024,0,0,0,0,0,0,0,0
horizontal,32,32,7,0,1024,0,0,0,0,0,0,0,0
horizontal,32,32,8,0,1024,0,0,0,0,0,0,0,0
horizontal,32,32,9,0,1024,0,0,0,0,0,0,0,0
horizontal,32,32,10,0,1024,0,0,0,0,0,0,0,0
horizontal,32,32,11,0,1024,0,0,0,0,0,0,0,0
horizontal,32,32,12,0,1024,0,0,0,0,0,0,0,0
horizontal,32,32,13,0,1024,0,0,0,0,0,0,0,0
horizontal,32,32,14,0,1024,0,0,0,0,0,0,0,0
horizontal,32,32,15,0,1024,0,0,0,0,0,0,0,0
horizontal,32,32,16,0,1024,0,0,0,0,0,0,0,0
horizontal,32,32,17,0,1024,0,0,0,0,0,0,0,0
horizontal,32,32,18,0,1024,0,0,0,0,0,0,0,0
horizontal,32,32,19,0,1024,0,0,0,0,0,0,0,0
horizontal,32,32,0,1,1024,0,0,0,0,0,0,0,0
horizontal,32,32,1,1,1024,0,0,0,0,0,0,0,0
horizontal,32,32,2,1,1024,0,0,0,0,0,0,0,0
horizontal,32,32,3,1,1024,0,0,0,0,0,0,0,0
horizontal,32,32,4,1,1024,0,0,0,0,0,0,0,0
horizontal,32,32,5,1,1024,0,0,0,0,0,0,0,0
horizontal,32,32,6,1,1024,0,0,0,0,0,0,0,0
horizontal,32,32,7,1,1024,0,0,0,0,0,0,0,0
horizontal,32,32,8,1,1024,0,0,0,0,0,0,0,0
horizontal,32,32,9,1,1024,0,0,0,0,0,0,0,0
horizontal,32,32,10,1,1024,0,0,0,0,0,0,0,0
horizontal,32,32,11,1,1024,0,0,0,0,0,0,0,0
horizontal,32,32,12,1,1024,0,0,0,0,0,0,0,0
horizontal,32,32,13,1,1024,0,0,0,0,0,0,0,0
horizontal,32,32,14,1,1024,0,0,0,0,0,0,0,0
horizontal,32,32,15,1,1024,0,0,0,0,0,0,0,0
horizontal,32,32,16,1,1024,0,0,0,0,0,0,0,0
horizontal,32,32,17,1,1024,0,0,0,0,0,0,0,0
horizontal,32,32,18,1,1024,0,0,0,0,0,0,0,0
horizontal,32,32,19,1,1024,0,0,0,0,0,0,0,0
horizontal,32,32,0,2,1024,0,0,0,0,0,0,0,0
horizontal,32,32,1,2,1024,0,0,0,0,0,0,0,0
horizontal,32,32,2,2,1024,0,0,0,0,0,0,0,0
horizontal,32,32,3,2,1024,0,0,0,0,0,0,0,0
horizontal,32,32,4,2,1024,0,0,0,0,0,0,0,0
horizontal,32,32,5,2,1024,0,0,0,0,0,0,0,0
horizontal,32,32,6,2,1024,0,0,0,0,0,0,0,0
horizontal,32,32,7,2,1024,0,0,0,0,0,0,0,0
horizontal,32,32,8,2,1024,0,0,0,0,0,0,0,0
horizontal,32,32,9,2,1024,0,0,0,0,0,0,0,0
horizontal,32,32,10,2,1024,0,0,0,0,0,0,0,0
horizontal,32,32,11,2,1024,0,0,0,0,0,0,0,0
horizontal,32,32,12,2,1024,0,0,0,0,0,0,0,0
horizontal,32,32,13,2,1024,0,0,0,0,0,0,0,0
horizontal,32,32,14,2,1024,0,0,0,0,0,0,0,0
horizontal,32,32,15,2,1024,0,0,0,0,0,0,0,0
horizontal,32,32,16,2,1024,0,0,0,0,0,0,0,0
horizontal,32,32,17,2,1024,0,0,0,0,0,0,0,0
horizontal,32,32,18,2,1024,0,0,0,0,0,0,0,0
horizontal,32,32,19,2,1024,0,0,0,0,0,0,0,0
horizontal,32,32,0,3,1024,0,0,0,0,0,0,0,0
horizontal,32,32,1,3,1024,0,0,0,0,0,0,0,0
horizontal,32,32,2,3,1024,0,0,0,0,0,0,0,0
horizontal,32,32,3,3,1024,0,0,0,0,0,0,0,0
horizontal,32,32,4,3,1024,0,0,0,0,0,0,0,0
horizontal,32,32,5,3,1024,0,0,0,0,0,0,0,0
horizontal,32,32,6,3,1024,0,0,0,0,0,0,0,0
horizontal,32,32,7,3,1024,0,0,0,0,0,0,0,0
horizontal,32,32,8,3,1024,0,0,0,0,0,0,0,0
horizontal,32,32,9,3,1024,0,0,0,0,0,0,0,0
horizontal,32,32,10,3,1024,0,0,0,0,0,0,0,0
horizontal,32,32,11,3,1024,0,0,0,0,0,0,0,0
horizontal,32,32,12,3,1024,0,0,0,0,0,0,0,0
horizontal,32,32,13,3,1024,0,0,0,0,0,0,0,0
horizontal,32,32,14,3,1024,0,0,0,0,0,0,0,0
horizontal,32,32,15,3,1024,0,0,0,0,0,0,0,0
horizontal,32,32,16,3,1024,0,0,0,0,0,0,0,0
horizontal,32,32,17,3,1024,0,0,0,0,0,0,0,0
horizontal,32,32,18,3,1024,0,0,0,0,0,0,0,0
horizontal,32,32,19,3,1024,0,0,0,0,0,0,0,0
horizontal,32,32,0,4,1024,0,0,0,0,0,0,0,0
horizontal,32,32,1,4,1024,0,0,0,0,0,0,0,0
horizontal,32,32,2,4,1024,0,0,0,0,0,0,0,0
horizontal,32,32,3,4,1024,0,0,0,0,0,0,0,0
horizontal,32,32,4,4,1024,0,0,0,0,0,0,0,0
horizontal,32,32,5,4,1024,0,0,0,0,0,0,0,0
horizontal,32,32,6,4,1024,0,0,0,0,0,0,0,0
horizontal,32,32,7,4,1024,0,0,0,0,0,0,0,0
horizontal,32,32,8,4,1024,0,0,0,0,0,0,0,0
horizontal,32,32,9,4,1024,0,0,0,0,0,0,0,0
horizontal,32,32,10,4,1024,0,0,0,0,0,0,0,0
horizontal,32,32,11,4,1024,0,0,0,0,0,0,0,0
horizontal,32,32,12,4,1024,0,0,0,0,0,0,0,0
horizontal,32,32,13,4,1024,0,0,0,0,0,0,0,0
horizontal,32,32,14,4,1024,0,0,0,0,0,0,0,0
horizontal,32,32,15,4,1024,0,0,0,0,0,0,0,0
horizontal,32,32,16,4,1024,0,0,0,0,0,0,0,0
horizontal,32,32,17,4,1024,0,0,0,0,0,0,0,0
horizontal,32,32,18,4,1024,0,0,0,0,0,0,0,0
horizontal,32,32,19,4,1024,0,0,0,0,0,0,0,0
horizontal,32,32,0,5,1024,0,0,0,0,0,0,0,0
horizontal,32,32,1,5,1024,0,0,0,0,0,0,0,0
horizontal,32,32,2,5,1024,0,0,0,0,0,0,0,0
horizontal,32,32,3,5,1024,0,0,0,0,0,0,0,0
horizontal,32,32,4,5,1024,0,0,0,0,0,0,0,0
horizontal,32,32,5,5,1024,0,0,0,0,0,0,0,0
horizontal,32,32,6,5,1024,0,0,0,0,0,0,0,0
horizontal,32,32,7,5,1024,0,0,0,0,0,0,0,0
horizontal,32,32,8,5,1024,0,0,0,0,0,0,0,0
horizontal,32,32,9,5,1024,0,0,0,0,0,0,0,0
horizontal,32,32,10,5,1024,0,0,0,0,0,0,0,0
horizontal,32,32,11,5,1024,0,0,0,0,0,0,0,0
horizontal,32,32,12,5,1024,0,0,0,0,0,0,0,0
horizontal,32,32,13,5,1024,0,0,0,0,0,0,0,0
horizontal,32,32,14,5,1024,0,0,0,0,0,0,0,0
horizontal,32,32,15,5,1024,0,0,0,0,0,0,0,0
horizontal,32,32,16,5,1024,0,0,0,0,0,0,0,0
horizontal,32,32,17,5,1024,0,0,0,0,0,0,0,0
horizontal,32,32,18,5,1024,0,0,0,0,0,0,0,0
horizontal,32,32,19,5,1024,0,0,0,0,0,0,0,0
horizontal,32,32,0,6,1024,0,0,0,0,0,0,0,0
horizontal,32,32,1,6,1024,0,0,0,0,0,0,0,0
horizontal,32,32,2,6,1024,0,0,0,0,0,0,0,0
horizontal,32,32,3,6,1024,0,0,0,0,0,0,0,0
horizontal,32,32,4,6,1024,0,0,0,0,0,0,0,0
horizontal,32,32,5,6,1024,0,0,0,0,0,0,0,0
horizontal,32,32,6,6,1024,0,0,0,0,0,0,0,0
horizontal,32,32,7,6,1024,0,0,0,0,0,0,0,0
horizontal,32,32,8,6,1024,0,0,0,0,0,0,0,0
horizontal,32,32,9,6,1024,0,0,0,0,0,0,0,0
horizontal,32,32,10,6,1024,0,0,0,0,0,0,0,0
horizontal,32,32,11,6,1024,0,0,0,0,0,0,0,0
horizontal,32,32,12,6,1024,0,0,0,0,0,0,0,0
horizontal,32,32,13,6,1024,0,0,0,0,0,0,0,0
horizontal,32,32,14,6,1024,0,0,0,0,0,0,0,0
horizontal,32,32,15,6,1024,0,0,0,0,0,0,0,0
horizontal,32,32,16,6,1024,0,0,0,0,0,0,0,0
horizontal,32,32,17,6,1024,0,0,0,0,0,0,0,0
horizontal,32,32,18,6,1024,0,0,0,0,0,0,0,0
horizontal,32,32,19,6,1024,0,0,0,0,0,0,0,0
horizontal,32,32,0,7,1024,41,12,768,768,0,0,307,307
horizontal,32,32,1,7,1024,32,12,768,768,0,0,307,307
horizontal,32,32,2,7,1024,32,12,768,768,0,0,307,307
horizontal,32,32,3,7,1024,32,12,768,768,0,0,307,307
horizontal,32,32,4,7,1024,32,12,768,768,0,0,307,307
horizontal,32,32,5,7,1024,32,12,768,768,0,0,307,307
horizontal,32,32,6,7,1024,32,12,768,768,0,0,307,307
horizontal,32,32,7,7,1024,32,12,768,768,0,0,307,307
horizontal,32,32,8,7,1024,32,12,768,768,0,0,307,307
horizontal,32,32,9,7,1024,32,12,768,768,0,0,307,307
horizontal,32,32,10,7,1024,32,12,768,768,0,0,307,307
horizontal,32,32,11,7,1024,32,12,768,768,0,0,307,307
horizontal,32,32,12,7,1024,32,12,768,768,0,0,307,307
horizontal,32,32,13,7,1024,32,12,768,768,0,0,307,307
horizontal,32,32,14,7,1024,32,12,768,768,0,0,307,307
horizontal,32,32,15,7,1024,32,12,768,768,0,0,307,307
horizontal,32,32,16,7,1024,32,12,768,768,0,0,307,307
horizontal,32,32,17,7,1024,32,12,768,768,0,0,307,307
horizontal,32,32,18,7,1024,32,12,768,768,0,0,307,307
horizontal,32,32,19,7,1024,32,12,768,768,0,0,307,307
horizontal,32,32,0,8,1024,32,12,768,768,0,0,307,307
horizontal,32,32,1,8,1024,0,0,0,0,0,0,0,0
horizontal,32,32,2,8,1024,0,0,0,0,0,0,0,0
horizontal,32,32,3,8,1024,0,0,0,0,0,0,0,0
horizontal,32,32,4,8,1024,0,0,0,0,0,0,0,0
horizontal,32,32,5,8,1024,0,0,0,0,0,0,0,0
horizontal,32,32,6,8,1024,0,0,0,0,0,0,0,0
horizontal,32,32,7,8,1024,0,0,0,0,0,0,0,0
horizontal,32,32,8,8,1024,0,0,0,0,0,0,0,0
horizontal,32,32,9,8,1024,0,0,0,0,0,0,0,0
horizontal,32,32,10,8,1024,0,0,0,0,0,0,0,0
horizontal,32,32,11,8,1024,0,0,0,0,0,0,0,0
horizontal,32,32,12,8,1024,0,0,0,0,0,0,0,0
horizontal,32,32,13,8,1024,0,0,0,0,0,0,0,0
horizontal,32,32,14,8,1024,0,0,0,0,0,0,0,0
horizontal,32,32,15,8,1024,0,0,0,0,0,0,0,0
horizontal,32,32,16,8,1024,0,0,0,0,0,0,0,0
horizontal,32,32,17,8,1024,0,0,0,0,0,0,0,0
horizontal,32,32,18,8,1024,0,0,0,0,0,0,0,0
horizontal,32,32,19,8,1024,0,0,0,0,0,0,0,0
horizontal,32,32,0,9,1024,32,12,768,768,0,0,307,307
horizontal,32,32,1,9,1024,0,0,0,0,0,0,0,0
horizontal,32,32,2,9,1024,0,0,0,0,0,0,0,0
horizontal,32,32,3,9,1024,0,0,0,0,0,0,0,0
horizontal,32,32,4,9,1024,0,0,0,0,0,0,0,0
horizontal,32,32,5,9,1024,0,0,0,0,0,0,0,0
horizontal,32,32,6,9,1024,0,0,0,0,0,0,0,0
horizontal,32,32,7,9,1024,0,0,0,0,0,0,0,0
horizontal,32,32,8,9,1024,0,0,0,0,0,0,0,0
horizontal,32,32,9,9,1024,0,0,0,0,0,0,0,0
horizontal,32,32,10,9,1024,0,0,0,0,0,0,0,0
horizontal,32,32,11,9,1024,0,0,0,0,0,0,0,0
horizontal,32,32,12,9,1024,0,0,0,0,0,0,0,0
horizontal,32,32,13,9,1024,0,0,0,0,0,0,0,0
horizontal,32,32,14,9,1024,0,0,0,0,0,0,0,0
horizontal,32,32,15,9,1024,0,0,0,0,0,0,0,0
horizontal,32,32,16,9,1024,0,0,0,0,0,0,0,0
horizontal,32,32,17,9,1024,0,0,0,0,0,0,0,0
horizontal,32,32,18,9,1024,0,0,0,0,0,0,0,0
horizontal,32,32,19,9,1024,0,0,0,0,0,0,0,0
horizontal,32,32,0,10,1024,32,12,768,768,0,0,307,307
horizontal,32,32,1,10,1024,0,0,0,0,0,0,0,0
horizontal,32,32,2,10,1024,0,0,0,0,0,0,0,0
horizontal,32,32,3,10,1024,0,0,0,0,0,0,0,0
horizontal,32,32,4,10,1024,0,0,0,0,0,0,0,0
horizontal,32,32,5,10,1024,0,0,0,0,0,0,0,0
horizontal,32,32,6,10,1024,0,0,0,0,0,0,0,0
horizontal,32,32,7,10,1024,0,0,0,0,0,0,0,0
horizontal,32,32,8,10,1024,0,0,0,0,0,0,0,0
horizontal,32,32,9,10,1024,0,0,0,0,0,0,0,0
horizontal,32,32,10,10,1024,0,0,0,0,0,0,0,0
horizontal,32,32,11,10,1024,0,0,0,0,0,0,0,0
horizontal,32,32,12,10,1024,0,0,0,0,0,0,0,0
horizontal,32,32,13,10,1024,0,0,0,0,0,0,0,0
horizontal,32,32,14,10,1024,0,0,0,0,0,0,0,0
horizontal,32,32,15,10,1024,0,0,0,0,0,0,0,0
horizontal,32,32,16,10,1024,0,0,0,0,0,0,0,0
horizontal,32,32,17,10,1024,0,0,0,0,0,0,0,0
horizontal,32,32,18,10,1024,0,0,0,0,0,0,0,0
horizontal,32,32,19,10,1024,0,0,0,0,0,0,0,0
horizontal,32,32,0,11,1024,32,12,768,768,0,0,307,307
horizontal,32,32,1,11,1024,0,0,0,0,0,0,0,0
horizontal,32,32,2,11,1024,0,0,0,0,0,0,0,0
horizontal,32,32,3,11,1024,0,0,0,0,0,0,0,0
horizontal,32,32,4,11,1024,0,0,0,0,0,0,0,0
horizontal,32,32,5,11,1024,0,0,0,0,0,0,0,0
horizontal,32,32,6,11,1024,0,0,0,0,0,0,0,0
horizontal,32,32,7,11,1024,0,0,0,0,0,0,0,0
horizontal,32,32,8,11,1024,0,0,0,0,0,0,0,0
horizontal,32,32,9,11,1024,0,0,0,0,0,0,0,0
horizontal,32,32,10,11,1024,0,0,0,0,0,0,0,0
horizontal,32,32,11,11,1024,0,0,0,0,0,0,0,0
horizontal,32,32,12,11,1024,0,0,0,0,0,0,0,0
horizontal,32,32,13,11,1024,0,0,0,0,0,0,0,0
horizontal,32,32,14,11,1024,0,0,0,0,0,0,0,0
horizontal,32,32,15,11,1024,0,0,0,0,0,0,0,0
horizontal,32,32,16,11,1024,0,0,0,0,0,0,0,0
horizontal,32,32,17,11,1024,0,0,0,0,0,0,0,0
horizontal,32,32,18,11,1024,0,0,0,0,0,0,0,0
horizontal,32,32,19,11,1024,0,0,0,0,0,0,0,0
horizontal,32,32,0,12,1024,32,12,768,768,0,0,307,307
horizontal,32,32,1,12,1024,0,0,0,0,0,0,0,0
horizontal,32,32,2,12,1024,0,0,0,0,0,0,0,0
horizontal,32,32,3,12,1024,0,0,0,0,0,0,0,0
horizontal,32,32,4,12,1024,0,0,0,0,0,0,0,0
horizontal,32,32,5,12,1024,0,0,0,0,0,0,0,0
horizontal,32,32,6,12,1024,0,0,0,0,0,0,0,0
horizontal,32,32,7,12,1024,0,0,0,0,0,0,0,0
horizontal,32,32,8,12,1024,0,0,0,0,0,0,0,0
horizontal,32,32,9,12,1024,0,0,0,0,0,0,0,0
horizontal,32,32,10,12,1024,0,0,0,0,0,0,0,0
horizontal,32,32,11,12,1024,0,0,0,0,0,0,0,0
horizontal,32,32,12,12,1024,0,0,0,0,0,0,0,0
horizontal,32,32,13,12,1024,0,0,0,0,0,0,0,0
horizontal,32,32,14,12,1024,0,0,0,0,0,0,0,0
horizontal,32,32,15,12,1024,0,0,0,0,0,0,0,0
horizontal,32,32,16,12,1024,0,0,0,0,0,0,0,0
horizontal,32,32,17,12,1024,0,0,0,0,0,0,0,0
horizontal,32,32,18,12,1024,0,0,0,0,0,0,0,0
horizontal,32,32,19,12,1024,0,0,0,0,0,0,0,0
horizontal,32,32,0,13,1024,32,12,768,768,0,0,307,307
horizontal,32,32,1,13,1024,0,0,0,0,0,0,0,0
horizontal,32,32,2,13,1024,0,0,0,0,0,0,0,0
horizontal,32,32,3,13,1024,0,0,0,0,0,0,0,0
horizontal,32,32,4,13,1024,0,0,0,0,0,0,0,0
horizontal,32,32,5,13,1024,0,0,0,0,0,0,0,0
horizontal,32,32,6,13,1024,0,0,0,0,0,0,0,0
horizontal,32,32,7,13,1024,0,0,0,0,0,0,0,0
horizontal,32,32,8,13,1024,0,0,0,0,0,0,0,0
horizontal,32,32,9,13,1024,0,0,0,0,0,0,0,0
horizontal,32,32,10,13,1024,0,0,0,0,0,0,0,0
horizontal,32,32,11,13,1024,0,0,0,0,0,0,0,0
horizontal,32,32,12,13,1024,0,0,0,0,0,0,0,0
horizontal,32,32,13,13,1024,0,0,0,0,0,0,0,0
horizontal,32,32,14,13,1024,0,0,0,0,0,0,0,0
horizontal,32,32,15,13,1024,0,0,0,0,0,0,0,0
horizontal,32,32,16,13,1024,0,0,0,0,0,0,0,0
horizontal,32,32,17,13,1024,0,0,0,0,0,0,0,0
horizontal,32,32,18,13,1024,0,0,0,0,0,0,0,0
horizontal,32,32,19,13,1024,0,0,0,0,0,0,0,0
horizontal,32,32,0,14,1024,32,12,768,768,0,0,307,307
horizontal,32,32,1,14,1024,0,0,0,0,0,0,0,0
horizontal,32,32,2,14,1024,0,0,0,0,0,0,0,0
horizontal,32,32,3,14,1024,0,0,0,0,0,0,0,0
horizontal,32,32,4,14,1024,0,0,0,0,0,0,0,0
horizontal,32,32,5,14,1024,0,0,0,0,0,0,0,0
horizontal,32,32,6,14,1024,0,0,0,0,0,0,0,0
horizontal,32,32,7,14,1024,0,0,0,0,0,0,0,0
horizontal,32,32,8,14,1024,0,0,0,0,0,0,0,0
horizontal,32,32,9,14,1024,0,0,0,0,0,0,0,0
horizontal,32,32,10,14,1024,0,0,0,0,0,0,0,0
horizontal,32,32,11,14,1024,0,0,0,0,0,0,0,0
horizontal,32,32,12,14,1024,0,0,0,0,0,0,0,0
horizontal,32,32,13,14,1024,0,0,0,0,0,0,0,0
horizontal,32,32,14,14,1024,0,0,0,0,0,0,0,0
horizontal,32,32,15,14,1024,0,0,0,0,0,0,0,0
horizontal,32,32,16,14,1024,0,0,0,0,0,0,0,0
horizontal,32,32,17,14,1024,0,0,0,0,0,0,0,0
horizontal,32,32,18,14,1024,0,0,0,0,0,0,0,0
horizontal,32,32,19,14,1024,0,0,0,0,0,0,0,0
horizontal,64,8,0,0,4096,0,0,0,0,0,0,0,0
horizontal,64,8,1,0,4096,0,0,0,0,0,0,0,0
horizontal,64,8,2,0,4096,0,0,0,0,0,0,0,0
horizontal,64,8,3,0,4096,0,0,0,0,0,0,0,0
horizontal,64,8,4,0,4096,0,0,0,0,0,0,0,0
horizontal,64,8,5,0,4096,0,0,0,0,0,0,0,0
horizontal,64,8,6,0,4096,0,0,0,0,0,0,0,0
horizontal,64,8,7,0,4096,0,0,0,0,0,0,0,0
horizontal,64,8,8,0,4096,0,0,0,0,0,0,0,0
horizontal,64,8,9,0,4096,0,0,0,0,0,0,0,0
horizontal,64,8,0,1,4096,0,0,0,0,0,0,0,0
horizontal,64,8,1,1,4096,0,0,0,0,0,0,0,0
horizontal,64,8,2,1,4096,0,0,0,0,0,0,0,0
horizontal,64,8,3,1,4096,0,0,0,0,0,0,0,0
horizontal,64,8,4,1,4096,0,0,0,0,0,0,0,0
horizontal,64,8,5,1,4096,0,0,0,0,0,0,0,0
horizontal,64,8,6,1,4096,0,0,0,0,0,0,0,0
horizontal,64,8,7,1,4096,0,0,0,0,0,0,0,0
horizontal,64,8,8,1,4096,0,0,0,0,0,0,0,0
horizontal,64,8,9,1,4096,0,0,0,0,0,0,0,0
horizontal,64,8,0,2,4096,0,0,0,0,0,0,0,0
horizontal,64,8,1,2,4096,0,0,0,0,0,0,0,0
horizontal,64,8,2,2,4096,0,0,0,0,0,0,0,0
horizontal,64,8,3,2,4096,0,0,0,0,0,0,0,0
horizontal,64,8,4,2,4096,0,0,0,0,0,0,0,0
horizontal,64,8,5,2,4096,0,0,0,0,0,0,0,0
horizontal,64,8,6,2,4096,0,0,0,0,0,0,0,0
horizontal,64,8,7,2,4096,0,0,0,0,0,0,0,0
horizontal,64,8,8,2,4096,0,0,0,0,0,0,0,0
horizontal,64,8,9,2,4096,0,0,0,0,0,0,0,0
horizontal,64,8,0,3,4096,73,3,768,768,0,0,307,307
horizontal,64,8,1,3,4096,64,3,768,768,0,0,307,307
horizontal,64,8,2,3,4096,64,3,768,768,0,0,307,307
horizontal,64,8,3,3,4096,64,3,768,768,0,0,307,307
horizontal,64,8,4,3,4096,64,3,768,768,0,0,307,307
horizontal,64,8,5,3,4096,64,3,768,768,0,0,307,307
horizontal,64,8,6,3,4096,64,3,768,768,0,0,307,307
horizontal,64,8,7,3,4096,64,3,768,768,0,0,307,307
horizontal,64,8,8,3,4096,64,3,768,768,0,0,307,307
horizontal,64,8,9,3,4096,64,3,768,768,0,0,307,307
horizontal,64,8,0,4,4096,64,3,768,768,0,0,307,307
horizontal,64,8,1,4,4096,0,0,0,0,0,0,0,0
horizontal,64,8,2,4,4096,0,0,0,0,0,0,0,0
horizontal,64,8,3,4,4096,0,0,0,0,0,0,0,0
horizontal,64,8,4,4,4096,0,0,0,0,0,0,0,0
horizontal,64,8,5,4,4096,0,0,0,0,0,0,0,0
horizontal,64,8,6,4,4096,0,0,0,0,0,0,0,0
horizontal,64,8,7,4,4096,0,0,0,0,0,0,0,0
horizontal,64,8,8,4,4096,0,0,0,0,0,0,0,0
horizontal,64,8,9,4,4096,0,0,0,0,0,0,0,0
horizontal,64,8,0,5,4096,64,3,768,768,0,0,307,307
horizontal,64,8,1,5,4096,0,0,0,0,0,0,0,0
horizontal,64,8,2,5,4096,0,0,0,0,0,0,0,0
horizontal,64,8,3,5,4096,0,0,0,0,0,0,0,0
horizontal,64,8,4,5,4096,0,0,0,0,0,0,0,0
horizontal,64,8,5,5,4096,0,0,0,0,0,0,0,0
horizontal,64,8,6,5,4096,0,0,0,0,0,0,0,0
horizontal,64,8,7,5,4096,0,0,0,0,0,0,0,0
horizontal,64,8,8,5,4096,0,0,0,0,0,0,0,0
horizontal,64,8,9,5,4096,0,0,0,0,0,0,0,0
horizontal,64,8,0,6,4096,64,3,768,768,0,0,307,307
horizontal,64,8,1,6,4096,0,0,0,0,0,0,0,0
horizontal,64,8,2,6,4096,0,0,0,0,0,0,0,0
horizontal,64,8,3,6,4096,0,0,0,0,0,0,0,0
horizontal,64,8,4,6,4096,0,0,0,0,0,0,0,0
horizontal,64,8,5,6,4096,0,0,0,0,0,0,0,0
horizontal,64,8,6,6,4096,0,0,0,0,0,0,0,0
horizontal,64,8,7,6,4096,0,0,0,0,0,0,0,0
horizontal,64,8,8,6,4096,0,0,0,0,0,0,0,0
horizontal,64,8,9,6,4096,0,0,0,0,0,0,0,0
horizontal,64,8,0,7,2048,32,3,768,768,0,0,307,307
horizontal,64,8,1,7,2048,0,0,0,0,0,0,0,0
horizontal,64,8,2,7,2048,0,0,0,0,0,0,0,0
horizontal,64,8,3,7,2048,0,0,0,0,0,0,0,0
horizontal,64,8,4,7,2048,0,0,0,0,0,0,0,0
horizontal,64,8,5,7,2048,0,0,0,0,0,0,0,0
horizontal,64,8,6,7,2048,0,0,0,0,0,0,0,0
horizontal,64,8,7,7,2048,0,0,0,0,0,0,0,0
horizontal,64,8,8,7,2048,0,0,0,0,0,0,0,0
horizontal,64,8,9,7,2048,0,0,0,0,0,0,0,0
horizontal,64,16,0,0,4096,0,0,0,0,0,0,0,0
horizontal,64,16,1,0,4096,0,0,0,0,0,0,0,0
horizontal,64,16,2,0,4096,0,0,0,0,0,0,0,0
horizontal,64,16,3,0,4096,0,0,0,0,0,0,0,0
horizontal,64,16,4,0,4096,0,0,0,0,0,0,0,0
horizontal,64,16,5,0,4096,0,0,0,0,0,0,0,0
horizontal,64,16,6,0,4096,0,0,0,0,0,0,0,0
horizontal,64,16,7,0,4096,0,0,0,0,0,0,0,0
horizontal,64,16,8,0,4096,0,0,0,0,0,0,0,0
horizontal,64,16,9,0,4096,0,0,0,0,0,0,0,0
horizontal,64,16,0,1,4096,0,0,0,0,0,0,0,0
horizontal,64,16,1,1,4096,0,0,0,0,0,0,0,0
horizontal,64,16,2,1,4096,0,0,0,0,0,0,0,0
horizontal,64,16,3,1,4096,0,0,0,0,0,0,0,0
horizontal,64,16,4,1,4096,0,0,0,0,0,0,0,0
horizontal,64,16,5,1,4096,0,0,0,0,0,0,0,0
horizontal,64,16,6,1,4096,0,0,0,0,0,0,0,0
horizontal,64,16,7,1,4096,0,0,0,0,0,0,0,0
horizontal,64,16,8,1,4096,0,0,0,0,0,0,0,0
horizontal,64,16,9,1,4096,0,0,0,0,0,0,0,0
horizontal,64,16,0,2,4096,0,0,0,0,0,0,0,0
horizontal,64,16,1,2,4096,0,0,0,0,0,0,0,0
horizontal,64,16,2,2,4096,0,0,0,0,0,0,0,0
horizontal,64,16,3,2,4096,0,0,0,0,0,0,0,0
horizontal,64,16,4,2,4096,0,0,0,0,0,0,0,0
horizontal,64,16,5,2,4096,0,0,0,0,0,0,0,0
horizontal,64,16,6,2,4096,0,0,0,0,0,0,0,0
horizontal,64,16,7,2,4096,0,0,0,0,0,0,0,0
horizontal,64,16,8,2,4096,0,0,0,0,0,0,0,0
horizontal,64,16,9,2,4096,0,0,0,0,0,0,0,0
horizontal,64,16,0,3,4096,73,6,768,768,0,0,307,307
horizontal,64,16,1,3,4096,64,6,768,768,0,0,307,307
horizontal,64,16,2,3,4096,64,6,768,768,0,0,307,307
horizontal,64,16,3,3,4096,64,6,768,768,0,0,307,307
horizontal,64,16,4,3,4096,64,6,768,768,0,0,307,307
horizontal,64,16,5,3,4096,64,6,768,768,0,0,307,307
horizontal,64,16,6,3,4096,64,6,768,768,0,0,307,307
horizontal,64,16,7,3,4096,64,6,768,768,0,0,307,307
horizontal,64,16,8,3,4096,64,6,768,768,0,0,307,307
horizontal,64,16,9,3,4096,64,6,768,768,0,0,307,307
horizontal,64,16,0,4,4096,64,6,768,768,0,0,307,307
horizontal,64,16,1,4,4096,0,0,0,0,0,0,0,0
horizontal,64,16,2,4,4096,0,0,0,0,0,0,0,0
horizontal,64,16,3,4,4096,0,0,0,0,0,0,0,0
horizontal,64,16,4,4,4096,0,0,0,0,0,0,0,0
horizontal,64,16,5,4,4096,0,0,0,0,0,0,0,0
horizontal,64,16,6,4,4096,0,0,0,0,0,0,0,0
horizontal,64,16,7,4,4096,0,0,0,0,0,0,0,0
horizontal,64,16,8,4,4096,0,0,0,0,0,0,0,0
horizontal,64,16,9,4,4096,0,0,0,0,0,0,0,0
horizontal,64,16,0,5,4096,64,6,768,768,0,0,307,307
horizontal,64,16,1,5,4096,0,0,0,0,0,0,0,0
horizontal,64,16,2,5,4096,0,0,0,0,0,0,0,0
horizontal,64,16,3,5,4096,0,0,0,0,0,0,0,0
horizontal,64,16,4,5,4096,0,0,0,0,0,0,0,0
horizontal,64,16,5,5,4096,0,0,0,0,0,0,0,0
horizontal,64,16,6,5,4096,0,0,0,0,0,0,0,0
horizontal,64,16,7,5,4096,0,0,0,0,0,0,0,0
horizontal,64,16,8,5,4096,0,0,0,0,0,0,0,0
horizontal,64,16,9,5,4096,0,0,0,0,0,0,0,0
horizontal,64,16,0,6,4096,64,6,768,768,0,0,307,307
horizontal,64,16,1,6,4096,0,0,0,0,0,0,0,0
horizontal,64,16,2,6,4096,0,0,0,0,0,0,0,0
horizontal,64,16,3,6,4096,0,0,0,0,0,0,0,0
horizontal,64,16,4,6,4096,0,0,0,0,0,0,0,0
horizontal,64,16,5,6,4096,0,0,0,0,0,0,0,0
horizontal,64,16,6,6,4096,0,0,0,0,0,0,0,0
horizontal,64,16,7,6,4096,0,0,0,0,0,0,0,0
horizontal,64,16,8,6,4096,0,0,0,0,0,0,0,0
horizontal,64,16,9,6,4096,0,0,0,0,0,0,0,0
horizontal,64,16,0,7,2048,32,6,768,768,0,0,307,307
horizontal,64,16,1,7,2048,0,0,0,0,0,0,0,0
horizontal,64,16,2,7,2048,0,0,0,0,0,0,0,0
horizontal,64,16,3,7,2048,0,0,0,0,0,0,0,0
horizontal,64,16,4,7,2048,0,0,0,0,0,0,0,0
horizontal,64,16,5,7,2048,0,0,0,0,0,0,0,0
horizontal,64,16,6,7,2048,0,0,0,0,0,0,0,0
horizontal,64,16,7,7,2048,0,0,0,0,0,0,0,0
horizontal,64,16,8,7,2048,0,0,0,0,0,0,0,0
horizontal,64,16,9,7,2048,0,0,0,0,0,0,0,0
horizontal,64,32,0,0,4096,0,0,0,0,0,0,0,0
horizontal,64,32,1,0,4096,0,0,0,0,0,0,0,0
horizontal,64,32,2,0,4096,0,0,0,0,0,0,0,0
horizontal,64,32,3,0,4096,0,0,0,0,0,0,0,0
horizontal,64,32,4,0,4096,0,0,0,0,0,0,0,0
horizontal,64,32,5,0,4096,0,0,0,0,0,0,0,0
horizontal,64,32,6,0,4096,0,0,0,0,0,0,0,0
horizontal,64,32,7,0,4096,0,0,0,0,0,0,0,0
horizontal,64,32,8,0,4096,0,0,0,0,0,0,0,0
horizontal,64,32,9,0,4096,0,0,0,0,0,0,0,0
horizontal,64,32,0,1,4096,0,0,0,0,0,0,0,0
horizontal,64,32,1,1,4096,0,0,0,0,0,0,0,0
horizontal,64,32,2,1,4096,0,0,0,0,0,0,0,0
horizontal,64,32,3,1,4096,0,0,0,0,0,0,0,0
horizontal,64,32,4,1,4096,0,0,0,0,0,0,0,0
horizontal,64,32,5,1,4096,0,0,0,0,0,0,0,0
horizontal,64,32,6,1,4096,0,0,0,0,0,0,0,0
horizontal,64,32,7,1,4096,0,0,0,0,0,0,0,0
horizontal,64,32,8,1,4096,0,0,0,0,0,0,0,0
horizontal,64,32,9,1,4096,0,0,0,0,0,0,0,0
horizontal,64,32,0,2,4096,0,0,0,0,0,0,0,0
horizontal,64,32,1,2,4096,0,0,0,0,0,0,0,0
horizontal,64,32,2,2,4096,0,0,0,0,0,0,0,0
horizontal,64,32,3,2,4096,0,0,0,0,0,0,0,0
horizontal,64,32,4,2,4096,0,0,0,0,0,0,0,0
horizontal,64,32,5,2,4096,0,0,0,0,0,0,0,0
horizontal,64,32,6,2,4096,0,0,0,0,0,0,0,0
horizontal,64,32,7,2,4096,0,0,0,0,0,0,0,0
horizontal,64,32,8,2,4096,0,0,0,0,0,0,0,0
horizontal,64,32,9,2,4096,0,0,0,0,0,0,0,0
horizontal,64,32,0,3,4096,73,12,768,768,0,0,307,307
horizontal,64,32,1,3,4096,64,12,768,768,0,0,307,307
horizontal,64,32,2,3,4096,64,12,768,768,0,0,307,307
horizontal,64,32,3,3,4096,64,12,768,768,0,0,307,307
horizontal,64,32,4,3,4096,64,12,768,768,0,0,307,307
horizontal,64,32,5,3,4096,64,12,768,768,0,0,307,307
horizontal,64,32,6,3,4096,64,12,768,768,0,0,307,307
horizontal,64,32,7,3,4096,64,12,768,768,0,0,307,307
horizontal,64,32,8,3,4096,64,12,768,768,0,0,307,307
horizontal,64,32,9,3,4096,64,12,768,768,0,0,307,307
horizontal,64,32,0,4,4096,64,12,768,768,0,0,307,307
horizontal,64,32,1,4,4096,0,0,0,0,0,0,0,0
horizontal,64,32,2,4,4096,0,0,0,0,0,0,0,0
horizontal,64,32,3,4,4096,0,0,0,0,0,0,0,0
horizontal,64,32,4,4,4096,0,0,0,0,0,0,0,0
horizontal,64,32,5,4,4096,0,0,0,0,0,0,0,0
horizontal,64,32,6,4,4096,0,0,0,0,0,0,0,0
horizontal,64,32,7,4,4096,0,0,0,0,0,0,0,0
horizontal,64,32,8,4,4096,0,0,0,0,0,0,0,0
horizontal,64,32,9,4,4096,0,0,0,0,0,0,0,0
horizontal,64,32,0,5,4096,64,12,768,768,0,0,307,307
horizontal,64,32,1,5,4096,0,0,0,0,0,0,0,0
horizontal,64,32,2,5,4096,0,0,0,0,0,0,0,0
horizontal,64,32,3,5,4096,0,0,0,0,0,0,0,0
horizontal,64,32,4,5,4096,0,0,0,0,0,0,0,0
horizontal,64,32,5,5,4096,0,0,0,0,0,0,0,0
horizontal,64,32,6,5,4096,0,0,0,0,0,0,0,0
horizontal,64,32,7,5,4096,0,0,0,0,0,0,0,0
horizontal,64,32,8,5,4096,0,0,0,0,0,0,0,0
horizontal,64,32,9,5,4096,0,0,0,0,0,0,0,0
horizontal,64,32,0,6,4096,64,12,768,768,0,0,307,307
horizontal,64,32,1,6,4096,0,0,0,0,0,0,0,0
horizontal,64,32,2,6,4096,0,0,0,0,0,0,0,0
horizontal,64,32,3,6,4096,0,0,0,0,0,0,0,0
horizontal,64,32,4,6,4096,0,0,0,0,0,0,0,0
horizontal,64,32,5,6,4096,0,0,0,0,0,0,0,0
horizontal,64,32,6,6,4096,0,0,0,0,0,0,0,0
horizontal,64,32,7,6,4096,0,0,0,0,0,0,0,0
horizontal,64,32,8,6,4096,0,0,0,0,0,0,0,0
horizontal,64,32,9,6,4096,0,0,0,0,0,0,0,0
horizontal,64,32,0,7,2048,32,12,768,768,0,0,307,307
horizontal,64,32,1,7,2048,0,0,0,0,0,0,0,0
horizontal,64,32,2,7,2048,0,0,0,0,0,0,0,0
horizontal,64,32,3,7,2048,0,0,0,0,0,0,0,0
horizontal,64,32,4,7,2048,0,0,0,0,0,0,0,0
horizontal,64,32,5,7,2048,0,0,0,0,0,0,0,0
horizontal,64,32,6,7,2048,0,0,0,0,0,0,0,0
horizontal,64,32,7,7,2048,0,0,0,0,0,0,0,0
horizontal,64,32,8,7,2048,0,0,0,0,0,0,0,0
horizontal,64,32,9,7,2048,0,0,0,0,0,0,0,0
vertical,32,8,0,0,1024,0,0,0,0,0,0,0,0
vertical,32,8,1,0,1024,0,0,0,0,0,0,0,0
vertical,32,8,2,0,1024,0,0,0,0,0,0,0,0
vertical,32,8,3,0,1024,0,0,0,0,0,0,0,0
vertical,32,8,4,0,1024,0,0,0,0,0,0,0,0
vertical,32,8,5,0,1024,0,0,0,0,0,0,0,0
vertical,32,8,6,0,1024,0,0,0,0,0,0,0,0
vertical,32,8,7,0,1024,0,0,0,0,0,0,0,0
vertical,32,8,8,0,1024,0,0,0,0,0,0,0,0
vertical,32,8,9,0,1024,0,0,0,0,0,0,0,0
vertical,32,8,10,0,1024,57,3,768,768,0,0,307,307
vertical,32,8,11,0,1024,32,3,768,768,0,0,307,307
vertical,32,8,12,0,1024,32,3,768,768,0,0,307,307
vertical,32,8,13,0,1024,32,3,768,768,0,0,307,307
vertical,32,8,14,0,1024,32,3,768,768,0,0,307,307
vertical,32,8,15,0,1024,32,3,768,768,0,0,307,307
vertical,32,8,16,0,1024,32,3,768,768,0,0,307,307
vertical,32,8,17,0,1024,32,3,768,768,0,0,307,307
vertical,32,8,18,0,1024,32,3,768,768,0,0,307,307
vertical,32,8,19,0,1024,32,3,768,768,0,0,307,307
vertical,32,8,0,1,1024,0,0,0,0,0,0,0,0
vertical,32,8,1,1,1024,0,0,0,0,0,0,0,0
vertical,32,8,2,1,1024,0,0,0,0,0,0,0,0
vertical,32,8,3,1,1024,0,0,0,0,0,0,0,0
vertical,32,8,4,1,1024,0,0,0,0,0,0,0,0
vertical,32,8,5,1,1024,0,0,0,0,0,0,0,0
vertical,32,8,6,1,1024,0,0,0,0,0,0,0,0
vertical,32,8,7,1,1024,0,0,0,0,0,0,0,0
vertical,32,8,8,1,1024,0,0,0,0,0,0,0,0
vertical,32,8,9,1,1024,0,0,0,0,0,0,0,0
vertical,32,8,10,1,1024,32,3,768,768,0,0,307,307
vertical,32,8,11,1,1024,0,0,0,0,0,0,0,0
vertical,32,8,12,1,1024,0,0,0,0,0,0,0,0
vertical,32,8,13,1,1024,0,0,0,0,0,0,0,0
vertical,32,8,14,1,1024,0,0,0,0,0,0,0,0
vertical,32,8,15,1,1024,0,0,0,0,0,0,0,0
vertical,32,8,16,1,1024,0,0,0,0,0,0,0,0
vertical,32,8,17,1,1024,0,0,0,0,0,0,0,0
vertical,32,8,18,1,1024,0,0,0,0,0,0,0,0
vertical,32,8,19,1,1024,0,0,0,0,0,0,0,0
vertical,32,8,0,2,1024,0,0,0,0,0,0,0,0
vertical,32,8,1,2,1024,0,0,0,0,0,0,0,0
vertical,32,8,2,2,1024,0,0,0,0,0,0,0,0
vertical,32,8,3,2,1024,0,0,0,0,0,0,0,0
vertical,32,8,4,2,1024,0,0,0,0,0,0,0,0
vertical,32,8,5,2,1024,0,0,0,0,0,0,0,0
vertical,32,8,6,2,1024,0,0,0,0,0,0,0,0
vertical,32,8,7,2,1024,0,0,0,0,0,0,0,0
vertical,32,8,8,2,1024,0,0,0,0,0,0,0,0
vertical,32,8,9,2,1024,0,0,0,0,0,0,0,0
vertical,32,8,10,2,1024,32,3,768,768,0,0,307,307
vertical,32,8,11,2,1024,0,0,0,0,0,0,0,0
vertical,32,8,12,2,1024,0,0,0,0,0,0,0,0
vertical,32,8,13,2,1024,0,0,0,0,0,0,0,0
vertical,32,8,14,2,1024,0,0,0,0,0,0,0,0
vertical,32,8,15,2,1024,0,0,0,0,0,0,0,0
vertical,32,8,16,2,1024,0,0,0,0,0,0,0,0
vertical,32,8,17,2,1024,0,0,0,0,0,0,0,0
vertical,32,8,18,2,1024,0,0,0,0,0,0,0,0
vertical,32,8,19,2,1024,0,0,0,0,0,0,0,0
vertical,32,8,0,3,1024,0,0,0,0,0,0,0,0
vertical,32,8,1,3,1024,0,0,0,0,0,0,0,0
vertical,32,8,2,3,1024,0,0,0,0,0,0,0,0
vertical,32,8,3,3,1024,0,0,0,0,0,0,0,0
vertical,32,8,4,3,1024,0,0,0,0,0,0,0,0
vertical,32,8,5,3,1024,0,0,0,0,0,0,0,0
vertical,32,8,6,3,1024,0,0,0,0,0,0,0,0
vertical,32,8,7,3,1024,0,0,0,0,0,0,0,0
vertical,32,8,8,3,1024,0,0,0,0,0,0,0,0
vertical,32,8,9,3,1024,0,0,0,0,0,0,0,0
vertical,32,8,10,3,1024,32,3,768,768,0,0,307,307
vertical,32,8,11,3,1024,0,0,0,0,0,0,0,0
vertical,32,8,12,3,1024,0,0,0,0,0,0,0,0
vertical,32,8,13,3,1024,0,0,0,0,0,0,0,0
vertical,32,8,14,3,1024,0,0,0,0,0,0,0,0
vertical,32,8,15,3,1024,0,0,0,0,0,0,0,0
vertical,32,8,16,3,1024,0,0,0,0,0,0,0,0
vertical,32,8,17,3,1024,0,0,0,0,0,0,0,0
vertical,32,8,18,3,1024,0,0,0,0,0,0,0,0
vertical,32,8,19,3,1024,0,0,0,0,0,0,0,0
vertical,32,8,0,4,1024,0,0,0,0,0,0,0,0
vertical,32,8,1,4,1024,0,0,0,0,0,0,0,0
vertical,32,8,2,4,1024,0,0,0,0,0,0,0,0
vertical,32,8,3,4,1024,0,0,0,0,0,0,0,0
vertical,32,8,4,4,1024,0,0,0,0,0,0,0,0
vertical,32,8,5,4,1024,0,0,0,0,0,0,0,0
vertical,32,8,6,4,1024,0,0,0,0,0,0,0,0
vertical,32,8,7,4,1024,0,0,0,0,0,0,0,0
vertical,32,8,8,4,1024,0,0,0,0,0,0,0,0
vertical,32,8,9,4,1024,0,0,0,0,0,0,0,0
vertical,32,8,10,4,1024,32,3,768,768,0,0,307,307
vertical,32,8,11,4,1024,0,0,0,0,0,0,0,0
vertical,32,8,12,4,1024,0,0,0,0,0,0,0,0
vertical,32,8,13,4,1024,0,0,0,0,0,0,0,0
vertical,32,8,14,4,1024,0,0,0,0,0,0,0,0
vertical,32,8,15,4,1024,0,0,0,0,0,0,0,0
vertical,32,8,16,4,1024,0,0,0,0,0,0,0,0
vertical,32,8,17,4,1024,0,0,0,0,0,0,0,0
vertical,32,8,18,4,1024,0,0,0,0,0,0,0,0
vertical,32,8,19,4,1024,0,0,0,0,0,0,0,0
vertical,32,8,0,5,1024,0,0,0,0,0,0,0,0
vertical,32,8,1,5,1024,0,0,0,0,0,0,0,0
vertical,32,8,2,5,1024,0,0,0,0,0,0,0,0
vertical,32,8,3,5,1024,0,0,0,0,0,0,0,0
vertical,32,8,4,5,1024,0,0,0,0,0,0,0,0
vertical,32,8,5,5,1024,0,0,0,0,0,0,0,0
vertical,32,8,6,5,1024,0,0,0,0,0,0,0,0
vertical,32,8,7,5,1024,0,0,0,0,0,0,0,0
vertical,32,8,8,5,1024,0,0,0,0,0,0,0,0
vertical,32,8,9,5,1024,0,0,0,0,0,0,0,0
vertical,32,8,10,5,1024,32,3,768,768,0,0,307,307
vertical,32,8,11,5,1024,0,0,0,0,0,0,0,0
vertical,32,8,12,5,1024,0,0,0,0,0,0,0,0
vertical,32,8,13,5,1024,0,0,0,0,0,0,0,0
vertical,32,8,14,5,1024,0,0,0,0,0,0,0,0
vertical,32,8,15,5,1024,0,0,0,0,0,0,0,0
vertical,32,8,16,5,1024,0,0,0,0,0,0,0,0
vertical,32,8,17,5,1024,0,0,0,0,0,0,0,0
vertical,32,8,18,5,1024,0,0,0,0,0,0,0,0
vertical,32,8,19,5,1024,0,0,0,0,0,0,0,0
vertical,32,8,0,6,1024,0,0,0,0,0,0,0,0
vertical,32,8,1,6,1024,0,0,0,0,0,0,0,0
vertical,32,8,2,6,1024,0,0,0,0,0,0,0,0
vertical,32,8,3,6,1024,0,0,0,0,0,0,0,0
vertical,32,8,4,6,1024,0,0,0,0,0,0,0,0
vertical,32,8,5,6,1024,0,0,0,0,0,0,0,0
vertical,32,8,6,6,1024,0,0,0,0,0,0,0,0
vertical,32,8,7,6,1024,0,0,0,0,0,0,0,0
vertical,32,8,8,6,1024,0,0,0,0,0,0,0,0
vertical,32,8,9,6,1024,0,0,0,0,0,0,0,0
vertical,32,8,10,6,1024,32,3,768,768,0,0,307,307
vertical,32,8,11,6,1024,0,0,0,0,0,0,0,0
vertical,32,8,12,6,1024,0,0,0,0,0,0,0,0
vertical,32,8,13,6,1024,0,0,0,0,0,0,0,0
vertical,32,8,14,6,1024,0,0,0,0,0,0,0,0
vertical,32,8,15,6,1024,0,0,0,0,0,0,0,0
vertical,32,8,16,6,1024,0,0,0,0,0,0,0,0
vertical,32,8,17,6,1024,0,0,0,0,0,0,0,0
vertical,32,8,18,6,1024,0,0,0,0,0,0,0,0
vertical,32,8,19,6,1024,0,0,0,0,0,0,0,0
vertical,32,8,0,7,1024,0,0,0,0,0,0,0,0
vertical,32,8,1,7,1024,0,0,0,0,0,0,0,0
vertical,32,8,2,7,1024,0,0,0,0,0,0,0,0
vertical,32,8,3,7,1024,0,0,0,0,0,0,0,0
vertical,32,8,4,7,1024,0,0,0,0,0,0,0,0
vertical,32,8,5,7,1024,0,0,0,0,0,0,0,0
vertical,32,8,6,7,1024,0,0,0,0,0,0,0,0
vertical,32,8,7,7,1024,0,0,0,0,0,0,0,0
vertical,32,8,8,7,1024,0,0,0,0,0,0,0,0
vertical,32,8,9,7,1024,0,0,0,0,0,0,0,0
vertical,32,8,10,7,1024,32,3,768,768,0,0,307,307
vertical,32,8,11,7,1024,0,0,0,0,0,0,0,0
vertical,32,8,12,7,1024,0,0,0,0,0,0,0,0
vertical,32,8,13,7,1024,0,0,0,0,0,0,0,0
vertical,32,8,14,7,1024,0,0,0,0,0,0,0,0
vertical,32,8,15,7,1024,0,0,0,0,0,0,0,0
vertical,32,8,16,7,1024,0,0,0,0,0,0,0,0
vertical,32,8,17,7,1024,0,0,0,0,0,0,0,0
vertical,32,8,18,7,1024,0,0,0,0,0,0,0,0
vertical,32,8,19,7,1024,0,0,0,0,0,0,0,0
vertical,32,8,0,8,1024,0,0,0,0,0,0,0,0
vertical,32,8,1,8,1024,0,0,0,0,0,0,0,0
vertical,32,8,2,8,1024,0,0,0,0,0,0,0,0
vertical,32,8,3,8,1024,0,0,0,0,0,0,0,0
vertical,32,8,4,8,1024,0,0,0,0,0,0,0,0
vertical,32,8,5,8,1024,0,0,0,0,0,0,0,0
vertical,32,8,6,8,1024,0,0,0,0,0,0,0,0
vertical,32,8,7,8,1024,0,0,0,0,0,0,0,0
vertical,32,8,8,8,1024,0,0,0,0,0,0,0,0
vertical,32,8,9,8,1024,0,0,0,0,0,0,0,0
vertical,32,8,10,8,1024,32,3,768,768,0,0,307,307
vertical,32,8,11,8,1024,0,0,0,0,0,0,0,0
vertical,32,8,12,8,1024,0,0,0,0,0,0,0,0
vertical,32,8,13,8,1024,0,0,0,0,0,0,0,0
vertical,32,8,14,8,1024,0,0,0,0,0,0,0,0
vertical,32,8,15,8,1024,0,0,0,0,0,0,0,0
vertical,32,8,16,8,1024,0,0,0,0,0,0,0,0
vertical,32,8,17,8,1024,0,0,0,0,0,0,0,0
vertical,32,8,18,8,1024,0,0,0,0,0,0,0,0
vertical,32,8,19,8,1024,0,0,0,0,0,0,0,0
vertical,32,8,0,9,1024,0,0,0,0,0,0,0,0
vertical,32,8,1,9,1024,0,0,0,0,0,0,0,0
vertical,32,8,2,9,1024,0,0,0,0,0,0,0,0
vertical,32,8,3,9,1024,0,0,0,0,0,0,0,0
vertical,32,8,4,9,1024,0,0,0,0,0,0,0,0
vertical,32,8,5,9,1024,0,0,0,0,0,0,0,0
vertical,32,8,6,9,1024,0,0,0,0,0,0,0,0
vertical,32,8,7,9,1024,0,0,0,0,0,0,0,0
vertical,32,8,8,9,1024,0,0,0,0,0,0,0,0
vertical,32,8,9,9,1024,0,0,0,0,0,0,0,0
vertical,32,8,10,9,1024,32,3,768,768,0,0,307,307
vertical,32,8,11,9,1024,0,0,0,0,0,0,0,0
vertical,32,8,12,9,1024,0,0,0,0,0,0,0,0
vertical,32,8,13,9,1024,0,0,0,0,0,0,0,0
vertical,32,8,14,9,1024,0,0,0,0,0,0,0,0
vertical,32,8,15,9,1024,0,0,0,0,0,0,0,0
vertical,32,8,16,9,1024,0,0,0,0,0,0,0,0
vertical,32,8,17,9,1024,0,0,0,0,0,0,0,0
vertical,32,8,18,9,1024,0,0,0,0,0,0,0,0
vertical,32,8,19,9,1024,0,0,0,0,0,0,0,0
vertical,32,8,0,10,1024,0,0,0,0,0,0,0,0
vertical,32,8,1,10,1024,0,0,0,0,0,0,0,0
vertical,32,8,2,10,1024,0,0,0,0,0,0,0,0
vertical,32,8,3,10,1024,0,0,0,0,0,0,0,0
vertical,32,8,4,10,1024,0,0,0,0,0,0,0,0
vertical,32,8,5,10,1024,0,0,0,0,0,0,0,0
vertical,32,8,6,10,1024,0,0,0,0,0,0,0,0
vertical,32,8,7,10,1024,0,0,0,0,0,0,0,0
vertical,32,8,8,10,1024,0,0,0,0,0,0,0,0
vertical,32,8,9,10,1024,0,0,0,0,0,0,0,0
vertical,32,8,10,10,1024,32,3,768,768,0,0,307,307
vertical,32,8,11,10,1024,0,0,0,0,0,0,0,0
vertical,32,8,12,10,1024,0,0,0,0,0,0,0,0
vertical,32,8,13,10,1024,0,0,0,0,0,0,0,0
vertical,32,8,14,10,1024,0,0,0,0,0,0,0,0
vertical,32,8,15,10,1024,0,0,0,0,0,0,0,0
vertical,32,8,16,10,1024,0,0,0,0,0,0,0,0
vertical,32,8,17,10,1024,0,0,0,0,0,0,0,0
vertical,32,8,18,10,1024,0,0,0,0,0,0,0,0
vertical,32,8,19,10,1024,0,0,0,0,0,0,0,0
vertical,32,8,0,11,1024,0,0,0,0,0,0,0,0
vertical,32,8,1,11,1024,0,0,0,0,0,0,0,0
vertical,32,8,2,11,1024,0,0,0,0,0,0,0,0
vertical,32,8,3,11,1024,0,0,0,0,0,0,0,0
vertical,32,8,4,11,1024,0,0,0,0,0,0,0,0
vertical,32,8,5,11,1024,0,0,0,0,0,0,0,0
vertical,32,8,6,11,1024,0,0,0,0,0,0,0,0
vertical,32,8,7,11,1024,0,0,0,0,0,0,0,0
vertical,32,8,8,11,1024,0,0,0,0,0,0,0,0
vertical,32,8,9,11,1024,0,0,0,0,0,0,0,0
vertical,32,8,10,11,1024,32,3,768,768,0,0,307,307
vertical,32,8,11,11,1024,0,0,0,0,0,0,0,0
vertical,32,8,12,11,1024,0,0,0,0,0,0,0,0
vertical,32,8,13,11,1024,0,0,0,0,0,0,0,0
vertical,32,8,14,11,1024,0,0,0,0,0,0,0,0
vertical,32,8,15,11,1024,0,0,0,0,0,0,0,0
vertical,32,8,16,11,1024,0,0,0,0,0,0,0,0
vertical,32,8,17,11,1024,0,0,0,0,0,0,0,0
vertical,32,8,18,11,1024,0,0,0,0,0,0,0,0
vertical,32,8,19,11,1024,0,0,0,0,0,0,0,0
vertical,32,8,0,12,1024,0,0,0,0,0,0,0,0
vertical,32,8,1,12,1024,0,0,0,0,0,0,0,0
vertical,32,8,2,12,1024,0,0,0,0,0,0,0,0
vertical,32,8,3,12,1024,0,0,0,0,0,0,0,0
vertical,32,8,4,12,1024,0,0,0,0,0,0,0,0
vertical,32,8,5,12,1024,0,0,0,0,0,0,0,0
vertical,32,8,6,12,1024,0,0,0,0,0,0,0,0
vertical,32,8,7,12,1024,0,0,0,0,0,0,0,0
vertical,32,8,8,12,1024,0,0,0,0,0,0,0,0
vertical,32,8,9,12,1024,0,0,0,0,0,0,0,0
vertical,32,8,10,12,1024,32,3,768,768,0,0,307,307
vertical,32,8,11,12,1024,0,0,0,0,0,0,0,0
vertical,32,8,12,12,1024,0,0,0,0,0,0,0,0
vertical,32,8,13,12,1024,0,0,0,0,0,0,0,0
vertical,32,8,14,12,1024,0,0,0,0,0,0,0,0
vertical,32,8,15,12,1024,0,0,0,0,0,0,0,0
vertical,32,8,16,12,1024,0,0,0,0,0,0,0,0
vertical,32,8,17,12,1024,0,0,0,0,0,0,0,0
vertical,32,8,18,12,1024,0,0,0,0,0,0,0,0
vertical,32,8,19,12,1024,0,0,0,0,0,0,0,0
vertical,32,8,0,13,1024,0,0,0,0,0,0,0,0
vertical,32,8,1,13,1024,0,0,0,0,0,0,0,0
vertical,32,8,2,13,1024,0,0,0,0,0,0,0,0
vertical,32,8,3,13,1024,0,0,0,0,0,0,0,0
vertical,32,8,4,13,1024,0,0,0,0,0,0,0,0
vertical,32,8,5,13,1024,0,0,0,0,0,0,0,0
vertical,32,8,6,13,1024,0,0,0,0,0,0,0,0
vertical,32,8,7,13,1024,0,0,0,0,0,0,0,0
vertical,32,8,8,13,1024,0,0,0,0,0,0,0,0
vertical,32,8,9,13,1024,0,0,0,0,0,0,0,0
vertical,32,8,10,13,1024,32,3,768,768,0,0,307,307
vertical,32,8,11,13,1024,0,0,0,0,0,0,0,0
vertical,32,8,12,13,1024,0,0,0,0,0,0,0,0
vertical,32,8,13,13,1024,0,0,0,0,0,0,0,0
vertical,32,8,14,13,1024,0,0,0,0,0,0,0,0
vertical,32,8,15,13,1024,0,0,0,0,0,0,0,0
vertical,32,8,16,13,1024,0,0,0,0,0,0,0,0
vertical,32,8,17,13,1024,0,0,0,0,0,0,0,0
vertical,32,8,18,13,1024,0,0,0,0,0,0,0,0
vertical,32,8,19,13,1024,0,0,0,0,0,0,0,0
vertical,32,8,0,14,1024,0,0,0,0,0,0,0,0
vertical,32,8,1,14,1024,0,0,0,0,0,0,0,0
vertical,32,8,2,14,1024,0,0,0,0,0,0,0,0
vertical,32,8,3,14,1024,0,0,0,0,0,0,0,0
vertical,32,8,4,14,1024,0,0,0,0,0,0,0,0
vertical,32,8,5,14,1024,0,0,0,0,0,0,0,0
vertical,32,8,6,14,1024,0,0,0,0,0,0,0,0
vertical,32,8,7,14,1024,0,0,0,0,0,0,0,0
vertical,32,8,8,14,1024,0,0,0,0,0,0,0,0
vertical,32,8,9,14,1024,0,0,0,0,0,0,0,0
vertical,32,8,10,14,1024,32,3,768,768,0,0,307,307
vertical,32,8,11,14,1024,0,0,0,0,0,0,0,0
vertical,32,8,12,14,1024,0,0,0,0,0,0,0,0
vertical,32,8,13,14,1024,0,0,0,0,0,0,0,0
vertical,32,8,14,14,1024,0,0,0,0,0,0,0,0
vertical,32,8,15,14,1024,0,0,0,0,0,0,0,0
vertical,32,8,16,14,1024,0,0,0,0,0,0,0,0
vertical,32,8,17,14,1024,0,0,0,0,0,0,0,0
vertical,32,8,18,14,1024,0,0,0,0,0,0,0,0
vertical,32,8,19,14,1024,0,0,0,0,0,0,0,0
vertical,32,16,0,0,1024,0,0,0,0,0,0,0,0
vertical,32,16,1,0,1024,0,0,0,0,0,0,0,0
vertical,32,16,2,0,1024,0,0,0,0,0,0,0,0
vertical,32,16,3,0,1024,0,0,0,0,0,0,0,0
vertical,32,16,4,0,1024,0,0,0,0,0,0,0,0
vertical,32,16,5,0,1024,0,0,0,0,0,0,0,0
vertical,32,16,6,0,1024,0,0,0,0,0,0,0,0
vertical,32,16,7,0,1024,0,0,0,0,0,0,0,0
vertical,32,16,8,0,1024,0,0,0,0,0,0,0,0
vertical,32,16,9,0,1024,0,0,0,0,0,0,0,0
vertical,32,16,10,0,1024,57,6,768,768,0,0,307,307
vertical,32,16,11,0,1024,32,6,768,768,0,0,307,307
vertical,32,16,12,0,1024,32,6,768,768,0,0,307,307
vertical,32,16,13,0,1024,32,6,768,768,0,0,307,307
vertical,32,16,14,0,1024,32,6,768,768,0,0,307,307
vertical,32,16,15,0,1024,32,6,768,768,0,0,307,307
vertical,32,16,16,0,1024,32,6,768,768,0,0,307,307
vertical,32,16,17,0,1024,32,6,768,768,0,0,307,307
vertical,32,16,18,0,1024,32,6,768,768,0,0,307,307
vertical,32,16,19,0,1024,32,6,768,768,0,0,307,307
vertical,32,16,0,1,1024,0,0,0,0,0,0,0,0
vertical,32,16,1,1,1024,0,0,0,0,0,0,0,0
vertical,32,16,2,1,1024,0,0,0,0,0,0,0,0
vertical,32,16,3,1,1024,0,0,0,0,0,0,0,0
vertical,32,16,4,1,1024,0,0,0,0,0,0,0,0
vertical,32,16,5,1,1024,0,0,0,0,0,0,0,0
vertical,32,16,6,1,1024,0,0,0,0,0,0,0,0
vertical,32,16,7,1,1024,0,0,0,0,0,0,0,0
vertical,32,16,8,1,1024,0,0,0,0,0,0,0,0
vertical,32,16,9,1,1024,0,0,0,0,0,0,0,0
vertical,32,16,10,1,1024,32,6,768,768,0,0,307,307
vertical,32,16,11,1,1024,0,0,0,0,0,0,0,0
vertical,32,16,12,1,1024,0,0,0,0,0,0,0,0
vertical,32,16,13,1,1024,0,0,0,0,0,0,0,0
vertical,32,16,14,1,1024,0,0,0,0,0,0,0,0
vertical,32,16,15,1,1024,0,0,0,0,0,0,0,0
vertical,32,16,16,1,1024,0,0,0,0,0,0,0,0
vertical,32,16,17,1,1024,0,0,0,0,0,0,0,0
vertical,32,16,18,1,1024,0,0,0,0,0,0,0,0
vertical,32,16,19,1,1024,0,0,0,0,0,0,0,0
vertical,32,16,0,2,1024,0,0,0,0,0,0,0,0
vertical,32,16,1,2,1024,0,0,0,0,0,0,0,0
vertical,32,16,2,2,1024,0,0,0,0,0,0,0,0
vertical,32,16,3,2,1024,0,0,0,0,0,0,0,0
vertical,32,16,4,2,1024,0,0,0,0,0,0,0,0
vertical,32,16,5,2,1024,0,0,0,0,0,0,0,0
vertical,32,16,6,2,1024,0,0,0,0,0,0,0,0
vertical,32,16,7,2,1024,0,0,0,0,0,0,0,0
vertical,32,16,8,2,1024,0,0,0,0,0,0,0,0
vertical,32,16,9,2,1024,0,0,0,0,0,0,0,0
vertical,32,16,10,2,1024,32,6,768,768,0,0,307,307
vertical,32,16,11,2,1024,0,0,0,0,0,0,0,0
vertical,32,16,12,2,1024,0,0,0,0,0,0,0,0
vertical,32,16,13,2,1024,0,0,0,0,0,0,0,0
vertical,32,16,14,2,1024,0,0,0,0,0,0,0,0
vertical,32,16,15,2,1024,0,0,0,0,0,0,0,0
vertical,32,16,16,2,1024,0,0,0,0,0,0,0,0
vertical,32,16,17,2,1024,0,0,0,0,0,0,0,0
vertical,32,16,18,2,1024,0,0,0,0,0,0,0,0
vertical,32,16,19,2,1024,0,0,0,0,0,0,0,0
vertical,32,16,0,3,1024,0,0,0,0,0,0,0,0
vertical,32,16,1,3,1024,0,0,0,0,0,0,0,0
vertical,32,16,2,3,1024,0,0,0,0,0,0,0,0
vertical,32,16,3,3,1024,0,0,0,0,0,0,0,0
vertical,32,16,4,3,1024,0,0,0,0,0,0,0,0
vertical,32,16,5,3,1024,0,0,0,0,0,0,0,0
vertical,32,16,6,3,1024,0,0,0,0,0,0,0,0
vertical,32,16,7,3,1024,0,0,0,0,0,0,0,0
vertical,32,16,8,3,1024,0,0,0,0,0,0,0,0
vertical,32,16,9,3,1024,0,0,0,0,0,0,0,0
vertical,32,16,10,3,1024,32,6,768,768,0,0,307,307
vertical,32,16,11,3,1024,0,0,0,0,0,0,0,0
vertical,32,16,12,3,1024,0,0,0,0,0,0,0,0
vertical,32,16,13,3,1024,0,0,0,0,0,0,0,0
vertical,32,16,14,3,1024,0,0,0,0,0,0,0,0
vertical,32,16,15,3,1024,0,0,0,0,0,0,0,0
vertical,32,16,16,3,1024,0,0,0,0,0,0,0,0
vertical,32,16,17,3,1024,0,0,0,0,0,0,0,0
vertical,32,16,18,3,1024,0,0,0,0,0,0,0,0
vertical,32,16,19,3,1024,0,0,0,0,0,0,0,0
vertical,32,16,0,4,1024,0,0,0,0,0,0,0,0
vertical,32,16,1,4,1024,0,0,0,0,0,0,0,0
vertical,32,16,2,4,1024,0,0,0,0,0,0,0,0
vertical,32,16,3,4,1024,0,0,0,0,0,0,0,0
vertical,32,16,4,4,1024,0,0,0,0,0,0,0,0
vertical,32,16,5,4,1024,0,0,0,0,0,0,0,0
vertical,32,16,6,4,1024,0,0,0,0,0,0,0,0
vertical,32,16,7,4,1024,0,0,0,0,0,0,0,0
vertical,32,16,8,4,1024,0,0,0,0,0,0,0,0
vertical,32,16,9,4,1024,0,0,0,0,0,0,0,0
vertical,32,16,10,4,1024,32,6,768,768,0,0,307,307
vertical,32,16,11,4,1024,0,0,0,0,0,0,0,0
vertical,32,16,12,4,1024,0,0,0,0,0,0,0,0
vertical,32,16,13,4,1024,0,0,0,0,0,0,0,0
vertical,32,16,14,4,1024,0,0,0,0,0,0,0,0
vertical,32,16,15,4,1024,0,0,0,0,0,0,0,0
vertical,32,16,16,4,1024,0,0,0,0,0,0,0,0
vertical,32,16,17,4,1024,0,0,0,0,0,0,0,0
vertical,32,16,18,4,1024,0,0,0,0,0,0,0,0
vertical,32,16,19,4,1024,0,0,0,0,0,0,0,0
vertical,32,16,0,5,1024,0,0,0,0,0,0,0,0
vertical,32,16,1,5,1024,0,0,0,0,0,0,0,0
vertical,32,16,2,5,1024,0,0,0,0,0,0,0,0
vertical,32,16,3,5,1024,0,0,0,0,0,0,0,0
vertical,32,16,4,5,1024,0,0,0,0,0,0,0,0
vertical,32,16,5,5,1024,0,0,0,0,0,0,0,0
vertical,32,16,6,5,1024,0,0,0,0,0,0,0,0
vertical,32,16,7,5,1024,0,0,0,0,0,0,0,0
vertical,32,16,8,5,1024,0,0,0,0,0,0,0,0
vertical,32,16,9,5,1024,0,0,0,0,0,0,0,0
vertical,32,16,10,5,1024,32,6,768,768,0,0,307,307
vertical,32,16,11,5,1024,0,0,0,0,0,0,0,0
vertical,32,16,12,5,1024,0,0,0,0,0,0,0,0
vertical,32,16,13,5,1024,0,0,0,0,0,0,0,0
vertical,32,16,14,5,1024,0,0,0,0,0,0,0,0
vertical,32,16,15,5,1024,0,0,0,0,0,0,0,0
vertical,32,16,16,5,1024,0,0,0,0,0,0,0,0
vertical,32,16,17,5,1024,0,0,0,0,0,0,0,0
vertical,32,16,18,5,1024,0,0,0,0,0,0,0,0
vertical,32,16,19,5,1024,0,0,0,0,0,0,0,0
vertical,32,16,0,6,1024,0,0,0,0,0,0,0,0
vertical,32,16,1,6,1024,0,0,0,0,0,0,0,0
vertical,32,16,2,6,1024,0,0,0,0,0,0,0,0
vertical,32,16,3,6,1024,0,0,0,0,0,0,0,0
vertical,32,16,4,6,1024,0,0,0,0,0,0,0,0
vertical,32,16,5,6,1024,0,0,0,0,0,0,0,0
vertical,32,16,6,6,1024,0,0,0,0,0,0,0,0
vertical,32,16,7,6,1024,0,0,0,0,0,0,0,0
vertical,32,16,8,6,1024,0,0,0,0,0,0,0,0
vertical,32,16,9,6,1024,0,0,0,0,0,0,0,0
vertical,32,16,10,6,1024,32,6,768,768,0,0,307,307
vertical,32,16,11,6,1024,0,0,0,0,0,0,0,0
vertical,32,16,12,6,1024,0,0,0,0,0,0,0,0
vertical,32,16,13,6,1024,0,0,0,0,0,0,0,0
vertical,32,16,14,6,1024,0,0,0,0,0,0,0,0
vertical,32,16,15,6,1024,0,0,0,0,0,0,0,0
vertical,32,16,16,6,1024,0,0,0,0,0,0,0,0
vertical,32,16,17,6,1024,0,0,0,0,0,0,0,0
vertical,32,16,18,6,1024,0,0,0,0,0,0,0,0
vertical,32,16,19,6,1024,0,0,0,0,0,0,0,0
vertical,32,16,0,7,1024,0,0,0,0,0,0,0,0
vertical,32,16,1,7,1024,0,0,0,0,0,0,0,0
vertical,32,16,2,7,1024,0,0,0,0,0,0,0,0
vertical,32,16,3,7,1024,0,0,0,0,0,0,0,0
vertical,32,16,4,7,1024,0,0,0,0,0,0,0,0
vertical,32,16,5,7,1024,0,0,0,0,0,0,0,0
vertical,32,16,6,7,1024,0,0,0,0,0,0,0,0
vertical,32,16,7,7,1024,0,0,0,0,0,0,0,0
vertical,32,16,8,7,1024,0,0,0,0,0,0,0,0
vertical,32,16,9,7,1024,0,0,0,0,0,0,0,0
vertical,32,16,10,7,1024,32,6,768,768,0,0,307,307
vertical,32,16,11,7,1024,0,0,0,0,0,0,0,0
vertical,32,16,12,7,1024,0,0,0,0,0,0,0,0
vertical,32,16,13,7,1024,0,0,0,0,0,0,0,0
vertical,32,16,14,7,1024,0,0,0,0,0,0,0,0
vertical,32,16,15,7,1024,0,0,0,0,0,0,0,0
vertical,32,16,16,7,1024,0,0,0,0,0,0,0,0
vertical,32,16,17,7,1024,0,0,0,0,0,0,0,0
vertical,32,16,18,7,1024,0,0,0,0,0,0,0,0
vertical,32,16,19,7,1024,0,0,0,0,0,0,0,0
vertical,32,16,0,8,1024,0,0,0,0,0,0,0,0
vertical,32,16,1,8,1024,0,0,0,0,0,0,0,0
vertical,32,16,2,8,1024,0,0,0,0,0,0,0,0
vertical,32,16,3,8,1024,0,0,0,0,0,0,0,0
vertical,32,16,4,8,1024,0,0,0,0,0,0,0,0
vertical,32,16,5,8,1024,0,0,0,0,0,0,0,0
vertical,32,16,6,8,1024,0,0,0,0,0,0,0,0
vertical,32,16,7,8,1024,0,0,0,0,0,0,0,0
vertical,32,16,8,8,1024,0,0,0,0,0,0,0,0
vertical,32,16,9,8,1024,0,0,0,0,0,0,0,0
vertical,32,16,10,8,1024,32,6,768,768,0,0,307,307
vertical,32,16,11,8,1024,0,0,0,0,0,0,0,0
vertical,32,16,12,8,1024,0,0,0,0,0,0,0,0
vertical,32,16,13,8,1024,0,0,0,0,0,0,0,0
vertical,32,16,14,8,1024,0,0,0,0,0,0,0,0
vertical,32,16,15,8,1024,0,0,0,0,0,0,0,0
vertical,32,16,16,8,1024,0,0,0,0,0,0,0,0
vertical,32,16,17,8,1024,0,0,0,0,0,0,0,0
vertical,32,16,18,8,1024,0,0,0,0,0,0,0,0
vertical,32,16,19,8,1024,0,0,0,0,0,0,0,0
vertical,32,16,0,9,1024,0,0,0,0,0,0,0,0
vertical,32,16,1,9,1024,0,0,0,0,0,0,0,0
vertical,32,16,2,9,1024,0,0,0,0,0,0,0,0
vertical,32,16,3,9,1024,0,0,0,0,0,0,0,0
vertical,32,16,4,9,1024,0,0,0,0,0,0,0,0
vertical,32,16,5,9,1024,0,0,0,0,0,0,0,0
vertical,32,16,6,9,1024,0,0,0,0,0,0,0,0
vertical,32,16,7,9,1024,0,0,0,0,0,0,0,0
vertical,32,16,8,9,1024,0,0,0,0,0,0,0,0
vertical,32,16,9,9,1024,0,0,0,0,0,0,0,0
vertical,32,16,10,9,1024,32,6,768,768,0,0,307,307
vertical,32,16,11,9,1024,0,0,0,0,0,0,0,0
vertical,32,16,12,9,1024,0,0,0,0,0,0,0,0
vertical,32,16,13,9,1024,0,0,0,0,0,0,0,0
vertical,32,16,14,9,1024,0,0,0,0,0,0,0,0
vertical,32,16,15,9,1024,0,0,0,0,0,0,0,0
vertical,32,16,16,9,1024,0,0,0,0,0,0,0,0
vertical,32,16,17,9,1024,0,0,0,0,0,0,0,0
vertical,32,16,18,9,1024,0,0,0,0,0,0,0,0
vertical,32,16,19,9,1024,0,0,0,0,0,0,0,0
vertical,32,16,0,10,1024,0,0,0,0,0,0,0,0
vertical,32,16,1,10,1024,0,0,0,0,0,0,0,0
vertical,32,16,2,10,1024,0,0,0,0,0,0,0,0
vertical,32,16,3,10,1024,0,0,0,0,0,0,0,0
vertical,32,16,4,10,1024,0,0,0,0,0,0,0,0
vertical,32,16,5,10,1024,0,0,0,0,0,0,0,0
vertical,32,16,6,10,1024,0,0,0,0,0,0,0,0
vertical,32,16,7,10,1024,0,0,0,0,0,0,0,0
vertical,32,16,8,10,1024,0,0,0,0,0,0,0,0
vertical,32,16,9,10,1024,0,0,0,0,0,0,0,0
vertical,32,16,10,10,1024,32,6,768,768,0,0,307,307
vertical,32,16,11,10,1024,0,0,0,0,0,0,0,0
vertical,32,16,12,10,1024,0,0,0,0,0,0,0,0
vertical,32,16,13,10,1024,0,0,0,0,0,0,0,0
vertical,32,16,14,10,1024,0,0,0,0,0,0,0,0
vertical,32,16,15,10,1024,0,0,0,0,0,0,0,0
vertical,32,16,16,10,1024,0,0,0,0,0,0,0,0
vertical,32,16,17,10,1024,0,0,0,0,0,0,0,0
vertical,32,16,18,10,1024,0,0,0,0,0,0,0,0
vertical,32,16,19,10,1024,0,0,0,0,0,0,0,0
vertical,32,16,0,11,1024,0,0,0,0,0,0,0,0
vertical,32,16,1,11,1024,0,0,0,0,0,0,0,0
vertical,32,16,2,11,1024,0,0,0,0,0,0,0,0
vertical,32,16,3,11,1024,0,0,0,0,0,0,0,0
vertical,32,16,4,11,1024,0,0,0,0,0,0,0,0
vertical,32,16,5,11,1024,0,0,0,0,0,0,0,0
vertical,32,16,6,11,1024,0,0,0,0,0,0,0,0
vertical,32,16,7,11,1024,0,0,0,0,0,0,0,0
vertical,32,16,8,11,1024,0,0,0,0,0,0,0,0
vertical,32,16,9,11,1024,0,0,0,0,0,0,0,0
vertical,32,16,10,11,1024,32,6,768,768,0,0,307,307
vertical,32,16,11,11,1024,0,0,0,0,0,0,0,0
vertical,32,16,12,11,1024,0,0,0,0,0,0,0,0
vertical,32,16,13,11,1024,0,0,0,0,0,0,0,0
vertical,32,16,14,11,1024,0,0,0,0,0,0,0,0
vertical,32,16,15,11,1024,0,0,0,0,0,0,0,0
vertical,32,16,16,11,1024,0,0,0,0,0,0,0,0
vertical,32,16,17,11,1024,0,0,0,0,0,0,0,0
vertical,32,16,18,11,1024,0,0,0,0,0,0,0,0
vertical,32,16,19,11,1024,0,0,0,0,0,0,0,0
vertical,32,16,0,12,1024,0,0,0,0,0,0,0,0
vertical,32,16,1,12,1024,0,0,0,0,0,0,0,0
vertical,32,16,2,12,1024,0,0,0,0,0,0,0,0
vertical,32,16,3,12,1024,0,0,0,0,0,0,0,0
vertical,32,16,4,12,1024,0,0,0,0,0,0,0,0
vertical,32,16,5,12,1024,0,0,0,0,0,0,0,0
vertical,32,16,6,12,1024,0,0,0,0,0,0,0,0
vertical,32,16,7,12,1024,0,0,0,0,0,0,0,0
vertical,32,16,8,12,1024,0,0,0,0,0,0,0,0
vertical,32,16,9,12,1024,0,0,0,0,0,0,0,0
vertical,32,16,10,12,1024,32,6,768,768,0,0,307,307
vertical,32,16,11,12,1024,0,0,0,0,0,0,0,0
vertical,32,16,12,12,1024,0,0,0,0,0,0,0,0
vertical,32,16,13,12,1024,0,0,0,0,0,0,0,0
vertical,32,16,14,12,1024,0,0,0,0,0,0,0,0
vertical,32,16,15,12,1024,0,0,0,0,0,0,0,0
vertical,32,16,16,12,1024,0,0,0,0,0,0,0,0
vertical,32,16,17,12,1024,0,0,0,0,0,0,0,0
vertical,32,16,18,12,1024,0,0,0,0,0,0,0,0
vertical,32,16,19,12,1024,0,0,0,0,0,0,0,0
vertical,32,16,0,13,1024,0,0,0,0,0,0,0,0
vertical,32,16,1,13,1024,0,0,0,0,0,0,0,0
vertical,32,16,2,13,1024,0,0,0,0,0,0,0,0
vertical,32,16,3,13,1024,0,0,0,0,0,0,0,0
vertical,32,16,4,13,1024,0,0,0,0,0,0,0,0
vertical,32,16,5,13,1024,0,0,0,0,0,0,0,0
vertical,32,16,6,13,1024,0,0,0,0,0,0,0,0
vertical,32,16,7,13,1024,0,0,0,0,0,0,0,0
vertical,32,16,8,13,1024,0,0,0,0,0,0,0,0
vertical,32,16,9,13,1024,0,0,0,0,0,0,0,0
vertical,32,16,10,13,1024,32,6,768,768,0,0,307,307
vertical,32,16,11,13,1024,0,0,0,0,0,0,0,0
vertical,32,16,12,13,1024,0,0,0,0,0,0,0,0
vertical,32,16,13,13,1024,0,0,0,0,0,0,0,0
vertical,32,16,14,13,1024,0,0,0,0,0,0,0,0
vertical,32,16,15,13,1024,0,0,0,0,0,0,0,0
vertical,32,16,16,13,1024,0,0,0,0,0,0,0,0
vertical,32,16,17,13,1024,0,0,0,0,0,0,0,0
vertical,32,16,18,13,1024,0,0,0,0,0,0,0,0
vertical,32,16,19,13,1024,0,0,0,0,0,0,0,0
vertical,32,16,0,14,1024,0,0,0,0,0,0,0,0
vertical,32,16,1,14,1024,0,0,0,0,0,0,0,0
vertical,32,16,2,14,1024,0,0,0,0,0,0,0,0
vertical,32,16,3,14,1024,0,0,0,0,0,0,0,0
vertical,32,16,4,14,1024,0,0,0,0,0,0,0,0
vertical,32,16,5,14,1024,0,0,0,0,0,0,0,0
vertical,32,16,6,14,1024,0,0,0,0,0,0,0,0
vertical,32,16,7,14,1024,0,0,0,0,0,0,0,0
vertical,32,16,8,14,1024,0,0,0,0,0,0,0,0
vertical,32,16,9,14,1024,0,0,0,0,0,0,0,0
vertical,32,16,10,14,1024,32,6,768,768,0,0,307,307
vertical,32,16,11,14,1024,0,0,0,0,0,0,0,0
vertical,32,16,12,14,1024,0,0,0,0,0,0,0,0
vertical,32,16,13,14,1024,0,0,0,0,0,0,0,0
vertical,32,16,14,14,1024,0,0,0,0,0,0,0,0
vertical,32,16,15,14,1024,0,0,0,0,0,0,0,0
vertical,32,16,16,14,1024,0,0,0,0,0,0,0,0
vertical,32,16,17,14,1024,0,0,0,0,0,0,0,0
vertical,32,16,18,14,1024,0,0,0,0,0,0,0,0
vertical,32,16,19,14,1024,0,0,0,0,0,0,0,0
vertical,32,32,0,0,1024,0,0,0,0,0,0,0,0
vertical,32,32,1,0,1024,0,0,0,0,0,0,0,0
vertical,32,32,2,0,1024,0,0,0,0,0,0,0,0
vertical,32,32,3,0,1024,0,0,0,0,0,0,0,0
vertical,32,32,4,0,1024,0,0,0,0,0,0,0,0
vertical,32,32,5,0,1024,0,0,0,0,0,0,0,0
vertical,32,32,6,0,1024,0,0,0,0,0,0,0,0
vertical,32,32,7,0,1024,0,0,0,0,0,0,0,0
vertical,32,32,8,0,1024,0,0,0,0,0,0,0,0
vertical,32,32,9,0,1024,0,0,0,0,0,0,0,0
vertical,32,32,10,0,1024,57,12,768,768,0,0,307,307
vertical,32,32,11,0,1024,32,12,768,768,0,0,307,307
vertical,32,32,12,0,1024,32,12,768,768,0,0,307,307
vertical,32,32,13,0,1024,32,12,768,768,0,0,307,307
vertical,32,32,14,0,1024,32,12,768,768,0,0,307,307
vertical,32,32,15,0,1024,32,12,768,768,0,0,307,307
vertical,32,32,16,0,1024,32,12,768,768,0,0,307,307
vertical,32,32,17,0,1024,32,12,768,768,0,0,307,307
vertical,32,32,18,0,1024,32,12,768,768,0,0,307,307
vertical,32,32,19,0,1024,32,12,768,768,0,0,307,307
vertical,32,32,0,1,1024,0,0,0,0,0,0,0,0
vertical,32,32,1,1,1024,0,0,0,0,0,0,0,0
vertical,32,32,2,1,1024,0,0,0,0,0,0,0,0
vertical,32,32,3,1,1024,0,0,0,0,0,0,0,0
vertical,32,32,4,1,1024,0,0,0,0,0,0,0,0
vertical,32,32,5,1,1024,0,0,0,0,0,0,0,0
vertical,32,32,6,1,1024,0,0,0,0,0,0,0,0
vertical,32,32,7,1,1024,0,0,0,0,0,0,0,0
vertical,32,32,8,1,1024,0,0,0,0,0,0,0,0
vertical,32,32,9,1,1024,0,0,0,0,0,0,0,0
vertical,32,32,10,1,1024,32,12,768,768,0,0,307,307
vertical,32,32,11,1,1024,0,0,0,0,0,0,0,0
vertical,32,32,12,1,1024,0,0,0,0,0,0,0,0
vertical,32,32,13,1,1024,0,0,0,0,0,0,0,0
vertical,32,32,14,1,1024,0,0,0,0,0,0,0,0
vertical,32,32,15,1,1024,0,0,0,0,0,0,0,0
vertical,32,32,16,1,1024,0,0,0,0,0,0,0,0
vertical,32,32,17,1,1024,0,0,0,0,0,0,0,0
vertical,32,32,18,1,1024,0,0,0,0,0,0,0,0
vertical,32,32,19,1,1024,0,0,0,0,0,0,0,0
vertical,32,32,0,2,1024,0,0,0,0,0,0,0,0
vertical,32,32,1,2,1024,0,0,0,0,0,0,0,0
vertical,32,32,2,2,1024,0,0,0,0,0,0,0,0
vertical,32,32,3,2,1024,0,0,0,0,0,0,0,0
vertical,32,32,4,2,1024,0,0,0,0,0,0,0,0
vertical,32,32,5,2,1024,0,0,0,0,0,0,0,0
vertical,32,32,6,2,1024,0,0,0,0,0,0,0,0
vertical,32,32,7,2,1024,0,0,0,0,0,0,0,0
vertical,32,32,8,2,1024,0,0,0,0,0,0,0,0
vertical,32,32,9,2,1024,0,0,0,0,0,0,0,0
vertical,32,32,10,2,1024,32,12,768,768,0,0,307,307
vertical,32,32,11,2,1024,0,0,0,0,0,0,0,0
vertical,32,32,12,2,1024,0,0,0,0,0,0,0,0
vertical,32,32,13,2,1024,0,0,0,0,0,0,0,0
vertical,32,32,14,2,1024,0,0,0,0,0,0,0,0
vertical,32,32,15,2,1024,0,0,0,0,0,0,0,0
vertical,32,32,16,2,1024,0,0,0,0,0,0,0,0
vertical,32,32,17,2,1024,0,0,0,0,0,0,0,0
vertical,32,32,18,2,1024,0,0,0,0,0,0,0,0
vertical,32,32,19,2,1024,0,0,0,0,0,0,0,0
vertical,32,32,0,3,1024,0,0,0,0,0,0,0,0
vertical,32,32,1,3,1024,0,0,0,0,0,0,0,0
vertical,32,32,2,3,1024,0,0,0,0,0,0,0,0
vertical,32,32,3,3,1024,0,0,0,0,0,0,0,0
vertical,32,32,4,3,1024,0,0,0,0,0,0,0,0
vertical,32,32,5,3,1024,0,0,0,0,0,0,0,0
vertical,32,32,6,3,1024,0,0,0,0,0,0,0,0
vertical,32,32,7,3,1024,0,0,0,0,0,0,0,0
vertical,32,32,8,3,1024,0,0,0,0,0,0,0,0
vertical,32,32,9,3,1024,0,0,0,0,0,0,0,0
vertical,32,32,10,3,1024,32,12,768,768,0,0,307,307
vertical,32,32,11,3,1024,0,0,0,0,0,0,0,0
vertical,32,32,12,3,1024,0,0,0,0,0,0,0,0
vertical,32,32,13,3,1024,0,0,0,0,0,0,0,0
vertical,32,32,14,3,1024,0,0,0,0,0,0,0,0
vertical,32,32,15,3,1024,0,0,0,0,0,0,0,0
vertical,32,32,16,3,1024,0,0,0,0,0,0,0,0
vertical,32,32,17,3,1024,0,0,0,0,0,0,0,0
vertical,32,32,18,3,1024,0,0,0,0,0,0,0,0
vertical,32,32,19,3,1024,0,0,0,0,0,0,0,0
vertical,32,32,0,4,1024,0,0,0,0,0,0,0,0
vertical,32,32,1,4,1024,0,0,0,0,0,0,0,0
vertical,32,32,2,4,1024,0,0,0,0,0,0,0,0
vertical,32,32,3,4,1024,0,0,0,0,0,0,0,0
vertical,32,32,4,4,1024,0,0,0,0,0,0,0,0
vertical,32,32,5,4,1024,0,0,0,0,0,0,0,0
vertical,32,32,6,4,1024,0,0,0,0,0,0,0,0
vertical,32,32,7,4,1024,0,0,0,0,0,0,0,0
vertical,32,32,8,4,1024,0,0,0,0,0,0,0,0
vertical,32,32,9,4,1024,0,0,0,0,0,0,0,0
vertical,32,32,10,4,1024,32,12,768,768,0,0,307,307
vertical,32,32,11,4,1024,0,0,0,0,0,0,0,0
vertical,32,32,12,4,1024,0,0,0,0,0,0,0,0
vertical,32,32,13,4,1024,0,0,0,0,0,0,0,0
vertical,32,32,14,4,1024,0,0,0,0,0,0,0,0
vertical,32,32,15,4,1024,0,0,0,0,0,0,0,0
vertical,32,32,16,4,1024,0,0,0,0,0,0,0,0
vertical,32,32,17,4,1024,0,0,0,0,0,0,0,0
vertical,32,32,18,4,1024,0,0,0,0,0,0,0,0
vertical,32,32,19,4,1024,0,0,0,0,0,0,0,0
vertical,32,32,0,5,1024,0,0,0,0,0,0,0,0
vertical,32,32,1,5,1024,0,0,0,0,0,0,0,0
vertical,32,32,2,5,1024,0,0,0,0,0,0,0,0
vertical,32,32,3,5,1024,0,0,0,0,0,0,0,0
vertical,32,32,4,5,1024,0,0,0,0,0,0,0,0
vertical,32,32,5,5,1024,0,0,0,0,0,0,0,0
vertical,32,32,6,5,1024,0,0,0,0,0,0,0,0
vertical,32,32,7,5,1024,0,0,0,0,0,0,0,0
vertical,32,32,8,5,1024,0,0,0,0,0,0,0,0
vertical,32,32,9,5,1024,0,0,0,0,0,0,0,0
vertical,32,32,10,5,1024,32,12,768,768,0,0,307,307
vertical,32,32,11,5,1024,0,0,0,0,0,0,0,0
vertical,32,32,12,5,1024,0,0,0,0,0,0,0,0
vertical,32,32,13,5,1024,0,0,0,0,0,0,0,0
vertical,32,32,14,5,1024,0,0,0,0,0,0,0,0
vertical,32,32,15,5,1024,0,0,0,0,0,0,0,0
vertical,32,32,16,5,1024,0,0,0,0,0,0,0,0
vertical,32,32,17,5,1024,0,0,0,0,0,0,0,0
vertical,32,32,18,5,1024,0,0,0,0,0,0,0,0
vertical,32,32,19,5,1024,0,0,0,0,0,0,0,0
vertical,32,32,0,6,1024,0,0,0,0,0,0,0,0
vertical,32,32,1,6,1024,0,0,0,0,0,0,0,0
vertical,32,32,2,6,1024,0,0,0,0,0,0,0,0
vertical,32,32,3,6,1024,0,0,0,0,0,0,0,0
vertical,32,32,4,6,1024,0,0,0,0,0,0,0,0
vertical,32,32,5,6,1024,0,0,0,0,0,0,0,0
vertical,32,32,6,6,1024,0,0,0,0,0,0,0,0
vertical,32,32,7,6,1024,0,0,0,0,0,0,0,0
vertical,32,32,8,6,1024,0,0,0,0,0,0,0,0
vertical,32,32,9,6,1024,0,0,0,0,0,0,0,0
vertical,32,32,10,6,1024,32,12,768,768,0,0,307,307
vertical,32,32,11,6,1024,0,0,0,0,0,0,0,0
vertical,32,32,12,6,1024,0,0,0,0,0,0,0,0
vertical,32,32,13,6,1024,0,0,0,0,0,0,0,0
vertical,32,32,14,6,1024,0,0,0,0,0,0,0,0
vertical,32,32,15,6,1024,0,0,0,0,0,0,0,0
vertical,32,32,16,6,1024,0,0,0,0,0,0,0,0
vertical,32,32,17,6,1024,0,0,0,0,0,0,0,0
vertical,32,32,18,6,1024,0,0,0,0,0,0,0,0
vertical,32,32,19,6,1024,0,0,0,0,0,0,0,0
vertical,32,32,0,7,1024,0,0,0,0,0,0,0,0
vertical,32,32,1,7,1024,0,0,0,0,0,0,0,0
vertical,32,32,2,7,1024,0,0,0,0,0,0,0,0
vertical,32,32,3,7,1024,0,0,0,0,0,0,0,0
vertical,32,32,4,7,1024,0,0,0,0,0,0,0,0
vertical,32,32,5,7,1024,0,0,0,0,0,0,0,0
vertical,32,32,6,7,1024,0,0,0,0,0,0,0,0
vertical,32,32,7,7,1024,0,0,0,0,0,0,0,0
vertical,32,32,8,7,1024,0,0,0,0,0,0,0,0
vertical,32,32,9,7,1024,0,0,0,0,0,0,0,0
vertical,32,32,10,7,1024,32,12,768,768,0,0,307,307
vertical,32,32,11,7,1024,0,0,0,0,0,0,0,0
vertical,32,32,12,7,1024,0,0,0,0,0,0,0,0
vertical,32,32,13,7,1024,0,0,0,0,0,0,0,0
vertical,32,32,14,7,1024,0,0,0,0,0,0,0,0
vertical,32,32,15,7,1024,0,0,0,0,0,0,0,0
vertical,32,32,16,7,1024,0,0,0,0,0,0,0,0
vertical,32,32,17,7,1024,0,0,0,0,0,0,0,0
vertical,32,32,18,7,1024,0,0,0,0,0,0,0,0
vertical,32,32,19,7,1024,0,0,0,0,0,0,0,0
vertical,32,32,0,8,1024,0,0,0,0,0,0,0,0
vertical,32,32,1,8,1024,0,0,0,0,0,0,0,0
vertical,32,32,2,8,1024,0,0,0,0,0,0,0,0
vertical,32,32,3,8,1024,0,0,0,0,0,0,0,0
vertical,32,32,4,8,1024,0,0,0,0,0,0,0,0
vertical,32,32,5,8,1024,0,0,0,0,0,0,0,0
vertical,32,32,6,8,1024,0,0,0,0,0,0,0,0
vertical,32,32,7,8,1024,0,0,0,0,0,0,0,0
vertical,32,32,8,8,1024,0,0,0,0,0,0,0,0
vertical,32,32,9,8,1024,0,0,0,0,0,0,0,0
vertical,32,32,10,8,1024,32,12,768,768,0,0,307,307
vertical,32,32,11,8,1024,0,0,0,0,0,0,0,0
vertical,32,32,12,8,1024,0,0,0,0,0,0,0,0
vertical,32,32,13,8,1024,0,0,0,0,0,0,0,0
vertical,32,32,14,8,1024,0,0,0,0,0,0,0,0
vertical,32,32,15,8,1024,0,0,0,0,0,0,0,0
vertical,32,32,16,8,1024,0,0,0,0,0,0,0,0
vertical,32,32,17,8,1024,0,0,0,0,0,0,0,0
vertical,32,32,18,8,1024,0,0,0,0,0,0,0,0
vertical,32,32,19,8,1024,0,0,0,0,0,0,0,0
vertical,32,32,0,9,1024,0,0,0,0,0,0,0,0
vertical,32,32,1,9,1024,0,0,0,0,0,0,0,0
vertical,32,32,2,9,1024,0,0,0,0,0,0,0,0
vertical,32,32,3,9,1024,0,0,0,0,0,0,0,0
vertical,32,32,4,9,1024,0,0,0,0,0,0,0,0
vertical,32,32,5,9,1024,0,0,0,0,0,0,0,0
vertical,32,32,6,9,1024,0,0,0,0,0,0,0,0
vertical,32,32,7,9,1024,0,0,0,0,0,0,0,0
vertical,32,32,8,9,1024,0,0,0,0,0,0,0,0
vertical,32,32,9,9,1024,0,0,0,0,0,0,0,0
vertical,32,32,10,9,1024,32,12,768,768,0,0,307,307
vertical,32,32,11,9,1024,0,0,0,0,0,0,0,0
vertical,32,32,12,9,1024,0,0,0,0,0,0,0,0
vertical,32,32,13,9,1024,0,0,0,0,0,0,0,0
vertical,32,32,14,9,1024,0,0,0,0,0,0,0,0
vertical,32,32,15,9,1024,0,0,0,0,0,0,0,0
vertical,32,32,16,9,1024,0,0,0,0,0,0,0,0
vertical,32,32,17,9,1024,0,0,0,0,0,0,0,0
vertical,32,32,18,9,1024,0,0,0,0,0,0,0,0
vertical,32,32,19,9,1024,0,0,0,0,0,0,0,0
vertical,32,32,0,10,1024,0,0,0,0,0,0,0,0
vertical,32,32,1,10,1024,0,0,0,0,0,0,0,0
vertical,32,32,2,10,1024,0,0,0,0,0,0,0,0
vertical,32,32,3,10,1024,0,0,0,0,0,0,0,0
vertical,32,32,4,10,1024,0,0,0,0,0,0,0,0
vertical,32,32,5,10,1024,0,0,0,0,0,0,0,0
vertical,32,32,6,10,1024,0,0,0,0,0,0,0,0
vertical,32,32,7,10,1024,0,0,0,0,0,0,0,0
vertical,32,32,8,10,1024,0,0,0,0,0,0,0,0
vertical,32,32,9,10,1024,0,0,0,0,0,0,0,0
vertical,32,32,10,10,1024,32,12,768,768,0,0,307,307
vertical,32,32,11,10,1024,0,0,0,0,0,0,0,0
vertical,32,32,12,10,1024,0,0,0,0,0,0,0,0
vertical,32,32,13,10,1024,0,0,0,0,0,0,0,0
vertical,32,32,14,10,1024,0,0,0,0,0,0,0,0
vertical,32,32,15,10,1024,0,0,0,0,0,0,0,0
vertical,32,32,16,10,1024,0,0,0,0,0,0,0,0
vertical,32,32,17,10,1024,0,0,0,0,0,0,0,0
vertical,32,32,18,10,1024,0,0,0,0,0,0,0,0
vertical,32,32,19,10,1024,0,0,0,0,0,0,0,0
vertical,32,32,0,11,1024,0,0,0,0,0,0,0,0
vertical,32,32,1,11,1024,0,0,0,0,0,0,0,0
vertical,32,32,2,11,1024,0,0,0,0,0,0,0,0
vertical,32,32,3,11,1024,0,0,0,0,0,0,0,0
vertical,32,32,4,11,1024,0,0,0,0,0,0,0,0
vertical,32,32,5,11,1024,0,0,0,0,0,0,0,0
vertical,32,32,6,11,1024,0,0,0,0,0,0,0,0
vertical,32,32,7,11,1024,0,0,0,0,0,0,0,0
vertical,32,32,8,11,1024,0,0,0,0,0,0,0,0
vertical,32,32,9,11,1024,0,0,0,0,0,0,0,0
vertical,32,32,10,11,1024,32,12,768,768,0,0,307,307
vertical,32,32,11,11,1024,0,0,0,0,0,0,0,0
vertical,32,32,12,11,1024,0,0,0,0,0,0,0,0
vertical,32,32,13,11,1024,0,0,0,0,0,0,0,0
vertical,32,32,14,11,1024,0,0,0,0,0,0,0,0
vertical,32,32,15,11,1024,0,0,0,0,0,0,0,0
vertical,32,32,16,11,1024,0,0,0,0,0,0,0,0
vertical,32,32,17,11,1024,0,0,0,0,0,0,0,0
vertical,32,32,18,11,1024,0,0,0,0,0,0,0,0
vertical,32,32,19,11,1024,0,0,0,0,0,0,0,0
vertical,32,32,0,12,1024,0,0,0,0,0,0,0,0
vertical,32,32,1,12,1024,0,0,0,0,0,0,0,0
vertical,32,32,2,12,1024,0,0,0,0,0,0,0,0
vertical,32,32,3,12,1024,0,0,0,0,0,0,0,0
vertical,32,32,4,12,1024,0,0,0,0,0,0,0,0
vertical,32,32,5,12,1024,0,0,0,0,0,0,0,0
vertical,32,32,6,12,1024,0,0,0,0,0,0,0,0
vertical,32,32,7,12,1024,0,0,0,0,0,0,0,0
vertical,32,32,8,12,1024,0,0,0,0,0,0,0,0
vertical,32,32,9,12,1024,0,0,0,0,0,0,0,0
vertical,32,32,10,12,1024,32,12,768,768,0,0,307,307
vertical,32,32,11,12,1024,0,0,0,0,0,0,0,0
vertical,32,32,12,12,1024,0,0,0,0,0,0,0,0
vertical,32,32,13,12,1024,0,0,0,0,0,0,0,0
vertical,32,32,14,12,1024,0,0,0,0,0,0,0,0
vertical,32,32,15,12,1024,0,0,0,0,0,0,0,0
vertical,32,32,16,12,1024,0,0,0,0,0,0,0,0
vertical,32,32,17,12,1024,0,0,0,0,0,0,0,0
vertical,32,32,18,12,1024,0,0,0,0,0,0,0,0
vertical,32,32,19,12,1024,0,0,0,0,0,0,0,0
vertical,32,32,0,13,1024,0,0,0,0,0,0,0,0
vertical,32,32,1,13,1024,0,0,0,0,0,0,0,0
vertical,32,32,2,13,1024,0,0,0,0,0,0,0,0
vertical,32,32,3,13,1024,0,0,0,0,0,0,0,0
vertical,32,32,4,13,1024,0,0,0,0,0,0,0,0
vertical,32,32,5,13,1024,0,0,0,0,0,0,0,0
vertical,32,32,6,13,1024,0,0,0,0,0,0,0,0
vertical,32,32,7,13,1024,0,0,0,0,0,0,0,0
vertical,32,32,8,13,1024,0,0,0,0,0,0,0,0
vertical,32,32,9,13,1024,0,0,0,0,0,0,0,0
vertical,32,32,10,13,1024,32,12,768,768,0,0,307,307
vertical,32,32,11,13,1024,0,0,0,0,0,0,0,0
vertical,32,32,12,13,1024,0,0,0,0,0,0,0,0
vertical,32,32,13,13,1024,0,0,0,0,0,0,0,0
vertical,32,32,14,13,1024,0,0,0,0,0,0,0,0
vertical,32,32,15,13,1024,0,0,0,0,0,0,0,0
vertical,32,32,16,13,1024,0,0,0,0,0,0,0,0
vertical,32,32,17,13,1024,0,0,0,0,0,0,0,0
vertical,32,32,18,13,1024,0,0,0,0,0,0,0,0
vertical,32,32,19,13,1024,0,0,0,0,0,0,0,0
vertical,32,32,0,14,1024,0,0,0,0,0,0,0,0
vertical,32,32,1,14,1024,0,0,0,0,0,0,0,0
vertical,32,32,2,14,1024,0,0,0,0,0,0,0,0
vertical,32,32,3,14,1024,0,0,0,0,0,0,0,0
vertical,32,32,4,14,1024,0,0,0,0,0,0,0,0
vertical,32,32,5,14,1024,0,0,0,0,0,0,0,0
vertical,32,32,6,14,1024,0,0,0,0,0,0,0,0
vertical,32,32,7,14,1024,0,0,0,0,0,0,0,0
vertical,32,32,8,14,1024,0,0,0,0,0,0,0,0
vertical,32,32,9,14,1024,0,0,0,0,0,0,0,0
vertical,32,32,10,14,1024,32,12,768,768,0,0,307,307
vertical,32,32,11,14,1024,0,0,0,0,0,0,0,0
vertical,32,32,12,14,1024,0,0,0,0,0,0,0,0
vertical,32,32,13,14,1024,0,0,0,0,0,0,0,0
vertical,32,32,14,14,1024,0,0,0,0,0,0,0,0
vertical,32,32,15,14,1024,0,0,0,0,0,0,0,0
vertical,32,32,16,14,1024,0,0,0,0,0,0,0,0
vertical,32,32,17,14,1024,0,0,0,0,0,0,0,0
vertical,32,32,18,14,1024,0,0,0,0,0,0,0,0
vertical,32,32,19,14,1024,0,0,0,0,0,0,0,0
vertical,64,8,0,0,4096,0,0,0,0,0,0,0,0
vertical,64,8,1,0,4096,0,0,0,0,0,0,0,0
vertical,64,8,2,0,4096,0,0,0,0,0,0,0,0
vertical,64,8,3,0,4096,0,0,0,0,0,0,0,0
vertical,64,8,4,0,4096,0,0,0,0,0,0,0,0
vertical,64,8,5,0,4096,121,3,768,768,0,0,307,307
vertical,64,8,6,0,4096,64,3,768,768,0,0,307,307
vertical,64,8,7,0,4096,64,3,768,768,0,0,307,307
vertical,64,8,8,0,4096,64,3,768,768,0,0,307,307
vertical,64,8,9,0,4096,64,3,768,768,0,0,307,307
vertical,64,8,0,1,4096,0,0,0,0,0,0,0,0
vertical,64,8,1,1,4096,0,0,0,0,0,0,0,0
vertical,64,8,2,1,4096,0,0,0,0,0,0,0,0
vertical,64,8,3,1,4096,0,0,0,0,0,0,0,0
vertical,64,8,4,1,4096,0,0,0,0,0,0,0,0
vertical,64,8,5,1,4096,64,3,768,768,0,0,307,307
vertical,64,8,6,1,4096,0,0,0,0,0,0,0,0
vertical,64,8,7,1,4096,0,0,0,0,0,0,0,0
vertical,64,8,8,1,4096,0,0,0,0,0,0,0,0
vertical,64,8,9,1,4096,0,0,0,0,0,0,0,0
vertical,64,8,0,2,4096,0,0,0,0,0,0,0,0
vertical,64,8,1,2,4096,0,0,0,0,0,0,0,0
vertical,64,8,2,2,4096,0,0,0,0,0,0,0,0
vertical,64,8,3,2,4096,0,0,0,0,0,0,0,0
vertical,64,8,4,2,4096,0,0,0,0,0,0,0,0
vertical,64,8,5,2,4096,64,3,768,768,0,0,307,307
vertical,64,8,6,2,4096,0,0,0,0,0,0,0,0
vertical,64,8,7,2,4096,0,0,0,0,0,0,0,0
vertical,64,8,8,2,4096,0,0,0,0,0,0,0,0
vertical,64,8,9,2,4096,0,0,0,0,0,0,0,0
vertical,64,8,0,3,4096,0,0,0,0,0,0,0,0
vertical,64,8,1,3,4096,0,0,0,0,0,0,0,0
vertical,64,8,2,3,4096,0,0,0,0,0,0,0,0
vertical,64,8,3,3,4096,0,0,0,0,0,0,0,0
vertical,64,8,4,3,4096,0,0,0,0,0,0,0,0
vertical,64,8,5,3,4096,64,3,768,768,0,0,307,307
vertical,64,8,6,3,4096,0,0,0,0,0,0,0,0
vertical,64,8,7,3,4096,0,0,0,0,0,0,0,0
vertical,64,8,8,3,4096,0,0,0,0,0,0,0,0
vertical,64,8,9,3,4096,0,0,0,0,0,0,0,0
vertical,64,8,0,4,4096,0,0,0,0,0,0,0,0
vertical,64,8,1,4,4096,0,0,0,0,0,0,0,0
vertical,64,8,2,4,4096,0,0,0,0,0,0,0,0
vertical,64,8,3,4,4096,0,0,0,0,0,0,0,0
vertical,64,8,4,4,4096,0,0,0,0,0,0,0,0
vertical,64,8,5,4,4096,64,3,768,768,0,0,307,307
vertical,64,8,6,4,4096,0,0,0,0,0,0,0,0
vertical,64,8,7,4,4096,0,0,0,0,0,0,0,0
vertical,64,8,8,4,4096,0,0,0,0,0,0,0,0
vertical,64,8,9,4,4096,0,0,0,0,0,0,0,0
vertical,64,8,0,5,4096,0,0,0,0,0,0,0,0
vertical,64,8,1,5,4096,0,0,0,0,0,0,0,0
vertical,64,8,2,5,4096,0,0,0,0,0,0,0,0
vertical,64,8,3,5,4096,0,0,0,0,0,0,0,0
vertical,64,8,4,5,4096,0,0,0,0,0,0,0,0
vertical,64,8,5,5,4096,64,3,768,768,0,0,307,307
vertical,64,8,6,5,4096,0,0,0,0,0,0,0,0
vertical,64,8,7,5,4096,0,0,0,0,0,0,0,0
vertical,64,8,8,5,4096,0,0,0,0,0,0,0,0
vertical,64,8,9,5,4096,0,0,0,0,0,0,0,0
vertical,64,8,0,6,4096,0,0,0,0,0,0,0,0
vertical,64,8,1,6,4096,0,0,0,0,0,0,0,0
vertical,64,8,2,6,4096,0,0,0,0,0,0,0,0
vertical,64,8,3,6,4096,0,0,0,0,0,0,0,0
vertical,64,8,4,6,4096,0,0,0,0,0,0,0,0
vertical,64,8,5,6,4096,64,3,768,768,0,0,307,307
vertical,64,8,6,6,4096,0,0,0,0,0,0,0,0
vertical,64,8,7,6,4096,0,0,0,0,0,0,0,0
vertical,64,8,8,6,4096,0,0,0,0,0,0,0,0
vertical,64,8,9,6,4096,0,0,0,0,0,0,0,0
vertical,64,8,0,7,2048,0,0,0,0,0,0,0,0
vertical,64,8,1,7,2048,0,0,0,0,0,0,0,0
vertical,64,8,2,7,2048,0,0,0,0,0,0,0,0
vertical,64,8,3,7,2048,0,0,0,0,0,0,0,0
vertical,64,8,4,7,2048,0,0,0,0,0,0,0,0
vertical,64,8,5,7,2048,32,3,768,768,0,0,307,307
vertical,64,8,6,7,2048,0,0,0,0,0,0,0,0
vertical,64,8,7,7,2048,0,0,0,0,0,0,0,0
vertical,64,8,8,7,2048,0,0,0,0,0,0,0,0
vertical,64,8,9,7,2048,0,0,0,0,0,0,0,0
vertical,64,16,0,0,4096,0,0,0,0,0,0,0,0
vertical,64,16,1,0,4096,0,0,0,0,0,0,0,0
vertical,64,16,2,0,4096,0,0,0,0,0,0,0,0
vertical,64,16,3,0,4096,0,0,0,0,0,0,0,0
vertical,64,16,4,0,4096,0,0,0,0,0,0,0,0
vertical,64,16,5,0,4096,121,6,768,768,0,0,307,307
vertical,64,16,6,0,4096,64,6,768,768,0,0,307,307
vertical,64,16,7,0,4096,64,6,768,768,0,0,307,307
vertical,64,16,8,0,4096,64,6,768,768,0,0,307,307
vertical,64,16,9,0,4096,64,6,768,768,0,0,307,307
vertical,64,16,0,1,4096,0,0,0,0,0,0,0,0
vertical,64,16,1,1,4096,0,0,0,0,0,0,0,0
vertical,64,16,2,1,4096,0,0,0,0,0,0,0,0
vertical,64,16,3,1,4096,0,0,0,0,0,0,0,0
vertical,64,16,4,1,4096,0,0,0,0,0,0,0,0
vertical,64,16,5,1,4096,64,6,768,768,0,0,307,307
vertical,64,16,6,1,4096,0,0,0,0,0,0,0,0
vertical,64,16,7,1,4096,0,0,0,0,0,0,0,0
vertical,64,16,8,1,4096,0,0,0,0,0,0,0,0
vertical,64,16,9,1,4096,0,0,0,0,0,0,0,0
vertical,64,16,0,2,4096,0,0,0,0,0,0,0,0
vertical,64,16,1,2,4096,0,0,0,0,0,0,0,0
vertical,64,16,2,2,4096,0,0,0,0,0,0,0,0
vertical,64,16,3,2,4096,0,0,0,0,0,0,0,0
vertical,64,16,4,2,4096,0,0,0,0,0,0,0,0
vertical,64,16,5,2,4096,64,6,768,768,0,0,307,307
vertical,64,16,6,2,4096,0,0,0,0,0,0,0,0
vertical,64,16,7,2,4096,0,0,0,0,0,0,0,0
vertical,64,16,8,2,4096,0,0,0,0,0,0,0,0
vertical,64,16,9,2,4096,0,0,0,0,0,0,0,0
vertical,64,16,0,3,4096,0,0,0,0,0,0,0,0
vertical,64,16,1,3,4096,0,0,0,0,0,0,0,0
vertical,64,16,2,3,4096,0,0,0,0,0,0,0,0
vertical,64,16,3,3,4096,0,0,0,0,0,0,0,0
vertical,64,16,4,3,4096,0,0,0,0,0,0,0,0
vertical,64,16,5,3,4096,64,6,768,768,0,0,307,307
vertical,64,16,6,3,4096,0,0,0,0,0,0,0,0
vertical,64,16,7,3,4096,0,0,0,0,0,0,0,0
vertical,64,16,8,3,4096,0,0,0,0,0,0,0,0
vertical,64,16,9,3,4096,0,0,0,0,0,0,0,0
vertical,64,16,0,4,4096,0,0,0,0,0,0,0,0
vertical,64,16,1,4,4096,0,0,0,0,0,0,0,0
vertical,64,16,2,4,4096,0,0,0,0,0,0,0,0
vertical,64,16,3,4,4096,0,0,0,0,0,0,0,0
vertical,64,16,4,4,4096,0,0,0,0,0,0,0,0
vertical,64,16,5,4,4096,64,6,768,768,0,0,307,307
vertical,64,16,6,4,4096,0,0,0,0,0,0,0,0
vertical,64,16,7,4,4096,0,0,0,0,0,0,0,0
vertical,64,16,8,4,4096,0,0,0,0,0,0,0,0
vertical,64,16,9,4,4096,0,0,0,0,0,0,0,0
vertical,64,16,0,5,4096,0,0,0,0,0,0,0,0
vertical,64,16,1,5,4096,0,0,0,0,0,0,0,0
vertical,64,16,2,5,4096,0,0,0,0,0,0,0,0
vertical,64,16,3,5,4096,0,0,0,0,0,0,0,0
vertical,64,16,4,5,4096,0,0,0,0,0,0,0,0
vertical,64,16,5,5,4096,64,6,768,768,0,0,307,307
vertical,64,16,6,5,4096,0,0,0,0,0,0,0,0
vertical,64,16,7,5,4096,0,0,0,0,0,0,0,0
vertical,64,16,8,5,4096,0,0,0,0,0,0,0,0
vertical,64,16,9,5,4096,0,0,0,0,0,0,0,0
vertical,64,16,0,6,4096,0,0,0,0,0,0,0,0
vertical,64,16,1,6,4096,0,0,0,0,0,0,0,0
vertical,64,16,2,6,4096,0,0,0,0,0,0,0,0
vertical,64,16,3,6,4096,0,0,0,0,0,0,0,0
vertical,64,16,4,6,4096,0,0,0,0,0,0,0,0
vertical,64,16,5,6,4096,64,6,768,768,0,0,307,307
vertical,64,16,6,6,4096,0,0,0,0,0,0,0,0
vertical,64,16,7,6,4096,0,0,0,0,0,0,0,0
vertical,64,16,8,6,4096,0,0,0,0,0,0,0,0
vertical,64,16,9,6,4096,0,0,0,0,0,0,0,0
vertical,64,16,0,7,2048,0,0,0,0,0,0,0,0
vertical,64,16,1,7,2048,0,0,0,0,0,0,0,0
vertical,64,16,2,7,2048,0,0,0,0,0,0,0,0
vertical,64,16,3,7,2048,0,0,0,0,0,0,0,0
vertical,64,16,4,7,2048,0,0,0,0,0,0,0,0
vertical,64,16,5,7,2048,32,6,768,768,0,0,307,307
vertical,64,16,6,7,2048,0,0,0,0,0,0,0,0
vertical,64,16,7,7,2048,0,0,0,0,0,0,0,0
vertical,64,16,8,7,2048,0,0,0,0,0,0,0,0
vertical,64,16,9,7,2048,0,0,0,0,0,0,0,0
vertical,64,32,0,0,4096,0,0,0,0,0,0,0,0
vertical,64,32,1,0,4096,0,0,0,0,0,0,0,0
vertical,64,32,2,0,4096,0,0,0,0,0,0,0,0
vertical,64,32,3,0,4096,0,0,0,0,0,0,0,0
vertical,64,32,4,0,4096,0,0,0,0,0,0,0,0
vertical,64,32,5,0,4096,121,12,768,768,0,0,307,307
vertical,64,32,6,0,4096,64,12,768,768,0,0,307,307
vertical,64,32,7,0,4096,64,12,768,768,0,0,307,307
vertical,64,32,8,0,4096,64,12,768,768,0,0,307,307
vertical,64,32,9,0,4096,64,12,768,768,0,0,307,307
vertical,64,32,0,1,4096,0,0,0,0,0,0,0,0
vertical,64,32,1,1,4096,0,0,0,0,0,0,0,0
vertical,64,32,2,1,4096,0,0,0,0,0,0,0,0
vertical,64,32,3,1,4096,0,0,0,0,0,0,0,0
vertical,64,32,4,1,4096,0,0,0,0,0,0,0,0
vertical,64,32,5,1,4096,64,12,768,768,0,0,307,307
vertical,64,32,6,1,4096,0,0,0,0,0,0,0,0
vertical,64,32,7,1,4096,0,0,0,0,0,0,0,0
vertical,64,32,8,1,4096,0,0,0,0,0,0,0,0
vertical,64,32,9,1,4096,0,0,0,0,0,0,0,0
vertical,64,32,0,2,4096,0,0,0,0,0,0,0,0
vertical,64,32,1,2,4096,0,0,0,0,0,0,0,0
vertical,64,32,2,2,4096,0,0,0,0,0,0,0,0
vertical,64,32,3,2,4096,0,0,0,0,0,0,0,0
vertical,64,32,4,2,4096,0,0,0,0,0,0,0,0
vertical,64,32,5,2,4096,64,12,768,768,0,0,307,307
vertical,64,32,6,2,4096,0,0,0,0,0,0,0,0
vertical,64,32,7,2,4096,0,0,0,0,0,0,0,0
vertical,64,32,8,2,4096,0,0,0,0,0,0,0,0
vertical,64,32,9,2,4096,0,0,0,0,0,0,0,0
vertical,64,32,0,3,4096,0,0,0,0,0,0,0,0
vertical,64,32,1,3,4096,0,0,0,0,0,0,0,0
vertical,64,32,2,3,4096,0,0,0,0,0,0,0,0
vertical,64,32,3,3,4096,0,0,0,0,0,0,0,0
vertical,64,32,4,3,4096,0,0,0,0,0,0,0,0
vertical,64,32,5,3,4096,64,12,768,768,0,0,307,307
vertical,64,32,6,3,4096,0,0,0,0,0,0,0,0
vertical,64,32,7,3,4096,0,0,0,0,0,0,0,0
vertical,64,32,8,3,4096,0,0,0,0,0,0,0,0
vertical,64,32,9,3,4096,0,0,0,0,0,0,0,0
vertical,64,32,0,4,4096,0,0,0,0,0,0,0,0
vertical,64,32,1,4,4096,0,0,0,0,0,0,0,0
vertical,64,32,2,4,4096,0,0,0,0,0,0,0,0
vertical,64,32,3,4,4096,0,0,0,0,0,0,0,0
vertical,64,32,4,4,4096,0,0,0,0,0,0,0,0
vertical,64,32,5,4,4096,64,12,768,768,0,0,307,307
vertical,64,32,6,4,4096,0,0,0,0,0,0,0,0
vertical,64,32,7,4,4096,0,0,0,0,0,0,0,0
vertical,64,32,8,4,4096,0,0,0,0,0,0,0,0
vertical,64,32,9,4,4096,0,0,0,0,0,0,0,0
vertical,64,32,0,5,4096,0,0,0,0,0,0,0,0
vertical,64,32,1,5,4096,0,0,0,0,0,0,0,0
vertical,64,32,2,5,4096,0,0,0,0,0,0,0,0
vertical,64,32,3,5,4096,0,0,0,0,0,0,0,0
vertical,64,32,4,5,4096,0,0,0,0,0,0,0,0
vertical,64,32,5,5,4096,64,12,768,768,0,0,307,307
vertical,64,32,6,5,4096,0,0,0,0,0,0,0,0
vertical,64,32,7,5,4096,0,0,0,0,0,0,0,0
vertical,64,32,8,5,4096,0,0,0,0,0,0,0,0
vertical,64,32,9,5,4096,0,0,0,0,0,0,0,0
vertical,64,32,0,6,4096,0,0,0,0,0,0,0,0
vertical,64,32,1,6,4096,0,0,0,0,0,0,0,0
vertical,64,32,2,6,4096,0,0,0,0,0,0,0,0
vertical,64,32,3,6,4096,0,0,0,0,0,0,0,0
vertical,64,32,4,6,4096,0,0,0,0,0,0,0,0
vertical,64,32,5,6,4096,64,12,768,768,0,0,307,307
vertical,64,32,6,6,4096,0,0,0,0,0,0,0,0
vertical,64,32,7,6,4096,0,0,0,0,0,0,0,0
vertical,64,32,8,6,4096,0,0,0,0,0,0,0,0
vertical,64,32,9,6,4096,0,0,0,0,0,0,0,0
vertical,64,32,0,7,2048,0,0,0,0,0,0,0,0
vertical,64,32,1,7,2048,0,0,0,0,0,0,0,0
vertical,64,32,2,7,2048,0,0,0,0,0,0,0,0
vertical,64,32,3,7,2048,0,0,0,0,0,0,0,0
vertical,64,32,4,7,2048,0,0,0,0,0,0,0,0
vertical,64,32,5,7,2048,32,12,768,768,0,0,307,307
vertical,64,32,6,7,2048,0,0,0,0,0,0,0,0
vertical,64,32,7,7,2048,0,0,0,0,0,0,0,0
vertical,64,32,8,7,2048,0,0,0,0,0,0,0,0
vertical,64,32,9,7,2048,0,0,0,0,0,0,0,0
diagonal45,32,8,0,0,1024,0,0,0,0,0,0,0,0
diagonal45,32,8,1,0,1024,0,0,0,0,0,0,0,0
diagonal45,32,8,2,0,1024,0,0,0,0,0,0,0,0
diagonal45,32,8,3,0,1024,0,0,0,0,0,0,0,0
diagonal45,32,8,4,0,1024,0,0,0,0,0,0,0,0
diagonal45,32,8,5,0,1024,0,0,0,0,0,0,0,0
diagonal45,32,8,6,0,1024,0,0,0,0,0,0,0,0
diagonal45,32,8,7,0,1024,0,0,0,0,0,0,0,0
diagonal45,32,8,8,0,1024,0,0,0,0,0,0,0,0
diagonal45,32,8,9,0,1024,13,3,768,791,-23,23,307,316
diagonal45,32,8,10,0,1024,79,3,768,791,-23,23,307,316
diagonal45,32,8,11,0,1024,32,3,768,768,0,0,307,307
diagonal45,32,8,12,0,1024,32,3,768,768,0,0,307,307
diagonal45,32,8,13,0,1024,32,3,768,768,0,0,307,307
diagonal45,32,8,14,0,1024,32,3,768,768,0,0,307,307
diagonal45,32,8,15,0,1024,32,3,768,768,0,0,307,307
diagonal45,32,8,16,0,1024,32,3,768,768,0,0,307,307
diagonal45,32,8,17,0,1024,32,3,768,768,0,0,307,307
diagonal45,32,8,18,0,1024,32,3,768,768,0,0,307,307
diagonal45,32,8,19,0,1024,32,3,768,768,0,0,307,307
diagonal45,32,8,0,1,1024,0,0,0,0,0,0,0,0
diagonal45,32,8,1,1,1024,0,0,0,0,0,0,0,0
diagonal45,32,8,2,1,1024,0,0,0,0,0,0,0,0
diagonal45,32,8,3,1,1024,0,0,0,0,0,0,0,0
diagonal45,32,8,4,1,1024,0,0,0,0,0,0,0,0
diagonal45,32,8,5,1,1024,0,0,0,0,0,0,0,0
diagonal45,32,8,6,1,1024,0,0,0,0,0,0,0,0
diagonal45,32,8,7,1,1024,0,0,0,0,0,0,0,0
diagonal45,32,8,8,1,1024,0,0,0,0,0,0,0,0
diagonal45,32,8,9,1,1024,0,0,0,0,0,0,0,0
diagonal45,32,8,10,1,1024,17,3,768,791,-23,23,307,316
diagonal45,32,8,11,1,1024,47,3,768,791,-23,23,307,316
diagonal45,32,8,12,1,1024,0,0,0,0,0,0,0,0
diagonal45,32,8,13,1,1024,0,0,0,0,0,0,0,0
diagonal45,32,8,14,1,1024,0,0,0,0,0,0,0,0
diagonal45,32,8,15,1,1024,0,0,0,0,0,0,0,0
diagonal45,32,8,16,1,1024,0,0,0,0,0,0,0,0
diagonal45,32,8,17,1,1024,0,0,0,0,0,0,0,0
diagonal45,32,8,18,1,1024,0,0,0,0,0,0,0,0
diagonal45,32,8,19,1,1024,0,0,0,0,0,0,0,0
diagonal45,32,8,0,2,1024,0,0,0,0,0,0,0,0
diagonal45,32,8,1,2,1024,0,0,0,0,0,0,0,0
diagonal45,32,8,2,2,1024,0,0,0,0,0,0,0,0
diagonal45,32,8,3,2,1024,0,0,0,0,0,0,0,0
diagonal45,32,8,4,2,1024,0,0,0,0,0,0,0,0
diagonal45,32,8,5,2,1024,0,0,0,0,0,0,0,0
diagonal45,32,8,6,2,1024,0,0,0,0,0,0,0,0
diagonal45,32,8,7,2,1024,0,0,0,0,0,0,0,0
diagonal45,32,8,8,2,1024,0,0,0,0,0,0,0,0
diagonal45,32,8,9,2,1024,0,0,0,0,0,0,0,0
diagonal45,32,8,10,2,1024,0,0,0,0,0,0,0,0
diagonal45,32,8,11,2,1024,17,3,768,791,-23,23,307,316
diagonal45,32,8,12,2,1024,47,3,768,791,-23,23,307,316
diagonal45,32,8,13,2,1024,0,0,0,0,0,0,0,0
diagonal45,32,8,14,2,1024,0,0,0,0,0,0,0,0
diagonal45,32,8,15,2,1024,0,0,0,0,0,0,0,0
diagonal45,32,8,16,2,1024,0,0,0,0,0,0,0,0
diagonal45,32,8,17,2,1024,0,0,0,0,0,0,0,0
diagonal45,32,8,18,2,1024,0,0,0,0,0,0,0,0
diagonal45,32,8,19,2,1024,0,0,0,0,0,0,0,0
diagonal45,32,8,0,3,1024,0,0,0,0,0,0,0,0
diagonal45,32,8,1,3,1024,0,0,0,0,0,0,0,0
diagonal45,32,8,2,3,1024,0,0,0,0,0,0,0,0
diagonal45,32,8,3,3,1024,0,0,0,0,0,0,0,0
diagonal45,32,8,4,3,1024,0,0,0,0,0,0,0,0
diagonal45,32,8,5,3,1024,0,0,0,0,0,0,0,0
diagonal45,32,8,6,3,1024,0,0,0,0,0,0,0,0
diagonal45,32,8,7,3,1024,0,0,0,0,0,0,0,0
diagonal45,32,8,8,3,1024,0,0,0,0,0,0,0,0
diagonal45,32,8,9,3,1024,0,0,0,0,0,0,0,0
diagonal45,32,8,10,3,1024,0,0,0,0,0,0,0,0
diagonal45,32,8,11,3,1024,0,0,0,0,0,0,0,0
diagonal45,32,8,12,3,1024,17,3,768,791,-23,23,307,316
diagonal45,32,8,13,3,1024,47,3,768,791,-23,23,307,316
diagonal45,32,8,14,3,1024,0,0,0,0,0,0,0,0
diagonal45,32,8,15,3,1024,0,0,0,0,0,0,0,0
diagonal45,32,8,16,3,1024,0,0,0,0,0,0,0,0
diagonal45,32,8,17,3,1024,0,0,0,0,0,0,0,0
diagonal45,32,8,18,3,1024,0,0,0,0,0,0,0,0
diagonal45,32,8,19,3,1024,0,0,0,0,0,0,0,0
diagonal45,32,8,0,4,1024,0,0,0,0,0,0,0,0
diagonal45,32,8,1,4,1024,0,0,0,0,0,0,0,0
diagonal45,32,8,2,4,1024,0,0,0,0,0,0,0,0
diagonal45,32,8,3,4,1024,0,0,0,0,0,0,0,0
diagonal45,32,8,4,4,1024,0,0,0,0,0,0,0,0
diagonal45,32,8,5,4,1024,0,0,0,0,0,0,0,0
diagonal45,32,8,6,4,1024,0,0,0,0,0,0,0,0
diagonal45,32,8,7,4,1024,0,0,0,0,0,0,0,0
diagonal45,32,8,8,4,1024,0,0,0,0,0,0,0,0
diagonal45,32,8,9,4,1024,0,0,0,0,0,0,0,0
diagonal45,32,8,10,4,1024,0,0,0,0,0,0,0,0
diagonal45,32,8,11,4,1024,0,0,0,0,0,0,0,0
diagonal45,32,8,12,4,1024,0,0,0,0,0,0,0,0
diagonal45,32,8,13,4,1024,17,3,768,791,-23,23,307,316
diagonal45,32,8,14,4,1024,47,3,768,791,-23,23,307,316
diagonal45,32,8,15,4,1024,0,0,0,0,0,0,0,0
diagonal45,32,8,16,4,1024,0,0,0,0,0,0,0,0
diagonal45,32,8,17,4,1024,0,0,0,0,0,0,0,0
diagonal45,32,8,18,4,1024,0,0,0,0,0,0,0,0
diagonal45,32,8,19,4,1024,0,0,0,0,0,0,0,0
diagonal45,32,8,0,5,1024,0,0,0,0,0,0,0,0
diagonal45,32,8,1,5,1024,0,0,0,0,0,0,0,0
diagonal45,32,8,2,5,1024,0,0,0,0,0,0,0,0
diagonal45,32,8,3,5,1024,0,0,0,0,0,0,0,0
diagonal45,32,8,4,5,1024,0,0,0,0,0,0,0,0
diagonal45,32,8,5,5,1024,0,0,0,0,0,0,0,0
diagonal45,32,8,6,5,1024,0,0,0,0,0,0,0,0
diagonal45,32,8,7,5,1024,0,0,0,0,0,0,0,0
diagonal45,32,8,8,5,1024,0,0,0,0,0,0,0,0
diagonal45,32,8,9,5,1024,0,0,0,0,0,0,0,0
diagonal45,32,8,10,5,1024,0,0,0,0,0,0,0,0
diagonal45,32,8,11,5,1024,0,0,0,0,0,0,0,0
diagonal45,32,8,12,5,1024,0,0,0,0,0,0,0,0
diagonal45,32,8,13,5,1024,0,0,0,0,0,0,0,0
diagonal45,32,8,14,5,1024,17,3,768,791,-23,23,307,316
diagonal45,32,8,15,5,1024,47,3,768,791,-23,23,307,316
diagonal45,32,8,16,5,1024,0,0,0,0,0,0,0,0
diagonal45,32,8,17,5,1024,0,0,0,0,0,0,0,0
diagonal45,32,8,18,5,1024,0,0,0,0,0,0,0,0
diagonal45,32,8,19,5,1024,0,0,0,0,0,0,0,0
diagonal45,32,8,0,6,1024,0,0,0,0,0,0,0,0
diagonal45,32,8,1,6,1024,0,0,0,0,0,0,0,0
diagonal45,32,8,2,6,1024,0,0,0,0,0,0,0,0
diagonal45,32,8,3,6,1024,0,0,0,0,0,0,0,0
diagonal45,32,8,4,6,1024,0,0,0,0,0,0,0,0
diagonal45,32,8,5,6,1024,0,0,0,0,0,0,0,0
diagonal45,32,8,6,6,1024,0,0,0,0,0,0,0,0
diagonal45,32,8,7,6,1024,0,0,0,0,0,0,0,0
diagonal45,32,8,8,6,1024,0,0,0,0,0,0,0,0
diagonal45,32,8,9,6,1024,0,0,0,0,0,0,0,0
diagonal45,32,8,10,6,1024,0,0,0,0,0,0,0,0
diagonal45,32,8,11,6,1024,0,0,0,0,0,0,0,0
diagonal45,32,8,12,6,1024,0,0,0,0,0,0,0,0
diagonal45,32,8,13,6,1024,0,0,0,0,0,0,0,0
diagonal45,32,8,14,6,1024,0,0,0,0,0,0,0,0
diagonal45,32,8,15,6,1024,17,3,768,791,-23,23,307,316
diagonal45,32,8,16,6,1024,47,3,768,791,-23,23,307,316
diagonal45,32,8,17,6,1024,0,0,0,0,0,0,0,0
diagonal45,32,8,18,6,1024,0,0,0,0,0,0,0,0
diagonal45,32,8,19,6,1024,0,0,0,0,0,0,0,0
diagonal45,32,8,0,7,1024,0,0,0,0,0,0,0,0
diagonal45,32,8,1,7,1024,0,0,0,0,0,0,0,0
diagonal45,32,8,2,7,1024,0,0,0,0,0,0,0,0
diagonal45,32,8,3,7,1024,0,0,0,0,0,0,0,0
diagonal45,32,8,4,7,1024,0,0,0,0,0,0,0,0
diagonal45,32,8,5,7,1024,0,0,0,0,0,0,0,0
diagonal45,32,8,6,7,1024,0,0,0,0,0,0,0,0
diagonal45,32,8,7,7,1024,0,0,0,0,0,0,0,0
diagonal45,32,8,8,7,1024,0,0,0,0,0,0,0,0
diagonal45,32,8,9,7,1024,0,0,0,0,0,0,0,0
diagonal45,32,8,10,7,1024,0,0,0,0,0,0,0,0
diagonal45,32,8,11,7,1024,0,0,0,0,0,0,0,0
diagonal45,32,8,12,7,1024,0,0,0,0,0,0,0,0
diagonal45,32,8,13,7,1024,0,0,0,0,0,0,0,0
diagonal45,32,8,14,7,1024,0,0,0,0,0,0,0,0
diagonal45,32,8,15,7,1024,0,0,0,0,0,0,0,0
diagonal45,32,8,16,7,1024,17,3,768,791,-23,23,307,316
diagonal45,32,8,17,7,1024,47,3,768,791,-23,23,307,316
diagonal45,32,8,18,7,1024,0,0,0,0,0,0,0,0
diagonal45,32,8,19,7,1024,0,0,0,0,0,0,0,0
diagonal45,32,8,0,8,1024,0,0,0,0,0,0,0,0
diagonal45,32,8,1,8,1024,0,0,0,0,0,0,0,0
diagonal45,32,8,2,8,1024,0,0,0,0,0,0,0,0
diagonal45,32,8,3,8,1024,0,0,0,0,0,0,0,0
diagonal45,32,8,4,8,1024,0,0,0,0,0,0,0,0
diagonal45,32,8,5,8,1024,0,0,0,0,0,0,0,0
diagonal45,32,8,6,8,1024,0,0,0,0,0,0,0,0
diagonal45,32,8,7,8,1024,0,0,0,0,0,0,0,0
diagonal45,32,8,8,8,1024,0,0,0,0,0,0,0,0
diagonal45,32,8,9,8,1024,0,0,0,0,0,0,0,0
diagonal45,32,8,10,8,1024,0,0,0,0,0,0,0,0
diagonal45,32,8,11,8,1024,0,0,0,0,0,0,0,0
diagonal45,32,8,12,8,1024,0,0,0,0,0,0,0,0
diagonal45,32,8,13,8,1024,0,0,0,0,0,0,0,0
diagonal45,32,8,14,8,1024,0,0,0,0,0,0,0,0
diagonal45,32,8,15,8,1024,0,0,0,0,0,0,0,0
diagonal45,32,8,16,8,1024,0,0,0,0,0,0,0,0
diagonal45,32,8,17,8,1024,17,3,768,791,-23,23,307,316
diagonal45,32,8,18,8,1024,47,3,768,791,-23,23,307,316
diagonal45,32,8,19,8,1024,0,0,0,0,0,0,0,0
diagonal45,32,8,0,9,1024,0,0,0,0,0,0,0,0
diagonal45,32,8,1,9,1024,0,0,0,0,0,0,0,0
diagonal45,32,8,2,9,1024,0,0,0,0,0,0,0,0
diagonal45,32,8,3,9,1024,0,0,0,0,0,0,0,0
diagonal45,32,8,4,9,1024,0,0,0,0,0,0,0,0
diagonal45,32,8,5,9,1024,0,0,0,0,0,0,0,0
diagonal45,32,8,6,9,1024,0,0,0,0,0,0,0,0
diagonal45,32,8,7,9,1024,0,0,0,0,0,0,0,0
diagonal45,32,8,8,9,1024,0,0,0,0,0,0,0,0
diagonal45,32,8,9,9,1024,0,0,0,0,0,0,0,0
diagonal45,32,8,10,9,1024,0,0,0,0,0,0,0,0
diagonal45,32,8,11,9,1024,0,0,0,0,0,0,0,0
diagonal45,32,8,12,9,1024,0,0,0,0,0,0,0,0
diagonal45,32,8,13,9,1024,0,0,0,0,0,0,0,0
diagonal45,32,8,14,9,1024,0,0,0,0,0,0,0,0
diagonal45,32,8,15,9,1024,0,0,0,0,0,0,0,0
diagonal45,32,8,16,9,1024,0,0,0,0,0,0,0,0
diagonal45,32,8,17,9,1024,0,0,0,0,0,0,0,0
diagonal45,32,8,18,9,1024,17,3,768,791,-23,23,307,316
diagonal45,32,8,19,9,1024,47,3,768,791,-23,23,307,316
diagonal45,32,8,0,10,1024,0,0,0,0,0,0,0,0
diagonal45,32,8,1,10,1024,0,0,0,0,0,0,0,0
diagonal45,32,8,2,10,1024,0,0,0,0,0,0,0,0
diagonal45,32,8,3,10,1024,0,0,0,0,0,0,0,0
diagonal45,32,8,4,10,1024,0,0,0,0,0,0,0,0
diagonal45,32,8,5,10,1024,0,0,0,0,0,0,0,0
diagonal45,32,8,6,10,1024,0,0,0,0,0,0,0,0
diagonal45,32,8,7,10,1024,0,0,0,0,0,0,0,0
diagonal45,32,8,8,10,1024,0,0,0,0,0,0,0,0
diagonal45,32,8,9,10,1024,0,0,0,0,0,0,0,0
diagonal45,32,8,10,10,1024,0,0,0,0,0,0,0,0
diagonal45,32,8,11,10,1024,0,0,0,0,0,0,0,0
diagonal45,32,8,12,10,1024,0,0,0,0,0,0,0,0
diagonal45,32,8,13,10,1024,0,0,0,0,0,0,0,0
diagonal45,32,8,14,10,1024,0,0,0,0,0,0,0,0
diagonal45,32,8,15,10,1024,0,0,0,0,0,0,0,0
diagonal45,32,8,16,10,1024,0,0,0,0,0,0,0,0
diagonal45,32,8,17,10,1024,0,0,0,0,0,0,0,0
diagonal45,32,8,18,10,1024,0,0,0,0,0,0,0,0
diagonal45,32,8,19,10,1024,17,3,768,791,-23,23,307,316
diagonal45,32,8,0,11,1024,0,0,0,0,0,0,0,0
diagonal45,32,8,1,11,1024,0,0,0,0,0,0,0,0
diagonal45,32,8,2,11,1024,0,0,0,0,0,0,0,0
diagonal45,32,8,3,11,1024,0,0,0,0,0,0,0,0
diagonal45,32,8,4,11,1024,0,0,0,0,0,0,0,0
diagonal45,32,8,5,11,1024,0,0,0,0,0,0,0,0
diagonal45,32,8,6,11,1024,0,0,0,0,0,0,0,0
diagonal45,32,8,7,11,1024,0,0,0,0,0,0,0,0
diagonal45,32,8,8,11,1024,0,0,0,0,0,0,0,0
diagonal45,32,8,9,11,1024,0,0,0,0,0,0,0,0
diagonal45,32,8,10,11,1024,0,0,0,0,0,0,0,0
diagonal45,32,8,11,11,1024,0,0,0,0,0,0,0,0
diagonal45,32,8,12,11,1024,0,0,0,0,0,0,0,0
diagonal45,32,8,13,11,1024,0,0,0,0,0,0,0,0
diagonal45,32,8,14,11,1024,0,0,0,0,0,0,0,0
diagonal45,32,8,15,11,1024,0,0,0,0,0,0,0,0
diagonal45,32,8,16,11,1024,0,0,0,0,0,0,0,0
diagonal45,32,8,17,11,1024,0,0,0,0,0,0,0,0
diagonal45,32,8,18,11,1024,0,0,0,0,0,0,0,0
diagonal45,32,8,19,11,1024,0,0,0,0,0,0,0,0
diagonal45,32,8,0,12,1024,0,0,0,0,0,0,0,0
diagonal45,32,8,1,12,1024,0,0,0,0,0,0,0,0
diagonal45,32,8,2,12,1024,0,0,0,0,0,0,0,0
diagonal45,32,8,3,12,1024,0,0,0,0,0,0,0,0
diagonal45,32,8,4,12,1024,0,0,0,0,0,0,0,0
diagonal45,32,8,5,12,1024,0,0,0,0,0,0,0,0
diagonal45,32,8,6,12,1024,0,0,0,0,0,0,0,0
diagonal45,32,8,7,12,1024,0,0,0,0,0,0,0,0
diagonal45,32,8,8,12,1024,0,0,0,0,0,0,0,0
diagonal45,32,8,9,12,1024,0,0,0,0,0,0,0,0
diagonal45,32,8,10,12,1024,0,0,0,0,0,0,0,0
diagonal45,32,8,11,12,1024,0,0,0,0,0,0,0,0
diagonal45,32,8,12,12,1024,0,0,0,0,0,0,0,0
diagonal45,32,8,13,12,1024,0,0,0,0,0,0,0,0
diagonal45,32,8,14,12,1024,0,0,0,0,0,0,0,0
diagonal45,32,8,15,12,1024,0,0,0,0,0,0,0,0
diagonal45,32,8,16,12,1024,0,0,0,0,0,0,0,0
diagonal45,32,8,17,12,1024,0,0,0,0,0,0,0,0
diagonal45,32,8,18,12,1024,0,0,0,0,0,0,0,0
diagonal45,32,8,19,12,1024,0,0,0,0,0,0,0,0
diagonal45,32,8,0,13,1024,0,0,0,0,0,0,0,0
diagonal45,32,8,1,13,1024,0,0,0,0,0,0,0,0
diagonal45,32,8,2,13,1024,0,0,0,0,0,0,0,0
diagonal45,32,8,3,13,1024,0,0,0,0,0,0,0,0
diagonal45,32,8,4,13,1024,0,0,0,0,0,0,0,0
diagonal45,32,8,5,13,1024,0,0,0,0,0,0,0,0
diagonal45,32,8,6,13,1024,0,0,0,0,0,0,0,0
diagonal45,32,8,7,13,1024,0,0,0,0,0,0,0,0
diagonal45,32,8,8,13,1024,0,0,0,0,0,0,0,0
diagonal45,32,8,9,13,1024,0,0,0,0,0,0,0,0
diagonal45,32,8,10,13,1024,0,0,0,0,0,0,0,0
diagonal45,32,8,11,13,1024,0,0,0,0,0,0,0,0
diagonal45,32,8,12,13,1024,0,0,0,0,0,0,0,0
diagonal45,32,8,13,13,1024,0,0,0,0,0,0,0,0
diagonal45,32,8,14,13,1024,0,0,0,0,0,0,0,0
diagonal45,32,8,15,13,1024,0,0,0,0,0,0,0,0
diagonal45,32,8,16,13,1024,0,0,0,0,0,0,0,0
diagonal45,32,8,17,13,1024,0,0,0,0,0,0,0,0
diagonal45,32,8,18,13,1024,0,0,0,0,0,0,0,0
diagonal45,32,8,19,13,1024,0,0,0,0,0,0,0,0
diagonal45,32,8,0,14,1024,0,0,0,0,0,0,0,0
diagonal45,32,8,1,14,1024,0,0,0,0,0,0,0,0
diagonal45,32,8,2,14,1024,0,0,0,0,0,0,0,0
diagonal45,32,8,3,14,1024,0,0,0,0,0,0,0,0
diagonal45,32,8,4,14,1024,0,0,0,0,0,0,0,0
diagonal45,32,8,5,14,1024,0,0,0,0,0,0,0,0
diagonal45,32,8,6,14,1024,0,0,0,0,0,0,0,0
diagonal45,32,8,7,14,1024,0,0,0,0,0,0,0,0
diagonal45,32,8,8,14,1024,0,0,0,0,0,0,0,0
diagonal45,32,8,9,14,1024,0,0,0,0,0,0,0,0
diagonal45,32,8,10,14,1024,0,0,0,0,0,0,0,0
diagonal45,32,8,11,14,1024,0,0,0,0,0,0,0,0
diagonal45,32,8,12,14,1024,0,0,0,0,0,0,0,0
diagonal45,32,8,13,14,1024,0,0,0,0,0,0,0,0
diagonal45,32,8,14,14,1024,0,0,0,0,0,0,0,0
diagonal45,32,8,15,14,1024,0,0,0,0,0,0,0,0
diagonal45,32,8,16,14,1024,0,0,0,0,0,0,0,0
diagonal45,32,8,17,14,1024,0,0,0,0,0,0,0,0
diagonal45,32,8,18,14,1024,0,0,0,0,0,0,0,0
diagonal45,32,8,19,14,1024,0,0,0,0,0,0,0,0
diagonal45,32,16,0,0,1024,0,0,0,0,0,0,0,0
diagonal45,32,16,1,0,1024,0,0,0,0,0,0,0,0
diagonal45,32,16,2,0,1024,0,0,0,0,0,0,0,0
diagonal45,32,16,3,0,1024,0,0,0,0,0,0,0,0
diagonal45,32,16,4,0,1024,0,0,0,0,0,0,0,0
diagonal45,32,16,5,0,1024,0,0,0,0,0,0,0,0
diagonal45,32,16,6,0,1024,0,0,0,0,0,0,0,0
diagonal45,32,16,7,0,1024,0,0,0,0,0,0,0,0
diagonal45,32,16,8,0,1024,0,0,0,0,0,0,0,0
diagonal45,32,16,9,0,1024,13,6,768,791,-23,23,307,316
diagonal45,32,16,10,0,1024,79,6,768,791,-23,23,307,316
diagonal45,32,16,11,0,1024,32,6,768,768,0,0,307,307
diagonal45,32,16,12,0,1024,32,6,768,768,0,0,307,307
diagonal45,32,16,13,0,1024,32,6,768,768,0,0,307,307
diagonal45,32,16,14,0,1024,32,6,768,768,0,0,307,307
diagonal45,32,16,15,0,1024,32,6,768,768,0,0,307,307
diagonal45,32,16,16,0,1024,32,6,768,768,0,0,307,307
diagonal45,32,16,17,0,1024,32,6,768,768,0,0,307,307
diagonal45,32,16,18,0,1024,32,6,768,768,0,0,307,307
diagonal45,32,16,19,0,1024,32,6,768,768,0,0,307,307
diagonal45,32,16,0,1,1024,0,0,0,0,0,0,0,0
diagonal45,32,16,1,1,1024,0,0,0,0,0,0,0,0
diagonal45,32,16,2,1,1024,0,0,0,0,0,0,0,0
diagonal45,32,16,3,1,1024,0,0,0,0,0,0,0,0
diagonal45,32,16,4,1,1024,0,0,0,0,0,0,0,0
diagonal45,32,16,5,1,1024,0,0,0,0,0,0,0,0
diagonal45,32,16,6,1,1024,0,0,0,0,0,0,0,0
diagonal45,32,16,7,1,1024,0,0,0,0,0,0,0,0
diagonal45,32,16,8,1,1024,0,0,0,0,0,0,0,0
diagonal45,32,16,9,1,1024,0,0,0,0,0,0,0,0
diagonal45,32,16,10,1,1024,17,6,768,791,-23,23,307,316
diagonal45,32,16,11,1,1024,47,6,768,791,-23,23,307,316
diagonal45,32,16,12,1,1024,0,0,0,0,0,0,0,0
diagonal45,32,16,13,1,1024,0,0,0,0,0,0,0,0
diagonal45,32,16,14,1,1024,0,0,0,0,0,0,0,0
diagonal45,32,16,15,1,1024,0,0,0,0,0,0,0,0
diagonal45,32,16,16,1,1024,0,0,0,0,0,0,0,0
diagonal45,32,16,17,1,1024,0,0,0,0,0,0,0,0
diagonal45,32,16,18,1,1024,0,0,0,0,0,0,0,0
diagonal45,32,16,19,1,1024,0,0,0,0,0,0,0,0
diagonal45,32,16,0,2,1024,0,0,0,0,0,0,0,0
diagonal45,32,16,1,2,1024,0,0,0,0,0,0,0,0
diagonal45,32,16,2,2,1024,0,0,0,0,0,0,0,0
diagonal45,32,16,3,2,1024,0,0,0,0,0,0,0,0
diagonal45,32,16,4,2,1024,0,0,0,0,0,0,0,0
diagonal45,32,16,5,2,1024,0,0,0,0,0,0,0,0
diagonal45,32,16,6,2,1024,0,0,0,0,0,0,0,0
diagonal45,32,16,7,2,1024,0,0,0,0,0,0,0,0
diagonal45,32,16,8,2,1024,0,0,0,0,0,0,0,0
diagonal45,32,16,9,2,1024,0,0,0,0,0,0,0,0
diagonal45,32,16,10,2,1024,0,0,0,0,0,0,0,0
diagonal45,32,16,11,2,1024,17,6,768,791,-23,23,307,316
diagonal45,32,16,12,2,1024,47,6,768,791,-23,23,307,316
diagonal45,32,16,13,2,1024,0,0,0,0,0,0,0,0
diagonal45,32,16,14,2,1024,0,0,0,0,0,0,0,0
diagonal45,32,16,15,2,1024,0,0,0,0,0,0,0,0
diagonal45,32,16,16,2,1024,0,0,0,0,0,0,0,0
diagonal45,32,16,17,2,1024,0,0,0,0,0,0,0,0
diagonal45,32,16,18,2,1024,0,0,0,0,0,0,0,0
diagonal45,32,16,19,2,1024,0,0,0,0,0,0,0,0
diagonal45,32,16,0,3,1024,0,0,0,0,0,0,0,0
diagonal45,32,16,1,3,1024,0,0,0,0,0,0,0,0
diagonal45,32,16,2,3,1024,0,0,0,0,0,0,0,0
diagonal45,32,16,3,3,1024,0,0,0,0,0,0,0,0
diagonal45,32,16,4,3,1024,0,0,0,0,0,0,0,0
diagonal45,32,16,5,3,1024,0,0,0,0,0,0,0,0
diagonal45,32,16,6,3,1024,0,0,0,0,0,0,0,0
diagonal45,32,16,7,3,1024,0,0,0,0,0,0,0,0
diagonal45,32,16,8,3,1024,0,0,0,0,0,0,0,0
diagonal45,32,16,9,3,1024,0,0,0,0,0,0,0,0
diagonal45,32,16,10,3,1024,0,0,0,0,0,0,0,0
diagonal45,32,16,11,3,1024,0,0,0,0,0,0,0,0
diagonal45,32,16,12,3,1024,17,6,768,791,-23,23,307,316
diagonal45,32,16,13,3,1024,47,6,768,791,-23,23,307,316
diagonal45,32,16,14,3,1024,0,0,0,0,0,0,0,0
diagonal45,32,16,15,3,1024,0,0,0,0,0,0,0,0
diagonal45,32,16,16,3,1024,0,0,0,0,0,0,0,0
diagonal45,32,16,17,3,1024,0,0,0,0,0,0,0,0
diagonal45,32,16,18,3,1024,0,0,0,0,0,0,0,0
diagonal45,32,16,19,3,1024,0,0,0,0,0,0,0,0
diagonal45,32,16,0,4,1024,0,0,0,0,0,0,0,0
diagonal45,32,16,1,4,1024,0,0,0,0,0,0,0,0
diagonal45,32,16,2,4,1024,0,0,0,0,0,0,0,0
diagonal45,32,16,3,4,1024,0,0,0,0,0,0,0,0
diagonal45,32,16,4,4,1024,0,0,0,0,0,0,0,0
diagonal45,32,16,5,4,1024,0,0,0,0,0,0,0,0
diagonal45,32,16,6,4,1024,0,0,0,0,0,0,0,0
diagonal45,32,16,7,4,1024,0,0,0,0,0,0,0,0
diagonal45,32,16,8,4,1024,0,0,0,0,0,0,0,0
diagonal45,32,16,9,4,1024,0,0,0,0,0,0,0,0
diagonal45,32,16,10,4,1024,0,0,0,0,0,0,0,0
diagonal45,32,16,11,4,1024,0,0,0,0,0,0,0,0
diagonal45,32,16,12,4,1024,0,0,0,0,0,0,0,0
diagonal45,32,16,13,4,1024,17,6,768,791,-23,23,307,316
diagonal45,32,16,14,4,1024,47,6,768,791,-23,23,307,316
diagonal45,32,16,15,4,1024,0,0,0,0,0,0,0,0
diagonal45,32,16,16,4,1024,0,0,0,0,0,0,0,0
diagonal45,32,16,17,4,1024,0,0,0,0,0,0,0,0
diagonal45,32,16,18,4,1024,0,0,0,0,0,0,0,0
diagonal45,32,16,19,4,1024,0,0,0,0,0,0,0,0
diagonal45,32,16,0,5,1024,0,0,0,0,0,0,0,0
diagonal45,32,16,1,5,1024,0,0,0,0,0,0,0,0
diagonal45,32,16,2,5,1024,0,0,0,0,0,0,0,0
diagonal45,32,16,3,5,1024,0,0,0,0,0,0,0,0
diagonal45,32,16,4,5,1024,0,0,0,0,0,0,0,0
diagonal45,32,16,5,5,1024,0,0,0,0,0,0,0,0
diagonal45,32,16,6,5,1024,0,0,0,0,0,0,0,0
diagonal45,32,16,7,5,1024,0,0,0,0,0,0,0,0
diagonal45,32,16,8,5,1024,0,0,0,0,0,0,0,0
diagonal45,32,16,9,5,1024,0,0,0,0,0,0,0,0
diagonal45,32,16,10,5,1024,0,0,0,0,0,0,0,0
diagonal45,32,16,11,5,1024,0,0,0,0,0,0,0,0
diagonal45,32,16,12,5,1024,0,0,0,0,0,0,0,0
diagonal45,32,16,13,5,1024,0,0,0,0,0,0,0,0
diagonal45,32,16,14,5,1024,17,6,768,791,-23,23,307,316
diagonal45,32,16,15,5,1024,47,6,768,791,-23,23,307,316
diagonal45,32,16,16,5,1024,0,0,0,0,0,0,0,0
diagonal45,32,16,17,5,1024,0,0,0,0,0,0,0,0
diagonal45,32,16,18,5,1024,0,0,0,0,0,0,0,0
diagonal45,32,16,19,5,1024,0,0,0,0,0,0,0,0
diagonal45,32,16,0,6,1024,0,0,0,0,0,0,0,0
diagonal45,32,16,1,6,1024,0,0,0,0,0,0,0,0
diagonal45,32,16,2,6,1024,0,0,0,0,0,0,0,0
diagonal45,32,16,3,6,1024,0,0,0,0,0,0,0,0
diagonal45,32,16,4,6,1024,0,0,0,0,0,0,0,0
diagonal45,32,16,5,6,1024,0,0,0,0,0,0,0,0
diagonal45,32,16,6,6,1024,0,0,0,0,0,0,0,0
diagonal45,32,16,7,6,1024,0,0,0,0,0,0,0,0
diagonal45,32,16,8,6,1024,0,0,0,0,0,0,0,0
diagonal45,32,16,9,6,1024,0,0,0,0,0,0,0,0
diagonal45,32,16,10,6,1024,0,0,0,0,0,0,0,0
diagonal45,32,16,11,6,1024,0,0,0,0,0,0,0,0
diagonal45,32,16,12,6,1024,0,0,0,0,0,0,0,0
diagonal45,32,16,13,6,1024,0,0,0,0,0,0,0,0
diagonal45,32,16,14,6,1024,0,0,0,0,0,0,0,0
diagonal45,32,16,15,6,1024,17,6,768,791,-23,23,307,316
diagonal45,32,16,16,6,1024,47,6,768,791,-23,23,307,316
diagonal45,32,16,17,6,1024,0,0,0,0,0,0,0,0
diagonal45,32,16,18,6,1024,0,0,0,0,0,0,0,0
diagonal45,32,16,19,6,1024,0,0,0,0,0,0,0,0
diagonal45,32,16,0,7,1024,0,0,0,0,0,0,0,0
diagonal45,32,16,1,7,1024,0,0,0,0,0,0,0,0
diagonal45,32,16,2,7,1024,0,0,0,0,0,0,0,0
diagonal45,32,16,3,7,1024,0,0,0,0,0,0,0,0
diagonal45,32,16,4,7,1024,0,0,0,0,0,0,0,0
diagonal45,32,16,5,7,1024,0,0,0,0,0,0,0,0
diagonal45,32,16,6,7,1024,0,0,0,0,0,0,0,0
diagonal45,32,16,7,7,1024,0,0,0,0,0,0,0,0
diagonal45,32,16,8,7,1024,0,0,0,0,0,0,0,0
diagonal45,32,16,9,7,1024,0,0,0,0,0,0,0,0
diagonal45,32,16,10,7,1024,0,0,0,0,0,0,0,0
diagonal45,32,16,11,7,1024,0,0,0,0,0,0,0,0
diagonal45,32,16,12,7,1024,0,0,0,0,0,0,0,0
diagonal45,32,16,13,7,1024,0,0,0,0,0,0,0,0
diagonal45,32,16,14,7,1024,0,0,0,0,0,0,0,0
diagonal45,32,16,15,7,1024,0,0,0,0,0,0,0,0
diagonal45,32,16,16,7,1024,17,6,768,791,-23,23,307,316
diagonal45,32,16,17,7,1024,47,6,768,791,-23,23,307,316
diagonal45,32,16,18,7,1024,0,0,0,0,0,0,0,0
diagonal45,32,16,19,7,1024,0,0,0,0,0,0,0,0
diagonal45,32,16,0,8,1024,0,0,0,0,0,0,0,0
diagonal45,32,16,1,8,1024,0,0,0,0,0,0,0,0
diagonal45,32,16,2,8,1024,0,0,0,0,0,0,0,0
diagonal45,32,16,3,8,1024,0,0,0,0,0,0,0,0
diagonal45,32,16,4,8,1024,0,0,0,0,0,0,0,0
diagonal45,32,16,5,8,1024,0,0,0,0,0,0,0,0
diagonal45,32,16,6,8,1024,0,0,0,0,0,0,0,0
diagonal45,32,16,7,8,1024,0,0,0,0,0,0,0,0
diagonal45,32,16,8,8,1024,0,0,0,0,0,0,0,0
diagonal45,32,16,9,8,1024,0,0,0,0,0,0,0,0
diagonal45,32,16,10,8,1024,0,0,0,0,0,0,0,0
diagonal45,32,16,11,8,1024,0,0,0,0,0,0,0,0
diagonal45,32,16,12,8,1024,0,0,0,0,0,0,0,0
diagonal45,32,16,13,8,1024,0,0,0,0,0,0,0,0
diagonal45,32,16,14,8,1024,0,0,0,0,0,0,0,0
diagonal45,32,16,15,8,1024,0,0,0,0,0,0,0,0
diagonal45,32,16,16,8,1024,0,0,0,0,0,0,0,0
diagonal45,32,16,17,8,1024,17,6,768,791,-23,23,307,316
diagonal45,32,16,18,8,1024,47,6,768,791,-23,23,307,316
diagonal45,32,16,19,8,1024,0,0,0,0,0,0,0,0
diagonal45,32,16,0,9,1024,0,0,0,0,0,0,0,0
diagonal45,32,16,1,9,1024,0,0,0,0,0,0,0,0
diagonal45,32,16,2,9,1024,0,0,0,0,0,0,0,0
diagonal45,32,16,3,9,1024,0,0,0,0,0,0,0,0
diagonal45,32,16,4,9,1024,0,0,0,0,0,0,0,0
diagonal45,32,16,5,9,1024,0,0,0,0,0,0,0,0
diagonal45,32,16,6,9,1024,0,0,0,0,0,0,0,0
diagonal45,32,16,7,9,1024,0,0,0,0,0,0,0,0
diagonal45,32,16,8,9,1024,0,0,0,0,0,0,0,0
diagonal45,32,16,9,9,1024,0,0,0,0,0,0,0,0
diagonal45,32,16,10,9,1024,0,0,0,0,0,0,0,0
diagonal45,32,16,11,9,1024,0,0,0,0,0,0,0,0
diagonal45,32,16,12,9,1024,0,0,0,0,0,0,0,0
diagonal45,32,16,13,9,1024,0,0,0,0,0,0,0,0
diagonal45,32,16,14,9,1024,0,0,0,0,0,0,0,0
diagonal45,32,16,15,9,1024,0,0,0,0,0,0,0,0
diagonal45,32,16,16,9,1024,0,0,0,0,0,0,0,0
diagonal45,32,16,17,9,1024,0,0,0,0,0,0,0,0
diagonal45,32,16,18,9,1024,17,6,768,791,-23,23,307,316
diagonal45,32,16,19,9,1024,47,6,768,791,-23,23,307,316
diagonal45,32,16,0,10,1024,0,0,0,0,0,0,0,0
diagonal45,32,16,1,10,1024,0,0,0,0,0,0,0,0
diagonal45,32,16,2,10,1024,0,0,0,0,0,0,0,0
diagonal45,32,16,3,10,1024,0,0,0,0,0,0,0,0
diagonal45,32,16,4,10,1024,0,0,0,0,0,0,0,0
diagonal45,32,16,5,10,1024,0,0,0,0,0,0,0,0
diagonal45,32,16,6,10,1024,0,0,0,0,0,0,0,0
diagonal45,32,16,7,10,1024,0,0,0,0,0,0,0,0
diagonal45,32,16,8,10,1024,0,0,0,0,0,0,0,0
diagonal45,32,16,9,10,1024,0,0,0,0,0,0,0,0
diagonal45,32,16,10,10,1024,0,0,0,0,0,0,0,0
diagonal45,32,16,11,10,1024,0,0,0,0,0,0,0,0
diagonal45,32,16,12,10,1024,0,0,0,0,0,0,0,0
diagonal45,32,16,13,10,1024,0,0,0,0,0,0,0,0
diagonal45,32,16,14,10,1024,0,0,0,0,0,0,0,0
diagonal45,32,16,15,10,1024,0,0,0,0,0,0,0,0
diagonal45,32,16,16,10,1024,0,0,0,0,0,0,0,0
diagonal45,32,16,17,10,1024,0,0,0,0,0,0,0,0
diagonal45,32,16,18,10,1024,0,0,0,0,0,0,0,0
diagonal45,32,16,19,10,1024,17,6,768,791,-23,23,307,316
diagonal45,32,16,0,11,1024,0,0,0,0,0,0,0,0
diagonal45,32,16,1,11,1024,0,0,0,0,0,0,0,0
diagonal45,32,16,2,11,1024,0,0,0,0,0,0,0,0
diagonal45,32,16,3,11,1024,0,0,0,0,0,0,0,0
diagonal45,32,16,4,11,1024,0,0,0,0,0,0,0,0
diagonal45,32,16,5,11,1024,0,0,0,0,0,0,0,0
diagonal45,32,16,6,11,1024,0,0,0,0,0,0,0,0
diagonal45,32,16,7,11,1024,0,0,0,0,0,0,0,0
diagonal45,32,16,8,11,1024,0,0,0,0,0,0,0,0
diagonal45,32,16,9,11,1024,0,0,0,0,0,0,0,0
diagonal45,32,16,10,11,1024,0,0,0,0,0,0,0,0
diagonal45,32,16,11,11,1024,0,0,0,0,0,0,0,0
diagonal45,32,16,12,11,1024,0,0,0,0,0,0,0,0
diagonal45,32,16,13,11,1024,0,0,0,0,0,0,0,0
diagonal45,32,16,14,11,1024,0,0,0,0,0,0,0,0
diagonal45,32,16,15,11,1024,0,0,0,0,0,0,0,0
diagonal45,32,16,16,11,1024,0,0,0,0,0,0,0,0
diagonal45,32,16,17,11,1024,0,0,0,0,0,0,0,0
diagonal45,32,16,18,11,1024,0,0,0,0,0,0,0,0
diagonal45,32,16,19,11,1024,0,0,0,0,0,0,0,0
diagonal45,32,16,0,12,1024,0,0,0,0,0,0,0,0
diagonal45,32,16,1,12,1024,0,0,0,0,0,0,0,0
diagonal45,32,16,2,12,1024,0,0,0,0,0,0,0,0
diagonal45,32,16,3,12,1024,0,0,0,0,0,0,0,0
diagonal45,32,16,4,12,1024,0,0,0,0,0,0,0,0
diagonal45,32,16,5,12,1024,0,0,0,0,0,0,0,0
diagonal45,32,16,6,12,1024,0,0,0,0,0,0,0,0
diagonal45,32,16,7,12,1024,0,0,0,0,0,0,0,0
diagonal45,32,16,8,12,1024,0,0,0,0,0,0,0,0
diagonal45,32,16,9,12,1024,0,0,0,0,0,0,0,0
diagonal45,32,16,10,12,1024,0,0,0,0,0,0,0,0
diagonal45,32,16,11,12,1024,0,0,0,0,0,0,0,0
diagonal45,32,16,12,12,1024,0,0,0,0,0,0,0,0
diagonal45,32,16,13,12,1024,0,0,0,0,0,0,0,0
diagonal45,32,16,14,12,1024,0,0,0,0,0,0,0,0
diagonal45,32,16,15,12,1024,0,0,0,0,0,0,0,0
diagonal45,32,16,16,12,1024,0,0,0,0,0,0,0,0
diagonal45,32,16,17,12,1024,0,0,0,0,0,0,0,0
diagonal45,32,16,18,12,1024,0,0,0,0,0,0,0,0
diagonal45,32,16,19,12,1024,0,0,0,0,0,0,0,0
diagonal45,32,16,0,13,1024,0,0,0,0,0,0,0,0
diagonal45,32,16,1,13,1024,0,0,0,0,0,0,0,0
diagonal45,32,16,2,13,1024,0,0,0,0,0,0,0,0
diagonal45,32,16,3,13,1024,0,0,0,0,0,0,0,0
diagonal45,32,16,4,13,1024,0,0,0,0,0,0,0,0
diagonal45,32,16,5,13,1024,0,0,0,0,0,0,0,0
diagonal45,32,16,6,13,1024,0,0,0,0,0,0,0,0
diagonal45,32,16,7,13,1024,0,0,0,0,0,0,0,0
diagonal45,32,16,8,13,1024,0,0,0,0,0,0,0,0
diagonal45,32,16,9,13,1024,0,0,0,0,0,0,0,0
diagonal45,32,16,10,13,1024,0,0,0,0,0,0,0,0
diagonal45,32,16,11,13,1024,0,0,0,0,0,0,0,0
diagonal45,32,16,12,13,1024,0,0,0,0,0,0,0,0
diagonal45,32,16,13,13,1024,0,0,0,0,0,0,0,0
diagonal45,32,16,14,13,1024,0,0,0,0,0,0,0,0
diagonal45,32,16,15,13,1024,0,0,0,0,0,0,0,0
diagonal45,32,16,16,13,1024,0,0,0,0,0,0,0,0
diagonal45,32,16,17,13,1024,0,0,0,0,0,0,0,0
diagonal45,32,16,18,13,1024,0,0,0,0,0,0,0,0
diagonal45,32,16,19,13,1024,0,0,0,0,0,0,0,0
diagonal45,32,16,0,14,1024,0,0,0,0,0,0,0,0
diagonal45,32,16,1,14,1024,0,0,0,0,0,0,0,0
diagonal45,32,16,2,14,1024,0,0,0,0,0,0,0,0
diagonal45,32,16,3,14,1024,0,0,0,0,0,0,0,0
diagonal45,32,16,4,14,1024,0,0,0,0,0,0,0,0
diagonal45,32,16,5,14,1024,0,0,0,0,0,0,0,0
diagonal45,32,16,6,14,1024,0,0,0,0,0,0,0,0
diagonal45,32,16,7,14,1024,0,0,0,0,0,0,0,0
diagonal45,32,16,8,14,1024,0,0,0,0,0,0,0,0
diagonal45,32,16,9,14,1024,0,0,0,0,0,0,0,0
diagonal45,32,16,10,14,1024,0,0,0,0,0,0,0,0
diagonal45,32,16,11,14,1024,0,0,0,0,0,0,0,0
diagonal45,32,16,12,14,1024,0,0,0,0,0,0,0,0
diagonal45,32,16,13,14,1024,0,0,0,0,0,0,0,0
diagonal45,32,16,14,14,1024,0,0,0,0,0,0,0,0
diagonal45,32,16,15,14,1024,0,0,0,0,0,0,0,0
diagonal45,32,16,16,14,1024,0,0,0,0,0,0,0,0
diagonal45,32,16,17,14,1024,0,0,0,0,0,0,0,0
diagonal45,32,16,18,14,1024,0,0,0,0,0,0,0,0
diagonal45,32,16,19,14,1024,0,0,0,0,0,0,0,0
diagonal45,32,32,0,0,1024,0,0,0,0,0,0,0,0
diagonal45,32,32,1,0,1024,0,0,0,0,0,0,0,0
diagonal45,32,32,2,0,1024,0,0,0,0,0,0,0,0
diagonal45,32,32,3,0,1024,0,0,0,0,0,0,0,0
diagonal45,32,32,4,0,1024,0,0,0,0,0,0,0,0
diagonal45,32,32,5,0,1024,0,0,0,0,0,0,0,0
diagonal45,32,32,6,0,1024,0,0,0,0,0,0,0,0
diagonal45,32,32,7,0,1024,0,0,0,0,0,0,0,0
diagonal45,32,32,8,0,1024,0,0,0,0,0,0,0,0
diagonal45,32,32,9,0,1024,13,12,768,791,-23,23,307,316
diagonal45,32,32,10,0,1024,79,12,768,791,-23,23,307,316
diagonal45,32,32,11,0,1024,32,12,768,768,0,0,307,307
diagonal45,32,32,12,0,1024,32,12,768,768,0,0,307,307
diagonal45,32,32,13,0,1024,32,12,768,768,0,0,307,307
diagonal45,32,32,14,0,1024,32,12,768,768,0,0,307,307
diagonal45,32,32,15,0,1024,32,12,768,768,0,0,307,307
diagonal45,32,32,16,0,1024,32,12,768,768,0,0,307,307
diagonal45,32,32,17,0,1024,32,12,768,768,0,0,307,307
diagonal45,32,32,18,0,1024,32,12,768,768,0,0,307,307
diagonal45,32,32,19,0,1024,32,12,768,768,0,0,307,307
diagonal45,32,32,0,1,1024,0,0,0,0,0,0,0,0
diagonal45,32,32,1,1,1024,0,0,0,0,0,0,0,0
diagonal45,32,32,2,1,1024,0,0,0,0,0,0,0,0
diagonal45,32,32,3,1,1024,0,0,0,0,0,0,0,0
diagonal45,32,32,4,1,1024,0,0,0,0,0,0,0,0
diagonal45,32,32,5,1,1024,0,0,0,0,0,0,0,0
diagonal45,32,32,6,1,1024,0,0,0,0,0,0,0,0
diagonal45,32,32,7,1,1024,0,0,0,0,0,0,0,0
diagonal45,32,32,8,1,1024,0,0,0,0,0,0,0,0
diagonal45,32,32,9,1,1024,0,0,0,0,0,0,0,0
diagonal45,32,32,10,1,1024,17,12,768,791,-23,23,307,316
diagonal45,32,32,11,1,1024,47,12,768,791,-23,23,307,316
diagonal45,32,32,12,1,1024,0,0,0,0,0,0,0,0
diagonal45,32,32,13,1,1024,0,0,0,0,0,0,0,0
diagonal45,32,32,14,1,1024,0,0,0,0,0,0,0,0
diagonal45,32,32,15,1,1024,0,0,0,0,0,0,0,0
diagonal45,32,32,16,1,1024,0,0,0,0,0,0,0,0
diagonal45,32,32,17,1,1024,0,0,0,0,0,0,0,0
diagonal45,32,32,18,1,1024,0,0,0,0,0,0,0,0
diagonal45,32,32,19,1,1024,0,0,0,0,0,0,0,0
diagonal45,32,32,0,2,1024,0,0,0,0,0,0,0,0
diagonal45,32,32,1,2,1024,0,0,0,0,0,0,0,0
diagonal45,32,32,2,2,1024,0,0,0,0,0,0,0,0
diagonal45,32,32,3,2,1024,0,0,0,0,0,0,0,0
diagonal45,32,32,4,2,1024,0,0,0,0,0,0,0,0
diagonal45,32,32,5,2,1024,0,0,0,0,0,0,0,0
diagonal45,32,32,6,2,1024,0,0,0,0,0,0,0,0
diagonal45,32,32,7,2,1024,0,0,0,0,0,0,0,0
diagonal45,32,32,8,2,1024,0,0,0,0,0,0,0,0
diagonal45,32,32,9,2,1024,0,0,0,0,0,0,0,0
diagonal45,32,32,10,2,1024,0,0,0,0,0,0,0,0
diagonal45,32,32,11,2,1024,17,12,768,791,-23,23,307,316
diagonal45,32,32,12,2,1024,47,12,768,791,-23,23,307,316
diagonal45,32,32,13,2,1024,0,0,0,0,0,0,0,0
diagonal45,32,32,14,2,1024,0,0,0,0,0,0,0,0
diagonal45,32,32,15,2,1024,0,0,0,0,0,0,0,0
diagonal45,32,32,16,2,1024,0,0,0,0,0,0,0,0
diagonal45,32,32,17,2,1024,0,0,0,0,0,0,0,0
diagonal45,32,32,18,2,1024,0,0,0,0,0,0,0,0
diagonal45,32,32,19,2,1024,0,0,0,0,0,0,0,0
diagonal45,32,32,0,3,1024,0,0,0,0,0,0,0,0
diagonal45,32,32,1,3,1024,0,0,0,0,0,0,0,0
diagonal45,32,32,2,3,1024,0,0,0,0,0,0,0,0
diagonal45,32,32,3,3,1024,0,0,0,0,0,0,0,0
diagonal45,32,32,4,3,1024,0,0,0,0,0,0,0,0
diagonal45,32,32,5,3,1024,0,0,0,0,0,0,0,0
diagonal45,32,32,6,3,1024,0,0,0,0,0,0,0,0
diagonal45,32,32,7,3,1024,0,0,0,0,0,0,0,0
diagonal45,32,32,8,3,1024,0,0,0,0,0,0,0,0
diagonal45,32,32,9,3,1024,0,0,0,0,0,0,0,0
diagonal45,32,32,10,3,1024,0,0,0,0,0,0,0,0
diagonal45,32,32,11,3,1024,0,0,0,0,0,0,0,0
diagonal45,32,32,12,3,1024,17,12,768,791,-23,23,307,316
diagonal45,32,32,13,3,1024,47,12,768,791,-23,23,307,316
diagonal45,32,32,14,3,1024,0,0,0,0,0,0,0,0
diagonal45,32,32,15,3,1024,0,0,0,0,0,0,0,0
diagonal45,32,32,16,3,1024,0,0,0,0,0,0,0,0
diagonal45,32,32,17,3,1024,0,0,0,0,0,0,0,0
diagonal45,32,32,18,3,1024,0,0,0,0,0,0,0,0
diagonal45,32,32,19,3,1024,0,0,0,0,0,0,0,0
diagonal45,32,32,0,4,1024,0,0,0,0,0,0,0,0
diagonal45,32,32,1,4,1024,0,0,0,0,0,0,0,0
diagonal45,32,32,2,4,1024,0,0,0,0,0,0,0,0
diagonal45,32,32,3,4,1024,0,0,0,0,0,0,0,0
diagonal45,32,32,4,4,1024,0,0,0,0,0,0,0,0
diagonal45,32,32,5,4,1024,0,0,0,0,0,0,0,0
diagonal45,32,32,6,4,1024,0,0,0,0,0,0,0,0
diagonal45,32,32,7,4,1024,0,0,0,0,0,0,0,0
diagonal45,32,32,8,4,1024,0,0,0,0,0,0,0,0
diagonal45,32,32,9,4,1024,0,0,0,0,0,0,0,0
diagonal45,32,32,10,4,1024,0,0,0,0,0,0,0,0
diagonal45,32,32,11,4,1024,0,0,0,0,0,0,0,0
diagonal45,32,32,12,4,1024,0,0,0,0,0,0,0,0
diagonal45,32,32,13,4,1024,17,12,768,791,-23,23,307,316
diagonal45,32,32,14,4,1024,47,12,768,791,-23,23,307,316
diagonal45,32,32,15,4,1024,0,0,0,0,0,0,0,0
diagonal45,32,32,16,4,1024,0,0,0,0,0,0,0,0
diagonal45,32,32,17,4,1024,0,0,0,0,0,0,0,0
diagonal45,32,32,18,4,1024,0,0,0,0,0,0,0,0
diagonal45,32,32,19,4,1024,0,0,0,0,0,0,0,0
diagonal45,32,32,0,5,1024,0,0,0,0,0,0,0,0
diagonal45,32,32,1,5,1024,0,0,0,0,0,0,0,0
diagonal45,32,32,2,5,1024,0,0,0,0,0,0,0,0
diagonal45,32,32,3,5,1024,0,0,0,0,0,0,0,0
diagonal45,32,32,4,5,1024,0,0,0,0,0,0,0,0
diagonal45,32,32,5,5,1024,0,0,0,0,0,0,0,0
diagonal45,32,32,6,5,1024,0,0,0,0,0,0,0,0
diagonal45,32,32,7,5,1024,0,0,0,0,0,0,0,0
diagonal45,32,32,8,5,1024,0,0,0,0,0,0,0,0
diagonal45,32,32,9,5,1024,0,0,0,0,0,0,0,0
diagonal45,32,32,10,5,1024,0,0,0,0,0,0,0,0
diagonal45,32,32,11,5,1024,0,0,0,0,0,0,0,0
diagonal45,32,32,12,5,1024,0,0,0,0,0,0,0,0
diagonal45,32,32,13,5,1024,0,0,0,0,0,0,0,0
diagonal45,32,32,14,5,1024,17,12,768,791,-23,23,307,316
diagonal45,32,32,15,5,1024,47,12,768,791,-23,23,307,316
diagonal45,32,32,16,5,1024,0,0,0,0,0,0,0,0
diagonal45,32,32,17,5,1024,0,0,0,0,0,0,0,0
diagonal45,32,32,18,5,1024,0,0,0,0,0,0,0,0
diagonal45,32,32,19,5,1024,0,0,0,0,0,0,0,0
diagonal45,32,32,0,6,1024,0,0,0,0,0,0,0,0
diagonal45,32,32,1,6,1024,0,0,0,0,0,0,0,0
diagonal45,32,32,2,6,1024,0,0,0,0,0,0,0,0
diagonal45,32,32,3,6,1024,0,0,0,0,0,0,0,0
diagonal45,32,32,4,6,1024,0,0,0,0,0,0,0,0
diagonal45,32,32,5,6,1024,0,0,0,0,0,0,0,0
diagonal45,32,32,6,6,1024,0,0,0,0,0,0,0,0
diagonal45,32,32,7,6,1024,0,0,0,0,0,0,0,0
diagonal45,32,32,8,6,1024,0,0,0,0,0,0,0,0
diagonal45,32,32,9,6,1024,0,0,0,0,0,0,0,0
diagonal45,32,32,10,6,1024,0,0,0,0,0,0,0,0
diagonal45,32,32,11,6,1024,0,0,0,0,0,0,0,0
diagonal45,32,32,12,6,1024,0,0,0,0,0,0,0,0
diagonal45,32,32,13,6,1024,0,0,0,0,0,0,0,0
diagonal45,32,32,14,6,1024,0,0,0,0,0,0,0,0
diagonal45,32,32,15,6,1024,17,12,768,791,-23,23,307,316
diagonal45,32,32,16,6,1024,47,12,768,791,-23,23,307,316
diagonal45,32,32,17,6,1024,0,0,0,0,0,0,0,0
diagonal45,32,32,18,6,1024,0,0,0,0,0,0,0,0
diagonal45,32,32,19,6,1024,0,0,0,0,0,0,0,0
diagonal45,32,32,0,7,1024,0,0,0,0,0,0,0,0
diagonal45,32,32,1,7,1024,0,0,0,0,0,0,0,0
diagonal45,32,32,2,7,1024,0,0,0,0,0,0,0,0
diagonal45,32,32,3,7,1024,0,0,0,0,0,0,0,0
diagonal45,32,32,4,7,1024,0,0,0,0,0,0,0,0
diagonal45,32,32,5,7,1024,0,0,0,0,0,0,0,0
diagonal45,32,32,6,7,1024,0,0,0,0,0,0,0,0
diagonal45,32,32,7,7,1024,0,0,0,0,0,0,0,0
diagonal45,32,32,8,7,1024,0,0,0,0,0,0,0,0
diagonal45,32,32,9,7,1024,0,0,0,0,0,0,0,0
diagonal45,32,32,10,7,1024,0,0,0,0,0,0,0,0
diagonal45,32,32,11,7,1024,0,0,0,0,0,0,0,0
diagonal45,32,32,12,7,1024,0,0,0,0,0,0,0,0
diagonal45,32,32,13,7,1024,0,0,0,0,0,0,0,0
diagonal45,32,32,14,7,1024,0,0,0,0,0,0,0,0
diagonal45,32,32,15,7,1024,0,0,0,0,0,0,0,0
diagonal45,32,32,16,7,1024,17,12,768,791,-23,23,307,316
diagonal45,32,32,17,7,1024,47,12,768,791,-23,23,307,316
diagonal45,32,32,18,7,1024,0,0,0,0,0,0,0,0
diagonal45,32,32,19,7,1024,0,0,0,0,0,0,0,0
diagonal45,32,32,0,8,1024,0,0,0,0,0,0,0,0
diagonal45,32,32,1,8,1024,0,0,0,0,0,0,0,0
diagonal45,32,32,2,8,1024,0,0,0,0,0,0,0,0
diagonal45,32,32,3,8,1024,0,0,0,0,0,0,0,0
diagonal45,32,32,4,8,1024,0,0,0,0,0,0,0,0
diagonal45,32,32,5,8,1024,0,0,0,0,0,0,0,0
diagonal45,32,32,6,8,1024,0,0,0,0,0,0,0,0
diagonal45,32,32,7,8,1024,0,0,0,0,0,0,0,0
diagonal45,32,32,8,8,1024,0,0,0,0,0,0,0,0
diagonal45,32,32,9,8,1024,0,0,0,0,0,0,0,0
diagonal45,32,32,10,8,1024,0,0,0,0,0,0,0,0
diagonal45,32,32,11,8,1024,0,0,0,0,0,0,0,0
diagonal45,32,32,12,8,1024,0,0,0,0,0,0,0,0
diagonal45,32,32,13,8,1024,0,0,0,0,0,0,0,0
diagonal45,32,32,14,8,1024,0,0,0,0,0,0,0,0
diagonal45,32,32,15,8,1024,0,0,0,0,0,0,0,0
diagonal45,32,32,16,8,1024,0,0,0,0,0,0,0,0
diagonal45,32,32,17,8,1024,17,12,768,791,-23,23,307,316
diagonal45,32,32,18,8,1024,47,12,768,791,-23,23,307,316
diagonal45,32,32,19,8,1024,0,0,0,0,0,0,0,0
diagonal45,32,32,0,9,1024,0,0,0,0,0,0,0,0
diagonal45,32,32,1,9,1024,0,0,0,0,0,0,0,0
diagonal45,32,32,2,9,1024,0,0,0,0,0,0,0,0
diagonal45,32,32,3,9,1024,0,0,0,0,0,0,0,0
diagonal45,32,32,4,9,1024,0,0,0,0,0,0,0,0
diagonal45,32,32,5,9,1024,0,0,0,0,0,0,0,0
diagonal45,32,32,6,9,1024,0,0,0,0,0,0,0,0
diagonal45,32,32,7,9,1024,0,0,0,0,0,0,0,0
diagonal45,32,32,8,9,1024,0,0,0,0,0,0,0,0
diagonal45,32,32,9,9,1024,0,0,0,0,0,0,0,0
diagonal45,32,32,10,9,1024,0,0,0,0,0,0,0,0
diagonal45,32,32,11,9,1024,0,0,0,0,0,0,0,0
diagonal45,32,32,12,9,1024,0,0,0,0,0,0,0,0
diagonal45,32,32,13,9,1024,0,0,0,0,0,0,0,0
diagonal45,32,32,14,9,1024,0,0,0,0,0,0,0,0
diagonal45,32,32,15,9,1024,0,0,0,0,0,0,0,0
diagonal45,32,32,16,9,1024,0,0,0,0,0,0,0,0
diagonal45,32,32,17,9,1024,0,0,0,0,0,0,0,0
diagonal45,32,32,18,9,1024,17,12,768,791,-23,23,307,316
diagonal45,32,32,19,9,1024,47,12,768,791,-23,23,307,316
diagonal45,32,32,0,10,1024,0,0,0,0,0,0,0,0
diagonal45,32,32,1,10,1024,0,0,0,0,0,0,0,0
diagonal45,32,32,2,10,1024,0,0,0,0,0,0,0,0
diagonal45,32,32,3,10,1024,0,0,0,0,0,0,0,0
diagonal45,32,32,4,10,1024,0,0,0,0,0,0,0,0
diagonal45,32,32,5,10,1024,0,0,0,0,0,0,0,0
diagonal45,32,32,6,10,1024,0,0,0,0,0,0,0,0
diagonal45,32,32,7,10,1024,0,0,0,0,0,0,0,0
diagonal45,32,32,8,10,1024,0,0,0,0,0,0,0,0
diagonal45,32,32,9,10,1024,0,0,0,0,0,0,0,0
diagonal45,32,32,10,10,1024,0,0,0,0,0,0,0,0
diagonal45,32,32,11,10,1024,0,0,0,0,0,0,0,0
diagonal45,32,32,12,10,1024,0,0,0,0,0,0,0,0
diagonal45,32,32,13,10,1024,0,0,0,0,0,0,0,0
diagonal45,32,32,14,10,1024,0,0,0,0,0,0,0,0
diagonal45,32,32,15,10,1024,0,0,0,0,0,0,0,0
diagonal45,32,32,16,10,1024,0,0,0,0,0,0,0,0
diagonal45,32,32,17,10,1024,0,0,0,0,0,0,0,0
diagonal45,32,32,18,10,1024,0,0,0,0,0,0,0,0
diagonal45,32,32,19,10,1024,17,12,768,791,-23,23,307,316
diagonal45,32,32,0,11,1024,0,0,0,0,0,0,0,0
diagonal45,32,32,1,11,1024,0,0,0,0,0,0,0,0
diagonal45,32,32,2,11,1024,0,0,0,0,0,0,0,0
diagonal45,32,32,3,11,1024,0,0,0,0,0,0,0,0
diagonal45,32,32,4,11,1024,0,0,0,0,0,0,0,0
diagonal45,32,32,5,11,1024,0,0,0,0,0,0,0,0
diagonal45,32,32,6,11,1024,0,0,0,0,0,0,0,0
diagonal45,32,32,7,11,1024,0,0,0,0,0,0,0,0
diagonal45,32,32,8,11,1024,0,0,0,0,0,0,0,0
diagonal45,32,32,9,11,1024,0,0,0,0,0,0,0,0
diagonal45,32,32,10,11,1024,0,0,0,0,0,0,0,0
diagonal45,32,32,11,11,1024,0,0,0,0,0,0,0,0
diagonal45,32,32,12,11,1024,0,0,0,0,0,0,0,0
diagonal45,32,32,13,11,1024,0,0,0,0,0,0,0,0
diagonal45,32,32,14,11,1024,0,0,0,0,0,0,0,0
diagonal45,32,32,15,11,1024,0,0,0,0,0,0,0,0
diagonal45,32,32,16,11,1024,0,0,0,0,0,0,0,0
diagonal45,32,32,17,11,1024,0,0,0,0,0,0,0,0
diagonal45,32,32,18,11,1024,0,0,0,0,0,0,0,0
diagonal45,32,32,19,11,1024,0,0,0,0,0,0,0,0
diagonal45,32,32,0,12,1024,0,0,0,0,0,0,0,0
diagonal45,32,32,1,12,1024,0,0,0,0,0,0,0,0
diagonal45,32,32,2,12,1024,0,0,0,0,0,0,0,0
diagonal45,32,32,3,12,1024,0,0,0,0,0,0,0,0
diagonal45,32,32,4,12,1024,0,0,0,0,0,0,0,0
diagonal45,32,32,5,12,1024,0,0,0,0,0,0,0,0
diagonal45,32,32,6,12,1024,0,0,0,0,0,0,0,0
diagonal45,32,32,7,12,1024,0,0,0,0,0,0,0,0
diagonal45,32,32,8,12,1024,0,0,0,0,0,0,0,0
diagonal45,32,32,9,12,1024,0,0,0,0,0,0,0,0
diagonal45,32,32,10,12,1024,0,0,0,0,0,0,0,0
diagonal45,32,32,11,12,1024,0,0,0,0,0,0,0,0
diagonal45,32,32,12,12,1024,0,0,0,0,0,0,0,0
diagonal45,32,32,13,12,1024,0,0,0,0,0,0,0,0
diagonal45,32,32,14,12,1024,0,0,0,0,0,0,0,0
diagonal45,32,32,15,12,1024,0,0,0,0,0,0,0,0
diagonal45,32,32,16,12,1024,0,0,0,0,0,0,0,0
diagonal45,32,32,17,12,1024,0,0,0,0,0,0,0,0
diagonal45,32,32,18,12,1024,0,0,0,0,0,0,0,0
diagonal45,32,32,19,12,1024,0,0,0,0,0,0,0,0
diagonal45,32,32,0,13,1024,0,0,0,0,0,0,0,0
diagonal45,32,32,1,13,1024,0,0,0,0,0,0,0,0
diagonal45,32,32,2,13,1024,0,0,0,0,0,0,0,0
diagonal45,32,32,3,13,1024,0,0,0,0,0,0,0,0
diagonal45,32,32,4,13,1024,0,0,0,0,0,0,0,0
diagonal45,32,32,5,13,1024,0,0,0,0,0,0,0,0
diagonal45,32,32,6,13,1024,0,0,0,0,0,0,0,0
diagonal45,32,32,7,13,1024,0,0,0,0,0,0,0,0
diagonal45,32,32,8,13,1024,0,0,0,0,0,0,0,0
diagonal45,32,32,9,13,1024,0,0,0,0,0,0,0,0
diagonal45,32,32,10,13,1024,0,0,0,0,0,0,0,0
diagonal45,32,32,11,13,1024,0,0,0,0,0,0,0,0
diagonal45,32,32,12,13,1024,0,0,0,0,0,0,0,0
diagonal45,32,32,13,13,1024,0,0,0,0,0,0,0,0
diagonal45,32,32,14,13,1024,0,0,0,0,0,0,0,0
diagonal45,32,32,15,13,1024,0,0,0,0,0,0,0,0
diagonal45,32,32,16,13,1024,0,0,0,0,0,0,0,0
diagonal45,32,32,17,13,1024,0,0,0,0,0,0,0,0
diagonal45,32,32,18,13,1024,0,0,0,0,0,0,0,0
diagonal45,32,32,19,13,1024,0,0,0,0,0,0,0,0
diagonal45,32,32,0,14,1024,0,0,0,0,0,0,0,0
diagonal45,32,32,1,14,1024,0,0,0,0,0,0,0,0
diagonal45,32,32,2,14,1024,0,0,0,0,0,0,0,0
diagonal45,32,32,3,14,1024,0,0,0,0,0,0,0,0
diagonal45,32,32,4,14,1024,0,0,0,0,0,0,0,0
diagonal45,32,32,5,14,1024,0,0,0,0,0,0,0,0
diagonal45,32,32,6,14,1024,0,0,0,0,0,0,0,0
diagonal45,32,32,7,14,1024,0,0,0,0,0,0,0,0
diagonal45,32,32,8,14,1024,0,0,0,0,0,0,0,0
diagonal45,32,32,9,14,1024,0,0,0,0,0,0,0,0
diagonal45,32,32,10,14,1024,0,0,0,0,0,0,0,0
diagonal45,32,32,11,14,1024,0,0,0,0,0,0,0,0
diagonal45,32,32,12,14,1024,0,0,0,0,0,0,0,0
diagonal45,32,32,13,14,1024,0,0,0,0,0,0,0,0
diagonal45,32,32,14,14,1024,0,0,0,0,0,0,0,0
diagonal45,32,32,15,14,1024,0,0,0,0,0,0,0,0
diagonal45,32,32,16,14,1024,0,0,0,0,0,0,0,0
diagonal45,32,32,17,14,1024,0,0,0,0,0,0,0,0
diagonal45,32,32,18,14,1024,0,0,0,0,0,0,0,0
diagonal45,32,32,19,14,1024,0,0,0,0,0,0,0,0
diagonal45,64,8,0,0,4096,0,0,0,0,0,0,0,0
diagonal45,64,8,1,0,4096,0,0,0,0,0,0,0,0
diagonal45,64,8,2,0,4096,0,0,0,0,0,0,0,0
diagonal45,64,8,3,0,4096,0,0,0,0,0,0,0,0
diagonal45,64,8,4,0,4096,13,3,768,791,-23,23,307,316
diagonal45,64,8,5,0,4096,175,3,768,791,-23,23,307,316
diagonal45,64,8,6,0,4096,64,3,768,768,0,0,307,307
diagonal45,64,8,7,0,4096,64,3,768,768,0,0,307,307
diagonal45,64,8,8,0,4096,64,3,768,768,0,0,307,307
diagonal45,64,8,9,0,4096,64,3,768,768,0,0,307,307
diagonal45,64,8,0,1,4096,0,0,0,0,0,0,0,0
diagonal45,64,8,1,1,4096,0,0,0,0,0,0,0,0
diagonal45,64,8,2,1,4096,0,0,0,0,0,0,0,0
diagonal45,64,8,3,1,4096,0,0,0,0,0,0,0,0
diagonal45,64,8,4,1,4096,0,0,0,0,0,0,0,0
diagonal45,64,8,5,1,4096,17,3,768,791,-23,23,307,316
diagonal45,64,8,6,1,4096,111,3,768,791,-23,23,307,316
diagonal45,64,8,7,1,4096,0,0,0,0,0,0,0,0
diagonal45,64,8,8,1,4096,0,0,0,0,0,0,0,0
diagonal45,64,8,9,1,4096,0,0,0,0,0,0,0,0
diagonal45,64,8,0,2,4096,0,0,0,0,0,0,0,0
diagonal45,64,8,1,2,4096,0,0,0,0,0,0,0,0
diagonal45,64,8,2,2,4096,0,0,0,0,0,0,0,0
diagonal45,64,8,3,2,4096,0,0,0,0,0,0,0,0
diagonal45,64,8,4,2,4096,0,0,0,0,0,0,0,0
diagonal45,64,8,5,2,4096,0,0,0,0,0,0,0,0
diagonal45,64,8,6,2,4096,17,3,768,791,-23,23,307,316
diagonal45,64,8,7,2,4096,111,3,768,791,-23,23,307,316
diagonal45,64,8,8,2,4096,0,0,0,0,0,0,0,0
diagonal45,64,8,9,2,4096,0,0,0,0,0,0,0,0
diagonal45,64,8,0,3,4096,0,0,0,0,0,0,0,0
diagonal45,64,8,1,3,4096,0,0,0,0,0,0,0,0
diagonal45,64,8,2,3,4096,0,0,0,0,0,0,0,0
diagonal45,64,8,3,3,4096,0,0,0,0,0,0,0,0
diagonal45,64,8,4,3,4096,0,0,0,0,0,0,0,0
diagonal45,64,8,5,3,4096,0,0,0,0,0,0,0,0
diagonal45,64,8,6,3,4096,0,0,0,0,0,0,0,0
diagonal45,64,8,7,3,4096,17,3,768,791,-23,23,307,316
diagonal45,64,8,8,3,4096,111,3,768,791,-23,23,307,316
diagonal45,64,8,9,3,4096,0,0,0,0,0,0,0,0
diagonal45,64,8,0,4,4096,0,0,0,0,0,0,0,0
diagonal45,64,8,1,4,4096,0,0,0,0,0,0,0,0
diagonal45,64,8,2,4,4096,0,0,0,0,0,0,0,0
diagonal45,64,8,3,4,4096,0,0,0,0,0,0,0,0
diagonal45,64,8,4,4,4096,0,0,0,0,0,0,0,0
diagonal45,64,8,5,4,4096,0,0,0,0,0,0,0,0
diagonal45,64,8,6,4,4096,0,0,0,0,0,0,0,0
diagonal45,64,8,7,4,4096,0,0,0,0,0,0,0,0
diagonal45,64,8,8,4,4096,17,3,768,791,-23,23,307,316
diagonal45,64,8,9,4,4096,111,3,768,791,-23,23,307,316
diagonal45,64,8,0,5,4096,0,0,0,0,0,0,0,0
diagonal45,64,8,1,5,4096,0,0,0,0,0,0,0,0
diagonal45,64,8,2,5,4096,0,0,0,0,0,0,0,0
diagonal45,64,8,3,5,4096,0,0,0,0,0,0,0,0
diagonal45,64,8,4,5,4096,0,0,0,0,0,0,0,0
diagonal45,64,8,5,5,4096,0,0,0,0,0,0,0,0
diagonal45,64,8,6,5,4096,0,0,0,0,0,0,0,0
diagonal45,64,8,7,5,4096,0,0,0,0,0,0,0,0
diagonal45,64,8,8,5,4096,0,0,0,0,0,0,0,0
diagonal45,64,8,9,5,4096,17,3,768,791,-23,23,307,316
diagonal45,64,8,0,6,4096,0,0,0,0,0,0,0,0
diagonal45,64,8,1,6,4096,0,0,0,0,0,0,0,0
diagonal45,64,8,2,6,4096,0,0,0,0,0,0,0,0
diagonal45,64,8,3,6,4096,0,0,0,0,0,0,0,0
diagonal45,64,8,4,6,4096,0,0,0,0,0,0,0,0
diagonal45,64,8,5,6,4096,0,0,0,0,0,0,0,0
diagonal45,64,8,6,6,4096,0,0,0,0,0,0,0,0
diagonal45,64,8,7,6,4096,0,0,0,0,0,0,0,0
diagonal45,64,8,8,6,4096,0,0,0,0,0,0,0,0
diagonal45,64,8,9,6,4096,0,0,0,0,0,0,0,0
diagonal45,64,8,0,7,2048,0,0,0,0,0,0,0,0
diagonal45,64,8,1,7,2048,0,0,0,0,0,0,0,0
diagonal45,64,8,2,7,2048,0,0,0,0,0,0,0,0
diagonal45,64,8,3,7,2048,0,0,0,0,0,0,0,0
diagonal45,64,8,4,7,2048,0,0,0,0,0,0,0,0
diagonal45,64,8,5,7,2048,0,0,0,0,0,0,0,0
diagonal45,64,8,6,7,2048,0,0,0,0,0,0,0,0
diagonal45,64,8,7,7,2048,0,0,0,0,0,0,0,0
diagonal45,64,8,8,7,2048,0,0,0,0,0,0,0,0
diagonal45,64,8,9,7,2048,0,0,0,0,0,0,0,0
diagonal45,64,16,0,0,4096,0,0,0,0,0,0,0,0
diagonal45,64,16,1,0,4096,0,0,0,0,0,0,0,0
diagonal45,64,16,2,0,4096,0,0,0,0,0,0,0,0
diagonal45,64,16,3,0,4096,0,0,0,0,0,0,0,0
diagonal45,64,16,4,0,4096,13,6,768,791,-23,23,307,316
diagonal45,64,16,5,0,4096,175,6,768,791,-23,23,307,316
diagonal45,64,16,6,0,4096,64,6,768,768,0,0,307,307
diagonal45,64,16,7,0,4096,64,6,768,768,0,0,307,307
diagonal45,64,16,8,0,4096,64,6,768,768,0,0,307,307
diagonal45,64,16,9,0,4096,64,6,768,768,0,0,307,307
diagonal45,64,16,0,1,4096,0,0,0,0,0,0,0,0
diagonal45,64,16,1,1,4096,0,0,0,0,0,0,0,0
diagonal45,64,16,2,1,4096,0,0,0,0,0,0,0,0
diagonal45,64,16,3,1,4096,0,0,0,0,0,0,0,0
diagonal45,64,16,4,1,4096,0,0,0,0,0,0,0,0
diagonal45,64,16,5,1,4096,17,6,768,791,-23,23,307,316
diagonal45,64,16,6,1,4096,111,6,768,791,-23,23,307,316
diagonal45,64,16,7,1,4096,0,0,0,0,0,0,0,0
diagonal45,64,16,8,1,4096,0,0,0,0,0,0,0,0
diagonal45,64,16,9,1,4096,0,0,0,0,0,0,0,0
diagonal45,64,16,0,2,4096,0,0,0,0,0,0,0,0
diagonal45,64,16,1,2,4096,0,0,0,0,0,0,0,0
diagonal45,64,16,2,2,4096,0,0,0,0,0,0,0,0
diagonal45,64,16,3,2,4096,0,0,0,0,0,0,0,0
diagonal45,64,16,4,2,4096,0,0,0,0,0,0,0,0
diagonal45,64,16,5,2,4096,0,0,0,0,0,0,0,0
diagonal45,64,16,6,2,4096,17,6,768,791,-23,23,307,316
diagonal45,64,16,7,2,4096,111,6,768,791,-23,23,307,316
diagonal45,64,16,8,2,4096,0,0,0,0,0,0,0,0
diagonal45,64,16,9,2,4096,0,0,0,0,0,0,0,0
diagonal45,64,16,0,3,4096,0,0,0,0,0,0,0,0
diagonal45,64,16,1,3,4096,0,0,0,0,0,0,0,0
diagonal45,64,16,2,3,4096,0,0,0,0,0,0,0,0
diagonal45,64,16,3,3,4096,0,0,0,0,0,0,0,0
diagonal45,64,16,4,3,4096,0,0,0,0,0,0,0,0
diagonal45,64,16,5,3,4096,0,0,0,0,0,0,0,0
diagonal45,64,16,6,3,4096,0,0,0,0,0,0,0,0
diagonal45,64,16,7,3,4096,17,6,768,791,-23,23,307,316
diagonal45,64,16,8,3,4096,111,6,768,791,-23,23,307,316
diagonal45,64,16,9,3,4096,0,0,0,0,0,0,0,0
diagonal45,64,16,0,4,4096,0,0,0,0,0,0,0,0
diagonal45,64,16,1,4,4096,0,0,0,0,0,0,0,0
diagonal45,64,16,2,4,4096,0,0,0,0,0,0,0,0
diagonal45,64,16,3,4,4096,0,0,0,0,0,0,0,0
diagonal45,64,16,4,4,4096,0,0,0,0,0,0,0,0
diagonal45,64,16,5,4,4096,0,0,0,0,0,0,0,0
diagonal45,64,16,6,4,4096,0,0,0,0,0,0,0,0
diagonal45,64,16,7,4,4096,0,0,0,0,0,0,0,0
diagonal45,64,16,8,4,4096,17,6,768,791,-23,23,307,316
diagonal45,64,16,9,4,4096,111,6,768,791,-23,23,307,316
diagonal45,64,16,0,5,4096,0,0,0,0,0,0,0,0
diagonal45,64,16,1,5,4096,0,0,0,0,0,0,0,0
diagonal45,64,16,2,5,4096,0,0,0,0,0,0,0,0
diagonal45,64,16,3,5,4096,0,0,0,0,0,0,0,0
diagonal45,64,16,4,5,4096,0,0,0,0,0,0,0,0
diagonal45,64,16,5,5,4096,0,0,0,0,0,0,0,0
diagonal45,64,16,6,5,4096,0,0,0,0,0,0,0,0
diagonal45,64,16,7,5,4096,0,0,0,0,0,0,0,0
diagonal45,64,16,8,5,4096,0,0,0,0,0,0,0,0
diagonal45,64,16,9,5,4096,17,6,768,791,-23,23,307,316
diagonal45,64,16,0,6,4096,0,0,0,0,0,0,0,0
diagonal45,64,16,1,6,4096,0,0,0,0,0,0,0,0
diagonal45,64,16,2,6,4096,0,0,0,0,0,0,0,0
diagonal45,64,16,3,6,4096,0,0,0,0,0,0,0,0
diagonal45,64,16,4,6,4096,0,0,0,0,0,0,0,0
diagonal45,64,16,5,6,4096,0,0,0,0,0,0,0,0
diagonal45,64,16,6,6,4096,0,0,0,0,0,0,0,0
diagonal45,64,16,7,6,4096,0,0,0,0,0,0,0,0
diagonal45,64,16,8,6,4096,0,0,0,0,0,0,0,0
diagonal45,64,16,9,6,4096,0,0,0,0,0,0,0,0
diagonal45,64,16,0,7,2048,0,0,0,0,0,0,0,0
diagonal45,64,16,1,7,2048,0,0,0,0,0,0,0,0
diagonal45,64,16,2,7,2048,0,0,0,0,0,0,0,0
diagonal45,64,16,3,7,2048,0,0,0,0,0,0,0,0
diagonal45,64,16,4,7,2048,0,0,0,0,0,0,0,0
diagonal45,64,16,5,7,2048,0,0,0,0,0,0,0,0
diagonal45,64,16,6,7,2048,0,0,0,0,0,0,0,0
diagonal45,64,16,7,7,2048,0,0,0,0,0,0,0,0
diagonal45,64,16,8,7,2048,0,0,0,0,0,0,0,0
diagonal45,64,16,9,7,2048,0,0,0,0,0,0,0,0
diagonal45,64,32,0,0,4096,0,0,0,0,0,0,0,0
diagonal45,64,32,1,0,4096,0,0,0,0,0,0,0,0
diagonal45,64,32,2,0,4096,0,0,0,0,0,0,0,0
diagonal45,64,32,3,0,4096,0,0,0,0,0,0,0,0
diagonal45,64,32,4,0,4096,13,12,768,791,-23,23,307,316
diagonal45,64,32,5,0,4096,175,12,768,791,-23,23,307,316
diagonal45,64,32,6,0,4096,64,12,768,768,0,0,307,307
diagonal45,64,32,7,0,4096,64,12,768,768,0,0,307,307
diagonal45,64,32,8,0,4096,64,12,768,768,0,0,307,307
diagonal45,64,32,9,0,4096,64,12,768,768,0,0,307,307
diagonal45,64,32,0,1,4096,0,0,0,0,0,0,0,0
diagonal45,64,32,1,1,4096,0,0,0,0,0,0,0,0
diagonal45,64,32,2,1,4096,0,0,0,0,0,0,0,0
diagonal45,64,32,3,1,4096,0,0,0,0,0,0,0,0
diagonal45,64,32,4,1,4096,0,0,0,0,0,0,0,0
diagonal45,64,32,5,1,4096,17,12,768,791,-23,23,307,316
diagonal45,64,32,6,1,4096,111,12,768,791,-23,23,307,316
diagonal45,64,32,7,1,4096,0,0,0,0,0,0,0,0
diagonal45,64,32,8,1,4096,0,0,0,0,0,0,0,0
diagonal45,64,32,9,1,4096,0,0,0,0,0,0,0,0
diagonal45,64,32,0,2,4096,0,0,0,0,0,0,0,0
diagonal45,64,32,1,2,4096,0,0,0,0,0,0,0,0
diagonal45,64,32,2,2,4096,0,0,0,0,0,0,0,0
diagonal45,64,32,3,2,4096,0,0,0,0,0,0,0,0
diagonal45,64,32,4,2,4096,0,0,0,0,0,0,0,0
diagonal45,64,32,5,2,4096,0,0,0,0,0,0,0,0
diagonal45,64,32,6,2,4096,17,12,768,791,-23,23,307,316
diagonal45,64,32,7,2,4096,111,12,768,791,-23,23,307,316
diagonal45,64,32,8,2,4096,0,0,0,0,0,0,0,0
diagonal45,64,32,9,2,4096,0,0,0,0,0,0,0,0
diagonal45,64,32,0,3,4096,0,0,0,0,0,0,0,0
diagonal45,64,32,1,3,4096,0,0,0,0,0,0,0,0
diagonal45,64,32,2,3,4096,0,0,0,0,0,0,0,0
diagonal45,64,32,3,3,4096,0,0,0,0,0,0,0,0
diagonal45,64,32,4,3,4096,0,0,0,0,0,0,0,0
diagonal45,64,32,5,3,4096,0,0,0,0,0,0,0,0
diagonal45,64,32,6,3,4096,0,0,0,0,0,0,0,0
diagonal45,64,32,7,3,4096,17,12,768,791,-23,23,307,316
diagonal45,64,32,8,3,4096,111,12,768,791,-23,23,307,316
diagonal45,64,32,9,3,4096,0,0,0,0,0,0,0,0
diagonal45,64,32,0,4,4096,0,0,0,0,0,0,0,0
diagonal45,64,32,1,4,4096,0,0,0,0,0,0,0,0
diagonal45,64,32,2,4,4096,0,0,0,0,0,0,0,0
diagonal45,64,32,3,4,4096,0,0,0,0,0,0,0,0
diagonal45,64,32,4,4,4096,0,0,0,0,0,0,0,0
diagonal45,64,32,5,4,4096,0,0,0,0,0,0,0,0
diagonal45,64,32,6,4,4096,0,0,0,0,0,0,0,0
diagonal45,64,32,7,4,4096,0,0,0,0,0,0,0,0
diagonal45,64,32,8,4,4096,17,12,768,791,-23,23,307,316
diagonal45,64,32,9,4,4096,111,12,768,791,-23,23,307,316
diagonal45,64,32,0,5,4096,0,0,0,0,0,0,0,0
diagonal45,64,32,1,5,4096,0,0,0,0,0,0,0,0
diagonal45,64,32,2,5,4096,0,0,0,0,0,0,0,0
diagonal45,64,32,3,5,4096,0,0,0,0,0,0,0,0
diagonal45,64,32,4,5,4096,0,0,0,0,0,0,0,0
diagonal45,64,32,5,5,4096,0,0,0,0,0,0,0,0
diagonal45,64,32,6,5,4096,0,0,0,0,0,0,0,0
diagonal45,64,32,7,5,4096,0,0,0,0,0,0,0,0
diagonal45,64,32,8,5,4096,0,0,0,0,0,0,0,0
diagonal45,64,32,9,5,4096,17,12,768,791,-23,23,307,316
diagonal45,64,32,0,6,4096,0,0,0,0,0,0,0,0
diagonal45,64,32,1,6,4096,0,0,0,0,0,0,0,0
diagonal45,64,32,2,6,4096,0,0,0,0,0,0,0,0
diagonal45,64,32,3,6,4096,0,0,0,0,0,0,0,0
diagonal45,64,32,4,6,4096,0,0,0,0,0,0,0,0
diagonal45,64,32,5,6,4096,0,0,0,0,0,0,0,0
diagonal45,64,32,6,6,4096,0,0,0,0,0,0,0,0
diagonal45,64,32,7,6,4096,0,0,0,0,0,0,0,0
diagonal45,64,32,8,6,4096,0,0,0,0,0,0,0,0
diagonal45,64,32,9,6,4096,0,0,0,0,0,0,0,0
diagonal45,64,32,0,7,2048,0,0,0,0,0,0,0,0
diagonal45,64,32,1,7,2048,0,0,0,0,0,0,0,0
diagonal45,64,32,2,7,2048,0,0,0,0,0,0,0,0
diagonal45,64,32,3,7,2048,0,0,0,0,0,0,0,0
diagonal45,64,32,4,7,2048,0,0,0,0,0,0,0,0
diagonal45,64,32,5,7,2048,0,0,0,0,0,0,0,0
diagonal45,64,32,6,7,2048,0,0,0,0,0,0,0,0
diagonal45,64,32,7,7,2048,0,0,0,0,0,0,0,0
diagonal45,64,32,8,7,2048,0,0,0,0,0,0,0,0
diagonal45,64,32,9,7,2048,0,0,0,0,0,0,0,0
diagonal135,32,8,0,0,1024,0,0,0,0,0,0,0,0
diagonal135,32,8,1,0,1024,0,0,0,0,0,0,0,0
diagonal135,32,8,2,0,1024,0,0,0,0,0,0,0,0
diagonal135,32,8,3,0,1024,0,0,0,0,0,0,0,0
diagonal135,32,8,4,0,1024,0,0,0,0,0,0,0,0
diagonal135,32,8,5,0,1024,0,0,0,0,0,0,0,0
diagonal135,32,8,6,0,1024,0,0,0,0,0,0,0,0
diagonal135,32,8,7,0,1024,0,0,0,0,0,0,0,0
diagonal135,32,8,8,0,1024,0,0,0,0,0,0,0,0
diagonal135,32,8,9,0,1024,35,3,768,791,-23,23,307,316
diagonal135,32,8,10,0,1024,43,3,768,791,-23,23,307,316
diagonal135,32,8,11,0,1024,32,3,768,768,0,0,307,307
diagonal135,32,8,12,0,1024,32,3,768,768,0,0,307,307
diagonal135,32,8,13,0,1024,32,3,768,768,0,0,307,307
diagonal135,32,8,14,0,1024,32,3,768,768,0,0,307,307
diagonal135,32,8,15,0,1024,32,3,768,768,0,0,307,307
diagonal135,32,8,16,0,1024,32,3,768,768,0,0,307,307
diagonal135,32,8,17,0,1024,32,3,768,768,0,0,307,307
diagonal135,32,8,18,0,1024,32,3,768,768,0,0,307,307
diagonal135,32,8,19,0,1024,32,3,768,768,0,0,307,307
diagonal135,32,8,0,1,1024,0,0,0,0,0,0,0,0
diagonal135,32,8,1,1,1024,0,0,0,0,0,0,0,0
diagonal135,32,8,2,1,1024,0,0,0,0,0,0,0,0
diagonal135,32,8,3,1,1024,0,0,0,0,0,0,0,0
diagonal135,32,8,4,1,1024,0,0,0,0,0,0,0,0
diagonal135,32,8,5,1,1024,0,0,0,0,0,0,0,0
diagonal135,32,8,6,1,1024,0,0,0,0,0,0,0,0
diagonal135,32,8,7,1,1024,0,0,0,0,0,0,0,0
diagonal135,32,8,8,1,1024,35,3,768,791,-23,23,307,316
diagonal135,32,8,9,1,1024,29,3,768,791,-23,23,307,316
diagonal135,32,8,10,1,1024,0,0,0,0,0,0,0,0
diagonal135,32,8,11,1,1024,0,0,0,0,0,0,0,0
diagonal135,32,8,12,1,1024,0,0,0,0,0,0,0,0
diagonal135,32,8,13,1,1024,0,0,0,0,0,0,0,0
diagonal135,32,8,14,1,1024,0,0,0,0,0,0,0,0
diagonal135,32,8,15,1,1024,0,0,0,0,0,0,0,0
diagonal135,32,8,16,1,1024,0,0,0,0,0,0,0,0
diagonal135,32,8,17,1,1024,0,0,0,0,0,0,0,0
diagonal135,32,8,18,1,1024,0,0,0,0,0,0,0,0
diagonal135,32,8,19,1,1024,0,0,0,0,0,0,0,0
diagonal135,32,8,0,2,1024,0,0,0,0,0,0,0,0
diagonal135,32,8,1,2,1024,0,0,0,0,0,0,0,0
diagonal135,32,8,2,2,1024,0,0,0,0,0,0,0,0
diagonal135,32,8,3,2,1024,0,0,0,0,0,0,0,0
diagonal135,32,8,4,2,1024,0,0,0,0,0,0,0,0
diagonal135,32,8,5,2,1024,0,0,0,0,0,0,0,0
diagonal135,32,8,6,2,1024,0,0,0,0,0,0,0,0
diagonal135,32,8,7,2,1024,35,3,768,791,-23,23,307,316
diagonal135,32,8,8,2,1024,29,3,768,791,-23,23,307,316
diagonal135,32,8,9,2,1024,0,0,0,0,0,0,0,0
diagonal135,32,8,10,2,1024,0,0,0,0,0,0,0,0
diagonal135,32,8,11,2,1024,0,0,0,0,0,0,0,0
diagonal135,32,8,12,2,1024,0,0,0,0,0,0,0,0
diagonal135,32,8,13,2,1024,0,0,0,0,0,0,0,0
diagonal135,32,8,14,2,1024,0,0,0,0,0,0,0,0
diagonal135,32,8,15,2,1024,0,0,0,0,0,0,0,0
diagonal135,32,8,16,2,1024,0,0,0,0,0,0,0,0
diagonal135,32,8,17,2,1024,0,0,0,0,0,0,0,0
diagonal135,32,8,18,2,1024,0,0,0,0,0,0,0,0
diagonal135,32,8,19,2,1024,0,0,0,0,0,0,0,0
diagonal135,32,8,0,3,1024,0,0,0,0,0,0,0,0
diagonal135,32,8,1,3,1024,0,0,0,0,0,0,0,0
diagonal135,32,8,2,3,1024,0,0,0,0,0,0,0,0
diagonal135,32,8,3,3,1024,0,0,0,0,0,0,0,0
diagonal135,32,8,4,3,1024,0,0,0,0,0,0,0,0
diagonal135,32,8,5,3,1024,0,0,0,0,0,0,0,0
diagonal135,32,8,6,3,1024,35,3,768,791,-23,23,307,316
diagonal135,32,8,7,3,1024,29,3,768,791,-23,23,307,316
diagonal135,32,8,8,3,1024,0,0,0,0,0,0,0,0
diagonal135,32,8,9,3,1024,0,0,0,0,0,0,0,0
diagonal135,32,8,10,3,1024,0,0,0,0,0,0,0,0
diagonal135,32,8,11,3,1024,0,0,0,0,0,0,0,0
diagonal135,32,8,12,3,1024,0,0,0,0,0,0,0,0
diagonal135,32,8,13,3,1024,0,0,0,0,0,0,0,0
diagonal135,32,8,14,3,1024,0,0,0,0,0,0,0,0
diagonal135,32,8,15,3,1024,0,0,0,0,0,0,0,0
diagonal135,32,8,16,3,1024,0,0,0,0,0,0,0,0
diagonal135,32,8,17,3,1024,0,0,0,0,0,0,0,0
diagonal135,32,8,18,3,1024,0,0,0,0,0,0,0,0
diagonal135,32,8,19,3,1024,0,0,0,0,0,0,0,0
diagonal135,32,8,0,4,1024,0,0,0,0,0,0,0,0
diagonal135,32,8,1,4,1024,0,0,0,0,0,0,0,0
diagonal135,32,8,2,4,1024,0,0,0,0,0,0,0,0
diagonal135,32,8,3,4,1024,0,0,0,0,0,0,0,0
diagonal135,32,8,4,4,1024,0,0,0,0,0,0,0,0
diagonal135,32,8,5,4,1024,35,3,768,791,-23,23,307,316
diagonal135,32,8,6,4,1024,29,3,768,791,-23,23,307,316
diagonal135,32,8,7,4,1024,0,0,0,0,0,0,0,0
diagonal135,32,8,8,4,1024,0,0,0,0,0,0,0,0
diagonal135,32,8,9,4,1024,0,0,0,0,0,0,0,0
diagonal135,32,8,10,4,1024,0,0,0,0,0,0,0,0
diagonal135,32,8,11,4,1024,0,0,0,0,0,0,0,0
diagonal135,32,8,12,4,1024,0,0,0,0,0,0,0,0
diagonal135,32,8,13,4,1024,0,0,0,0,0,0,0,0
diagonal135,32,8,14,4,1024,0,0,0,0,0,0,0,0
diagonal135,32,8,15,4,1024,0,0,0,0,0,0,0,0
diagonal135,32,8,16,4,1024,0,0,0,0,0,0,0,0
diagonal135,32,8,17,4,1024,0,0,0,0,0,0,0,0
diagonal135,32,8,18,4,1024,0,0,0,0,0,0,0,0
diagonal135,32,8,19,4,1024,0,0,0,0,0,0,0,0
diagonal135,32,8,0,5,1024,0,0,0,0,0,0,0,0
diagonal135,32,8,1,5,1024,0,0,0,0,0,0,0,0
diagonal135,32,8,2,5,1024,0,0,0,0,0,0,0,0
diagonal135,32,8,3,5,1024,0,0,0,0,0,0,0,0
diagonal135,32,8,4,5,1024,35,3,768,791,-23,23,307,316
diagonal135,32,8,5,5,1024,29,3,768,791,-23,23,307,316
diagonal135,32,8,6,5,1024,0,0,0,0,0,0,0,0
diagonal135,32,8,7,5,1024,0,0,0,0,0,0,0,0
diagonal135,32,8,8,5,1024,0,0,0,0,0,0,0,0
diagonal135,32,8,9,5,1024,0,0,0,0,0,0,0,0
diagonal135,32,8,10,5,1024,0,0,0,0,0,0,0,0
diagonal135,32,8,11,5,1024,0,0,0,0,0,0,0,0
diagonal135,32,8,12,5,1024,0,0,0,0,0,0,0,0
diagonal135,32,8,13,5,1024,0,0,0,0,0,0,0,0
diagonal135,32,8,14,5,1024,0,0,0,0,0,0,0,0
diagonal135,32,8,15,5,1024,0,0,0,0,0,0,0,0
diagonal135,32,8,16,5,1024,0,0,0,0,0,0,0,0
diagonal135,32,8,17,5,1024,0,0,0,0,0,0,0,0
diagonal135,32,8,18,5,1024,0,0,0,0,0,0,0,0
diagonal135,32,8,19,5,1024,0,0,0,0,0,0,0,0
diagonal135,32,8,0,6,1024,0,0,0,0,0,0,0,0
diagonal135,32,8,1,6,1024,0,0,0,0,0,0,0,0
diagonal135,32,8,2,6,1024,0,0,0,0,0,0,0,0
diagonal135,32,8,3,6,1024,35,3,768,791,-23,23,307,316
diagonal135,32,8,4,6,1024,29,3,768,791,-23,23,307,316
diagonal135,32,8,5,6,1024,0,0,0,0,0,0,0,0
diagonal135,32,8,6,6,1024,0,0,0,0,0,0,0,0
diagonal135,32,8,7,6,1024,0,0,0,0,0,0,0,0
diagonal135,32,8,8,6,1024,0,0,0,0,0,0,0,0
diagonal135,32,8,9,6,1024,0,0,0,0,0,0,0,0
diagonal135,32,8,10,6,1024,0,0,0,0,0,0,0,0
diagonal135,32,8,11,6,1024,0,0,0,0,0,0,0,0
diagonal135,32,8,12,6,1024,0,0,0,0,0,0,0,0
diagonal135,32,8,13,6,1024,0,0,0,0,0,0,0,0
diagonal135,32,8,14,6,1024,0,0,0,0,0,0,0,0
diagonal135,32,8,15,6,1024,0,0,0,0,0,0,0,0
diagonal135,32,8,16,6,1024,0,0,0,0,0,0,0,0
diagonal135,32,8,17,6,1024,0,0,0,0,0,0,0,0
diagonal135,32,8,18,6,1024,0,0,0,0,0,0,0,0
diagonal135,32,8,19,6,1024,0,0,0,0,0,0,0,0
diagonal135,32,8,0,7,1024,0,0,0,0,0,0,0,0
diagonal135,32,8,1,7,1024,0,0,0,0,0,0,0,0
diagonal135,32,8,2,7,1024,35,3,768,791,-23,23,307,316
diagonal135,32,8,3,7,1024,29,3,768,791,-23,23,307,316
diagonal135,32,8,4,7,1024,0,0,0,0,0,0,0,0
diagonal135,32,8,5,7,1024,0,0,0,0,0,0,0,0
diagonal135,32,8,6,7,1024,0,0,0,0,0,0,0,0
diagonal135,32,8,7,7,1024,0,0,0,0,0,0,0,0
diagonal135,32,8,8,7,1024,0,0,0,0,0,0,0,0
diagonal135,32,8,9,7,1024,0,0,0,0,0,0,0,0
diagonal135,32,8,10,7,1024,0,0,0,0,0,0,0,0
diagonal135,32,8,11,7,1024,0,0,0,0,0,0,0,0
diagonal135,32,8,12,7,1024,0,0,0,0,0,0,0,0
diagonal135,32,8,13,7,1024,0,0,0,0,0,0,0,0
diagonal135,32,8,14,7,1024,0,0,0,0,0,0,0,0
diagonal135,32,8,15,7,1024,0,0,0,0,0,0,0,0
diagonal135,32,8,16,7,1024,0,0,0,0,0,0,0,0
diagonal135,32,8,17,7,1024,0,0,0,0,0,0,0,0
diagonal135,32,8,18,7,1024,0,0,0,0,0,0,0,0
diagonal135,32,8,19,7,1024,0,0,0,0,0,0,0,0
diagonal135,32,8,0,8,1024,0,0,0,0,0,0,0,0
diagonal135,32,8,1,8,1024,35,3,768,791,-23,23,307,316
diagonal135,32,8,2,8,1024,29,3,768,791,-23,23,307,316
diagonal135,32,8,3,8,1024,0,0,0,0,0,0,0,0
diagonal135,32,8,4,8,1024,0,0,0,0,0,0,0,0
diagonal135,32,8,5,8,1024,0,0,0,0,0,0,0,0
diagonal135,32,8,6,8,1024,0,0,0,0,0,0,0,0
diagonal135,32,8,7,8,1024,0,0,0,0,0,0,0,0
diagonal135,32,8,8,8,1024,0,0,0,0,0,0,0,0
diagonal135,32,8,9,8,1024,0,0,0,0,0,0,0,0
diagonal135,32,8,10,8,1024,0,0,0,0,0,0,0,0
diagonal135,32,8,11,8,1024,0,0,0,0,0,0,0,0
diagonal135,32,8,12,8,1024,0,0,0,0,0,0,0,0
diagonal135,32,8,13,8,1024,0,0,0,0,0,0,0,0
diagonal135,32,8,14,8,1024,0,0,0,0,0,0,0,0
diagonal135,32,8,15,8,1024,0,0,0,0,0,0,0,0
diagonal135,32,8,16,8,1024,0,0,0,0,0,0,0,0
diagonal135,32,8,17,8,1024,0,0,0,0,0,0,0,0
diagonal135,32,8,18,8,1024,0,0,0,0,0,0,0,0
diagonal135,32,8,19,8,1024,0,0,0,0,0,0,0,0
diagonal135,32,8,0,9,1024,35,3,768,791,-23,23,307,316
diagonal135,32,8,1,9,1024,29,3,768,791,-23,23,307,316
diagonal135,32,8,2,9,1024,0,0,0,0,0,0,0,0
diagonal135,32,8,3,9,1024,0,0,0,0,0,0,0,0
diagonal135,32,8,4,9,1024,0,0,0,0,0,0,0,0
diagonal135,32,8,5,9,1024,0,0,0,0,0,0,0,0
diagonal135,32,8,6,9,1024,0,0,0,0,0,0,0,0
diagonal135,32,8,7,9,1024,0,0,0,0,0,0,0,0
diagonal135,32,8,8,9,1024,0,0,0,0,0,0,0,0
diagonal135,32,8,9,9,1024,0,0,0,0,0,0,0,0
diagonal135,32,8,10,9,1024,0,0,0,0,0,0,0,0
diagonal135,32,8,11,9,1024,0,0,0,0,0,0,0,0
diagonal135,32,8,12,9,1024,0,0,0,0,0,0,0,0
diagonal135,32,8,13,9,1024,0,0,0,0,0,0,0,0
diagonal135,32,8,14,9,1024,0,0,0,0,0,0,0,0
diagonal135,32,8,15,9,1024,0,0,0,0,0,0,0,0
diagonal135,32,8,16,9,1024,0,0,0,0,0,0,0,0
diagonal135,32,8,17,9,1024,0,0,0,0,0,0,0,0
diagonal135,32,8,18,9,1024,0,0,0,0,0,0,0,0
diagonal135,32,8,19,9,1024,0,0,0,0,0,0,0,0
diagonal135,32,8,0,10,1024,43,3,768,791,-23,23,307,316
diagonal135,32,8,1,10,1024,0,0,0,0,0,0,0,0
diagonal135,32,8,2,10,1024,0,0,0,0,0,0,0,0
diagonal135,32,8,3,10,1024,0,0,0,0,0,0,0,0
diagonal135,32,8,4,10,1024,0,0,0,0,0,0,0,0
diagonal135,32,8,5,10,1024,0,0,0,0,0,0,0,0
diagonal135,32,8,6,10,1024,0,0,0,0,0,0,0,0
diagonal135,32,8,7,10,1024,0,0,0,0,0,0,0,0
diagonal135,32,8,8,10,1024,0,0,0,0,0,0,0,0
diagonal135,32,8,9,10,1024,0,0,0,0,0,0,0,0
diagonal135,32,8,10,10,1024,0,0,0,0,0,0,0,0
diagonal135,32,8,11,10,1024,0,0,0,0,0,0,0,0
diagonal135,32,8,12,10,1024,0,0,0,0,0,0,0,0
diagonal135,32,8,13,10,1024,0,0,0,0,0,0,0,0
diagonal135,32,8,14,10,1024,0,0,0,0,0,0,0,0
diagonal135,32,8,15,10,1024,0,0,0,0,0,0,0,0
diagonal135,32,8,16,10,1024,0,0,0,0,0,0,0,0
diagonal135,32,8,17,10,1024,0,0,0,0,0,0,0,0
diagonal135,32,8,18,10,1024,0,0,0,0,0,0,0,0
diagonal135,32,8,19,10,1024,0,0,0,0,0,0,0,0
diagonal135,32,8,0,11,1024,32,3,768,768,0,0,307,307
diagonal135,32,8,1,11,1024,0,0,0,0,0,0,0,0
diagonal135,32,8,2,11,1024,0,0,0,0,0,0,0,0
diagonal135,32,8,3,11,1024,0,0,0,0,0,0,0,0
diagonal135,32,8,4,11,1024,0,0,0,0,0,0,0,0
diagonal135,32,8,5,11,1024,0,0,0,0,0,0,0,0
diagonal135,32,8,6,11,1024,0,0,0,0,0,0,0,0
diagonal135,32,8,7,11,1024,0,0,0,0,0,0,0,0
diagonal135,32,8,8,11,1024,0,0,0,0,0,0,0,0
diagonal135,32,8,9,11,1024,0,0,0,0,0,0,0,0
diagonal135,32,8,10,11,1024,0,0,0,0,0,0,0,0
diagonal135,32,8,11,11,1024,0,0,0,0,0,0,0,0
diagonal135,32,8,12,11,1024,0,0,0,0,0,0,0,0
diagonal135,32,8,13,11,1024,0,0,0,0,0,0,0,0
diagonal135,32,8,14,11,1024,0,0,0,0,0,0,0,0
diagonal135,32,8,15,11,1024,0,0,0,0,0,0,0,0
diagonal135,32,8,16,11,1024,0,0,0,0,0,0,0,0
diagonal135,32,8,17,11,1024,0,0,0,0,0,0,0,0
diagonal135,32,8,18,11,1024,0,0,0,0,0,0,0,0
diagonal135,32,8,19,11,1024,0,0,0,0,0,0,0,0
diagonal135,32,8,0,12,1024,32,3,768,768,0,0,307,307
diagonal135,32,8,1,12,1024,0,0,0,0,0,0,0,0
diagonal135,32,8,2,12,1024,0,0,0,0,0,0,0,0
diagonal135,32,8,3,12,1024,0,0,0,0,0,0,0,0
diagonal135,32,8,4,12,1024,0,0,0,0,0,0,0,0
diagonal135,32,8,5,12,1024,0,0,0,0,0,0,0,0
diagonal135,32,8,6,12,1024,0,0,0,0,0,0,0,0
diagonal135,32,8,7,12,1024,0,0,0,0,0,0,0,0
diagonal135,32,8,8,12,1024,0,0,0,0,0,0,0,0
diagonal135,32,8,9,12,1024,0,0,0,0,0,0,0,0
diagonal135,32,8,10,12,1024,0,0,0,0,0,0,0,0
diagonal135,32,8,11,12,1024,0,0,0,0,0,0,0,0
diagonal135,32,8,12,12,1024,0,0,0,0,0,0,0,0
diagonal135,32,8,13,12,1024,0,0,0,0,0,0,0,0
diagonal135,32,8,14,12,1024,0,0,0,0,0,0,0,0
diagonal135,32,8,15,12,1024,0,0,0,0,0,0,0,0
diagonal135,32,8,16,12,1024,0,0,0,0,0,0,0,0
diagonal135,32,8,17,12,1024,0,0,0,0,0,0,0,0
diagonal135,32,8,18,12,1024,0,0,0,0,0,0,0,0
diagonal135,32,8,19,12,1024,0,0,0,0,0,0,0,0
diagonal135,32,8,0,13,1024,32,3,768,768,0,0,307,307
diagonal135,32,8,1,13,1024,0,0,0,0,0,0,0,0
diagonal135,32,8,2,13,1024,0,0,0,0,0,0,0,0
diagonal135,32,8,3,13,1024,0,0,0,0,0,0,0,0
diagonal135,32,8,4,13,1024,0,0,0,0,0,0,0,0
diagonal135,32,8,5,13,1024,0,0,0,0,0,0,0,0
diagonal135,32,8,6,13,1024,0,0,0,0,0,0,0,0
diagonal135,32,8,7,13,1024,0,0,0,0,0,0,0,0
diagonal135,32,8,8,13,1024,0,0,0,0,0,0,0,0
diagonal135,32,8,9,13,1024,0,0,0,0,0,0,0,0
diagonal135,32,8,10,13,1024,0,0,0,0,0,0,0,0
diagonal135,32,8,11,13,1024,0,0,0,0,0,0,0,0
diagonal135,32,8,12,13,1024,0,0,0,0,0,0,0,0
diagonal135,32,8,13,13,1024,0,0,0,0,0,0,0,0
diagonal135,32,8,14,13,1024,0,0,0,0,0,0,0,0
diagonal135,32,8,15,13,1024,0,0,0,0,0,0,0,0
diagonal135,32,8,16,13,1024,0,0,0,0,0,0,0,0
diagonal135,32,8,17,13,1024,0,0,0,0,0,0,0,0
diagonal135,32,8,18,13,1024,0,0,0,0,0,0,0,0
diagonal135,32,8,19,13,1024,0,0,0,0,0,0,0,0
diagonal135,32,8,0,14,1024,32,3,768,768,0,0,307,307
diagonal135,32,8,1,14,1024,0,0,0,0,0,0,0,0
diagonal135,32,8,2,14,1024,0,0,0,0,0,0,0,0
diagonal135,32,8,3,14,1024,0,0,0,0,0,0,0,0
diagonal135,32,8,4,14,1024,0,0,0,0,0,0,0,0
diagonal135,32,8,5,14,1024,0,0,0,0,0,0,0,0
diagonal135,32,8,6,14,1024,0,0,0,0,0,0,0,0
diagonal135,32,8,7,14,1024,0,0,0,0,0,0,0,0
diagonal135,32,8,8,14,1024,0,0,0,0,0,0,0,0
diagonal135,32,8,9,14,1024,0,0,0,0,0,0,0,0
diagonal135,32,8,10,14,1024,0,0,0,0,0,0,0,0
diagonal135,32,8,11,14,1024,0,0,0,0,0,0,0,0
diagonal135,32,8,12,14,1024,0,0,0,0,0,0,0,0
diagonal135,32,8,13,14,1024,0,0,0,0,0,0,0,0
diagonal135,32,8,14,14,1024,0,0,0,0,0,0,0,0
diagonal135,32,8,15,14,1024,0,0,0,0,0,0,0,0
diagonal135,32,8,16,14,1024,0,0,0,0,0,0,0,0
diagonal135,32,8,17,14,1024,0,0,0,0,0,0,0,0
diagonal135,32,8,18,14,1024,0,0,0,0,0,0,0,0
diagonal135,32,8,19,14,1024,0,0,0,0,0,0,0,0
diagonal135,32,16,0,0,1024,0,0,0,0,0,0,0,0
diagonal135,32,16,1,0,1024,0,0,0,0,0,0,0,0
diagonal135,32,16,2,0,1024,0,0,0,0,0,0,0,0
diagonal135,32,16,3,0,1024,0,0,0,0,0,0,0,0
diagonal135,32,16,4,0,1024,0,0,0,0,0,0,0,0
diagonal135,32,16,5,0,1024,0,0,0,0,0,0,0,0
diagonal135,32,16,6,0,1024,0,0,0,0,0,0,0,0
diagonal135,32,16,7,0,1024,0,0,0,0,0,0,0,0
diagonal135,32,16,8,0,1024,0,0,0,0,0,0,0,0
diagonal135,32,16,9,0,1024,35,6,768,791,-23,23,307,316
diagonal135,32,16,10,0,1024,43,6,768,791,-23,23,307,316
diagonal135,32,16,11,0,1024,32,6,768,768,0,0,307,307
diagonal135,32,16,12,0,1024,32,6,768,768,0,0,307,307
diagonal135,32,16,13,0,1024,32,6,768,768,0,0,307,307
diagonal135,32,16,14,0,1024,32,6,768,768,0,0,307,307
diagonal135,32,16,15,0,1024,32,6,768,768,0,0,307,307
diagonal135,32,16,16,0,1024,32,6,768,768,0,0,307,307
diagonal135,32,16,17,0,1024,32,6,768,768,0,0,307,307
diagonal135,32,16,18,0,1024,32,6,768,768,0,0,307,307
diagonal135,32,16,19,0,1024,32,6,768,768,0,0,307,307
diagonal135,32,16,0,1,1024,0,0,0,0,0,0,0,0
diagonal135,32,16,1,1,1024,0,0,0,0,0,0,0,0
diagonal135,32,16,2,1,1024,0,0,0,0,0,0,0,0
diagonal135,32,16,3,1,1024,0,0,0,0,0,0,0,0
diagonal135,32,16,4,1,1024,0,0,0,0,0,0,0,0
diagonal135,32,16,5,1,1024,0,0,0,0,0,0,0,0
diagonal135,32,16,6,1,1024,0,0,0,0,0,0,0,0
diagonal135,32,16,7,1,1024,0,0,0,0,0,0,0,0
diagonal135,32,16,8,1,1024,35,6,768,791,-23,23,307,316
diagonal135,32,16,9,1,1024,29,6,768,791,-23,23,307,316
diagonal135,32,16,10,1,1024,0,0,0,0,0,0,0,0
diagonal135,32,16,11,1,1024,0,0,0,0,0,0,0,0
diagonal135,32,16,12,1,1024,0,0,0,0,0,0,0,0
diagonal135,32,16,13,1,1024,0,0,0,0,0,0,0,0
diagonal135,32,16,14,1,1024,0,0,0,0,0,0,0,0
diagonal135,32,16,15,1,1024,0,0,0,0,0,0,0,0
diagonal135,32,16,16,1,1024,0,0,0,0,0,0,0,0
diagonal135,32,16,17,1,1024,0,0,0,0,0,0,0,0
diagonal135,32,16,18,1,1024,0,0,0,0,0,0,0,0
diagonal135,32,16,19,1,1024,0,0,0,0,0,0,0,0
diagonal135,32,16,0,2,1024,0,0,0,0,0,0,0,0
diagonal135,32,16,1,2,1024,0,0,0,0,0,0,0,0
diagonal135,32,16,2,2,1024,0,0,0,0,0,0,0,0
diagonal135,32,16,3,2,1024,0,0,0,0,0,0,0,0
diagonal135,32,16,4,2,1024,0,0,0,0,0,0,0,0
diagonal135,32,16,5,2,1024,0,0,0,0,0,0,0,0
diagonal135,32,16,6,2,1024,0,0,0,0,0,0,0,0
diagonal135,32,16,7,2,1024,35,6,768,791,-23,23,307,316
diagonal135,32,16,8,2,1024,29,6,768,791,-23,23,307,316
diagonal135,32,16,9,2,1024,0,0,0,0,0,0,0,0
diagonal135,32,16,10,2,1024,0,0,0,0,0,0,0,0
diagonal135,32,16,11,2,1024,0,0,0,0,0,0,0,0
diagonal135,32,16,12,2,1024,0,0,0,0,0,0,0,0
diagonal135,32,16,13,2,1024,0,0,0,0,0,0,0,0
diagonal135,32,16,14,2,1024,0,0,0,0,0,0,0,0
diagonal135,32,16,15,2,1024,0,0,0,0,0,0,0,0
diagonal135,32,16,16,2,1024,0,0,0,0,0,0,0,0
diagonal135,32,16,17,2,1024,0,0,0,0,0,0,0,0
diagonal135,32,16,18,2,1024,0,0,0,0,0,0,0,0
diagonal135,32,16,19,2,1024,0,0,0,0,0,0,0,0
diagonal135,32,16,0,3,1024,0,0,0,0,0,0,0,0
diagonal135,32,16,1,3,1024,0,0,0,0,0,0,0,0
diagonal135,32,16,2,3,1024,0,0,0,0,0,0,0,0
diagonal135,32,16,3,3,1024,0,0,0,0,0,0,0,0
diagonal135,32,16,4,3,1024,0,0,0,0,0,0,0,0
diagonal135,32,16,5,3,1024,0,0,0,0,0,0,0,0
diagonal135,32,16,6,3,1024,35,6,768,791,-23,23,307,316
diagonal135,32,16,7,3,1024,29,6,768,791,-23,23,307,316
diagonal135,32,16,8,3,1024,0,0,0,0,0,0,0,0
diagonal135,32,16,9,3,1024,0,0,0,0,0,0,0,0
diagonal135,32,16,10,3,1024,0,0,0,0,0,0,0,0
diagonal135,32,16,11,3,1024,0,0,0,0,0,0,0,0
diagonal135,32,16,12,3,1024,0,0,0,0,0,0,0,0
diagonal135,32,16,13,3,1024,0,0,0,0,0,0,0,0
diagonal135,32,16,14,3,1024,0,0,0,0,0,0,0,0
diagonal135,32,16,15,3,1024,0,0,0,0,0,0,0,0
diagonal135,32,16,16,3,1024,0,0,0,0,0,0,0,0
diagonal135,32,16,17,3,1024,0,0,0,0,0,0,0,0
diagonal135,32,16,18,3,1024,0,0,0,0,0,0,0,0
diagonal135,32,16,19,3,1024,0,0,0,0,0,0,0,0
diagonal135,32,16,0,4,1024,0,0,0,0,0,0,0,0
diagonal135,32,16,1,4,1024,0,0,0,0,0,0,0,0
diagonal135,32,16,2,4,1024,0,0,0,0,0,0,0,0
diagonal135,32,16,3,4,1024,0,0,0,0,0,0,0,0
diagonal135,32,16,4,4,1024,0,0,0,0,0,0,0,0
diagonal135,32,16,5,4,1024,35,6,768,791,-23,23,307,316
diagonal135,32,16,6,4,1024,29,6,768,791,-23,23,307,316
diagonal135,32,16,7,4,1024,0,0,0,0,0,0,0,0
diagonal135,32,16,8,4,1024,0,0,0,0,0,0,0,0
diagonal135,32,16,9,4,1024,0,0,0,0,0,0,0,0
diagonal135,32,16,10,4,1024,0,0,0,0,0,0,0,0
diagonal135,32,16,11,4,1024,0,0,0,0,0,0,0,0
diagonal135,32,16,12,4,1024,0,0,0,0,0,0,0,0
diagonal135,32,16,13,4,1024,0,0,0,0,0,0,0,0
diagonal135,32,16,14,4,1024,0,0,0,0,0,0,0,0
diagonal135,32,16,15,4,1024,0,0,0,0,0,0,0,0
diagonal135,32,16,16,4,1024,0,0,0,0,0,0,0,0
diagonal135,32,16,17,4,1024,0,0,0,0,0,0,0,0
diagonal135,32,16,18,4,1024,0,0,0,0,0,0,0,0
diagonal135,32,16,19,4,1024,0,0,0,0,0,0,0,0
diagonal135,32,16,0,5,1024,0,0,0,0,0,0,0,0
diagonal135,32,16,1,5,1024,0,0,0,0,0,0,0,0
diagonal135,32,16,2,5,1024,0,0,0,0,0,0,0,0
diagonal135,32,16,3,5,1024,0,0,0,0,0,0,0,0
diagonal135,32,16,4,5,1024,35,6,768,791,-23,23,307,316
diagonal135,32,16,5,5,1024,29,6,768,791,-23,23,307,316
diagonal135,32,16,6,5,1024,0,0,0,0,0,0,0,0
diagonal135,32,16,7,5,1024,0,0,0,0,0,0,0,0
diagonal135,32,16,8,5,1024,0,0,0,0,0,0,0,0
diagonal135,32,16,9,5,1024,0,0,0,0,0,0,0,0
diagonal135,32,16,10,5,1024,0,0,0,0,0,0,0,0
diagonal135,32,16,11,5,1024,0,0,0,0,0,0,0,0
diagonal135,32,16,12,5,1024,0,0,0,0,0,0,0,0
diagonal135,32,16,13,5,1024,0,0,0,0,0,0,0,0
diagonal135,32,16,14,5,1024,0,0,0,0,0,0,0,0
diagonal135,32,16,15,5,1024,0,0,0,0,0,0,0,0
diagonal135,32,16,16,5,1024,0,0,0,0,0,0,0,0
diagonal135,32,16,17,5,1024,0,0,0,0,0,0,0,0
diagonal135,32,16,18,5,1024,0,0,0,0,0,0,0,0
diagonal135,32,16,19,5,1024,0,0,0,0,0,0,0,0
diagonal135,32,16,0,6,1024,0,0,0,0,0,0,0,0
diagonal135,32,16,1,6,1024,0,0,0,0,0,0,0,0
diagonal135,32,16,2,6,1024,0,0,0,0,0,0,0,0
diagonal135,32,16,3,6,1024,35,6,768,791,-23,23,307,316
diagonal135,32,16,4,6,1024,29,6,768,791,-23,23,307,316
diagonal135,32,16,5,6,1024,0,0,0,0,0,0,0,0
diagonal135,32,16,6,6,1024,0,0,0,0,0,0,0,0
diagonal135,32,16,7,6,1024,0,0,0,0,0,0,0,0
diagonal135,32,16,8,6,1024,0,0,0,0,0,0,0,0
diagonal135,32,16,9,6,1024,0,0,0,0,0,0,0,0
diagonal135,32,16,10,6,1024,0,0,0,0,0,0,0,0
diagonal135,32,16,11,6,1024,0,0,0,0,0,0,0,0
diagonal135,32,16,12,6,1024,0,0,0,0,0,0,0,0
diagonal135,32,16,13,6,1024,0,0,0,0,0,0,0,0
diagonal135,32,16,14,6,1024,0,0,0,0,0,0,0,0
diagonal135,32,16,15,6,1024,0,0,0,0,0,0,0,0
diagonal135,32,16,16,6,1024,0,0,0,0,0,0,0,0
diagonal135,32,16,17,6,1024,0,0,0,0,0,0,0,0
diagonal135,32,16,18,6,1024,0,0,0,0,0,0,0,0
diagonal135,32,16,19,6,1024,0,0,0,0,0,0,0,0
diagonal135,32,16,0,7,1024,0,0,0,0,0,0,0,0
diagonal135,32,16,1,7,1024,0,0,0,0,0,0,0,0
diagonal135,32,16,2,7,1024,35,6,768,791,-23,23,307,316
diagonal135,32,16,3,7,1024,29,6,768,791,-23,23,307,316
diagonal135,32,16,4,7,1024,0,0,0,0,0,0,0,0
diagonal135,32,16,5,7,1024,0,0,0,0,0,0,0,0
diagonal135,32,16,6,7,1024,0,0,0,0,0,0,0,0
diagonal135,32,16,7,7,1024,0,0,0,0,0,0,0,0
diagonal135,32,16,8,7,1024,0,0,0,0,0,0,0,0
diagonal135,32,16,9,7,1024,0,0,0,0,0,0,0,0
diagonal135,32,16,10,7,1024,0,0,0,0,0,0,0,0
diagonal135,32,16,11,7,1024,0,0,0,0,0,0,0,0
diagonal135,32,16,12,7,1024,0,0,0,0,0,0,0,0
diagonal135,32,16,13,7,1024,0,0,0,0,0,0,0,0
diagonal135,32,16,14,7,1024,0,0,0,0,0,0,0,0
diagonal135,32,16,15,7,1024,0,0,0,0,0,0,0,0
diagonal135,32,16,16,7,1024,0,0,0,0,0,0,0,0
diagonal135,32,16,17,7,1024,0,0,0,0,0,0,0,0
diagonal135,32,16,18,7,1024,0,0,0,0,0,0,0,0
diagonal135,32,16,19,7,1024,0,0,0,0,0,0,0,0
diagonal135,32,16,0,8,1024,0,0,0,0,0,0,0,0
diagonal135,32,16,1,8,1024,35,6,768,791,-23,23,307,316
diagonal135,32,16,2,8,1024,29,6,768,791,-23,23,307,316
diagonal135,32,16,3,8,1024,0,0,0,0,0,0,0,0
diagonal135,32,16,4,8,1024,0,0,0,0,0,0,0,0
diagonal135,32,16,5,8,1024,0,0,0,0,0,0,0,0
diagonal135,32,16,6,8,1024,0,0,0,0,0,0,0,0
diagonal135,32,16,7,8,1024,0,0,0,0,0,0,0,0
diagonal135,32,16,8,8,1024,0,0,0,0,0,0,0,0
diagonal135,32,16,9,8,1024,0,0,0,0,0,0,0,0
diagonal135,32,16,10,8,1024,0,0,0,0,0,0,0,0
diagonal135,32,16,11,8,1024,0,0,0,0,0,0,0,0
diagonal135,32,16,12,8,1024,0,0,0,0,0,0,0,0
diagonal135,32,16,13,8,1024,0,0,0,0,0,0,0,0
diagonal135,32,16,14,8,1024,0,0,0,0,0,0,0,0
diagonal135,32,16,15,8,1024,0,0,0,0,0,0,0,0
diagonal135,32,16,16,8,1024,0,0,0,0,0,0,0,0
diagonal135,32,16,17,8,1024,0,0,0,0,0,0,0,0
diagonal135,32,16,18,8,1024,0,0,0,0,0,0,0,0
diagonal135,32,16,19,8,1024,0,0,0,0,0,0,0,0
diagonal135,32,16,0,9,1024,35,6,768,791,-23,23,307,316
diagonal135,32,16,1,9,1024,29,6,768,791,-23,23,307,316
diagonal135,32,16,2,9,1024,0,0,0,0,0,0,0,0
diagonal135,32,16,3,9,1024,0,0,0,0,0,0,0,0
diagonal135,32,16,4,9,1024,0,0,0,0,0,0,0,0
diagonal135,32,16,5,9,1024,0,0,0,0,0,0,0,0
diagonal135,32,16,6,9,1024,0,0,0,0,0,0,0,0
diagonal135,32,16,7,9,1024,0,0,0,0,0,0,0,0
diagonal135,32,16,8,9,1024,0,0,0,0,0,0,0,0
diagonal135,32,16,9,9,1024,0,0,0,0,0,0,0,0
diagonal135,32,16,10,9,1024,0,0,0,0,0,0,0,0
diagonal135,32,16,11,9,1024,0,0,0,0,0,0,0,0
diagonal135,32,16,12,9,1024,0,0,0,0,0,0,0,0
diagonal135,32,16,13,9,1024,0,0,0,0,0,0,0,0
diagonal135,32,16,14,9,1024,0,0,0,0,0,0,0,0
diagonal135,32,16,15,9,1024,0,0,0,0,0,0,0,0
diagonal135,32,16,16,9,1024,0,0,0,0,0,0,0,0
diagonal135,32,16,17,9,1024,0,0,0,0,0,0,0,0
diagonal135,32,16,18,9,1024,0,0,0,0,0,0,0,0
diagonal135,32,16,19,9,1024,0,0,0,0,0,0,0,0
diagonal135,32,16,0,10,1024,43,6,768,791,-23,23,307,316
diagonal135,32,16,1,10,1024,0,0,0,0,0,0,0,0
diagonal135,32,16,2,10,1024,0,0,0,0,0,0,0,0
diagonal135,32,16,3,10,1024,0,0,0,0,0,0,0,0
diagonal135,32,16,4,10,1024,0,0,0,0,0,0,0,0
diagonal135,32,16,5,10,1024,0,0,0,0,0,0,0,0
diagonal135,32,16,6,10,1024,0,0,0,0,0,0,0,0
diagonal135,32,16,7,10,1024,0,0,0,0,0,0,0,0
diagonal135,32,16,8,10,1024,0,0,0,0,0,0,0,0
diagonal135,32,16,9,10,1024,0,0,0,0,0,0,0,0
diagonal135,32,16,10,10,1024,0,0,0,0,0,0,0,0
diagonal135,32,16,11,10,1024,0,0,0,0,0,0,0,0
diagonal135,32,16,12,10,1024,0,0,0,0,0,0,0,0
diagonal135,32,16,13,10,1024,0,0,0,0,0,0,0,0
diagonal135,32,16,14,10,1024,0,0,0,0,0,0,0,0
diagonal135,32,16,15,10,1024,0,0,0,0,0,0,0,0
diagonal135,32,16,16,10,1024,0,0,0,0,0,0,0,0
diagonal135,32,16,17,10,1024,0,0,0,0,0,0,0,0
diagonal135,32,16,18,10,1024,0,0,0,0,0,0,0,0
diagonal135,32,16,19,10,1024,0,0,0,0,0,0,0,0
diagonal135,32,16,0,11,1024,32,6,768,768,0,0,307,307
diagonal135,32,16,1,11,1024,0,0,0,0,0,0,0,0
diagonal135,32,16,2,11,1024,0,0,0,0,0,0,0,0
diagonal135,32,16,3,11,1024,0,0,0,0,0,0,0,0
diagonal135,32,16,4,11,1024,0,0,0,0,0,0,0,0
diagonal135,32,16,5,11,1024,0,0,0,0,0,0,0,0
diagonal135,32,16,6,11,1024,0,0,0,0,0,0,0,0
diagonal135,32,16,7,11,1024,0,0,0,0,0,0,0,0
diagonal135,32,16,8,11,1024,0,0,0,0,0,0,0,0
diagonal135,32,16,9,11,1024,0,0,0,0,0,0,0,0
diagonal135,32,16,10,11,1024,0,0,0,0,0,0,0,0
diagonal135,32,16,11,11,1024,0,0,0,0,0,0,0,0
diagonal135,32,16,12,11,1024,0,0,0,0,0,0,0,0
diagonal135,32,16,13,11,1024,0,0,0,0,0,0,0,0
diagonal135,32,16,14,11,1024,0,0,0,0,0,0,0,0
diagonal135,32,16,15,11,1024,0,0,0,0,0,0,0,0
diagonal135,32,16,16,11,1024,0,0,0,0,0,0,0,0
diagonal135,32,16,17,11,1024,0,0,0,0,0,0,0,0
diagonal135,32,16,18,11,1024,0,0,0,0,0,0,0,0
diagonal135,32,16,19,11,1024,0,0,0,0,0,0,0,0
diagonal135,32,16,0,12,1024,32,6,768,768,0,0,307,307
diagonal135,32,16,1,12,1024,0,0,0,0,0,0,0,0
diagonal135,32,16,2,12,1024,0,0,0,0,0,0,0,0
diagonal135,32,16,3,12,1024,0,0,0,0,0,0,0,0
diagonal135,32,16,4,12,1024,0,0,0,0,0,0,0,0
diagonal135,32,16,5,12,1024,0,0,0,0,0,0,0,0
diagonal135,32,16,6,12,1024,0,0,0,0,0,0,0,0
diagonal135,32,16,7,12,1024,0,0,0,0,0,0,0,0
diagonal135,32,16,8,12,1024,0,0,0,0,0,0,0,0
diagonal135,32,16,9,12,1024,0,0,0,0,0,0,0,0
diagonal135,32,16,10,12,1024,0,0,0,0,0,0,0,0
diagonal135,32,16,11,12,1024,0,0,0,0,0,0,0,0
diagonal135,32,16,12,12,1024,0,0,0,0,0,0,0,0
diagonal135,32,16,13,12,1024,0,0,0,0,0,0,0,0
diagonal135,32,16,14,12,1024,0,0,0,0,0,0,0,0
diagonal135,32,16,15,12,1024,0,0,0,0,0,0,0,0
diagonal135,32,16,16,12,1024,0,0,0,0,0,0,0,0
diagonal135,32,16,17,12,1024,0,0,0,0,0,0,0,0
diagonal135,32,16,18,12,1024,0,0,0,0,0,0,0,0
diagonal135,32,16,19,12,1024,0,0,0,0,0,0,0,0
diagonal135,32,16,0,13,1024,32,6,768,768,0,0,307,307
diagonal135,32,16,1,13,1024,0,0,0,0,0,0,0,0
diagonal135,32,16,2,13,1024,0,0,0,0,0,0,0,0
diagonal135,32,16,3,13,1024,0,0,0,0,0,0,0,0
diagonal135,32,16,4,13,1024,0,0,0,0,0,0,0,0
diagonal135,32,16,5,13,1024,0,0,0,0,0,0,0,0
diagonal135,32,16,6,13,1024,0,0,0,0,0,0,0,0
diagonal135,32,16,7,13,1024,0,0,0,0,0,0,0,0
diagonal135,32,16,8,13,1024,0,0,0,0,0,0,0,0
diagonal135,32,16,9,13,1024,0,0,0,0,0,0,0,0
diagonal135,32,16,10,13,1024,0,0,0,0,0,0,0,0
diagonal135,32,16,11,13,1024,0,0,0,0,0,0,0,0
diagonal135,32,16,12,13,1024,0,0,0,0,0,0,0,0
diagonal135,32,16,13,13,1024,0,0,0,0,0,0,0,0
diagonal135,32,16,14,13,1024,0,0,0,0,0,0,0,0
diagonal135,32,16,15,13,1024,0,0,0,0,0,0,0,0
diagonal135,32,16,16,13,1024,0,0,0,0,0,0,0,0
diagonal135,32,16,17,13,1024,0,0,0,0,0,0,0,0
diagonal135,32,16,18,13,1024,0,0,0,0,0,0,0,0
diagonal135,32,16,19,13,1024,0,0,0,0,0,0,0,0
diagonal135,32,16,0,14,1024,32,6,768,768,0,0,307,307
diagonal135,32,16,1,14,1024,0,0,0,0,0,0,0,0
diagonal135,32,16,2,14,1024,0,0,0,0,0,0,0,0
diagonal135,32,16,3,14,1024,0,0,0,0,0,0,0,0
diagonal135,32,16,4,14,1024,0,0,0,0,0,0,0,0
diagonal135,32,16,5,14,1024,0,0,0,0,0,0,0,0
diagonal135,32,16,6,14,1024,0,0,0,0,0,0,0,0
diagonal135,32,16,7,14,1024,0,0,0,0,0,0,0,0
diagonal135,32,16,8,14,1024,0,0,0,0,0,0,0,0
diagonal135,32,16,9,14,1024,0,0,0,0,0,0,0,0
diagonal135,32,16,10,14,1024,0,0,0,0,0,0,0,0
diagonal135,32,16,11,14,1024,0,0,0,0,0,0,0,0
diagonal135,32,16,12,14,1024,0,0,0,0,0,0,0,0
diagonal135,32,16,13,14,1024,0,0,0,0,0,0,0,0
diagonal135,32,16,14,14,1024,0,0,0,0,0,0,0,0
diagonal135,32,16,15,14,1024,0,0,0,0,0,0,0,0
diagonal135,32,16,16,14,1024,0,0,0,0,0,0,0,0
diagonal135,32,16,17,14,1024,0,0,0,0,0,0,0,0
diagonal135,32,16,18,14,1024,0,0,0,0,0,0,0,0
diagonal135,32,16,19,14,1024,0,0,0,0,0,0,0,0
diagonal135,32,32,0,0,1024,0,0,0,0,0,0,0,0
diagonal135,32,32,1,0,1024,0,0,0,0,0,0,0,0
diagonal135,32,32,2,0,1024,0,0,0,0,0,0,0,0
diagonal135,32,32,3,0,1024,0,0,0,0,0,0,0,0
diagonal135,32,32,4,0,1024,0,0,0,0,0,0,0,0
diagonal135,32,32,5,0,1024,0,0,0,0,0,0,0,0
diagonal135,32,32,6,0,1024,0,0,0,0,0,0,0,0
diagonal135,32,32,7,0,1024,0,0,0,0,0,0,0,0
diagonal135,32,32,8,0,1024,0,0,0,0,0,0,0,0
diagonal135,32,32,9,0,1024,35,12,768,791,-23,23,307,316
diagonal135,32,32,10,0,1024,43,12,768,791,-23,23,307,316
diagonal135,32,32,11,0,1024,32,12,768,768,0,0,307,307
diagonal135,32,32,12,0,1024,32,12,768,768,0,0,307,307
diagonal135,32,32,13,0,1024,32,12,768,768,0,0,307,307
diagonal135,32,32,14,0,1024,32,12,768,768,0,0,307,307
diagonal135,32,32,15,0,1024,32,12,768,768,0,0,307,307
diagonal135,32,32,16,0,1024,32,12,768,768,0,0,307,307
diagonal135,32,32,17,0,1024,32,12,768,768,0,0,307,307
diagonal135,32,32,18,0,1024,32,12,768,768,0,0,307,307
diagonal135,32,32,19,0,1024,32,12,768,768,0,0,307,307
diagonal135,32,32,0,1,1024,0,0,0,0,0,0,0,0
diagonal135,32,32,1,1,1024,0,0,0,0,0,0,0,0
diagonal135,32,32,2,1,1024,0,0,0,0,0,0,0,0
diagonal135,32,32,3,1,1024,0,0,0,0,0,0,0,0
diagonal135,32,32,4,1,1024,0,0,0,0,0,0,0,0
diagonal135,32,32,5,1,1024,0,0,0,0,0,0,0,0
diagonal135,32,32,6,1,1024,0,0,0,0,0,0,0,0
diagonal135,32,32,7,1,1024,0,0,0,0,0,0,0,0
diagonal135,32,32,8,1,1024,35,12,768,791,-23,23,307,316
diagonal135,32,32,9,1,1024,29,12,768,791,-23,23,307,316
diagonal135,32,32,10,1,1024,0,0,0,0,0,0,0,0
diagonal135,32,32,11,1,1024,0,0,0,0,0,0,0,0
diagonal135,32,32,12,1,1024,0,0,0,0,0,0,0,0
diagonal135,32,32,13,1,1024,0,0,0,0,0,0,0,0
diagonal135,32,32,14,1,1024,0,0,0,0,0,0,0,0
diagonal135,32,32,15,1,1024,0,0,0,0,0,0,0,0
diagonal135,32,32,16,1,1024,0,0,0,0,0,0,0,0
diagonal135,32,32,17,1,1024,0,0,0,0,0,0,0,0
diagonal135,32,32,18,1,1024,0,0,0,0,0,0,0,0
diagonal135,32,32,19,1,1024,0,0,0,0,0,0,0,0
diagonal135,32,32,0,2,1024,0,0,0,0,0,0,0,0
diagonal135,32,32,1,2,1024,0,0,0,0,0,0,0,0
diagonal135,32,32,2,2,1024,0,0,0,0,0,0,0,0
diagonal135,32,32,3,2,1024,0,0,0,0,0,0,0,0
diagonal135,32,32,4,2,1024,0,0,0,0,0,0,0,0
diagonal135,32,32,5,2,1024,0,0,0,0,0,0,0,0
diagonal135,32,32,6,2,1024,0,0,0,0,0,0,0,0
diagonal135,32,32,7,2,1024,35,12,768,791,-23,23,307,316
diagonal135,32,32,8,2,1024,29,12,768,791,-23,23,307,316
diagonal135,32,32,9,2,1024,0,0,0,0,0,0,0,0
diagonal135,32,32,10,2,1024,0,0,0,0,0,0,0,0
diagonal135,32,32,11,2,1024,0,0,0,0,0,0,0,0
diagonal135,32,32,12,2,1024,0,0,0,0,0,0,0,0
diagonal135,32,32,13,2,1024,0,0,0,0,0,0,0,0
diagonal135,32,32,14,2,1024,0,0,0,0,0,0,0,0
diagonal135,32,32,15,2,1024,0,0,0,0,0,0,0,0
diagonal135,32,32,16,2,1024,0,0,0,0,0,0,0,0
diagonal135,32,32,17,2,1024,0,0,0,0,0,0,0,0
diagonal135,32,32,18,2,1024,0,0,0,0,0,0,0,0
diagonal135,32,32,19,2,1024,0,0,0,0,0,0,0,0
diagonal135,32,32,0,3,1024,0,0,0,0,0,0,0,0
diagonal135,32,32,1,3,1024,0,0,0,0,0,0,0,0
diagonal135,32,32,2,3,1024,0,0,0,0,0,0,0,0
diagonal135,32,32,3,3,1024,0,0,0,0,0,0,0,0
diagonal135,32,32,4,3,1024,0,0,0,0,0,0,0,0
diagonal135,32,32,5,3,1024,0,0,0,0,0,0,0,0
diagonal135,32,32,6,3,1024,35,12,768,791,-23,23,307,316
diagonal135,32,32,7,3,1024,29,12,768,791,-23,23,307,316
diagonal135,32,32,8,3,1024,0,0,0,0,0,0,0,0
diagonal135,32,32,9,3,1024,0,0,0,0,0,0,0,0
diagonal135,32,32,10,3,1024,0,0,0,0,0,0,0,0
diagonal135,32,32,11,3,1024,0,0,0,0,0,0,0,0
diagonal135,32,32,12,3,1024,0,0,0,0,0,0,0,0
diagonal135,32,32,13,3,1024,0,0,0,0,0,0,0,0
diagonal135,32,32,14,3,1024,0,0,0,0,0,0,0,0
diagonal135,32,32,15,3,1024,0,0,0,0,0,0,0,0
diagonal135,32,32,16,3,1024,0,0,0,0,0,0,0,0
diagonal135,32,32,17,3,1024,0,0,0,0,0,0,0,0
diagonal135,32,32,18,3,1024,0,0,0,0,0,0,0,0
diagonal135,32,32,19,3,1024,0,0,0,0,0,0,0,0
diagonal135,32,32,0,4,1024,0,0,0,0,0,0,0,0
diagonal135,32,32,1,4,1024,0,0,0,0,0,0,0,0
diagonal135,32,32,2,4,1024,0,0,0,0,0,0,0,0
diagonal135,32,32,3,4,1024,0,0,0,0,0,0,0,0
diagonal135,32,32,4,4,1024,0,0,0,0,0,0,0,0
diagonal135,32,32,5,4,1024,35,12,768,791,-23,23,307,316
diagonal135,32,32,6,4,1024,29,12,768,791,-23,23,307,316
diagonal135,32,32,7,4,1024,0,0,0,0,0,0,0,0
diagonal135,32,32,8,4,1024,0,0,0,0,0,0,0,0
diagonal135,32,32,9,4,1024,0,0,0,0,0,0,0,0
diagonal135,32,32,10,4,1024,0,0,0,0,0,0,0,0
diagonal135,32,32,11,4,1024,0,0,0,0,0,0,0,0
diagonal135,32,32,12,4,1024,0,0,0,0,0,0,0,0
diagonal135,32,32,13,4,1024,0,0,0,0,0,0,0,0
diagonal135,32,32,14,4,1024,0,0,0,0,0,0,0,0
diagonal135,32,32,15,4,1024,0,0,0,0,0,0,0,0
diagonal135,32,32,16,4,1024,0,0,0,0,0,0,0,0
diagonal135,32,32,17,4,1024,0,0,0,0,0,0,0,0
diagonal135,32,32,18,4,1024,0,0,0,0,0,0,0,0
diagonal135,32,32,19,4,1024,0,0,0,0,0,0,0,0
diagonal135,32,32,0,5,1024,0,0,0,0,0,0,0,0
diagonal135,32,32,1,5,1024,0,0,0,0,0,0,0,0
diagonal135,32,32,2,5,1024,0,0,0,0,0,0,0,0
diagonal135,32,32,3,5,1024,0,0,0,0,0,0,0,0
diagonal135,32,32,4,5,1024,35,12,768,791,-23,23,307,316
diagonal135,32,32,5,5,1024,29,12,768,791,-23,23,307,316
diagonal135,32,32,6,5,1024,0,0,0,0,0,0,0,0
diagonal135,32,32,7,5,1024,0,0,0,0,0,0,0,0
diagonal135,32,32,8,5,1024,0,0,0,0,0,0,0,0
diagonal135,32,32,9,5,1024,0,0,0,0,0,0,0,0
diagonal135,32,32,10,5,1024,0,0,0,0,0,0,0,0
diagonal135,32,32,11,5,1024,0,0,0,0,0,0,0,0
diagonal135,32,32,12,5,1024,0,0,0,0,0,0,0,0
diagonal135,32,32,13,5,1024,0,0,0,0,0,0,0,0
diagonal135,32,32,14,5,1024,0,0,0,0,0,0,0,0
diagonal135,32,32,15,5,1024,0,0,0,0,0,0,0,0
diagonal135,32,32,16,5,1024,0,0,0,0,0,0,0,0
diagonal135,32,32,17,5,1024,0,0,0,0,0,0,0,0
diagonal135,32,32,18,5,1024,0,0,0,0,0,0,0,0
diagonal135,32,32,19,5,1024,0,0,0,0,0,0,0,0
diagonal135,32,32,0,6,1024,0,0,0,0,0,0,0,0
diagonal135,32,32,1,6,1024,0,0,0,0,0,0,0,0
diagonal135,32,32,2,6,1024,0,0,0,0,0,0,0,0
diagonal135,32,32,3,6,1024,35,12,768,791,-23,23,307,316
diagonal135,32,32,4,6,1024,29,12,768,791,-23,23,307,316
diagonal135,32,32,5,6,1024,0,0,0,0,0,0,0,0
diagonal135,32,32,6,6,1024,0,0,0,0,0,0,0,0
diagonal135,32,32,7,6,1024,0,0,0,0,0,0,0,0
diagonal135,32,32,8,6,1024,0,0,0,0,0,0,0,0
diagonal135,32,32,9,6,1024,0,0,0,0,0,0,0,0
diagonal135,32,32,10,6,1024,0,0,0,0,0,0,0,0
diagonal135,32,32,11,6,1024,0,0,0,0,0,0,0,0
diagonal135,32,32,12,6,1024,0,0,0,0,0,0,0,0
diagonal135,32,32,13,6,1024,0,0,0,0,0,0,0,0
diagonal135,32,32,14,6,1024,0,0,0,0,0,0,0,0
diagonal135,32,32,15,6,1024,0,0,0,0,0,0,0,0
diagonal135,32,32,16,6,1024,0,0,0,0,0,0,0,0
diagonal135,32,32,17,6,1024,0,0,0,0,0,0,0,0
diagonal135,32,32,18,6,1024,0,0,0,0,0,0,0,0
diagonal135,32,32,19,6,1024,0,0,0,0,0,0,0,0
diagonal135,32,32,0,7,1024,0,0,0,0,0,0,0,0
diagonal135,32,32,1,7,1024,0,0,0,0,0,0,0,0
diagonal135,32,32,2,7,1024,35,12,768,791,-23,23,307,316
diagonal135,32,32,3,7,1024,29,12,768,791,-23,23,307,316
diagonal135,32,32,4,7,1024,0,0,0,0,0,0,0,0
diagonal135,32,32,5,7,1024,0,0,0,0,0,0,0,0
diagonal135,32,32,6,7,1024,0,0,0,0,0,0,0,0
diagonal135,32,32,7,7,1024,0,0,0,0,0,0,0,0
diagonal135,32,32,8,7,1024,0,0,0,0,0,0,0,0
diagonal135,32,32,9,7,1024,0,0,0,0,0,0,0,0
diagonal135,32,32,10,7,1024,0,0,0,0,0,0,0,0
diagonal135,32,32,11,7,1024,0,0,0,0,0,0,0,0
diagonal135,32,32,12,7,1024,0,0,0,0,0,0,0,0
diagonal135,32,32,13,7,1024,0,0,0,0,0,0,0,0
diagonal135,32,32,14,7,1024,0,0,0,0,0,0,0,0
diagonal135,32,32,15,7,1024,0,0,0,0,0,0,0,0
diagonal135,32,32,16,7,1024,0,0,0,0,0,0,0,0
diagonal135,32,32,17,7,1024,0,0,0,0,0,0,0,0
diagonal135,32,32,18,7,1024,0,0,0,0,0,0,0,0
diagonal135,32,32,19,7,1024,0,0,0,0,0,0,0,0
diagonal135,32,32,0,8,1024,0,0,0,0,0,0,0,0
diagonal135,32,32,1,8,1024,35,12,768,791,-23,23,307,316
diagonal135,32,32,2,8,1024,29,12,768,791,-23,23,307,316
diagonal135,32,32,3,8,1024,0,0,0,0,0,0,0,0
diagonal135,32,32,4,8,1024,0,0,0,0,0,0,0,0
diagonal135,32,32,5,8,1024,0,0,0,0,0,0,0,0
diagonal135,32,32,6,8,1024,0,0,0,0,0,0,0,0
diagonal135,32,32,7,8,1024,0,0,0,0,0,0,0,0
diagonal135,32,32,8,8,1024,0,0,0,0,0,0,0,0
diagonal135,32,32,9,8,1024,0,0,0,0,0,0,0,0
diagonal135,32,32,10,8,1024,0,0,0,0,0,0,0,0
diagonal135,32,32,11,8,1024,0,0,0,0,0,0,0,0
diagonal135,32,32,12,8,1024,0,0,0,0,0,0,0,0
diagonal135,32,32,13,8,1024,0,0,0,0,0,0,0,0
diagonal135,32,32,14,8,1024,0,0,0,0,0,0,0,0
diagonal135,32,32,15,8,1024,0,0,0,0,0,0,0,0
diagonal135,32,32,16,8,1024,0,0,0,0,0,0,0,0
diagonal135,32,32,17,8,1024,0,0,0,0,0,0,0,0
diagonal135,32,32,18,8,1024,0,0,0,0,0,0,0,0
diagonal135,32,32,19,8,1024,0,0,0,0,0,0,0,0
diagonal135,32,32,0,9,1024,35,12,768,791,-23,23,307,316
diagonal135,32,32,1,9,1024,29,12,768,791,-23,23,307,316
diagonal135,32,32,2,9,1024,0,0,0,0,0,0,0,0
diagonal135,32,32,3,9,1024,0,0,0,0,0,0,0,0
diagonal135,32,32,4,9,1024,0,0,0,0,0,0,0,0
diagonal135,32,32,5,9,1024,0,0,0,0,0,0,0,0
diagonal135,32,32,6,9,1024,0,0,0,0,0,0,0,0
diagonal135,32,32,7,9,1024,0,0,0,0,0,0,0,0
diagonal135,32,32,8,9,1024,0,0,0,0,0,0,0,0
diagonal135,32,32,9,9,1024,0,0,0,0,0,0,0,0
diagonal135,32,32,10,9,1024,0,0,0,0,0,0,0,0
diagonal135,32,32,11,9,1024,0,0,0,0,0,0,0,0
diagonal135,32,32,12,9,1024,0,0,0,0,0,0,0,0
diagonal135,32,32,13,9,1024,0,0,0,0,0,0,0,0
diagonal135,32,32,14,9,1024,0,0,0,0,0,0,0,0
diagonal135,32,32,15,9,1024,0,0,0,0,0,0,0,0
diagonal135,32,32,16,9,1024,0,0,0,0,0,0,0,0
diagonal135,32,32,17,9,1024,0,0,0,0,0,0,0,0
diagonal135,32,32,18,9,1024,0,0,0,0,0,0,0,0
diagonal135,32,32,19,9,1024,0,0,0,0,0,0,0,0
diagonal135,32,32,0,10,1024,43,12,768,791,-23,23,307,316
diagonal135,32,32,1,10,1024,0,0,0,0,0,0,0,0
diagonal135,32,32,2,10,1024,0,0,0,0,0,0,0,0
diagonal135,32,32,3,10,1024,0,0,0,0,0,0,0,0
diagonal135,32,32,4,10,1024,0,0,0,0,0,0,0,0
diagonal135,32,32,5,10,1024,0,0,0,0,0,0,0,0
diagonal135,32,32,6,10,1024,0,0,0,0,0,0,0,0
diagonal135,32,32,7,10,1024,0,0,0,0,0,0,0,0
diagonal135,32,32,8,10,1024,0,0,0,0,0,0,0,0
diagonal135,32,32,9,10,1024,0,0,0,0,0,0,0,0
diagonal135,32,32,10,10,1024,0,0,0,0,0,0,0,0
diagonal135,32,32,11,10,1024,0,0,0,0,0,0,0,0
diagonal135,32,32,12,10,1024,0,0,0,0,0,0,0,0
diagonal135,32,32,13,10,1024,0,0,0,0,0,0,0,0
diagonal135,32,32,14,10,1024,0,0,0,0,0,0,0,0
diagonal135,32,32,15,10,1024,0,0,0,0,0,0,0,0
diagonal135,32,32,16,10,1024,0,0,0,0,0,0,0,0
diagonal135,32,32,17,10,1024,0,0,0,0,0,0,0,0
diagonal135,32,32,18,10,1024,0,0,0,0,0,0,0,0
diagonal135,32,32,19,10,1024,0,0,0,0,0,0,0,0
diagonal135,32,32,0,11,1024,32,12,768,768,0,0,307,307
diagonal135,32,32,1,11,1024,0,0,0,0,0,0,0,0
diagonal135,32,32,2,11,1024,0,0,0,0,0,0,0,0
diagonal135,32,32,3,11,1024,0,0,0,0,0,0,0,0
diagonal135,32,32,4,11,1024,0,0,0,0,0,0,0,0
diagonal135,32,32,5,11,1024,0,0,0,0,0,0,0,0
diagonal135,32,32,6,11,1024,0,0,0,0,0,0,0,0
diagonal135,32,32,7,11,1024,0,0,0,0,0,0,0,0
diagonal135,32,32,8,11,1024,0,0,0,0,0,0,0,0
diagonal135,32,32,9,11,1024,0,0,0,0,0,0,0,0
diagonal135,32,32,10,11,1024,0,0,0,0,0,0,0,0
diagonal135,32,32,11,11,1024,0,0,0,0,0,0,0,0
diagonal135,32,32,12,11,1024,0,0,0,0,0,0,0,0
diagonal135,32,32,13,11,1024,0,0,0,0,0,0,0,0
diagonal135,32,32,14,11,1024,0,0,0,0,0,0,0,0
diagonal135,32,32,15,11,1024,0,0,0,0,0,0,0,0
diagonal135,32,32,16,11,1024,0,0,0,0,0,0,0,0
diagonal135,32,32,17,11,1024,0,0,0,0,0,0,0,0
diagonal135,32,32,18,11,1024,0,0,0,0,0,0,0,0
diagonal135,32,32,19,11,1024,0,0,0,0,0,0,0,0
diagonal135,32,32,0,12,1024,32,12,768,768,0,0,307,307
diagonal135,32,32,1,12,1024,0,0,0,0,0,0,0,0
diagonal135,32,32,2,12,1024,0,0,0,0,0,0,0,0
diagonal135,32,32,3,12,1024,0,0,0,0,0,0,0,0
diagonal135,32,32,4,12,1024,0,0,0,0,0,0,0,0
diagonal135,32,32,5,12,1024,0,0,0,0,0,0,0,0
diagonal135,32,32,6,12,1024,0,0,0,0,0,0,0,0
diagonal135,32,32,7,12,1024,0,0,0,0,0,0,0,0
diagonal135,32,32,8,12,1024,0,0,0,0,0,0,0,0
diagonal135,32,32,9,12,1024,0,0,0,0,0,0,0,0
diagonal135,32,32,10,12,1024,0,0,0,0,0,0,0,0
diagonal135,32,32,11,12,1024,0,0,0,0,0,0,0,0
diagonal135,32,32,12,12,1024,0,0,0,0,0,0,0,0
diagonal135,32,32,13,12,1024,0,0,0,0,0,0,0,0
diagonal135,32,32,14,12,1024,0,0,0,0,0,0,0,0
diagonal135,32,32,15,12,1024,0,0,0,0,0,0,0,0
diagonal135,32,32,16,12,1024,0,0,0,0,0,0,0,0
diagonal135,32,32,17,12,1024,0,0,0,0,0,0,0,0
diagonal135,32,32,18,12,1024,0,0,0,0,0,0,0,0
diagonal135,32,32,19,12,1024,0,0,0,0,0,0,0,0
diagonal135,32,32,0,13,1024,32,12,768,768,0,0,307,307
diagonal135,32,32,1,13,1024,0,0,0,0,0,0,0,0
diagonal135,32,32,2,13,1024,0,0,0,0,0,0,0,0
diagonal135,32,32,3,13,1024,0,0,0,0,0,0,0,0
diagonal135,32,32,4,13,1024,0,0,0,0,0,0,0,0
diagonal135,32,32,5,13,1024,0,0,0,0,0,0,0,0
diagonal135,32,32,6,13,1024,0,0,0,0,0,0,0,0
diagonal135,32,32,7,13,1024,0,0,0,0,0,0,0,0
diagonal135,32,32,8,13,1024,0,0,0,0,0,0,0,0
diagonal135,32,32,9,13,1024,0,0,0,0,0,0,0,0
diagonal135,32,32,10,13,1024,0,0,0,0,0,0,0,0
diagonal135,32,32,11,13,1024,0,0,0,0,0,0,0,0
diagonal135,32,32,12,13,1024,0,0,0,0,0,0,0,0
diagonal135,32,32,13,13,1024,0,0,0,0,0,0,0,0
diagonal135,32,32,14,13,1024,0,0,0,0,0,0,0,0
diagonal135,32,32,15,13,1024,0,0,0,0,0,0,0,0
diagonal135,32,32,16,13,1024,0,0,0,0,0,0,0,0
diagonal135,32,32,17,13,1024,0,0,0,0,0,0,0,0
diagonal135,32,32,18,13,1024,0,0,0,0,0,0,0,0
diagonal135,32,32,19,13,1024,0,0,0,0,0,0,0,0
diagonal135,32,32,0,14,1024,32,12,768,768,0,0,307,307
diagonal135,32,32,1,14,1024,0,0,0,0,0,0,0,0
diagonal135,32,32,2,14,1024,0,0,0,0,0,0,0,0
diagonal135,32,32,3,14,1024,0,0,0,0,0,0,0,0
diagonal135,32,32,4,14,1024,0,0,0,0,0,0,0,0
diagonal135,32,32,5,14,1024,0,0,0,0,0,0,0,0
diagonal135,32,32,6,14,1024,0,0,0,0,0,0,0,0
diagonal135,32,32,7,14,1024,0,0,0,0,0,0,0,0
diagonal135,32,32,8,14,1024,0,0,0,0,0,0,0,0
diagonal135,32,32,9,14,1024,0,0,0,0,0,0,0,0
diagonal135,32,32,10,14,1024,0,0,0,0,0,0,0,0
diagonal135,32,32,11,14,1024,0,0,0,0,0,0,0,0
diagonal135,32,32,12,14,1024,0,0,0,0,0,0,0,0
diagonal135,32,32,13,14,1024,0,0,0,0,0,0,0,0
diagonal135,32,32,14,14,1024,0,0,0,0,0,0,0,0
diagonal135,32,32,15,14,1024,0,0,0,0,0,0,0,0
diagonal135,32,32,16,14,1024,0,0,0,0,0,0,0,0
diagonal135,32,32,17,14,1024,0,0,0,0,0,0,0,0
diagonal135,32,32,18,14,1024,0,0,0,0,0,0,0,0
diagonal135,32,32,19,14,1024,0,0,0,0,0,0,0,0
diagonal135,64,8,0,0,4096,0,0,0,0,0,0,0,0
diagonal135,64,8,1,0,4096,0,0,0,0,0,0,0,0
diagonal135,64,8,2,0,4096,0,0,0,0,0,0,0,0
diagonal135,64,8,3,0,4096,0,0,0,0,0,0,0,0
diagonal135,64,8,4,0,4096,99,3,768,791,-23,23,307,316
diagonal135,64,8,5,0,4096,75,3,768,790,-22,22,307,316
diagonal135,64,8,6,0,4096,64,3,768,768,0,0,307,307
diagonal135,64,8,7,0,4096,64,3,768,768,0,0,307,307
diagonal135,64,8,8,0,4096,64,3,768,768,0,0,307,307
diagonal135,64,8,9,0,4096,64,3,768,768,0,0,307,307
diagonal135,64,8,0,1,4096,0,0,0,0,0,0,0,0
diagonal135,64,8,1,1,4096,0,0,0,0,0,0,0,0
diagonal135,64,8,2,1,4096,0,0,0,0,0,0,0,0
diagonal135,64,8,3,1,4096,99,3,768,791,-23,23,307,316
diagonal135,64,8,4,1,4096,29,3,768,791,-23,23,307,316
diagonal135,64,8,5,1,4096,0,0,0,0,0,0,0,0
diagonal135,64,8,6,1,4096,0,0,0,0,0,0,0,0
diagonal135,64,8,7,1,4096,0,0,0,0,0,0,0,0
diagonal135,64,8,8,1,4096,0,0,0,0,0,0,0,0
diagonal135,64,8,9,1,4096,0,0,0,0,0,0,0,0
diagonal135,64,8,0,2,4096,0,0,0,0,0,0,0,0
diagonal135,64,8,1,2,4096,0,0,0,0,0,0,0,0
diagonal135,64,8,2,2,4096,99,3,768,791,-23,23,307,316
diagonal135,64,8,3,2,4096,29,3,768,791,-23,23,307,316
diagonal135,64,8,4,2,4096,0,0,0,0,0,0,0,0
diagonal135,64,8,5,2,4096,0,0,0,0,0,0,0,0
diagonal135,64,8,6,2,4096,0,0,0,0,0,0,0,0
diagonal135,64,8,7,2,4096,0,0,0,0,0,0,0,0
diagonal135,64,8,8,2,4096,0,0,0,0,0,0,0,0
diagonal135,64,8,9,2,4096,0,0,0,0,0,0,0,0
diagonal135,64,8,0,3,4096,0,0,0,0,0,0,0,0
diagonal135,64,8,1,3,4096,99,3,768,791,-23,23,307,316
diagonal135,64,8,2,3,4096,29,3,768,791,-23,23,307,316
diagonal135,64,8,3,3,4096,0,0,0,0,0,0,0,0
diagonal135,64,8,4,3,4096,0,0,0,0,0,0,0,0
diagonal135,64,8,5,3,4096,0,0,0,0,0,0,0,0
diagonal135,64,8,6,3,4096,0,0,0,0,0,0,0,0
diagonal135,64,8,7,3,4096,0,0,0,0,0,0,0,0
diagonal135,64,8,8,3,4096,0,0,0,0,0,0,0,0
diagonal135,64,8,9,3,4096,0,0,0,0,0,0,0,0
diagonal135,64,8,0,4,4096,99,3,768,791,-23,23,307,316
diagonal135,64,8,1,4,4096,29,3,768,791,-23,23,307,316
diagonal135,64,8,2,4,4096,0,0,0,0,0,0,0,0
diagonal135,64,8,3,4,4096,0,0,0,0,0,0,0,0
diagonal135,64,8,4,4,4096,0,0,0,0,0,0,0,0
diagonal135,64,8,5,4,4096,0,0,0,0,0,0,0,0
diagonal135,64,8,6,4,4096,0,0,0,0,0,0,0,0
diagonal135,64,8,7,4,4096,0,0,0,0,0,0,0,0
diagonal135,64,8,8,4,4096,0,0,0,0,0,0,0,0
diagonal135,64,8,9,4,4096,0,0,0,0,0,0,0,0
diagonal135,64,8,0,5,4096,75,3,768,790,-22,22,307,316
diagonal135,64,8,1,5,4096,0,0,0,0,0,0,0,0
diagonal135,64,8,2,5,4096,0,0,0,0,0,0,0,0
diagonal135,64,8,3,5,4096,0,0,0,0,0,0,0,0
diagonal135,64,8,4,5,4096,0,0,0,0,0,0,0,0
diagonal135,64,8,5,5,4096,0,0,0,0,0,0,0,0
diagonal135,64,8,6,5,4096,0,0,0,0,0,0,0,0
diagonal135,64,8,7,5,4096,0,0,0,0,0,0,0,0
diagonal135,64,8,8,5,4096,0,0,0,0,0,0,0,0
diagonal135,64,8,9,5,4096,0,0,0,0,0,0,0,0
diagonal135,64,8,0,6,4096,64,3,768,768,0,0,307,307
diagonal135,64,8,1,6,4096,0,0,0,0,0,0,0,0
diagonal135,64,8,2,6,4096,0,0,0,0,0,0,0,0
diagonal135,64,8,3,6,4096,0,0,0,0,0,0,0,0
diagonal135,64,8,4,6,4096,0,0,0,0,0,0,0,0
diagonal135,64,8,5,6,4096,0,0,0,0,0,0,0,0
diagonal135,64,8,6,6,4096,0,0,0,0,0,0,0,0
diagonal135,64,8,7,6,4096,0,0,0,0,0,0,0,0
diagonal135,64,8,8,6,4096,0,0,0,0,0,0,0,0
diagonal135,64,8,9,6,4096,0,0,0,0,0,0,0,0
diagonal135,64,8,0,7,2048,32,3,768,768,0,0,307,307
diagonal135,64,8,1,7,2048,0,0,0,0,0,0,0,0
diagonal135,64,8,2,7,2048,0,0,0,0,0,0,0,0
diagonal135,64,8,3,7,2048,0,0,0,0,0,0,0,0
diagonal135,64,8,4,7,2048,0,0,0,0,0,0,0,0
diagonal135,64,8,5,7,2048,0,0,0,0,0,0,0,0
diagonal135,64,8,6,7,2048,0,0,0,0,0,0,0,0
diagonal135,64,8,7,7,2048,0,0,0,0,0,0,0,0
diagonal135,64,8,8,7,2048,0,0,0,0,0,0,0,0
diagonal135,64,8,9,7,2048,0,0,0,0,0,0,0,0
diagonal135,64,16,0,0,4096,0,0,0,0,0,0,0,0
diagonal135,64,16,1,0,4096,0,0,0,0,0,0,0,0
diagonal135,64,16,2,0,4096,0,0,0,0,0,0,0,0
diagonal135,64,16,3,0,4096,0,0,0,0,0,0,0,0
diagonal135,64,16,4,0,4096,99,6,768,791,-23,23,307,316
diagonal135,64,16,5,0,4096,75,6,768,790,-22,22,307,316
diagonal135,64,16,6,0,4096,64,6,768,768,0,0,307,307
diagonal135,64,16,7,0,4096,64,6,768,768,0,0,307,307
diagonal135,64,16,8,0,4096,64,6,768,768,0,0,307,307
diagonal135,64,16,9,0,4096,64,6,768,768,0,0,307,307
diagonal135,64,16,0,1,4096,0,0,0,0,0,0,0,0
diagonal135,64,16,1,1,4096,0,0,0,0,0,0,0,0
diagonal135,64,16,2,1,4096,0,0,0,0,0,0,0,0
diagonal135,64,16,3,1,4096,99,6,768,791,-23,23,307,316
diagonal135,64,16,4,1,4096,29,6,768,791,-23,23,307,316
diagonal135,64,16,5,1,4096,0,0,0,0,0,0,0,0
diagonal135,64,16,6,1,4096,0,0,0,0,0,0,0,0
diagonal135,64,16,7,1,4096,0,0,0,0,0,0,0,0
diagonal135,64,16,8,1,4096,0,0,0,0,0,0,0,0
diagonal135,64,16,9,1,4096,0,0,0,0,0,0,0,0
diagonal135,64,16,0,2,4096,0,0,0,0,0,0,0,0
diagonal135,64,16,1,2,4096,0,0,0,0,0,0,0,0
diagonal135,64,16,2,2,4096,99,6,768,791,-23,23,307,316
diagonal135,64,16,3,2,4096,29,6,768,791,-23,23,307,316
diagonal135,64,16,4,2,4096,0,0,0,0,0,0,0,0
diagonal135,64,16,5,2,4096,0,0,0,0,0,0,0,0
diagonal135,64,16,6,2,4096,0,0,0,0,0,0,0,0
diagonal135,64,16,7,2,4096,0,0,0,0,0,0,0,0
diagonal135,64,16,8,2,4096,0,0,0,0,0,0,0,0
diagonal135,64,16,9,2,4096,0,0,0,0,0,0,0,0
diagonal135,64,16,0,3,4096,0,0,0,0,0,0,0,0
diagonal135,64,16,1,3,4096,99,6,768,791,-23,23,307,316
diagonal135,64,16,2,3,4096,29,6,768,791,-23,23,307,316
diagonal135,64,16,3,3,4096,0,0,0,0,0,0,0,0
diagonal135,64,16,4,3,4096,0,0,0,0,0,0,0,0
diagonal135,64,16,5,3,4096,0,0,0,0,0,0,0,0
diagonal135,64,16,6,3,4096,0,0,0,0,0,0,0,0
diagonal135,64,16,7,3,4096,0,0,0,0,0,0,0,0
diagonal135,64,16,8,3,4096,0,0,0,0,0,0,0,0
diagonal135,64,16,9,3,4096,0,0,0,0,0,0,0,0
diagonal135,64,16,0,4,4096,99,6,768,791,-23,23,307,316
diagonal135,64,16,1,4,4096,29,6,768,791,-23,23,307,316
diagonal135,64,16,2,4,4096,0,0,0,0,0,0,0,0
diagonal135,64,16,3,4,4096,0,0,0,0,0,0,0,0
diagonal135,64,16,4,4,4096,0,0,0,0,0,0,0,0
diagonal135,64,16,5,4,4096,0,0,0,0,0,0,0,0
diagonal135,64,16,6,4,4096,0,0,0,0,0,0,0,0
diagonal135,64,16,7,4,4096,0,0,0,0,0,0,0,0
diagonal135,64,16,8,4,4096,0,0,0,0,0,0,0,0
diagonal135,64,16,9,4,4096,0,0,0,0,0,0,0,0
diagonal135,64,16,0,5,4096,75,6,768,790,-22,22,307,316
diagonal135,64,16,1,5,4096,0,0,0,0,0,0,0,0
diagonal135,64,16,2,5,4096,0,0,0,0,0,0,0,0
diagonal135,64,16,3,5,4096,0,0,0,0,0,0,0,0
diagonal135,64,16,4,5,4096,0,0,0,0,0,0,0,0
diagonal135,64,16,5,5,4096,0,0,0,0,0,0,0,0
diagonal135,64,16,6,5,4096,0,0,0,0,0,0,0,0
diagonal135,64,16,7,5,4096,0,0,0,0,0,0,0,0
diagonal135,64,16,8,5,4096,0,0,0,0,0,0,0,0
diagonal135,64,16,9,5,4096,0,0,0,0,0,0,0,0
diagonal135,64,16,0,6,4096,64,6,768,768,0,0,307,307
diagonal135,64,16,1,6,4096,0,0,0,0,0,0,0,0
diagonal135,64,16,2,6,4096,0,0,0,0,0,0,0,0
diagonal135,64,16,3,6,4096,0,0,0,0,0,0,0,0
diagonal135,64,16,4,6,4096,0,0,0,0,0,0,0,0
diagonal135,64,16,5,6,4096,0,0,0,0,0,0,0,0
diagonal135,64,16,6,6,4096,0,0,0,0,0,0,0,0
diagonal135,64,16,7,6,4096,0,0,0,0,0,0,0,0
diagonal135,64,16,8,6,4096,0,0,0,0,0,0,0,0
diagonal135,64,16,9,6,4096,0,0,0,0,0,0,0,0
diagonal135,64,16,0,7,2048,32,6,768,768,0,0,307,307
diagonal135,64,16,1,7,2048,0,0,0,0,0,0,0,0
diagonal135,64,16,2,7,2048,0,0,0,0,0,0,0,0
diagonal135,64,16,3,7,2048,0,0,0,0,0,0,0,0
diagonal135,64,16,4,7,2048,0,0,0,0,0,0,0,0
diagonal135,64,16,5,7,2048,0,0,0,0,0,0,0,0
diagonal135,64,16,6,7,2048,0,0,0,0,0,0,0,0
diagonal135,64,16,7,7,2048,0,0,0,0,0,0,0,0
diagonal135,64,16,8,7,2048,0,0,0,0,0,0,0,0
diagonal135,64,16,9,7,2048,0,0,0,0,0,0,0,0
diagonal135,64,32,0,0,4096,0,0,0,0,0,0,0,0
diagonal135,64,32,1,0,4096,0,0,0,0,0,0,0,0
diagonal135,64,32,2,0,4096,0,0,0,0,0,0,0,0
diagonal135,64,32,3,0,4096,0,0,0,0,0,0,0,0
diagonal135,64,32,4,0,4096,99,12,768,791,-23,23,307,316
diagonal135,64,32,5,0,4096,75,12,768,790,-22,22,307,316
diagonal135,64,32,6,0,4096,64,12,768,768,0,0,307,307
diagonal135,64,32,7,0,4096,64,12,768,768,0,0,307,307
diagonal135,64,32,8,0,4096,64,12,768,768,0,0,307,307
diagonal135,64,32,9,0,4096,64,12,768,768,0,0,307,307
diagonal135,64,32,0,1,4096,0,0,0,0,0,0,0,0
diagonal135,64,32,1,1,4096,0,0,0,0,0,0,0,0
diagonal135,64,32,2,1,4096,0,0,0,0,0,0,0,0
diagonal135,64,32,3,1,4096,99,12,768,791,-23,23,307,316
diagonal135,64,32,4,1,4096,29,12,768,791,-23,23,307,316
diagonal135,64,32,5,1,4096,0,0,0,0,0,0,0,0
diagonal135,64,32,6,1,4096,0,0,0,0,0,0,0,0
diagonal135,64,32,7,1,4096,0,0,0,0,0,0,0,0
diagonal135,64,32,8,1,4096,0,0,0,0,0,0,0,0
diagonal135,64,32,9,1,4096,0,0,0,0,0,0,0,0
diagonal135,64,32,0,2,4096,0,0,0,0,0,0,0,0
diagonal135,64,32,1,2,4096,0,0,0,0,0,0,0,0
diagonal135,64,32,2,2,4096,99,12,768,791,-23,23,307,316
diagonal135,64,32,3,2,4096,29,12,768,791,-23,23,307,316
diagonal135,64,32,4,2,4096,0,0,0,0,0,0,0,0
diagonal135,64,32,5,2,4096,0,0,0,0,0,0,0,0
diagonal135,64,32,6,2,4096,0,0,0,0,0,0,0,0
diagonal135,64,32,7,2,4096,0,0,0,0,0,0,0,0
diagonal135,64,32,8,2,4096,0,0,0,0,0,0,0,0
diagonal135,64,32,9,2,4096,0,0,0,0,0,0,0,0
diagonal135,64,32,0,3,4096,0,0,0,0,0,0,0,0
diagonal135,64,32,1,3,4096,99,12,768,791,-23,23,307,316
diagonal135,64,32,2,3,4096,29,12,768,791,-23,23,307,316
diagonal135,64,32,3,3,4096,0,0,0,0,0,0,0,0
diagonal135,64,32,4,3,4096,0,0,0,0,0,0,0,0
diagonal135,64,32,5,3,4096,0,0,0,0,0,0,0,0
diagonal135,64,32,6,3,4096,0,0,0,0,0,0,0,0
diagonal135,64,32,7,3,4096,0,0,0,0,0,0,0,0
diagonal135,64,32,8,3,4096,0,0,0,0,0,0,0,0
diagonal135,64,32,9,3,4096,0,0,0,0,0,0,0,0
diagonal135,64,32,0,4,4096,99,12,768,791,-23,23,307,316
diagonal135,64,32,1,4,4096,29,12,768,791,-23,23,307,316
diagonal135,64,32,2,4,4096,0,0,0,0,0,0,0,0
diagonal135,64,32,3,4,4096,0,0,0,0,0,0,0,0
diagonal135,64,32,4,4,4096,0,0,0,0,0,0,0,0
diagonal135,64,32,5,4,4096,0,0,0,0,0,0,0,0
diagonal135,64,32,6,4,4096,0,0,0,0,0,0,0,0
diagonal135,64,32,7,4,4096,0,0,0,0,0,0,0,0
diagonal135,64,32,8,4,4096,0,0,0,0,0,0,0,0
diagonal135,64,32,9,4,4096,0,0,0,0,0,0,0,0
diagonal135,64,32,0,5,4096,75,12,768,790,-22,22,307,316
diagonal135,64,32,1,5,4096,0,0,0,0,0,0,0,0
diagonal135,64,32,2,5,4096,0,0,0,0,0,0,0,0
diagonal135,64,32,3,5,4096,0,0,0,0,0,0,0,0
diagonal135,64,32,4,5,4096,0,0,0,0,0,0,0,0
diagonal135,64,32,5,5,4096,0,0,0,0,0,0,0,0
diagonal135,64,32,6,5,4096,0,0,0,0,0,0,0,0
diagonal135,64,32,7,5,4096,0,0,0,0,0,0,0,0
diagonal135,64,32,8,5,4096,0,0,0,0,0,0,0,0
diagonal135,64,32,9,5,4096,0,0,0,0,0,0,0,0
diagonal135,64,32,0,6,4096,64,12,768,768,0,0,307,307
diagonal135,64,32,1,6,4096,0,0,0,0,0,0,0,0
diagonal135,64,32,2,6,4096,0,0,0,0,0,0,0,0
diagonal135,64,32,3,6,4096,0,0,0,0,0,0,0,0
diagonal135,64,32,4,6,4096,0,0,0,0,0,0,0,0
diagonal135,64,32,5,6,4096,0,0,0,0,0,0,0,0
diagonal135,64,32,6,6,4096,0,0,0,0,0,0,0,0
diagonal135,64,32,7,6,4096,0,0,0,0,0,0,0,0
diagonal135,64,32,8,6,4096,0,0,0,0,0,0,0,0
diagonal135,64,32,9,6,4096,0,0,0,0,0,0,0,0
diagonal135,64,32,0,7,2048,32,12,768,768,0,0,307,307
diagonal135,64,32,1,7,2048,0,0,0,0,0,0,0,0
diagonal135,64,32,2,7,2048,0,0,0,0,0,0,0,0
diagonal135,64,32,3,7,2048,0,0,0,0,0,0,0,0
diagonal135,64,32,4,7,2048,0,0,0,0,0,0,0,0
diagonal135,64,32,5,7,2048,0,0,0,0,0,0,0,0
diagonal135,64,32,6,7,2048,0,0,0,0,0,0,0,0
diagonal135,64,32,7,7,2048,0,0,0,0,0,0,0,0
diagonal135,64,32,8,7,2048,0,0,0,0,0,0,0,0
diagonal135,64,32,9,7,2048,0,0,0,0,0,0,0,0
checkerboard,32,8,0,0,1024,222,3,768,768,0,0,307,307
checkerboard,32,8,1,0,1024,240,3,768,768,0,0,307,307
checkerboard,32,8,2,0,1024,240,3,768,768,0,0,307,307
checkerboard,32,8,3,0,1024,240,3,768,768,0,0,307,307
checkerboard,32,8,4,0,1024,240,3,768,768,0,0,307,307
checkerboard,32,8,5,0,1024,240,3,768,768,0,0,307,307
checkerboard,32,8,6,0,1024,240,3,768,768,0,0,307,307
checkerboard,32,8,7,0,1024,240,3,768,768,0,0,307,307
checkerboard,32,8,8,0,1024,240,3,768,768,0,0,307,307
checkerboard,32,8,9,0,1024,240,3,768,768,0,0,307,307
checkerboard,32,8,10,0,1024,240,3,768,768,0,0,307,307
checkerboard,32,8,11,0,1024,240,3,768,768,0,0,307,307
checkerboard,32,8,12,0,1024,240,3,768,768,0,0,307,307
checkerboard,32,8,13,0,1024,240,3,768,768,0,0,307,307
checkerboard,32,8,14,0,1024,240,3,768,768,0,0,307,307
checkerboard,32,8,15,0,1024,240,3,768,768,0,0,307,307
checkerboard,32,8,16,0,1024,240,3,768,768,0,0,307,307
checkerboard,32,8,17,0,1024,240,3,768,768,0,0,307,307
checkerboard,32,8,18,0,1024,240,3,768,768,0,0,307,307
checkerboard,32,8,19,0,1024,240,3,768,768,0,0,307,307
checkerboard,32,8,0,1,1024,240,3,768,768,0,0,307,307
checkerboard,32,8,1,1,1024,256,3,768,768,0,0,307,307
checkerboard,32,8,2,1,1024,256,3,768,768,0,0,307,307
checkerboard,32,8,3,1,1024,256,3,768,768,0,0,307,307
checkerboard,32,8,4,1,1024,256,3,768,768,0,0,307,307
checkerboard,32,8,5,1,1024,256,3,768,768,0,0,307,307
checkerboard,32,8,6,1,1024,256,3,768,768,0,0,307,307
checkerboard,32,8,7,1,1024,256,3,768,768,0,0,307,307
checkerboard,32,8,8,1,1024,256,3,768,768,0,0,307,307
checkerboard,32,8,9,1,1024,256,3,768,768,0,0,307,307
checkerboard,32,8,10,1,1024,256,3,768,768,0,0,307,307
checkerboard,32,8,11,1,1024,256,3,768,768,0,0,307,307
checkerboard,32,8,12,1,1024,256,3,768,768,0,0,307,307
checkerboard,32,8,13,1,1024,256,3,768,768,0,0,307,307
checkerboard,32,8,14,1,1024,256,3,768,768,0,0,307,307
checkerboard,32,8,15,1,1024,256,3,768,768,0,0,307,307
checkerboard,32,8,16,1,1024,256,3,768,768,0,0,307,307
checkerboard,32,8,17,1,1024,256,3,768,768,0,0,307,307
checkerboard,32,8,18,1,1024,256,3,768,768,0,0,307,307
checkerboard,32,8,19,1,1024,256,3,768,768,0,0,307,307
checkerboard,32,8,0,2,1024,240,3,768,768,0,0,307,307
checkerboard,32,8,1,2,1024,256,3,768,768,0,0,307,307
checkerboard,32,8,2,2,1024,256,3,768,768,0,0,307,307
checkerboard,32,8,3,2,1024,256,3,768,768,0,0,307,307
checkerboard,32,8,4,2,1024,256,3,768,768,0,0,307,307
checkerboard,32,8,5,2,1024,256,3,768,768,0,0,307,307
checkerboard,32,8,6,2,1024,256,3,768,768,0,0,307,307
checkerboard,32,8,7,2,1024,256,3,768,768,0,0,307,307
checkerboard,32,8,8,2,1024,256,3,768,768,0,0,307,307
checkerboard,32,8,9,2,1024,256,3,768,768,0,0,307,307
checkerboard,32,8,10,2,1024,256,3,768,768,0,0,307,307
checkerboard,32,8,11,2,1024,256,3,768,768,0,0,307,307
checkerboard,32,8,12,2,1024,256,3,768,768,0,0,307,307
checkerboard,32,8,13,2,1024,256,3,768,768,0,0,307,307
checkerboard,32,8,14,2,1024,256,3,768,768,0,0,307,307
checkerboard,32,8,15,2,1024,256,3,768,768,0,0,307,307
checkerboard,32,8,16,2,1024,256,3,768,768,0,0,307,307
checkerboard,32,8,17,2,1024,256,3,768,768,0,0,307,307
checkerboard,32,8,18,2,1024,256,3,768,768,0,0,307,307
checkerboard,32,8,19,2,1024,256,3,768,768,0,0,307,307
checkerboard,32,8,0,3,1024,240,3,768,768,0,0,307,307
checkerboard,32,8,1,3,1024,256,3,768,768,0,0,307,307
checkerboard,32,8,2,3,1024,256,3,768,768,0,0,307,307
checkerboard,32,8,3,3,1024,256,3,768,768,0,0,307,307
checkerboard,32,8,4,3,1024,256,3,768,768,0,0,307,307
checkerboard,32,8,5,3,1024,256,3,768,768,0,0,307,307
checkerboard,32,8,6,3,1024,256,3,768,768,0,0,307,307
checkerboard,32,8,7,3,1024,256,3,768,768,0,0,307,307
checkerboard,32,8,8,3,1024,256,3,768,768,0,0,307,307
checkerboard,32,8,9,3,1024,256,3,768,768,0,0,307,307
checkerboard,32,8,10,3,1024,256,3,768,768,0,0,307,307
checkerboard,32,8,11,3,1024,256,3,768,768,0,0,307,307
checkerboard,32,8,12,3,1024,256,3,768,768,0,0,307,307
checkerboard,32,8,13,3,1024,256,3,768,768,0,0,307,307
checkerboard,32,8,14,3,1024,256,3,768,768,0,0,307,307
checkerboard,32,8,15,3,1024,256,3,768,768,0,0,307,307
checkerboard,32,8,16,3,1024,256,3,768,768,0,0,307,307
checkerboard,32,8,17,3,1024,256,3,768,768,0,0,307,307
checkerboard,32,8,18,3,1024,256,3,768,768,0,0,307,307
checkerboard,32,8,19,3,1024,256,3,768,768,0,0,307,307
checkerboard,32,8,0,4,1024,240,3,768,768,0,0,307,307
checkerboard,32,8,1,4,1024,256,3,768,768,0,0,307,307
checkerboard,32,8,2,4,1024,256,3,768,768,0,0,307,307
checkerboard,32,8,3,4,1024,256,3,768,768,0,0,307,307
checkerboard,32,8,4,4,1024,256,3,768,768,0,0,307,307
checkerboard,32,8,5,4,1024,256,3,768,768,0,0,307,307
checkerboard,32,8,6,4,1024,256,3,768,768,0,0,307,307
checkerboard,32,8,7,4,1024,256,3,768,768,0,0,307,307
checkerboard,32,8,8,4,1024,256,3,768,768,0,0,307,307
checkerboard,32,8,9,4,1024,256,3,768,768,0,0,307,307
checkerboard,32,8,10,4,1024,256,3,768,768,0,0,307,307
checkerboard,32,8,11,4,1024,256,3,768,768,0,0,307,307
checkerboard,32,8,12,4,1024,256,3,768,768,0,0,307,307
checkerboard,32,8,13,4,1024,256,3,768,768,0,0,307,307
checkerboard,32,8,14,4,1024,256,3,768,768,0,0,307,307
checkerboard,32,8,15,4,1024,256,3,768,768,0,0,307,307
checkerboard,32,8,16,4,1024,256,3,768,768,0,0,307,307
checkerboard,32,8,17,4,1024,256,3,768,768,0,0,307,307
checkerboard,32,8,18,4,1024,256,3,768,768,0,0,307,307
checkerboard,32,8,19,4,1024,256,3,768,768,0,0,307,307
checkerboard,32,8,0,5,1024,240,3,768,768,0,0,307,307
checkerboard,32,8,1,5,1024,256,3,768,768,0,0,307,307
checkerboard,32,8,2,5,1024,256,3,768,768,0,0,307,307
checkerboard,32,8,3,5,1024,256,3,768,768,0,0,307,307
checkerboard,32,8,4,5,1024,256,3,768,768,0,0,307,307
checkerboard,32,8,5,5,1024,256,3,768,768,0,0,307,307
checkerboard,32,8,6,5,1024,256,3,768,768,0,0,307,307
checkerboard,32,8,7,5,1024,256,3,768,768,0,0,307,307
checkerboard,32,8,8,5,1024,256,3,768,768,0,0,307,307
checkerboard,32,8,9,5,1024,256,3,768,768,0,0,307,307
checkerboard,32,8,10,5,1024,256,3,768,768,0,0,307,307
checkerboard,32,8,11,5,1024,256,3,768,768,0,0,307,307
checkerboard,32,8,12,5,1024,256,3,768,768,0,0,307,307
checkerboard,32,8,13,5,1024,256,3,768,768,0,0,307,307
checkerboard,32,8,14,5,1024,256,3,768,768,0,0,307,307
checkerboard,32,8,15,5,1024,256,3,768,768,0,0,307,307
checkerboard,32,8,16,5,1024,256,3,768,768,0,0,307,307
checkerboard,32,8,17,5,1024,256,3,768,768,0,0,307,307
checkerboard,32,8,18,5,1024,256,3,768,768,0,0,307,307
checkerboard,32,8,19,5,1024,256,3,768,768,0,0,307,307
checkerboard,32,8,0,6,1024,240,3,768,768,0,0,307,307
checkerboard,32,8,1,6,1024,256,3,768,768,0,0,307,307
checkerboard,32,8,2,6,1024,256,3,768,768,0,0,307,307
checkerboard,32,8,3,6,1024,256,3,768,768,0,0,307,307
checkerboard,32,8,4,6,1024,256,3,768,768,0,0,307,307
checkerboard,32,8,5,6,1024,256,3,768,768,0,0,307,307
checkerboard,32,8,6,6,1024,256,3,768,768,0,0,307,307
checkerboard,32,8,7,6,1024,256,3,768,768,0,0,307,307
checkerboard,32,8,8,6,1024,256,3,768,768,0,0,307,307
checkerboard,32,8,9,6,1024,256,3,768,768,0,0,307,307
checkerboard,32,8,10,6,1024,256,3,768,768,0,0,307,307
checkerboard,32,8,11,6,1024,256,3,768,768,0,0,307,307
checkerboard,32,8,12,6,1024,256,3,768,768,0,0,307,307
checkerboard,32,8,13,6,1024,256,3,768,768,0,0,307,307
checkerboard,32,8,14,6,1024,256,3,768,768,0,0,307,307
checkerboard,32,8,15,6,1024,256,3,768,768,0,0,307,307
checkerboard,32,8,16,6,1024,256,3,768,768,0,0,307,307
checkerboard,32,8,17,6,1024,256,3,768,768,0,0,307,307
checkerboard,32,8,18,6,1024,256,3,768,768,0,0,307,307
checkerboard,32,8,19,6,1024,256,3,768,768,0,0,307,307
checkerboard,32,8,0,7,1024,240,3,768,768,0,0,307,307
checkerboard,32,8,1,7,1024,256,3,768,768,0,0,307,307
checkerboard,32,8,2,7,1024,256,3,768,768,0,0,307,307
checkerboard,32,8,3,7,1024,256,3,768,768,0,0,307,307
checkerboard,32,8,4,7,1024,256,3,768,768,0,0,307,307
checkerboard,32,8,5,7,1024,256,3,768,768,0,0,307,307
checkerboard,32,8,6,7,1024,256,3,768,768,0,0,307,307
checkerboard,32,8,7,7,1024,256,3,768,768,0,0,307,307
checkerboard,32,8,8,7,1024,256,3,768,768,0,0,307,307
checkerboard,32,8,9,7,1024,256,3,768,768,0,0,307,307
checkerboard,32,8,10,7,1024,256,3,768,768,0,0,307,307
checkerboard,32,8,11,7,1024,256,3,768,768,0,0,307,307
checkerboard,32,8,12,7,1024,256,3,768,768,0,0,307,307
checkerboard,32,8,13,7,1024,256,3,768,768,0,0,307,307
checkerboard,32,8,14,7,1024,256,3,768,768,0,0,307,307
checkerboard,32,8,15,7,1024,256,3,768,768,0,0,307,307
checkerboard,32,8,16,7,1024,256,3,768,768,0,0,307,307
checkerboard,32,8,17,7,1024,256,3,768,768,0,0,307,307
checkerboard,32,8,18,7,1024,256,3,768,768,0,0,307,307
checkerboard,32,8,19,7,1024,256,3,768,768,0,0,307,307
checkerboard,32,8,0,8,1024,240,3,768,768,0,0,307,307
checkerboard,32,8,1,8,1024,256,3,768,768,0,0,307,307
checkerboard,32,8,2,8,1024,256,3,768,768,0,0,307,307
checkerboard,32,8,3,8,1024,256,3,768,768,0,0,307,307
checkerboard,32,8,4,8,1024,256,3,768,768,0,0,307,307
checkerboard,32,8,5,8,1024,256,3,768,768,0,0,307,307
checkerboard,32,8,6,8,1024,256,3,768,768,0,0,307,307
checkerboard,32,8,7,8,1024,256,3,768,768,0,0,307,307
checkerboard,32,8,8,8,1024,256,3,768,768,0,0,307,307
checkerboard,32,8,9,8,1024,256,3,768,768,0,0,307,307
checkerboard,32,8,10,8,1024,256,3,768,768,0,0,307,307
checkerboard,32,8,11,8,1024,256,3,768,768,0,0,307,307
checkerboard,32,8,12,8,1024,256,3,768,768,0,0,307,307
checkerboard,32,8,13,8,1024,256,3,768,768,0,0,307,307
checkerboard,32,8,14,8,1024,256,3,768,768,0,0,307,307
checkerboard,32,8,15,8,1024,256,3,768,768,0,0,307,307
checkerboard,32,8,16,8,1024,256,3,768,768,0,0,307,307
checkerboard,32,8,17,8,1024,256,3,768,768,0,0,307,307
checkerboard,32,8,18,8,1024,256,3,768,768,0,0,307,307
checkerboard,32,8,19,8,1024,256,3,768,768,0,0,307,307
checkerboard,32,8,0,9,1024,240,3,768,768,0,0,307,307
checkerboard,32,8,1,9,1024,256,3,768,768,0,0,307,307
checkerboard,32,8,2,9,1024,256,3,768,768,0,0,307,307
checkerboard,32,8,3,9,1024,256,3,768,768,0,0,307,307
checkerboard,32,8,4,9,1024,256,3,768,768,0,0,307,307
checkerboard,32,8,5,9,1024,256,3,768,768,0,0,307,307
checkerboard,32,8,6,9,1024,256,3,768,768,0,0,307,307
checkerboard,32,8,7,9,1024,256,3,768,768,0,0,307,307
checkerboard,32,8,8,9,1024,256,3,768,768,0,0,307,307
checkerboard,32,8,9,9,1024,256,3,768,768,0,0,307,307
checkerboard,32,8,10,9,1024,256,3,768,768,0,0,307,307
checkerboard,32,8,11,9,1024,256,3,768,768,0,0,307,307
checkerboard,32,8,12,9,1024,256,3,768,768,0,0,307,307
checkerboard,32,8,13,9,1024,256,3,768,768,0,0,307,307
checkerboard,32,8,14,9,1024,256,3,768,768,0,0,307,307
checkerboard,32,8,15,9,1024,256,3,768,768,0,0,307,307
checkerboard,32,8,16,9,1024,256,3,768,768,0,0,307,307
checkerboard,32,8,17,9,1024,256,3,768,768,0,0,307,307
checkerboard,32,8,18,9,1024,256,3,768,768,0,0,307,307
checkerboard,32,8,19,9,1024,256,3,768,768,0,0,307,307
checkerboard,32,8,0,10,1024,240,3,768,768,0,0,307,307
checkerboard,32,8,1,10,1024,256,3,768,768,0,0,307,307
checkerboard,32,8,2,10,1024,256,3,768,768,0,0,307,307
checkerboard,32,8,3,10,1024,256,3,768,768,0,0,307,307
checkerboard,32,8,4,10,1024,256,3,768,768,0,0,307,307
checkerboard,32,8,5,10,1024,256,3,768,768,0,0,307,307
checkerboard,32,8,6,10,1024,256,3,768,768,0,0,307,307
checkerboard,32,8,7,10,1024,256,3,768,768,0,0,307,307
checkerboard,32,8,8,10,1024,256,3,768,768,0,0,307,307
checkerboard,32,8,9,10,1024,256,3,768,768,0,0,307,307
checkerboard,32,8,10,10,1024,256,3,768,768,0,0,307,307
checkerboard,32,8,11,10,1024,256,3,768,768,0,0,307,307
checkerboard,32,8,12,10,1024,256,3,768,768,0,0,307,307
checkerboard,32,8,13,10,1024,256,3,768,768,0,0,307,307
checkerboard,32,8,14,10,1024,256,3,768,768,0,0,307,307
checkerboard,32,8,15,10,1024,256,3,768,768,0,0,307,307
checkerboard,32,8,16,10,1024,256,3,768,768,0,0,307,307
checkerboard,32,8,17,10,1024,256,3,768,768,0,0,307,307
checkerboard,32,8,18,10,1024,256,3,768,768,0,0,307,307
checkerboard,32,8,19,10,1024,256,3,768,768,0,0,307,307
checkerboard,32,8,0,11,1024,240,3,768,768,0,0,307,307
checkerboard,32,8,1,11,1024,256,3,768,768,0,0,307,307
checkerboard,32,8,2,11,1024,256,3,768,768,0,0,307,307
checkerboard,32,8,3,11,1024,256,3,768,768,0,0,307,307
checkerboard,32,8,4,11,1024,256,3,768,768,0,0,307,307
checkerboard,32,8,5,11,1024,256,3,768,768,0,0,307,307
checkerboard,32,8,6,11,1024,256,3,768,768,0,0,307,307
checkerboard,32,8,7,11,1024,256,3,768,768,0,0,307,307
checkerboard,32,8,8,11,1024,256,3,768,768,0,0,307,307
checkerboard,32,8,9,11,1024,256,3,768,768,0,0,307,307
checkerboard,32,8,10,11,1024,256,3,768,768,0,0,307,307
checkerboard,32,8,11,11,1024,256,3,768,768,0,0,307,307
checkerboard,32,8,12,11,1024,256,3,768,768,0,0,307,307
checkerboard,32,8,13,11,1024,256,3,768,768,0,0,307,307
checkerboard,32,8,14,11,1024,256,3,768,768,0,0,307,307
checkerboard,32,8,15,11,1024,256,3,768,768,0,0,307,307
checkerboard,32,8,16,11,1024,256,3,768,768,0,0,307,307
checkerboard,32,8,17,11,1024,256,3,768,768,0,0,307,307
checkerboard,32,8,18,11,1024,256,3,768,768,0,0,307,307
checkerboard,32,8,19,11,1024,256,3,768,768,0,0,307,307
checkerboard,32,8,0,12,1024,240,3,768,768,0,0,307,307
checkerboard,32,8,1,12,1024,256,3,768,768,0,0,307,307
checkerboard,32,8,2,12,1024,256,3,768,768,0,0,307,307
checkerboard,32,8,3,12,1024,256,3,768,768,0,0,307,307
checkerboard,32,8,4,12,1024,256,3,768,768,0,0,307,307
checkerboard,32,8,5,12,1024,256,3,768,768,0,0,307,307
checkerboard,32,8,6,12,1024,256,3,768,768,0,0,307,307
checkerboard,32,8,7,12,1024,256,3,768,768,0,0,307,307
checkerboard,32,8,8,12,1024,256,3,768,768,0,0,307,307
checkerboard,32,8,9,12,1024,256,3,768,768,0,0,307,307
checkerboard,32,8,10,12,1024,256,3,768,768,0,0,307,307
checkerboard,32,8,11,12,1024,256,3,768,768,0,0,307,307
checkerboard,32,8,12,12,1024,256,3,768,768,0,0,307,307
checkerboard,32,8,13,12,1024,256,3,768,768,0,0,307,307
checkerboard,32,8,14,12,1024,256,3,768,768,0,0,307,307
checkerboard,32,8,15,12,1024,256,3,768,768,0,0,307,307
checkerboard,32,8,16,12,1024,256,3,768,768,0,0,307,307
checkerboard,32,8,17,12,1024,256,3,768,768,0,0,307,307
checkerboard,32,8,18,12,1024,256,3,768,768,0,0,307,307
checkerboard,32,8,19,12,1024,256,3,768,768,0,0,307,307
checkerboard,32,8,0,13,1024,240,3,768,768,0,0,307,307
checkerboard,32,8,1,13,1024,256,3,768,768,0,0,307,307
checkerboard,32,8,2,13,1024,256,3,768,768,0,0,307,307
checkerboard,32,8,3,13,1024,256,3,768,768,0,0,307,307
checkerboard,32,8,4,13,1024,256,3,768,768,0,0,307,307
checkerboard,32,8,5,13,1024,256,3,768,768,0,0,307,307
checkerboard,32,8,6,13,1024,256,3,768,768,0,0,307,307
checkerboard,32,8,7,13,1024,256,3,768,768,0,0,307,307
checkerboard,32,8,8,13,1024,256,3,768,768,0,0,307,307
checkerboard,32,8,9,13,1024,256,3,768,768,0,0,307,307
checkerboard,32,8,10,13,1024,256,3,768,768,0,0,307,307
checkerboard,32,8,11,13,1024,256,3,768,768,0,0,307,307
checkerboard,32,8,12,13,1024,256,3,768,768,0,0,307,307
checkerboard,32,8,13,13,1024,256,3,768,768,0,0,307,307
checkerboard,32,8,14,13,1024,256,3,768,768,0,0,307,307
checkerboard,32,8,15,13,1024,256,3,768,768,0,0,307,307
checkerboard,32,8,16,13,1024,256,3,768,768,0,0,307,307
checkerboard,32,8,17,13,1024,256,3,768,768,0,0,307,307
checkerboard,32,8,18,13,1024,256,3,768,768,0,0,307,307
checkerboard,32,8,19,13,1024,256,3,768,768,0,0,307,307
checkerboard,32,8,0,14,1024,240,3,768,768,0,0,307,307
checkerboard,32,8,1,14,1024,256,3,768,768,0,0,307,307
checkerboard,32,8,2,14,1024,256,3,768,768,0,0,307,307
checkerboard,32,8,3,14,1024,256,3,768,768,0,0,307,307
checkerboard,32,8,4,14,1024,256,3,768,768,0,0,307,307
checkerboard,32,8,5,14,1024,256,3,768,768,0,0,307,307
checkerboard,32,8,6,14,1024,256,3,768,768,0,0,307,307
checkerboard,32,8,7,14,1024,256,3,768,768,0,0,307,307
checkerboard,32,8,8,14,1024,256,3,768,768,0,0,307,307
checkerboard,32,8,9,14,1024,256,3,768,768,0,0,307,307
checkerboard,32,8,10,14,1024,256,3,768,768,0,0,307,307
checkerboard,32,8,11,14,1024,256,3,768,768,0,0,307,307
checkerboard,32,8,12,14,1024,256,3,768,768,0,0,307,307
checkerboard,32,8,13,14,1024,256,3,768,768,0,0,307,307
checkerboard,32,8,14,14,1024,256,3,768,768,0,0,307,307
checkerboard,32,8,15,14,1024,256,3,768,768,0,0,307,307
checkerboard,32,8,16,14,1024,256,3,768,768,0,0,307,307
checkerboard,32,8,17,14,1024,256,3,768,768,0,0,307,307
checkerboard,32,8,18,14,1024,256,3,768,768,0,0,307,307
checkerboard,32,8,19,14,1024,256,3,768,768,0,0,307,307
checkerboard,32,16,0,0,1024,222,6,768,768,0,0,307,307
checkerboard,32,16,1,0,1024,240,6,768,768,0,0,307,307
checkerboard,32,16,2,0,1024,240,6,768,768,0,0,307,307
checkerboard,32,16,3,0,1024,240,6,768,768,0,0,307,307
checkerboard,32,16,4,0,1024,240,6,768,768,0,0,307,307
checkerboard,32,16,5,0,1024,240,6,768,768,0,0,307,307
checkerboard,32,16,6,0,1024,240,6,768,768,0,0,307,307
checkerboard,32,16,7,0,1024,240,6,768,768,0,0,307,307
checkerboard,32,16,8,0,1024,240,6,768,768,0,0,307,307
checkerboard,32,16,9,0,1024,240,6,768,768,0,0,307,307
checkerboard,32,16,10,0,1024,240,6,768,768,0,0,307,307
checkerboard,32,16,11,0,1024,240,6,768,768,0,0,307,307
checkerboard,32,16,12,0,1024,240,6,768,768,0,0,307,307
checkerboard,32,16,13,0,1024,240,6,768,768,0,0,307,307
checkerboard,32,16,14,0,1024,240,6,768,768,0,0,307,307
checkerboard,32,16,15,0,1024,240,6,768,768,0,0,307,307
checkerboard,32,16,16,0,1024,240,6,768,768,0,0,307,307
checkerboard,32,16,17,0,1024,240,6,768,768,0,0,307,307
checkerboard,32,16,18,0,1024,240,6,768,768,0,0,307,307
checkerboard,32,16,19,0,1024,240,6,768,768,0,0,307,307
checkerboard,32,16,0,1,1024,240,6,768,768,0,0,307,307
checkerboard,32,16,1,1,1024,256,6,768,768,0,0,307,307
checkerboard,32,16,2,1,1024,256,6,768,768,0,0,307,307
checkerboard,32,16,3,1,1024,256,6,768,768,0,0,307,307
checkerboard,32,16,4,1,1024,256,6,768,768,0,0,307,307
checkerboard,32,16,5,1,1024,256,6,768,768,0,0,307,307
checkerboard,32,16,6,1,1024,256,6,768,768,0,0,307,307
checkerboard,32,16,7,1,1024,256,6,768,768,0,0,307,307
checkerboard,32,16,8,1,1024,256,6,768,768,0,0,307,307
checkerboard,32,16,9,1,1024,256,6,768,768,0,0,307,307
checkerboard,32,16,10,1,1024,256,6,768,768,0,0,307,307
checkerboard,32,16,11,1,1024,256,6,768,768,0,0,307,307
checkerboard,32,16,12,1,1024,256,6,768,768,0,0,307,307
checkerboard,32,16,13,1,1024,256,6,768,768,0,0,307,307
checkerboard,32,16,14,1,1024,256,6,768,768,0,0,307,307
checkerboard,32,16,15,1,1024,256,6,768,768,0,0,307,307
checkerboard,32,16,16,1,1024,256,6,768,768,0,0,307,307
checkerboard,32,16,17,1,1024,256,6,768,768,0,0,307,307
checkerboard,32,16,18,1,1024,256,6,768,768,0,0,307,307
checkerboard,32,16,19,1,1024,256,6,768,768,0,0,307,307
checkerboard,32,16,0,2,1024,240,6,768,768,0,0,307,307
checkerboard,32,16,1,2,1024,256,6,768,768,0,0,307,307
checkerboard,32,16,2,2,1024,256,6,768,768,0,0,307,307
checkerboard,32,16,3,2,1024,256,6,768,768,0,0,307,307
checkerboard,32,16,4,2,1024,256,6,768,768,0,0,307,307
checkerboard,32,16,5,2,1024,256,6,768,768,0,0,307,307
checkerboard,32,16,6,2,1024,256,6,768,768,0,0,307,307
checkerboard,32,16,7,2,1024,256,6,768,768,0,0,307,307
checkerboard,32,16,8,2,1024,256,6,768,768,0,0,307,307
checkerboard,32,16,9,2,1024,256,6,768,768,0,0,307,307
checkerboard,32,16,10,2,1024,256,6,768,768,0,0,307,307
checkerboard,32,16,11,2,1024,256,6,768,768,0,0,307,307
checkerboard,32,16,12,2,1024,256,6,768,768,0,0,307,307
checkerboard,32,16,13,2,1024,256,6,768,768,0,0,307,307
checkerboard,32,16,14,2,1024,256,6,768,768,0,0,307,307
checkerboard,32,16,15,2,1024,256,6,768,768,0,0,307,307
checkerboard,32,16,16,2,1024,256,6,768,768,0,0,307,307
checkerboard,32,16,17,2,1024,256,6,768,768,0,0,307,307
checkerboard,32,16,18,2,1024,256,6,768,768,0,0,307,307
checkerboard,32,16,19,2,1024,256,6,768,768,0,0,307,307
checkerboard,32,16,0,3,1024,240,6,768,768,0,0,307,307
checkerboard,32,16,1,3,1024,256,6,768,768,0,0,307,307
checkerboard,32,16,2,3,1024,256,6,768,768,0,0,307,307
checkerboard,32,16,3,3,1024,256,6,768,768,0,0,307,307
checkerboard,32,16,4,3,1024,256,6,768,768,0,0,307,307
checkerboard,32,16,5,3,1024,256,6,768,768,0,0,307,307
checkerboard,32,16,6,3,1024,256,6,768,768,0,0,307,307
checkerboard,32,16,7,3,1024,256,6,768,768,0,0,307,307
checkerboard,32,16,8,3,1024,256,6,768,768,0,0,307,307
checkerboard,32,16,9,3,1024,256,6,768,768,0,0,307,307
checkerboard,32,16,10,3,1024,256,6,768,768,0,0,307,307
checkerboard,32,16,11,3,1024,256,6,768,768,0,0,307,307
checkerboard,32,16,12,3,1024,256,6,768,768,0,0,307,307
checkerboard,32,16,13,3,1024,256,6,768,768,0,0,307,307
checkerboard,32,16,14,3,1024,256,6,768,768,0,0,307,307
checkerboard,32,16,15,3,1024,256,6,768,768,0,0,307,307
checkerboard,32,16,16,3,1024,256,6,768,768,0,0,307,307
checkerboard,32,16,17,3,1024,256,6,768,768,0,0,307,307
checkerboard,32,16,18,3,1024,256,6,768,768,0,0,307,307
checkerboard,32,16,19,3,1024,256,6,768,768,0,0,307,307
checkerboard,32,16,0,4,1024,240,6,768,768,0,0,307,307
checkerboard,32,16,1,4,1024,256,6,768,768,0,0,307,307
checkerboard,32,16,2,4,1024,256,6,768,768,0,0,307,307
checkerboard,32,16,3,4,1024,256,6,768,768,0,0,307,307
checkerboard,32,16,4,4,1024,256,6,768,768,0,0,307,307
checkerboard,32,16,5,4,1024,256,6,768,768,0,0,307,307
checkerboard,32,16,6,4,1024,256,6,768,768,0,0,307,307
checkerboard,32,16,7,4,1024,256,6,768,768,0,0,307,307
checkerboard,32,16,8,4,1024,256,6,768,768,0,0,307,307
checkerboard,32,16,9,4,1024,256,6,768,768,0,0,307,307
checkerboard,32,16,10,4,1024,256,6,768,768,0,0,307,307
checkerboard,32,16,11,4,1024,256,6,768,768,0,0,307,307
checkerboard,32,16,12,4,1024,256,6,768,768,0,0,307,307
checkerboard,32,16,13,4,1024,256,6,768,768,0,0,307,307
checkerboard,32,16,14,4,1024,256,6,768,768,0,0,307,307
checkerboard,32,16,15,4,1024,256,6,768,768,0,0,307,307
checkerboard,32,16,16,4,1024,256,6,768,768,0,0,307,307
checkerboard,32,16,17,4,1024,256,6,768,768,0,0,307,307
checkerboard,32,16,18,4,1024,256,6,768,768,0,0,307,307
checkerboard,32,16,19,4,1024,256,6,768,768,0,0,307,307
checkerboard,32,16,0,5,1024,240,6,768,768,0,0,307,307
checkerboard,32,16,1,5,1024,256,6,768,768,0,0,307,307
checkerboard,32,16,2,5,1024,256,6,768,768,0,0,307,307
checkerboard,32,16,3,5,1024,256,6,768,768,0,0,307,307
checkerboard,32,16,4,5,1024,256,6,768,768,0,0,307,307
checkerboard,32,16,5,5,1024,256,6,768,768,0,0,307,307
checkerboard,32,16,6,5,1024,256,6,768,768,0,0,307,307
checkerboard,32,16,7,5,1024,256,6,768,768,0,0,307,307
checkerboard,32,16,8,5,1024,256,6,768,768,0,0,307,307
checkerboard,32,16,9,5,1024,256,6,768,768,0,0,307,307
checkerboard,32,16,10,5,1024,256,6,768,768,0,0,307,307
checkerboard,32,16,11,5,1024,256,6,768,768,0,0,307,307
checkerboard,32,16,12,5,1024,256,6,768,768,0,0,307,307
checkerboard,32,16,13,5,1024,256,6,768,768,0,0,307,307
checkerboard,32,16,14,5,1024,256,6,768,768,0,0,307,307
checkerboard,32,16,15,5,1024,256,6,768,768,0,0,307,307
checkerboard,32,16,16,5,1024,256,6,768,768,0,0,307,307
checkerboard,32,16,17,5,1024,256,6,768,768,0,0,307,307
checkerboard,32,16,18,5,1024,256,6,768,768,0,0,307,307
checkerboard,32,16,19,5,1024,256,6,768,768,0,0,307,307
checkerboard,32,16,0,6,1024,240,6,768,768,0,0,307,307
checkerboard,32,16,1,6,1024,256,6,768,768,0,0,307,307
checkerboard,32,16,2,6,1024,256,6,768,768,0,0,307,307
checkerboard,32,16,3,6,1024,256,6,768,768,0,0,307,307
checkerboard,32,16,4,6,1024,256,6,768,768,0,0,307,307
checkerboard,32,16,5,6,1024,256,6,768,768,0,0,307,307
checkerboard,32,16,6,6,1024,256,6,768,768,0,0,307,307
checkerboard,32,16,7,6,1024,256,6,768,768,0,0,307,307
checkerboard,32,16,8,6,1024,256,6,768,768,0,0,307,307
checkerboard,32,16,9,6,1024,256,6,768,768,0,0,307,307
checkerboard,32,16,10,6,1024,256,6,768,768,0,0,307,307
checkerboard,32,16,11,6,1024,256,6,768,768,0,0,307,307
checkerboard,32,16,12,6,1024,256,6,768,768,0,0,307,307
checkerboard,32,16,13,6,1024,256,6,768,768,0,0,307,307
checkerboard,32,16,14,6,1024,256,6,768,768,0,0,307,307
checkerboard,32,16,15,6,1024,256,6,768,768,0,0,307,307
checkerboard,32,16,16,6,1024,256,6,768,768,0,0,307,307
checkerboard,32,16,17,6,1024,256,6,768,768,0,0,307,307
checkerboard,32,16,18,6,1024,256,6,768,768,0,0,307,307
checkerboard,32,16,19,6,1024,256,6,768,768,0,0,307,307
checkerboard,32,16,0,7,1024,240,6,768,768,0,0,307,307
checkerboard,32,16,1,7,1024,256,6,768,768,0,0,307,307
checkerboard,32,16,2,7,1024,256,6,768,768,0,0,307,307
checkerboard,32,16,3,7,1024,256,6,768,768,0,0,307,307
checkerboard,32,16,4,7,1024,256,6,768,768,0,0,307,307
checkerboard,32,16,5,7,1024,256,6,768,768,0,0,307,307
checkerboard,32,16,6,7,1024,256,6,768,768,0,0,307,307
checkerboard,32,16,7,7,1024,256,6,768,768,0,0,307,307
checkerboard,32,16,8,7,1024,256,6,768,768,0,0,307,307
checkerboard,32,16,9,7,1024,256,6,768,768,0,0,307,307
checkerboard,32,16,10,7,1024,256,6,768,768,0,0,307,307
checkerboard,32,16,11,7,1024,256,6,768,768,0,0,307,307
checkerboard,32,16,12,7,1024,256,6,768,768,0,0,307,307
checkerboard,32,16,13,7,1024,256,6,768,768,0,0,307,307
checkerboard,32,16,14,7,1024,256,6,768,768,0,0,307,307
checkerboard,32,16,15,7,1024,256,6,768,768,0,0,307,307
checkerboard,32,16,16,7,1024,256,6,768,768,0,0,307,307
checkerboard,32,16,17,7,1024,256,6,768,768,0,0,307,307
checkerboard,32,16,18,7,1024,256,6,768,768,0,0,307,307
checkerboard,32,16,19,7,1024,256,6,768,768,0,0,307,307
checkerboard,32,16,0,8,1024,240,6,768,768,0,0,307,307
checkerboard,32,16,1,8,1024,256,6,768,768,0,0,307,307
checkerboard,32,16,2,8,1024,256,6,768,768,0,0,307,307
checkerboard,32,16,3,8,1024,256,6,768,768,0,0,307,307
checkerboard,32,16,4,8,1024,256,6,768,768,0,0,307,307
checkerboard,32,16,5,8,1024,256,6,768,768,0,0,307,307
checkerboard,32,16,6,8,1024,256,6,768,768,0,0,307,307
checkerboard,32,16,7,8,1024,256,6,768,768,0,0,307,307
checkerboard,32,16,8,8,1024,256,6,768,768,0,0,307,307
checkerboard,32,16,9,8,1024,256,6,768,768,0,0,307,307
checkerboard,32,16,10,8,1024,256,6,768,768,0,0,307,307
checkerboard,32,16,11,8,1024,256,6,768,768,0,0,307,307
checkerboard,32,16,12,8,1024,256,6,768,768,0,0,307,307
checkerboard,32,16,13,8,1024,256,6,768,768,0,0,307,307
checkerboard,32,16,14,8,1024,256,6,768,768,0,0,307,307
checkerboard,32,16,15,8,1024,256,6,768,768,0,0,307,307
checkerboard,32,16,16,8,1024,256,6,768,768,0,0,307,307
checkerboard,32,16,17,8,1024,256,6,768,768,0,0,307,307
checkerboard,32,16,18,8,1024,256,6,768,768,0,0,307,307
checkerboard,32,16,19,8,1024,256,6,768,768,0,0,307,307
checkerboard,32,16,0,9,1024,240,6,768,768,0,0,307,307
checkerboard,32,16,1,9,1024,256,6,768,768,0,0,307,307
checkerboard,32,16,2,9,1024,256,6,768,768,0,0,307,307
checkerboard,32,16,3,9,1024,256,6,768,768,0,0,307,307
checkerboard,32,16,4,9,1024,256,6,768,768,0,0,307,307
checkerboard,32,16,5,9,1024,256,6,768,768,0,0,307,307
checkerboard,32,16,6,9,1024,256,6,768,768,0,0,307,307
checkerboard,32,16,7,9,1024,256,6,768,768,0,0,307,307
checkerboard,32,16,8,9,1024,256,6,768,768,0,0,307,307
checkerboard,32,16,9,9,1024,256,6,768,768,0,0,307,307
checkerboard,32,16,10,9,1024,256,6,768,768,0,0,307,307
checkerboard,32,16,11,9,1024,256,6,768,768,0,0,307,307
checkerboard,32,16,12,9,1024,256,6,768,768,0,0,307,307
checkerboard,32,16,13,9,1024,256,6,768,768,0,0,307,307
checkerboard,32,16,14,9,1024,256,6,768,768,0,0,307,307
checkerboard,32,16,15,9,1024,256,6,768,768,0,0,307,307
checkerboard,32,16,16,9,1024,256,6,768,768,0,0,307,307
checkerboard,32,16,17,9,1024,256,6,768,768,0,0,307,307
checkerboard,32,16,18,9,1024,256,6,768,768,0,0,307,307
checkerboard,32,16,19,9,1024,256,6,768,768,0,0,307,307
checkerboard,32,16,0,10,1024,240,6,768,768,0,0,307,307
checkerboard,32,16,1,10,1024,256,6,768,768,0,0,307,307
checkerboard,32,16,2,10,1024,256,6,768,768,0,0,307,307
checkerboard,32,16,3,10,1024,256,6,768,768,0,0,307,307
checkerboard,32,16,4,10,1024,256,6,768,768,0,0,307,307
checkerboard,32,16,5,10,1024,256,6,768,768,0,0,307,307
checkerboard,32,16,6,10,1024,256,6,768,768,0,0,307,307
checkerboard,32,16,7,10,1024,256,6,768,768,0,0,307,307
checkerboard,32,16,8,10,1024,256,6,768,768,0,0,307,307
checkerboard,32,16,9,10,1024,256,6,768,768,0,0,307,307
checkerboard,32,16,10,10,1024,256,6,768,768,0,0,307,307
checkerboard,32,16,11,10,1024,256,6,768,768,0,0,307,307
checkerboard,32,16,12,10,1024,256,6,768,768,0,0,307,307
checkerboard,32,16,13,10,1024,256,6,768,768,0,0,307,307
checkerboard,32,16,14,10,1024,256,6,768,768,0,0,307,307
checkerboard,32,16,15,10,1024,256,6,768,768,0,0,307,307
checkerboard,32,16,16,10,1024,256,6,768,768,0,0,307,307
checkerboard,32,16,17,10,1024,256,6,768,768,0,0,307,307
checkerboard,32,16,18,10,1024,256,6,768,768,0,0,307,307
checkerboard,32,16,19,10,1024,256,6,768,768,0,0,307,307
checkerboard,32,16,0,11,1024,240,6,768,768,0,0,307,307
checkerboard,32,16,1,11,1024,256,6,768,768,0,0,307,307
checkerboard,32,16,2,11,1024,256,6,768,768,0,0,307,307
checkerboard,32,16,3,11,1024,256,6,768,768,0,0,307,307
checkerboard,32,16,4,11,1024,256,6,768,768,0,0,307,307
checkerboard,32,16,5,11,1024,256,6,768,768,0,0,307,307
checkerboard,32,16,6,11,1024,256,6,768,768,0,0,307,307
checkerboard,32,16,7,11,1024,256,6,768,768,0,0,307,307
checkerboard,32,16,8,11,1024,256,6,768,768,0,0,307,307
checkerboard,32,16,9,11,1024,256,6,768,768,0,0,307,307
checkerboard,32,16,10,11,1024,256,6,768,768,0,0,307,307
checkerboard,32,16,11,11,1024,256,6,768,768,0,0,307,307
checkerboard,32,16,12,11,1024,256,6,768,768,0,0,307,307
checkerboard,32,16,13,11,1024,256,6,768,768,0,0,307,307
checkerboard,32,16,14,11,1024,256,6,768,768,0,0,307,307
checkerboard,32,16,15,11,1024,256,6,768,768,0,0,307,307
checkerboard,32,16,16,11,1024,256,6,768,768,0,0,307,307
checkerboard,32,16,17,11,1024,256,6,768,768,0,0,307,307
checkerboard,32,16,18,11,1024,256,6,768,768,0,0,307,307
checkerboard,32,16,19,11,1024,256,6,768,768,0,0,307,307
checkerboard,32,16,0,12,1024,240,6,768,768,0,0,307,307
checkerboard,32,16,1,12,1024,256,6,768,768,0,0,307,307
checkerboard,32,16,2,12,1024,256,6,768,768,0,0,307,307
checkerboard,32,16,3,12,1024,256,6,768,768,0,0,307,307
checkerboard,32,16,4,12,1024,256,6,768,768,0,0,307,307
checkerboard,32,16,5,12,1024,256,6,768,768,0,0,307,307
checkerboard,32,16,6,12,1024,256,6,768,768,0,0,307,307
checkerboard,32,16,7,12,1024,256,6,768,768,0,0,307,307
checkerboard,32,16,8,12,1024,256,6,768,768,0,0,307,307
checkerboard,32,16,9,12,1024,256,6,768,768,0,0,307,307
checkerboard,32,16,10,12,1024,256,6,768,768,0,0,307,307
checkerboard,32,16,11,12,1024,256,6,768,768,0,0,307,307
checkerboard,32,16,12,12,1024,256,6,768,768,0,0,307,307
checkerboard,32,16,13,12,1024,256,6,768,768,0,0,307,307
checkerboard,32,16,14,12,1024,256,6,768,768,0,0,307,307
checkerboard,32,16,15,12,1024,256,6,768,768,0,0,307,307
checkerboard,32,16,16,12,1024,256,6,768,768,0,0,307,307
checkerboard,32,16,17,12,1024,256,6,768,768,0,0,307,307
checkerboard,32,16,18,12,1024,256,6,768,768,0,0,307,307
checkerboard,32,16,19,12,1024,256,6,768,768,0,0,307,307
checkerboard,32,16,0,13,1024,240,6,768,768,0,0,307,307
checkerboard,32,16,1,13,1024,256,6,768,768,0,0,307,307
checkerboard,32,16,2,13,1024,256,6,768,768,0,0,307,307
checkerboard,32,16,3,13,1024,256,6,768,768,0,0,307,307
checkerboard,32,16,4,13,1024,256,6,768,768,0,0,307,307
checkerboard,32,16,5,13,1024,256,6,768,768,0,0,307,307
checkerboard,32,16,6,13,1024,256,6,768,768,0,0,307,307
checkerboard,32,16,7,13,1024,256,6,768,768,0,0,307,307
checkerboard,32,16,8,13,1024,256,6,768,768,0,0,307,307
checkerboard,32,16,9,13,1024,256,6,768,768,0,0,307,307
checkerboard,32,16,10,13,1024,256,6,768,768,0,0,307,307
checkerboard,32,16,11,13,1024,256,6,768,768,0,0,307,307
checkerboard,32,16,12,13,1024,256,6,768,768,0,0,307,307
checkerboard,32,16,13,13,1024,256,6,768,768,0,0,307,307
checkerboard,32,16,14,13,1024,256,6,768,768,0,0,307,307
checkerboard,32,16,15,13,1024,256,6,768,768,0,0,307,307
checkerboard,32,16,16,13,1024,256,6,768,768,0,0,307,307
checkerboard,32,16,17,13,1024,256,6,768,768,0,0,307,307
checkerboard,32,16,18,13,1024,256,6,768,768,0,0,307,307
checkerboard,32,16,19,13,1024,256,6,768,768,0,0,307,307
checkerboard,32,16,0,14,1024,240,6,768,768,0,0,307,307
checkerboard,32,16,1,14,1024,256,6,768,768,0,0,307,307
checkerboard,32,16,2,14,1024,256,6,768,768,0,0,307,307
checkerboard,32,16,3,14,1024,256,6,768,768,0,0,307,307
checkerboard,32,16,4,14,1024,256,6,768,768,0,0,307,307
checkerboard,32,16,5,14,1024,256,6,768,768,0,0,307,307
checkerboard,32,16,6,14,1024,256,6,768,768,0,0,307,307
checkerboard,32,16,7,14,1024,256,6,768,768,0,0,307,307
checkerboard,32,16,8,14,1024,256,6,768,768,0,0,307,307
checkerboard,32,16,9,14,1024,256,6,768,768,0,0,307,307
checkerboard,32,16,10,14,1024,256,6,768,768,0,0,307,307
checkerboard,32,16,11,14,1024,256,6,768,768,0,0,307,307
checkerboard,32,16,12,14,1024,256,6,768,768,0,0,307,307
checkerboard,32,16,13,14,1024,256,6,768,768,0,0,307,307
checkerboard,32,16,14,14,1024,256,6,768,768,0,0,307,307
checkerboard,32,16,15,14,1024,256,6,768,768,0,0,307,307
checkerboard,32,16,16,14,1024,256,6,768,768,0,0,307,307
checkerboard,32,16,17,14,1024,256,6,768,768,0,0,307,307
checkerboard,32,16,18,14,1024,256,6,768,768,0,0,307,307
checkerboard,32,16,19,14,1024,256,6,768,768,0,0,307,307
checkerboard,32,32,0,0,1024,222,12,768,768,0,0,307,307
checkerboard,32,32,1,0,1024,240,12,768,768,0,0,307,307
checkerboard,32,32,2,0,1024,240,12,768,768,0,0,307,307
checkerboard,32,32,3,0,1024,240,12,768,768,0,0,307,307
checkerboard,32,32,4,0,1024,240,12,768,768,0,0,307,307
checkerboard,32,32,5,0,1024,240,12,768,768,0,0,307,307
checkerboard,32,32,6,0,1024,240,12,768,768,0,0,307,307
checkerboard,32,32,7,0,1024,240,12,768,768,0,0,307,307
checkerboard,32,32,8,0,1024,240,12,768,768,0,0,307,307
checkerboard,32,32,9,0,1024,240,12,768,768,0,0,307,307
checkerboard,32,32,10,0,1024,240,12,768,768,0,0,307,307
checkerboard,32,32,11,0,1024,240,12,768,768,0,0,307,307
checkerboard,32,32,12,0,1024,240,12,768,768,0,0,307,307
checkerboard,32,32,13,0,1024,240,12,768,768,0,0,307,307
checkerboard,32,32,14,0,1024,240,12,768,768,0,0,307,307
checkerboard,32,32,15,0,1024,240,12,768,768,0,0,307,307
checkerboard,32,32,16,0,1024,240,12,768,768,0,0,307,307
checkerboard,32,32,17,0,1024,240,12,768,768,0,0,307,307
checkerboard,32,32,18,0,1024,240,12,768,768,0,0,307,307
checkerboard,32,32,19,0,1024,240,12,768,768,0,0,307,307
checkerboard,32,32,0,1,1024,240,12,768,768,0,0,307,307
checkerboard,32,32,1,1,1024,256,12,768,768,0,0,307,307
checkerboard,32,32,2,1,1024,256,12,768,768,0,0,307,307
checkerboard,32,32,3,1,1024,256,12,768,768,0,0,307,307
checkerboard,32,32,4,1,1024,256,12,768,768,0,0,307,307
checkerboard,32,32,5,1,1024,256,12,768,768,0,0,307,307
checkerboard,32,32,6,1,1024,256,12,768,768,0,0,307,307
checkerboard,32,32,7,1,1024,256,12,768,768,0,0,307,307
checkerboard,32,32,8,1,1024,256,12,768,768,0,0,307,307
checkerboard,32,32,9,1,1024,256,12,768,768,0,0,307,307
checkerboard,32,32,10,1,1024,256,12,768,768,0,0,307,307
checkerboard,32,32,11,1,1024,256,12,768,768,0,0,307,307
checkerboard,32,32,12,1,1024,256,12,768,768,0,0,307,307
checkerboard,32,32,13,1,1024,256,12,768,768,0,0,307,307
checkerboard,32,32,14,1,1024,256,12,768,768,0,0,307,307
checkerboard,32,32,15,1,1024,256,12,768,768,0,0,307,307
checkerboard,32,32,16,1,1024,256,12,768,768,0,0,307,307
checkerboard,32,32,17,1,1024,256,12,768,768,0,0,307,307
checkerboard,32,32,18,1,1024,256,12,768,768,0,0,307,307
checkerboard,32,32,19,1,1024,256,12,768,768,0,0,307,307
checkerboard,32,32,0,2,1024,240,12,768,768,0,0,307,307
checkerboard,32,32,1,2,1024,256,12,768,768,0,0,307,307
checkerboard,32,32,2,2,1024,256,12,768,768,0,0,307,307
checkerboard,32,32,3,2,1024,256,12,768,768,0,0,307,307
checkerboard,32,32,4,2,1024,256,12,768,768,0,0,307,307
checkerboard,32,32,5,2,1024,256,12,768,768,0,0,307,307
checkerboard,32,32,6,2,1024,256,12,768,768,0,0,307,307
checkerboard,32,32,7,2,1024,256,12,768,768,0,0,307,307
checkerboard,32,32,8,2,1024,256,12,768,768,0,0,307,307
checkerboard,32,32,9,2,1024,256,12,768,768,0,0,307,307
checkerboard,32,32,10,2,1024,256,12,768,768,0,0,307,307
checkerboard,32,32,11,2,1024,256,12,768,768,0,0,307,307
checkerboard,32,32,12,2,1024,256,12,768,768,0,0,307,307
checkerboard,32,32,13,2,1024,256,12,768,768,0,0,307,307
checkerboard,32,32,14,2,1024,256,12,768,768,0,0,307,307
checkerboard,32,32,15,2,1024,256,12,768,768,0,0,307,307
checkerboard,32,32,16,2,1024,256,12,768,768,0,0,307,307
checkerboard,32,32,17,2,1024,256,12,768,768,0,0,307,307
checkerboard,32,32,18,2,1024,256,12,768,768,0,0,307,307
checkerboard,32,32,19,2,1024,256,12,768,768,0,0,307,307
checkerboard,32,32,0,3,1024,240,12,768,768,0,0,307,307
checkerboard,32,32,1,3,1024,256,12,768,768,0,0,307,307
checkerboard,32,32,2,3,1024,256,12,768,768,0,0,307,307
checkerboard,32,32,3,3,1024,256,12,768,768,0,0,307,307
checkerboard,32,32,4,3,1024,256,12,768,768,0,0,307,307
checkerboard,32,32,5,3,1024,256,12,768,768,0,0,307,307
checkerboard,32,32,6,3,1024,256,12,768,768,0,0,307,307
checkerboard,32,32,7,3,1024,256,12,768,768,0,0,307,307
checkerboard,32,32,8,3,1024,256,12,768,768,0,0,307,307
checkerboard,32,32,9,3,1024,256,12,768,768,0,0,307,307
checkerboard,32,32,10,3,1024,256,12,768,768,0,0,307,307
checkerboard,32,32,11,3,1024,256,12,768,768,0,0,307,307
checkerboard,32,32,12,3,1024,256,12,768,768,0,0,307,307
checkerboard,32,32,13,3,1024,256,12,768,768,0,0,307,307
checkerboard,32,32,14,3,1024,256,12,768,768,0,0,307,307
checkerboard,32,32,15,3,1024,256,12,768,768,0,0,307,307
checkerboard,32,32,16,3,1024,256,12,768,768,0,0,307,307
checkerboard,32,32,17,3,1024,256,12,768,768,0,0,307,307
checkerboard,32,32,18,3,1024,256,12,768,768,0,0,307,307
checkerboard,32,32,19,3,1024,256,12,768,768,0,0,307,307
checkerboard,32,32,0,4,1024,240,12,768,768,0,0,307,307
checkerboard,32,32,1,4,1024,256,12,768,768,0,0,307,307
checkerboard,32,32,2,4,1024,256,12,768,768,0,0,307,307
checkerboard,32,32,3,4,1024,256,12,768,768,0,0,307,307
checkerboard,32,32,4,4,1024,256,12,768,768,0,0,307,307
checkerboard,32,32,5,4,1024,256,12,768,768,0,0,307,307
checkerboard,32,32,6,4,1024,256,12,768,768,0,0,307,307
checkerboard,32,32,7,4,1024,256,12,768,768,0,0,307,307
checkerboard,32,32,8,4,1024,256,12,768,768,0,0,307,307
checkerboard,32,32,9,4,1024,256,12,768,768,0,0,307,307
checkerboard,32,32,10,4,1024,256,12,768,768,0,0,307,307
checkerboard,32,32,11,4,1024,256,12,768,768,0,0,307,307
checkerboard,32,32,12,4,1024,256,12,768,768,0,0,307,307
checkerboard,32,32,13,4,1024,256,12,768,768,0,0,307,307
checkerboard,32,32,14,4,1024,256,12,768,768,0,0,307,307
checkerboard,32,32,15,4,1024,256,12,768,768,0,0,307,307
checkerboard,32,32,16,4,1024,256,12,768,768,0,0,307,307
checkerboard,32,32,17,4,1024,256,12,768,768,0,0,307,307
checkerboard,32,32,18,4,1024,256,12,768,768,0,0,307,307
checkerboard,32,32,19,4,1024,256,12,768,768,0,0,307,307
checkerboard,32,32,0,5,1024,240,12,768,768,0,0,307,307
checkerboard,32,32,1,5,1024,256,12,768,768,0,0,307,307
checkerboard,32,32,2,5,1024,256,12,768,768,0,0,307,307
checkerboard,32,32,3,5,1024,256,12,768,768,0,0,307,307
checkerboard,32,32,4,5,1024,256,12,768,768,0,0,307,307
checkerboard,32,32,5,5,1024,256,12,768,768,0,0,307,307
checkerboard,32,32,6,5,1024,256,12,768,768,0,0,307,307
checkerboard,32,32,7,5,1024,256,12,768,768,0,0,307,307
checkerboard,32,32,8,5,1024,256,12,768,768,0,0,307,307
checkerboard,32,32,9,5,1024,256,12,768,768,0,0,307,307
checkerboard,32,32,10,5,1024,256,12,768,768,0,0,307,307
checkerboard,32,32,11,5,1024,256,12,768,768,0,0,307,307
checkerboard,32,32,12,5,1024,256,12,768,768,0,0,307,307
checkerboard,32,32,13,5,1024,256,12,768,768,0,0,307,307
checkerboard,32,32,14,5,1024,256,12,768,768,0,0,307,307
checkerboard,32,32,15,5,1024,256,12,768,768,0,0,307,307
checkerboard,32,32,16,5,1024,256,12,768,768,0,0,307,307
checkerboard,32,32,17,5,1024,256,12,768,768,0,0,307,307
checkerboard,32,32,18,5,1024,256,12,768,768,0,0,307,307
checkerboard,32,32,19,5,1024,256,12,768,768,0,0,307,307
checkerboard,32,32,0,6,1024,240,12,768,768,0,0,307,307
checkerboard,32,32,1,6,1024,256,12,768,768,0,0,307,307
checkerboard,32,32,2,6,1024,256,12,768,768,0,0,307,307
checkerboard,32,32,3,6,1024,256,12,768,768,0,0,307,307
checkerboard,32,32,4,6,1024,256,12,768,768,0,0,307,307
checkerboard,32,32,5,6,1024,256,12,768,768,0,0,307,307
checkerboard,32,32,6,6,1024,256,12,768,768,0,0,307,307
checkerboard,32,32,7,6,1024,256,12,768,768,0,0,307,307
checkerboard,32,32,8,6,1024,256,12,768,768,0,0,307,307
checkerboard,32,32,9,6,1024,256,12,768,768,0,0,307,307
checkerboard,32,32,10,6,1024,256,12,768,768,0,0,307,307
checkerboard,32,32,11,6,1024,256,12,768,768,0,0,307,307
checkerboard,32,32,12,6,1024,256,12,768,768,0,0,307,307
checkerboard,32,32,13,6,1024,256,12,768,768,0,0,307,307
checkerboard,32,32,14,6,1024,256,12,768,768,0,0,307,307
checkerboard,32,32,15,6,1024,256,12,768,768,0,0,307,307
checkerboard,32,32,16,6,1024,256,12,768,768,0,0,307,307
checkerboard,32,32,17,6,1024,256,12,768,768,0,0,307,307
checkerboard,32,32,18,6,1024,256,12,768,768,0,0,307,307
checkerboard,32,32,19,6,1024,256,12,768,768,0,0,307,307
checkerboard,32,32,0,7,1024,240,12,768,768,0,0,307,307
checkerboard,32,32,1,7,1024,256,12,768,768,0,0,307,307
checkerboard,32,32,2,7,1024,256,12,768,768,0,0,307,307
checkerboard,32,32,3,7,1024,256,12,768,768,0,0,307,307
checkerboard,32,32,4,7,1024,256,12,768,768,0,0,307,307
checkerboard,32,32,5,7,1024,256,12,768,768,0,0,307,307
checkerboard,32,32,6,7,1024,256,12,768,768,0,0,307,307
checkerboard,32,32,7,7,1024,256,12,768,768,0,0,307,307
checkerboard,32,32,8,7,1024,256,12,768,768,0,0,307,307
checkerboard,32,32,9,7,1024,256,12,768,768,0,0,307,307
checkerboard,32,32,10,7,1024,256,12,768,768,0,0,307,307
checkerboard,32,32,11,7,1024,256,12,768,768,0,0,307,307
checkerboard,32,32,12,7,1024,256,12,768,768,0,0,307,307
checkerboard,32,32,13,7,1024,256,12,768,768,0,0,307,307
checkerboard,32,32,14,7,1024,256,12,768,768,0,0,307,307
checkerboard,32,32,15,7,1024,256,12,768,768,0,0,307,307
checkerboard,32,32,16,7,1024,256,12,768,768,0,0,307,307
checkerboard,32,32,17,7,1024,256,12,768,768,0,0,307,307
checkerboard,32,32,18,7,1024,256,12,768,768,0,0,307,307
checkerboard,32,32,19,7,1024,256,12,768,768,0,0,307,307
checkerboard,32,32,0,8,1024,240,12,768,768,0,0,307,307
checkerboard,32,32,1,8,1024,256,12,768,768,0,0,307,307
checkerboard,32,32,2,8,1024,256,12,768,768,0,0,307,307
checkerboard,32,32,3,8,1024,256,12,768,768,0,0,307,307
checkerboard,32,32,4,8,1024,256,12,768,768,0,0,307,307
checkerboard,32,32,5,8,1024,256,12,768,768,0,0,307,307
checkerboard,32,32,6,8,1024,256,12,768,768,0,0,307,307
checkerboard,32,32,7,8,1024,256,12,768,768,0,0,307,307
checkerboard,32,32,8,8,1024,256,12,768,768,0,0,307,307
checkerboard,32,32,9,8,1024,256,12,768,768,0,0,307,307
checkerboard,32,32,10,8,1024,256,12,768,768,0,0,307,307
checkerboard,32,32,11,8,1024,256,12,768,768,0,0,307,307
checkerboard,32,32,12,8,1024,256,12,768,768,0,0,307,307
checkerboard,32,32,13,8,1024,256,12,768,768,0,0,307,307
checkerboard,32,32,14,8,1024,256,12,768,768,0,0,307,307
checkerboard,32,32,15,8,1024,256,12,768,768,0,0,307,307
checkerboard,32,32,16,8,1024,256,12,768,768,0,0,307,307
checkerboard,32,32,17,8,1024,256,12,768,768,0,0,307,307
checkerboard,32,32,18,8,1024,256,12,768,768,0,0,307,307
checkerboard,32,32,19,8,1024,256,12,768,768,0,0,307,307
checkerboard,32,32,0,9,1024,240,12,768,768,0,0,307,307
checkerboard,32,32,1,9,1024,256,12,768,768,0,0,307,307
checkerboard,32,32,2,9,1024,256,12,768,768,0,0,307,307
checkerboard,32,32,3,9,1024,256,12,768,768,0,0,307,307
checkerboard,32,32,4,9,1024,256,12,768,768,0,0,307,307
checkerboard,32,32,5,9,1024,256,12,768,768,0,0,307,307
checkerboard,32,32,6,9,1024,256,12,768,768,0,0,307,307
checkerboard,32,32,7,9,1024,256,12,768,768,0,0,307,307
checkerboard,32,32,8,9,1024,256,12,768,768,0,0,307,307
checkerboard,32,32,9,9,1024,256,12,768,768,0,0,307,307
checkerboard,32,32,10,9,1024,256,12,768,768,0,0,307,307
checkerboard,32,32,11,9,1024,256,12,768,768,0,0,307,307
checkerboard,32,32,12,9,1024,256,12,768,768,0,0,307,307
checkerboard,32,32,13,9,1024,256,12,768,768,0,0,307,307
checkerboard,32,32,14,9,1024,256,12,768,768,0,0,307,307
checkerboard,32,32,15,9,1024,256,12,768,768,0,0,307,307
checkerboard,32,32,16,9,1024,256,12,768,768,0,0,307,307
checkerboard,32,32,17,9,1024,256,12,768,768,0,0,307,307
checkerboard,32,32,18,9,1024,256,12,768,768,0,0,307,307
checkerboard,32,32,19,9,1024,256,12,768,768,0,0,307,307
checkerboard,32,32,0,10,1024,240,12,768,768,0,0,307,307
checkerboard,32,32,1,10,1024,256,12,768,768,0,0,307,307
checkerboard,32,32,2,10,1024,256,12,768,768,0,0,307,307
checkerboard,32,32,3,10,1024,256,12,768,768,0,0,307,307
checkerboard,32,32,4,10,1024,256,12,768,768,0,0,307,307
checkerboard,32,32,5,10,1024,256,12,768,768,0,0,307,307
checkerboard,32,32,6,10,1024,256,12,768,768,0,0,307,307
checkerboard,32,32,7,10,1024,256,12,768,768,0,0,307,307
checkerboard,32,32,8,10,1024,256,12,768,768,0,0,307,307
checkerboard,32,32,9,10,1024,256,12,768,768,0,0,307,307
checkerboard,32,32,10,10,1024,256,12,768,768,0,0,307,307
checkerboard,32,32,11,10,1024,256,12,768,768,0,0,307,307
checkerboard,32,32,12,10,1024,256,12,768,768,0,0,307,307
checkerboard,32,32,13,10,1024,256,12,768,768,0,0,307,307
checkerboard,32,32,14,10,1024,256,12,768,768,0,0,307,307
checkerboard,32,32,15,10,1024,256,12,768,768,0,0,307,307
checkerboard,32,32,16,10,1024,256,12,768,768,0,0,307,307
checkerboard,32,32,17,10,1024,256,12,768,768,0,0,307,307
checkerboard,32,32,18,10,1024,256,12,768,768,0,0,307,307
checkerboard,32,32,19,10,1024,256,12,768,768,0,0,307,307
checkerboard,32,32,0,11,1024,240,12,768,768,0,0,307,307
checkerboard,32,32,1,11,1024,256,12,768,768,0,0,307,307
checkerboard,32,32,2,11,1024,256,12,768,768,0,0,307,307
checkerboard,32,32,3,11,1024,256,12,768,768,0,0,307,307
checkerboard,32,32,4,11,1024,256,12,768,768,0,0,307,307
checkerboard,32,32,5,11,1024,256,12,768,768,0,0,307,307
checkerboard,32,32,6,11,1024,256,12,768,768,0,0,307,307
checkerboard,32,32,7,11,1024,256,12,768,768,0,0,307,307
checkerboard,32,32,8,11,1024,256,12,768,768,0,0,307,307
checkerboard,32,32,9,11,1024,256,12,768,768,0,0,307,307
checkerboard,32,32,10,11,1024,256,12,768,768,0,0,307,307
checkerboard,32,32,11,11,1024,256,12,768,768,0,0,307,307
checkerboard,32,32,12,11,1024,256,12,768,768,0,0,307,307
checkerboard,32,32,13,11,1024,256,12,768,768,0,0,307,307
checkerboard,32,32,14,11,1024,256,12,768,768,0,0,307,307
checkerboard,32,32,15,11,1024,256,12,768,768,0,0,307,307
checkerboard,32,32,16,11,1024,256,12,768,768,0,0,307,307
checkerboard,32,32,17,11,1024,256,12,768,768,0,0,307,307
checkerboard,32,32,18,11,1024,256,12,768,768,0,0,307,307
checkerboard,32,32,19,11,1024,256,12,768,768,0,0,307,307
checkerboard,32,32,0,12,1024,240,12,768,768,0,0,307,307
checkerboard,32,32,1,12,1024,256,12,768,768,0,0,307,307
checkerboard,32,32,2,12,1024,256,12,768,768,0,0,307,307
checkerboard,32,32,3,12,1024,256,12,768,768,0,0,307,307
checkerboard,32,32,4,12,1024,256,12,768,768,0,0,307,307
checkerboard,32,32,5,12,1024,256,12,768,768,0,0,307,307
checkerboard,32,32,6,12,1024,256,12,768,768,0,0,307,307
checkerboard,32,32,7,12,1024,256,12,768,768,0,0,307,307
checkerboard,32,32,8,12,1024,256,12,768,768,0,0,307,307
checkerboard,32,32,9,12,1024,256,12,768,768,0,0,307,307
checkerboard,32,32,10,12,1024,256,12,768,768,0,0,307,307
checkerboard,32,32,11,12,1024,256,12,768,768,0,0,307,307
checkerboard,32,32,12,12,1024,256,12,768,768,0,0,307,307
checkerboard,32,32,13,12,1024,256,12,768,768,0,0,307,307
checkerboard,32,32,14,12,1024,256,12,768,768,0,0,307,307
checkerboard,32,32,15,12,1024,256,12,768,768,0,0,307,307
checkerboard,32,32,16,12,1024,256,12,768,768,0,0,307,307
checkerboard,32,32,17,12,1024,256,12,768,768,0,0,307,307
checkerboard,32,32,18,12,1024,256,12,768,768,0,0,307,307
checkerboard,32,32,19,12,1024,256,12,768,768,0,0,307,307
checkerboard,32,32,0,13,1024,240,12,768,768,0,0,307,307
checkerboard,32,32,1,13,1024,256,12,768,768,0,0,307,307
checkerboard,32,32,2,13,1024,256,12,768,768,0,0,307,307
checkerboard,32,32,3,13,1024,256,12,768,768,0,0,307,307
checkerboard,32,32,4,13,1024,256,12,768,768,0,0,307,307
checkerboard,32,32,5,13,1024,256,12,768,768,0,0,307,307
checkerboard,32,32,6,13,1024,256,12,768,768,0,0,307,307
checkerboard,32,32,7,13,1024,256,12,768,768,0,0,307,307
checkerboard,32,32,8,13,1024,256,12,768,768,0,0,307,307
checkerboard,32,32,9,13,1024,256,12,768,768,0,0,307,307
checkerboard,32,32,10,13,1024,256,12,768,768,0,0,307,307
checkerboard,32,32,11,13,1024,256,12,768,768,0,0,307,307
checkerboard,32,32,12,13,1024,256,12,768,768,0,0,307,307
checkerboard,32,32,13,13,1024,256,12,768,768,0,0,307,307
checkerboard,32,32,14,13,1024,256,12,768,768,0,0,307,307
checkerboard,32,32,15,13,1024,256,12,768,768,0,0,307,307
checkerboard,32,32,16,13,1024,256,12,768,768,0,0,307,307
checkerboard,32,32,17,13,1024,256,12,768,768,0,0,307,307
checkerboard,32,32,18,13,1024,256,12,768,768,0,0,307,307
checkerboard,32,32,19,13,1024,256,12,768,768,0,0,307,307
checkerboard,32,32,0,14,1024,240,12,768,768,0,0,307,307
checkerboard,32,32,1,14,1024,256,12,768,768,0,0,307,307
checkerboard,32,32,2,14,1024,256,12,768,768,0,0,307,307
checkerboard,32,32,3,14,1024,256,12,768,768,0,0,307,307
checkerboard,32,32,4,14,1024,256,12,768,768,0,0,307,307
checkerboard,32,32,5,14,1024,256,12,768,768,0,0,307,307
checkerboard,32,32,6,14,1024,256,12,768,768,0,0,307,307
checkerboard,32,32,7,14,1024,256,12,768,768,0,0,307,307
checkerboard,32,32,8,14,1024,256,12,768,768,0,0,307,307
checkerboard,32,32,9,14,1024,256,12,768,768,0,0,307,307
checkerboard,32,32,10,14,1024,256,12,768,768,0,0,307,307
checkerboard,32,32,11,14,1024,256,12,768,768,0,0,307,307
checkerboard,32,32,12,14,1024,256,12,768,768,0,0,307,307
checkerboard,32,32,13,14,1024,256,12,768,768,0,0,307,307
checkerboard,32,32,14,14,1024,256,12,768,768,0,0,307,307
checkerboard,32,32,15,14,1024,256,12,768,768,0,0,307,307
checkerboard,32,32,16,14,1024,256,12,768,768,0,0,307,307
checkerboard,32,32,17,14,1024,256,12,768,768,0,0,307,307
checkerboard,32,32,18,14,1024,256,12,768,768,0,0,307,307
checkerboard,32,32,19,14,1024,256,12,768,768,0,0,307,307
checkerboard,64,8,0,0,4096,958,3,768,768,0,0,307,307
checkerboard,64,8,1,0,4096,992,3,768,768,0,0,307,307
checkerboard,64,8,2,0,4096,992,3,768,768,0,0,307,307
checkerboard,64,8,3,0,4096,992,3,768,768,0,0,307,307
checkerboard,64,8,4,0,4096,992,3,768,768,0,0,307,307
checkerboard,64,8,5,0,4096,992,3,768,768,0,0,307,307
checkerboard,64,8,6,0,4096,992,3,768,768,0,0,307,307
checkerboard,64,8,7,0,4096,992,3,768,768,0,0,307,307
checkerboard,64,8,8,0,4096,992,3,768,768,0,0,307,307
checkerboard,64,8,9,0,4096,992,3,768,768,0,0,307,307
checkerboard,64,8,0,1,4096,992,3,768,768,0,0,307,307
checkerboard,64,8,1,1,4096,1024,3,768,768,0,0,307,307
checkerboard,64,8,2,1,4096,1024,3,768,768,0,0,307,307
checkerboard,64,8,3,1,4096,1024,3,768,768,0,0,307,307
checkerboard,64,8,4,1,4096,1024,3,768,768,0,0,307,307
checkerboard,64,8,5,1,4096,1024,3,768,768,0,0,307,307
checkerboard,64,8,6,1,4096,1024,3,768,768,0,0,307,307
checkerboard,64,8,7,1,4096,1024,3,768,768,0,0,307,307
checkerboard,64,8,8,1,4096,1024,3,768,768,0,0,307,307
checkerboard,64,8,9,1,4096,1024,3,768,768,0,0,307,307
checkerboard,64,8,0,2,4096,992,3,768,768,0,0,307,307
checkerboard,64,8,1,2,4096,1024,3,768,768,0,0,307,307
checkerboard,64,8,2,2,4096,1024,3,768,768,0,0,307,307
checkerboard,64,8,3,2,4096,1024,3,768,768,0,0,307,307
checkerboard,64,8,4,2,4096,1024,3,768,768,0,0,307,307
checkerboard,64,8,5,2,4096,1024,3,768,768,0,0,307,307
checkerboard,64,8,6,2,4096,1024,3,768,768,0,0,307,307
checkerboard,64,8,7,2,4096,1024,3,768,768,0,0,307,307
checkerboard,64,8,8,2,4096,1024,3,768,768,0,0,307,307
checkerboard,64,8,9,2,4096,1024,3,768,768,0,0,307,307
checkerboard,64,8,0,3,4096,992,3,768,768,0,0,307,307
checkerboard,64,8,1,3,4096,1024,3,768,768,0,0,307,307
checkerboard,64,8,2,3,4096,1024,3,768,768,0,0,307,307
checkerboard,64,8,3,3,4096,1024,3,768,768,0,0,307,307
checkerboard,64,8,4,3,4096,1024,3,768,768,0,0,307,307
checkerboard,64,8,5,3,4096,1024,3,768,768,0,0,307,307
checkerboard,64,8,6,3,4096,1024,3,768,768,0,0,307,307
checkerboard,64,8,7,3,4096,1024,3,768,768,0,0,307,307
checkerboard,64,8,8,3,4096,1024,3,768,768,0,0,307,307
checkerboard,64,8,9,3,4096,1024,3,768,768,0,0,307,307
checkerboard,64,8,0,4,4096,992,3,768,768,0,0,307,307
checkerboard,64,8,1,4,4096,1024,3,768,768,0,0,307,307
checkerboard,64,8,2,4,4096,1024,3,768,768,0,0,307,307
checkerboard,64,8,3,4,4096,1024,3,768,768,0,0,307,307
checkerboard,64,8,4,4,4096,1024,3,768,768,0,0,307,307
checkerboard,64,8,5,4,4096,1024,3,768,768,0,0,307,307
checkerboard,64,8,6,4,4096,1024,3,768,768,0,0,307,307
checkerboard,64,8,7,4,4096,1024,3,768,768,0,0,307,307
checkerboard,64,8,8,4,4096,1024,3,768,768,0,0,307,307
checkerboard,64,8,9,4,4096,1024,3,768,768,0,0,307,307
checkerboard,64,8,0,5,4096,992,3,768,768,0,0,307,307
checkerboard,64,8,1,5,4096,1024,3,768,768,0,0,307,307
checkerboard,64,8,2,5,4096,1024,3,768,768,0,0,307,307
checkerboard,64,8,3,5,4096,1024,3,768,768,0,0,307,307
checkerboard,64,8,4,5,4096,1024,3,768,768,0,0,307,307
checkerboard,64,8,5,5,4096,1024,3,768,768,0,0,307,307
checkerboard,64,8,6,5,4096,1024,3,768,768,0,0,307,307
checkerboard,64,8,7,5,4096,1024,3,768,768,0,0,307,307
checkerboard,64,8,8,5,4096,1024,3,768,768,0,0,307,307
checkerboard,64,8,9,5,4096,1024,3,768,768,0,0,307,307
checkerboard,64,8,0,6,4096,992,3,768,768,0,0,307,307
checkerboard,64,8,1,6,4096,1024,3,768,768,0,0,307,307
checkerboard,64,8,2,6,4096,1024,3,768,768,0,0,307,307
checkerboard,64,8,3,6,4096,1024,3,768,768,0,0,307,307
checkerboard,64,8,4,6,4096,1024,3,768,768,0,0,307,307
checkerboard,64,8,5,6,4096,1024,3,768,768,0,0,307,307
checkerboard,64,8,6,6,4096,1024,3,768,768,0,0,307,307
checkerboard,64,8,7,6,4096,1024,3,768,768,0,0,307,307
checkerboard,64,8,8,6,4096,1024,3,768,768,0,0,307,307
checkerboard,64,8,9,6,4096,1024,3,768,768,0,0,307,307
checkerboard,64,8,0,7,2048,496,3,768,768,0,0,307,307
checkerboard,64,8,1,7,2048,512,3,768,768,0,0,307,307
checkerboard,64,8,2,7,2048,512,3,768,768,0,0,307,307
checkerboard,64,8,3,7,2048,512,3,768,768,0,0,307,307
checkerboard,64,8,4,7,2048,512,3,768,768,0,0,307,307
checkerboard,64,8,5,7,2048,512,3,768,768,0,0,307,307
checkerboard,64,8,6,7,2048,512,3,768,768,0,0,307,307
checkerboard,64,8,7,7,2048,512,3,768,768,0,0,307,307
checkerboard,64,8,8,7,2048,512,3,768,768,0,0,307,307
checkerboard,64,8,9,7,2048,512,3,768,768,0,0,307,307
checkerboard,64,16,0,0,4096,958,6,768,768,0,0,307,307
checkerboard,64,16,1,0,4096,992,6,768,768,0,0,307,307
checkerboard,64,16,2,0,4096,992,6,768,768,0,0,307,307
checkerboard,64,16,3,0,4096,992,6,768,768,0,0,307,307
checkerboard,64,16,4,0,4096,992,6,768,768,0,0,307,307
checkerboard,64,16,5,0,4096,992,6,768,768,0,0,307,307
checkerboard,64,16,6,0,4096,992,6,768,768,0,0,307,307
checkerboard,64,16,7,0,4096,992,6,768,768,0,0,307,307
checkerboard,64,16,8,0,4096,992,6,768,768,0,0,307,307
checkerboard,64,16,9,0,4096,992,6,768,768,0,0,307,307
checkerboard,64,16,0,1,4096,992,6,768,768,0,0,307,307
checkerboard,64,16,1,1,4096,1024,6,768,768,0,0,307,307
checkerboard,64,16,2,1,4096,1024,6,768,768,0,0,307,307
checkerboard,64,16,3,1,4096,1024,6,768,768,0,0,307,307
checkerboard,64,16,4,1,4096,1024,6,768,768,0,0,307,307
checkerboard,64,16,5,1,4096,1024,6,768,768,0,0,307,307
checkerboard,64,16,6,1,4096,1024,6,768,768,0,0,307,307
checkerboard,64,16,7,1,4096,1024,6,768,768,0,0,307,307
checkerboard,64,16,8,1,4096,1024,6,768,768,0,0,307,307
checkerboard,64,16,9,1,4096,1024,6,768,768,0,0,307,307
checkerboard,64,16,0,2,4096,992,6,768,768,0,0,307,307
checkerboard,64,16,1,2,4096,1024,6,768,768,0,0,307,307
checkerboard,64,16,2,2,4096,1024,6,768,768,0,0,307,307
checkerboard,64,16,3,2,4096,1024,6,768,768,0,0,307,307
checkerboard,64,16,4,2,4096,1024,6,768,768,0,0,307,307
checkerboard,64,16,5,2,4096,1024,6,768,768,0,0,307,307
checkerboard,64,16,6,2,4096,1024,6,768,768,0,0,307,307
checkerboard,64,16,7,2,4096,1024,6,768,768,0,0,307,307
checkerboard,64,16,8,2,4096,1024,6,768,768,0,0,307,307
checkerboard,64,16,9,2,4096,1024,6,768,768,0,0,307,307
checkerboard,64,16,0,3,4096,992,6,768,768,0,0,307,307
checkerboard,64,16,1,3,4096,1024,6,768,768,0,0,307,307
checkerboard,64,16,2,3,4096,1024,6,768,768,0,0,307,307
checkerboard,64,16,3,3,4096,1024,6,768,768,0,0,307,307
checkerboard,64,16,4,3,4096,1024,6,768,768,0,0,307,307
checkerboard,64,16,5,3,4096,1024,6,768,768,0,0,307,307
checkerboard,64,16,6,3,4096,1024,6,768,768,0,0,307,307
checkerboard,64,16,7,3,4096,1024,6,768,768,0,0,307,307
checkerboard,64,16,8,3,4096,1024,6,768,768,0,0,307,307
checkerboard,64,16,9,3,4096,1024,6,768,768,0,0,307,307
checkerboard,64,16,0,4,4096,992,6,768,768,0,0,307,307
checkerboard,64,16,1,4,4096,1024,6,768,768,0,0,307,307
checkerboard,64,16,2,4,4096,1024,6,768,768,0,0,307,307
checkerboard,64,16,3,4,4096,1024,6,768,768,0,0,307,307
checkerboard,64,16,4,4,4096,1024,6,768,768,0,0,307,307
checkerboard,64,16,5,4,4096,1024,6,768,768,0,0,307,307
checkerboard,64,16,6,4,4096,1024,6,768,768,0,0,307,307
checkerboard,64,16,7,4,4096,1024,6,768,768,0,0,307,307
checkerboard,64,16,8,4,4096,1024,6,768,768,0,0,307,307
checkerboard,64,16,9,4,4096,1024,6,768,768,0,0,307,307
checkerboard,64,16,0,5,4096,992,6,768,768,0,0,307,307
checkerboard,64,16,1,5,4096,1024,6,768,768,0,0,307,307
checkerboard,64,16,2,5,4096,1024,6,768,768,0,0,307,307
checkerboard,64,16,3,5,4096,1024,6,768,768,0,0,307,307
checkerboard,64,16,4,5,4096,1024,6,768,768,0,0,307,307
checkerboard,64,16,5,5,4096,1024,6,768,768,0,0,307,307
checkerboard,64,16,6,5,4096,1024,6,768,768,0,0,307,307
checkerboard,64,16,7,5,4096,1024,6,768,768,0,0,307,307
checkerboard,64,16,8,5,4096,1024,6,768,768,0,0,307,307
checkerboard,64,16,9,5,4096,1024,6,768,768,0,0,307,307
checkerboard,64,16,0,6,4096,992,6,768,768,0,0,307,307
checkerboard,64,16,1,6,4096,1024,6,768,768,0,0,307,307
checkerboard,64,16,2,6,4096,1024,6,768,768,0,0,307,307
checkerboard,64,16,3,6,4096,1024,6,768,768,0,0,307,307
checkerboard,64,16,4,6,4096,1024,6,768,768,0,0,307,307
checkerboard,64,16,5,6,4096,1024,6,768,768,0,0,307,307
checkerboard,64,16,6,6,4096,1024,6,768,768,0,0,307,307
checkerboard,64,16,7,6,4096,1024,6,768,768,0,0,307,307
checkerboard,64,16,8,6,4096,1024,6,768,768,0,0,307,307
checkerboard,64,16,9,6,4096,1024,6,768,768,0,0,307,307
checkerboard,64,16,0,7,2048,496,6,768,768,0,0,307,307
checkerboard,64,16,1,7,2048,512,6,768,768,0,0,307,307
checkerboard,64,16,2,7,2048,512,6,768,768,0,0,307,307
checkerboard,64,16,3,7,2048,512,6,768,768,0,0,307,307
checkerboard,64,16,4,7,2048,512,6,768,768,0,0,307,307
checkerboard,64,16,5,7,2048,512,6,768,768,0,0,307,307
checkerboard,64,16,6,7,2048,512,6,768,768,0,0,307,307
checkerboard,64,16,7,7,2048,512,6,768,768,0,0,307,307
checkerboard,64,16,8,7,2048,512,6,768,768,0,0,307,307
checkerboard,64,16,9,7,2048,512,6,768,768,0,0,307,307
checkerboard,64,32,0,0,4096,958,12,768,768,0,0,307,307
checkerboard,64,32,1,0,4096,992,12,768,768,0,0,307,307
checkerboard,64,32,2,0,4096,992,12,768,768,0,0,307,307
checkerboard,64,32,3,0,4096,992,12,768,768,0,0,307,307
checkerboard,64,32,4,0,4096,992,12,768,768,0,0,307,307
checkerboard,64,32,5,0,4096,992,12,768,768,0,0,307,307
checkerboard,64,32,6,0,4096,992,12,768,768,0,0,307,307
checkerboard,64,32,7,0,4096,992,12,768,768,0,0,307,307
checkerboard,64,32,8,0,4096,992,12,768,768,0,0,307,307
checkerboard,64,32,9,0,4096,992,12,768,768,0,0,307,307
checkerboard,64,32,0,1,4096,992,12,768,768,0,0,307,307
checkerboard,64,32,1,1,4096,1024,12,768,768,0,0,307,307
checkerboard,64,32,2,1,4096,1024,12,768,768,0,0,307,307
checkerboard,64,32,3,1,4096,1024,12,768,768,0,0,307,307
checkerboard,64,32,4,1,4096,1024,12,768,768,0,0,307,307
checkerboard,64,32,5,1,4096,1024,12,768,768,0,0,307,307
checkerboard,64,32,6,1,4096,1024,12,768,768,0,0,307,307
checkerboard,64,32,7,1,4096,1024,12,768,768,0,0,307,307
checkerboard,64,32,8,1,4096,1024,12,768,768,0,0,307,307
checkerboard,64,32,9,1,4096,1024,12,768,768,0,0,307,307
checkerboard,64,32,0,2,4096,992,12,768,768,0,0,307,307
checkerboard,64,32,1,2,4096,1024,12,768,768,0,0,307,307
checkerboard,64,32,2,2,4096,1024,12,768,768,0,0,307,307
checkerboard,64,32,3,2,4096,1024,12,768,768,0,0,307,307
checkerboard,64,32,4,2,4096,1024,12,768,768,0,0,307,307
checkerboard,64,32,5,2,4096,1024,12,768,768,0,0,307,307
checkerboard,64,32,6,2,4096,1024,12,768,768,0,0,307,307
checkerboard,64,32,7,2,4096,1024,12,768,768,0,0,307,307
checkerboard,64,32,8,2,4096,1024,12,768,768,0,0,307,307
checkerboard,64,32,9,2,4096,1024,12,768,768,0,0,307,307
checkerboard,64,32,0,3,4096,992,12,768,768,0,0,307,307
checkerboard,64,32,1,3,4096,1024,12,768,768,0,0,307,307
checkerboard,64,32,2,3,4096,1024,12,768,768,0,0,307,307
checkerboard,64,32,3,3,4096,1024,12,768,768,0,0,307,307
checkerboard,64,32,4,3,4096,1024,12,768,768,0,0,307,307
checkerboard,64,32,5,3,4096,1024,12,768,768,0,0,307,307
checkerboard,64,32,6,3,4096,1024,12,768,768,0,0,307,307
checkerboard,64,32,7,3,4096,1024,12,768,768,0,0,307,307
checkerboard,64,32,8,3,4096,1024,12,768,768,0,0,307,307
checkerboard,64,32,9,3,4096,1024,12,768,768,0,0,307,307
checkerboard,64,32,0,4,4096,992,12,768,768,0,0,307,307
checkerboard,64,32,1,4,4096,1024,12,768,768,0,0,307,307
checkerboard,64,32,2,4,4096,1024,12,768,768,0,0,307,307
checkerboard,64,32,3,4,4096,1024,12,768,768,0,0,307,307
checkerboard,64,32,4,4,4096,1024,12,768,768,0,0,307,307
checkerboard,64,32,5,4,4096,1024,12,768,768,0,0,307,307
checkerboard,64,32,6,4,4096,1024,12,768,768,0,0,307,307
checkerboard,64,32,7,4,4096,1024,12,768,768,0,0,307,307
checkerboard,64,32,8,4,4096,1024,12,768,768,0,0,307,307
checkerboard,64,32,9,4,4096,1024,12,768,768,0,0,307,307
checkerboard,64,32,0,5,4096,992,12,768,768,0,0,307,307
checkerboard,64,32,1,5,4096,1024,12,768,768,0,0,307,307
checkerboard,64,32,2,5,4096,1024,12,768,768,0,0,307,307
checkerboard,64,32,3,5,4096,1024,12,768,768,0,0,307,307
checkerboard,64,32,4,5,4096,1024,12,768,768,0,0,307,307
checkerboard,64,32,5,5,4096,1024,12,768,768,0,0,307,307
checkerboard,64,32,6,5,4096,1024,12,768,768,0,0,307,307
checkerboard,64,32,7,5,4096,1024,12,768,768,0,0,307,307
checkerboard,64,32,8,5,4096,1024,12,768,768,0,0,307,307
checkerboard,64,32,9,5,4096,1024,12,768,768,0,0,307,307
checkerboard,64,32,0,6,4096,992,12,768,768,0,0,307,307
checkerboard,64,32,1,6,4096,1024,12,768,768,0,0,307,307
checkerboard,64,32,2,6,4096,1024,12,768,768,0,0,307,307
checkerboard,64,32,3,6,4096,1024,12,768,768,0,0,307,307
checkerboard,64,32,4,6,4096,1024,12,768,768,0,0,307,307
checkerboard,64,32,5,6,4096,1024,12,768,768,0,0,307,307
checkerboard,64,32,6,6,4096,1024,12,768,768,0,0,307,307
checkerboard,64,32,7,6,4096,1024,12,768,768,0,0,307,307
checkerboard,64,32,8,6,4096,1024,12,768,768,0,0,307,307
checkerboard,64,32,9,6,4096,1024,12,768,768,0,0,307,307
checkerboard,64,32,0,7,2048,496,12,768,768,0,0,307,307
checkerboard,64,32,1,7,2048,512,12,768,768,0,0,307,307
checkerboard,64,32,2,7,2048,512,12,768,768,0,0,307,307
checkerboard,64,32,3,7,2048,512,12,768,768,0,0,307,307
checkerboard,64,32,4,7,2048,512,12,768,768,0,0,307,307
checkerboard,64,32,5,7,2048,512,12,768,768,0,0,307,307
checkerboard,64,32,6,7,2048,512,12,768,768,0,0,307,307
checkerboard,64,32,7,7,2048,512,12,768,768,0,0,307,307
checkerboard,64,32,8,7,2048,512,12,768,768,0,0,307,307
checkerboard,64,32,9,7,2048,512,12,768,768,0,0,307,307
random,32,8,0,0,1024,350,1,256,325,-69,69,102,130
random,32,8,1,0,1024,384,1,256,304,-48,48,102,121
random,32,8,2,0,1024,375,1,256,297,-41,41,102,118
random,32,8,3,0,1024,381,1,256,272,-16,16,102,108
random,32,8,4,0,1024,371,1,256,264,-8,8,102,105
random,32,8,5,0,1024,374,1,256,287,-31,31,102,114
random,32,8,6,0,1024,379,1,256,303,-47,47,102,121
random,32,8,7,0,1024,383,1,256,297,-41,41,102,118
random,32,8,8,0,1024,369,1,256,296,-40,40,102,118
random,32,8,9,0,1024,394,1,256,284,-28,28,102,113
random,32,8,10,0,1024,410,1,256,270,-14,14,102,108
random,32,8,11,0,1024,380,1,256,293,-37,37,102,117
random,32,8,12,0,1024,392,1,256,299,-43,43,102,119
random,32,8,13,0,1024,382,1,256,303,-47,47,102,121
random,32,8,14,0,1024,381,1,256,293,-37,37,102,117
random,32,8,15,0,1024,399,1,256,280,-24,24,102,112
random,32,8,16,0,1024,385,1,256,297,-41,41,102,118
random,32,8,17,0,1024,368,1,256,310,-54,54,102,124
random,32,8,18,0,1024,380,1,256,306,-50,50,102,122
random,32,8,19,0,1024,394,1,256,305,-49,49,102,122
random,32,8,0,1,1024,387,1,256,291,-35,35,102,116
random,32,8,1,1,1024,406,1,256,259,-3,3,102,103
random,32,8,2,1,1024,403,1,256,274,-18,18,102,109
random,32,8,3,1,1024,402,1,256,282,-26,26,102,112
random,32,8,4,1,1024,406,1,256,261,-5,5,102,104
random,32,8,5,1,1024,407,1,256,270,-14,14,102,108
random,32,8,6,1,1024,402,1,256,260,-4,4,102,104
random,32,8,7,1,1024,411,1,256,267,-11,11,102,106
random,32,8,8,1,1024,414,1,256,276,-20,20,102,110
random,32,8,9,1,1024,415,1,256,264,-8,8,102,105
random,32,8,10,1,1024,402,1,256,267,-11,11,102,106
random,32,8,11,1,1024,392,1,256,266,-10,10,102,106
random,32,8,12,1,1024,401,1,256,273,-17,17,102,109
random,32,8,13,1,1024,419,1,256,266,-10,10,102,106
random,32,8,14,1,1024,403,1,256,285,-29,29,102,114
random,32,8,15,1,1024,416,1,256,290,-34,34,102,116
random,32,8,16,1,1024,401,1,256,271,-15,15,102,108
random,32,8,17,1,1024,406,1,256,276,-20,20,102,110
random,32,8,18,1,1024,406,1,256,259,-3,3,102,103
random,32,8,19,1,1024,405,1,256,267,-11,11,102,106
random,32,8,0,2,1024,384,1,256,286,-30,30,102,114
random,32,8,1,2,1024,421,1,256,259,-3,3,102,103
random,32,8,2,2,1024,402,1,256,265,-9,9,102,106
random,32,8,3,2,1024,414,1,256,262,-6,6,102,104
random,32,8,4,2,1024,421,1,256,266,-10,10,102,106
random,32,8,5,2,1024,424,1,256,260,-4,4,102,104
random,32,8,6,2,1024,410,1,256,279,-23,23,102,111
random,32,8,7,2,1024,415,1,256,277,-21,21,102,110
random,32,8,8,2,1024,406,0,1,254,-253,253,0,101
random,32,8,9,2,1024,403,1,256,279,-23,23,102,111
random,32,8,10,2,1024,401,1,256,272,-16,16,102,108
random,32,8,11,2,1024,401,1,256,256,0,0,102,102
random,32,8,12,2,1024,412,1,256,262,-6,6,102,104
random,32,8,13,2,1024,403,1,256,276,-20,20,102,110
random,32,8,14,2,1024,411,1,256,273,-17,17,102,109
random,32,8,15,2,1024,400,1,256,282,-26,26,102,112
random,32,8,16,2,1024,402,1,256,290,-34,34,102,116
random,32,8,17,2,1024,412,1,256,267,-11,11,102,106
random,32,8,18,2,1024,408,1,256,268,-12,12,102,107
random,32,8,19,2,1024,408,1,256,277,-21,21,102,110
random,32,8,0,3,1024,393,1,256,277,-21,21,102,110
random,32,8,1,3,1024,408,1,256,259,-3,3,102,103
random,32,8,2,3,1024,414,1,256,293,-37,37,102,117
random,32,8,3,3,1024,404,1,256,286,-30,30,102,114
random,32,8,4,3,1024,412,1,256,260,-4,4,102,104
random,32,8,5,3,1024,415,1,256,271,-15,15,102,108
random,32,8,6,3,1024,439,1,256,261,-5,5,102,104
random,32,8,7,3,1024,416,1,256,265,-9,9,102,106
random,32,8,8,3,1024,415,1,256,260,-4,4,102,104
random,32,8,9,3,1024,403,1,256,278,-22,22,102,111
random,32,8,10,3,1024,431,1,256,267,-11,11,102,106
random,32,8,11,3,1024,409,1,256,266,-10,10,102,106
random,32,8,12,3,1024,408,1,256,275,-19,19,102,110
random,32,8,13,3,1024,412,1,256,261,-5,5,102,104
random,32,8,14,3,1024,401,1,256,258,-2,2,102,103
random,32,8,15,3,1024,418,1,256,267,-11,11,102,106
random,32,8,16,3,1024,399,1,256,281,-25,25,102,112
random,32,8,17,3,1024,414,1,256,256,0,0,102,102
random,32,8,18,3,1024,429,1,256,265,-9,9,102,106
random,32,8,19,3,1024,388,1,256,267,-11,11,102,106
random,32,8,0,4,1024,379,1,256,307,-51,51,102,122
random,32,8,1,4,1024,406,1,256,278,-22,22,102,111
random,32,8,2,4,1024,407,1,256,272,-16,16,102,108
random,32,8,3,4,1024,424,1,256,267,-11,11,102,106
random,32,8,4,4,1024,404,1,256,276,-20,20,102,110
random,32,8,5,4,1024,418,1,256,265,-9,9,102,106
random,32,8,6,4,1024,410,1,256,262,-6,6,102,104
random,32,8,7,4,1024,404,1,256,294,-38,38,102,117
random,32,8,8,4,1024,420,0,1,254,-253,253,0,101
random,32,8,9,4,1024,401,0,1,254,-253,253,0,101
random,32,8,10,4,1024,408,0,1,246,-245,245,0,98
random,32,8,11,4,1024,411,1,256,270,-14,14,102,108
random,32,8,12,4,1024,413,1,256,257,-1,1,102,102
random,32,8,13,4,1024,413,0,1,237,-236,236,0,94
random,32,8,14,4,1024,411,1,256,270,-14,14,102,108
random,32,8,15,4,1024,402,1,256,273,-17,17,102,109
random,32,8,16,4,1024,409,1,256,283,-27,27,102,113
random,32,8,17,4,1024,408,1,256,270,-14,14,102,108
random,32,8,18,4,1024,412,1,256,265,-9,9,102,106
random,32,8,19,4,1024,396,1,256,264,-8,8,102,105
random,32,8,0,5,1024,379,1,256,304,-48,48,102,121
random,32,8,1,5,1024,411,1,256,274,-18,18,102,109
random,32,8,2,5,1024,418,1,256,269,-13,13,102,107
random,32,8,3,5,1024,430,1,256,267,-11,11,102,106
random,32,8,4,5,1024,404,1,256,270,-14,14,102,108
random,32,8,5,5,1024,395,1,256,266,-10,10,102,106
random,32,8,6,5,1024,404,1,256,274,-18,18,102,109
random,32,8,7,5,1024,429,1,256,258,-2,2,102,103
random,32,8,8,5,1024,397,1,256,268,-12,12,102,107
random,32,8,9,5,1024,411,1,256,278,-22,22,102,111
random,32,8,10,5,1024,415,1,256,287,-31,31,102,114
random,32,8,11,5,1024,416,1,256,263,-7,7,102,105
random,32,8,12,5,1024,408,1,256,262,-6,6,102,104
random,32,8,13,5,1024,411,1,256,270,-14,14,102,108
random,32,8,14,5,1024,400,1,256,282,-26,26,102,112
random,32,8,15,5,1024,416,1,256,274,-18,18,102,109
random,32,8,16,5,1024,442,1,256,263,-7,7,102,105
random,32,8,17,5,1024,419,1,256,287,-31,31,102,114
random,32,8,18,5,1024,399,0,1,251,-250,250,0,100
random,32,8,19,5,1024,427,1,256,283,-27,27,102,113
random,32,8,0,6,1024,372,1,256,318,-62,62,102,127
random,32,8,1,6,1024,420,1,256,265,-9,9,102,106
random,32,8,2,6,1024,407,1,256,260,-4,4,102,104
random,32,8,3,6,1024,405,1,256,290,-34,34,102,116
random,32,8,4,6,1024,434,1,256,268,-12,12,102,107
random,32,8,5,6,1024,422,1,256,277,-21,21,102,110
random,32,8,6,6,1024,391,1,256,276,-20,20,102,110
random,32,8,7,6,1024,404,1,256,264,-8,8,102,105
random,32,8,8,6,1024,413,1,256,268,-12,12,102,107
random,32,8,9,6,1024,416,1,256,269,-13,13,102,107
random,32,8,10,6,1024,425,1,256,284,-28,28,102,113
random,32,8,11,6,1024,403,1,256,270,-14,14,102,108
random,32,8,12,6,1024,429,1,256,273,-17,17,102,109
random,32,8,13,6,1024,405,1,256,278,-22,22,102,111
random,32,8,14,6,1024,416,1,256,274,-18,18,102,109
random,32,8,15,6,1024,402,1,256,269,-13,13,102,107
random,32,8,16,6,1024,412,1,256,256,0,0,102,102
random,32,8,17,6,1024,407,1,256,270,-14,14,102,108
random,32,8,18,6,1024,410,1,256,268,-12,12,102,107
random,32,8,19,6,1024,402,1,256,261,-5,5,102,104
random,32,8,0,7,1024,379,1,256,300,-44,44,102,120
random,32,8,1,7,1024,427,1,256,265,-9,9,102,106
random,32,8,2,7,1024,411,1,256,271,-15,15,102,108
random,32,8,3,7,1024,413,1,256,271,-15,15,102,108
random,32,8,4,7,1024,410,0,1,254,-253,253,0,101
random,32,8,5,7,1024,417,1,256,275,-19,19,102,110
random,32,8,6,7,1024,416,0,1,255,-254,254,0,102
random,32,8,7,7,1024,418,1,256,271,-15,15,102,108
random,32,8,8,7,1024,427,1,256,261,-5,5,102,104
random,32,8,9,7,1024,412,1,256,266,-10,10,102,106
random,32,8,10,7,1024,401,1,256,273,-17,17,102,109
random,32,8,11,7,1024,429,1,256,284,-28,28,102,113
random,32,8,12,7,1024,401,1,256,261,-5,5,102,104
random,32,8,13,7,1024,395,1,256,289,-33,33,102,115
random,32,8,14,7,1024,407,1,256,280,-24,24,102,112
random,32,8,15,7,1024,411,0,1,239,-238,238,0,95
random,32,8,16,7,1024,402,1,256,260,-4,4,102,104
random,32,8,17,7,1024,410,1,256,278,-22,22,102,111
random,32,8,18,7,1024,421,1,256,258,-2,2,102,103
random,32,8,19,7,1024,409,1,256,275,-19,19,102,110
random,32,8,0,8,1024,381,1,256,283,-27,27,102,113
random,32,8,1,8,1024,401,0,1,254,-253,253,0,101
random,32,8,2,8,1024,430,1,256,265,-9,9,102,106
random,32,8,3,8,1024,401,1,256,276,-20,20,102,110
random,32,8,4,8,1024,419,0,1,253,-252,252,0,101
random,32,8,5,8,1024,426,1,256,268,-12,12,102,107
random,32,8,6,8,1024,396,1,256,277,-21,21,102,110
random,32,8,7,8,1024,414,1,256,277,-21,21,102,110
random,32,8,8,8,1024,420,1,256,257,-1,1,102,102
random,32,8,9,8,1024,397,1,256,266,-10,10,102,106
random,32,8,10,8,1024,397,1,256,283,-27,27,102,113
random,32,8,11,8,1024,401,1,256,272,-16,16,102,108
random,32,8,12,8,1024,429,1,256,257,-1,1,102,102
random,32,8,13,8,1024,429,1,256,256,0,0,102,102
random,32,8,14,8,1024,413,1,256,276,-20,20,102,110
random,32,8,15,8,1024,403,1,256,267,-11,11,102,106
random,32,8,16,8,1024,431,1,256,258,-2,2,102,103
random,32,8,17,8,1024,393,0,1,247,-246,246,0,98
random,32,8,18,8,1024,404,1,256,268,-12,12,102,107
random,32,8,19,8,1024,413,1,256,259,-3,3,102,103
random,32,8,0,9,1024,382,1,256,296,-40,40,102,118
random,32,8,1,9,1024,428,1,256,280,-24,24,102,112
random,32,8,2,9,1024,406,1,256,275,-19,19,102,110
random,32,8,3,9,1024,428,1,256,269,-13,13,102,107
random,32,8,4,9,1024,413,1,256,264,-8,8,102,105
random,32,8,5,9,1024,412,1,256,262,-6,6,102,104
random,32,8,6,9,1024,425,1,256,266,-10,10,102,106
random,32,8,7,9,1024,412,1,256,258,-2,2,102,103
random,32,8,8,9,1024,407,1,256,271,-15,15,102,108
random,32,8,9,9,1024,414,1,256,268,-12,12,102,107
random,32,8,10,9,1024,399,1,256,262,-6,6,102,104
random,32,8,11,9,1024,410,1,256,275,-19,19,102,110
random,32,8,12,9,1024,408,1,256,262,-6,6,102,104
random,32,8,13,9,1024,406,1,256,276,-20,20,102,110
random,32,8,14,9,1024,436,1,256,273,-17,17,102,109
random,32,8,15,9,1024,415,1,256,259,-3,3,102,103
random,32,8,16,9,1024,404,1,256,257,-1,1,102,102
random,32,8,17,9,1024,407,1,256,269,-13,13,102,107
random,32,8,18,9,1024,409,1,256,275,-19,19,102,110
random,32,8,19,9,1024,401,1,256,277,-21,21,102,110
random,32,8,0,10,1024,400,1,256,320,-64,64,102,128
random,32,8,1,10,1024,413,1,256,272,-16,16,102,108
random,32,8,2,10,1024,391,0,1,255,-254,254,0,102
random,32,8,3,10,1024,403,1,256,259,-3,3,102,103
random,32,8,4,10,1024,413,1,256,265,-9,9,102,106
random,32,8,5,10,1024,412,1,256,264,-8,8,102,105
random,32,8,6,10,1024,386,1,256,273,-17,17,102,109
random,32,8,7,10,1024,412,1,256,269,-13,13,102,107
random,32,8,8,10,1024,423,1,256,262,-6,6,102,104
random,32,8,9,10,1024,395,1,256,267,-11,11,102,106
random,32,8,10,10,1024,411,1,256,269,-13,13,102,107
random,32,8,11,10,1024,424,1,256,261,-5,5,102,104
random,32,8,12,10,1024,416,1,256,278,-22,22,102,111
random,32,8,13,10,1024,414,1,256,270,-14,14,102,108
random,32,8,14,10,1024,400,0,1,251,-250,250,0,100
random,32,8,15,10,1024,423,0,1,247,-246,246,0,98
random,32,8,16,10,1024,389,1,256,272,-16,16,102,108
random,32,8,17,10,1024,393,0,1,244,-243,243,0,97
random,32,8,18,10,1024,411,1,256,280,-24,24,102,112
random,32,8,19,10,1024,439,1,256,281,-25,25,102,112
random,32,8,0,11,1024,376,1,256,297,-41,41,102,118
random,32,8,1,11,1024,415,1,256,268,-12,12,102,107
random,32,8,2,11,1024,411,1,256,265,-9,9,102,106
random,32,8,3,11,1024,413,1,256,257,-1,1,102,102
random,32,8,4,11,1024,414,1,256,258,-2,2,102,103
random,32,8,5,11,1024,418,1,256,261,-5,5,102,104
random,32,8,6,11,1024,411,1,256,283,-27,27,102,113
random,32,8,7,11,1024,409,0,1,249,-248,248,0,99
random,32,8,8,11,1024,419,1,256,275,-19,19,102,110
random,32,8,9,11,1024,405,1,256,264,-8,8,102,105
random,32,8,10,11,1024,426,0,1,253,-252,252,0,101
random,32,8,11,11,1024,406,1,256,256,0,0,102,102
random,32,8,12,11,1024,427,0,1,250,-249,249,0,100
random,32,8,13,11,1024,403,1,256,260,-4,4,102,104
random,32,8,14,11,1024,398,1,256,274,-18,18,102,109
random,32,8,15,11,1024,405,1,256,272,-16,16,102,108
random,32,8,16,11,1024,427,1,256,269,-13,13,102,107
random,32,8,17,11,1024,409,1,256,256,0,0,102,102
random,32,8,18,11,1024,413,0,1,248,-247,247,0,99
random,32,8,19,11,1024,400,1,256,278,-22,22,102,111
random,32,8,0,12,1024,389,1,256,287,-31,31,102,114
random,32,8,1,12,1024,400,1,256,292,-36,36,102,116
random,32,8,2,12,1024,401,1,256,258,-2,2,102,103
random,32,8,3,12,1024,420,1,256,285,-29,29,102,114
random,32,8,4,12,1024,411,1,256,275,-19,19,102,110
random,32,8,5,12,1024,415,1,256,258,-2,2,102,103
random,32,8,6,12,1024,406,1,256,259,-3,3,102,103
random,32,8,7,12,1024,405,1,256,258,-2,2,102,103
random,32,8,8,12,1024,404,1,256,290,-34,34,102,116
random,32,8,9,12,1024,397,1,256,257,-1,1,102,102
random,32,8,10,12,1024,394,1,256,273,-17,17,102,109
random,32,8,11,12,1024,424,1,256,270,-14,14,102,108
random,32,8,12,12,1024,399,0,1,253,-252,252,0,101
random,32,8,13,12,1024,422,1,256,276,-20,20,102,110
random,32,8,14,12,1024,410,1,256,264,-8,8,102,105
random,32,8,15,12,1024,424,1,256,267,-11,11,102,106
random,32,8,16,12,1024,411,1,256,277,-21,21,102,110
random,32,8,17,12,1024,409,1,256,278,-22,22,102,111
random,32,8,18,12,1024,406,1,256,266,-10,10,102,106
random,32,8,19,12,1024,413,1,256,262,-6,6,102,104
random,32,8,0,13,1024,380,1,256,287,-31,31,102,114
random,32,8,1,13,1024,414,1,256,266,-10,10,102,106
random,32,8,2,13,1024,419,1,256,264,-8,8,102,105
random,32,8,3,13,1024,394,1,256,287,-31,31,102,114
random,32,8,4,13,1024,413,1,256,275,-19,19,102,110
random,32,8,5,13,1024,408,1,256,280,-24,24,102,112
random,32,8,6,13,1024,414,1,256,285,-29,29,102,114
random,32,8,7,13,1024,413,1,256,276,-20,20,102,110
random,32,8,8,13,1024,420,1,256,260,-4,4,102,104
random,32,8,9,13,1024,418,1,256,266,-10,10,102,106
random,32,8,10,13,1024,398,1,256,263,-7,7,102,105
random,32,8,11,13,1024,409,1,256,268,-12,12,102,107
random,32,8,12,13,1024,412,1,256,274,-18,18,102,109
random,32,8,13,13,1024,426,0,1,255,-254,254,0,102
random,32,8,14,13,1024,423,1,256,263,-7,7,102,105
random,32,8,15,13,1024,395,1,256,257,-1,1,102,102
random,32,8,16,13,1024,425,1,256,268,-12,12,102,107
random,32,8,17,13,1024,422,1,256,261,-5,5,102,104
random,32,8,18,13,1024,416,1,256,265,-9,9,102,106
random,32,8,19,13,1024,419,1,256,263,-7,7,102,105
random,32,8,0,14,1024,354,1,256,309,-53,53,102,123
random,32,8,1,14,1024,403,1,256,271,-15,15,102,108
random,32,8,2,14,1024,415,1,256,283,-27,27,102,113
random,32,8,3,14,1024,412,1,256,263,-7,7,102,105
random,32,8,4,14,1024,402,1,256,269,-13,13,102,107
random,32,8,5,14,1024,403,1,256,282,-26,26,102,112
random,32,8,6,14,1024,422,1,256,264,-8,8,102,105
random,32,8,7,14,1024,407,1,256,272,-16,16,102,108
random,32,8,8,14,1024,407,1,256,273,-17,17,102,109
random,32,8,9,14,1024,405,1,256,257,-1,1,102,102
random,32,8,10,14,1024,414,0,1,254,-253,253,0,101
random,32,8,11,14,1024,413,0,1,253,-252,252,0,101
random,32,8,12,14,1024,417,1,256,269,-13,13,102,107
random,32,8,13,14,1024,407,1,256,256,0,0,102,102
random,32,8,14,14,1024,403,1,256,271,-15,15,102,108
random,32,8,15,14,1024,414,1,256,276,-20,20,102,110
random,32,8,16,14,1024,406,0,1,252,-251,251,0,100
random,32,8,17,14,1024,406,1,256,272,-16,16,102,108
random,32,8,18,14,1024,408,1,256,266,-10,10,102,106
random,32,8,19,14,1024,412,1,256,271,-15,15,102,108
random,32,16,0,0,1024,350,2,256,325,-69,69,102,130
random,32,16,1,0,1024,384,2,256,304,-48,48,102,121
random,32,16,2,0,1024,375,2,256,297,-41,41,102,118
random,32,16,3,0,1024,381,2,256,272,-16,16,102,108
random,32,16,4,0,1024,371,2,256,264,-8,8,102,105
random,32,16,5,0,1024,374,2,256,287,-31,31,102,114
random,32,16,6,0,1024,379,2,256,303,-47,47,102,121
random,32,16,7,0,1024,383,2,256,297,-41,41,102,118
random,32,16,8,0,1024,369,2,256,296,-40,40,102,118
random,32,16,9,0,1024,394,2,256,284,-28,28,102,113
random,32,16,10,0,1024,410,2,256,270,-14,14,102,108
random,32,16,11,0,1024,380,2,256,293,-37,37,102,117
random,32,16,12,0,1024,392,2,256,299,-43,43,102,119
random,32,16,13,0,1024,382,2,256,303,-47,47,102,121
random,32,16,14,0,1024,381,2,256,293,-37,37,102,117
random,32,16,15,0,1024,399,2,256,280,-24,24,102,112
random,32,16,16,0,1024,385,2,256,297,-41,41,102,118
random,32,16,17,0,1024,368,2,256,310,-54,54,102,124
random,32,16,18,0,1024,380,2,256,306,-50,50,102,122
random,32,16,19,0,1024,394,2,256,305,-49,49,102,122
random,32,16,0,1,1024,387,2,256,291,-35,35,102,116
random,32,16,1,1,1024,406,2,256,259,-3,3,102,103
random,32,16,2,1,1024,403,2,256,274,-18,18,102,109
random,32,16,3,1,1024,402,2,256,282,-26,26,102,112
random,32,16,4,1,1024,406,2,256,261,-5,5,102,104
random,32,16,5,1,1024,407,2,256,270,-14,14,102,108
random,32,16,6,1,1024,402,2,256,260,-4,4,102,104
random,32,16,7,1,1024,411,2,256,267,-11,11,102,106
random,32,16,8,1,1024,414,2,256,276,-20,20,102,110
random,32,16,9,1,1024,415,2,256,264,-8,8,102,105
random,32,16,10,1,1024,402,2,256,267,-11,11,102,106
random,32,16,11,1,1024,392,2,256,266,-10,10,102,106
random,32,16,12,1,1024,401,2,256,273,-17,17,102,109
random,32,16,13,1,1024,419,2,256,266,-10,10,102,106
random,32,16,14,1,1024,403,2,256,285,-29,29,102,114
random,32,16,15,1,1024,416,2,256,290,-34,34,102,116
random,32,16,16,1,1024,401,2,256,271,-15,15,102,108
random,32,16,17,1,1024,406,2,256,276,-20,20,102,110
random,32,16,18,1,1024,406,2,256,259,-3,3,102,103
random,32,16,19,1,1024,405,2,256,267,-11,11,102,106
random,32,16,0,2,1024,384,2,256,286,-30,30,102,114
random,32,16,1,2,1024,421,2,256,259,-3,3,102,103
random,32,16,2,2,1024,402,2,256,265,-9,9,102,106
random,32,16,3,2,1024,414,2,256,262,-6,6,102,104
random,32,16,4,2,1024,421,2,256,266,-10,10,102,106
random,32,16,5,2,1024,424,2,256,260,-4,4,102,104
random,32,16,6,2,1024,410,2,256,279,-23,23,102,111
random,32,16,7,2,1024,415,2,256,277,-21,21,102,110
random,32,16,8,2,1024,406,1,128,254,-126,126,51,101
random,32,16,9,2,1024,403,2,256,279,-23,23,102,111
random,32,16,10,2,1024,401,2,256,272,-16,16,102,108
random,32,16,11,2,1024,401,2,256,256,0,0,102,102
random,32,16,12,2,1024,412,2,256,262,-6,6,102,104
random,32,16,13,2,1024,403,2,256,276,-20,20,102,110
random,32,16,14,2,1024,411,2,256,273,-17,17,102,109
random,32,16,15,2,1024,400,2,256,282,-26,26,102,112
random,32,16,16,2,1024,402,2,256,290,-34,34,102,116
random,32,16,17,2,1024,412,2,256,267,-11,11,102,106
random,32,16,18,2,1024,408,2,256,268,-12,12,102,107
random,32,16,19,2,1024,408,2,256,277,-21,21,102,110
random,32,16,0,3,1024,393,2,256,277,-21,21,102,110
random,32,16,1,3,1024,408,2,256,259,-3,3,102,103
random,32,16,2,3,1024,414,2,256,293,-37,37,102,117
random,32,16,3,3,1024,404,2,256,286,-30,30,102,114
random,32,16,4,3,1024,412,2,256,260,-4,4,102,104
random,32,16,5,3,1024,415,2,256,271,-15,15,102,108
random,32,16,6,3,1024,439,2,256,261,-5,5,102,104
random,32,16,7,3,1024,416,2,256,265,-9,9,102,106
random,32,16,8,3,1024,415,2,256,260,-4,4,102,104
random,32,16,9,3,1024,403,2,256,278,-22,22,102,111
random,32,16,10,3,1024,431,2,256,267,-11,11,102,106
random,32,16,11,3,1024,409,2,256,266,-10,10,102,106
random,32,16,12,3,1024,408,2,256,275,-19,19,102,110
random,32,16,13,3,1024,412,2,256,261,-5,5,102,104
random,32,16,14,3,1024,401,2,256,258,-2,2,102,103
random,32,16,15,3,1024,418,2,256,267,-11,11,102,106
random,32,16,16,3,1024,399,2,256,281,-25,25,102,112
random,32,16,17,3,1024,414,2,256,256,0,0,102,102
random,32,16,18,3,1024,429,2,256,265,-9,9,102,106
random,32,16,19,3,1024,388,2,256,267,-11,11,102,106
random,32,16,0,4,1024,379,2,256,307,-51,51,102,122
random,32,16,1,4,1024,406,2,256,278,-22,22,102,111
random,32,16,2,4,1024,407,2,256,272,-16,16,102,108
random,32,16,3,4,1024,424,2,256,267,-11,11,102,106
random,32,16,4,4,1024,404,2,256,276,-20,20,102,110
random,32,16,5,4,1024,418,2,256,265,-9,9,102,106
random,32,16,6,4,1024,410,2,256,262,-6,6,102,104
random,32,16,7,4,1024,404,2,256,294,-38,38,102,117
random,32,16,8,4,1024,420,1,128,254,-126,126,51,101
random,32,16,9,4,1024,401,1,128,254,-126,126,51,101
random,32,16,10,4,1024,408,1,128,246,-118,118,51,98
random,32,16,11,4,1024,411,2,256,270,-14,14,102,108
random,32,16,12,4,1024,413,2,256,257,-1,1,102,102
random,32,16,13,4,1024,413,1,128,237,-109,109,51,94
random,32,16,14,4,1024,411,2,256,270,-14,14,102,108
random,32,16,15,4,1024,402,2,256,273,-17,17,102,109
random,32,16,16,4,1024,409,2,256,283,-27,27,102,113
random,32,16,17,4,1024,408,2,256,270,-14,14,102,108
random,32,16,18,4,1024,412,2,256,265,-9,9,102,106
random,32,16,19,4,1024,396,2,256,264,-8,8,102,105
random,32,16,0,5,1024,379,2,256,304,-48,48,102,121
random,32,16,1,5,1024,411,2,256,274,-18,18,102,109
random,32,16,2,5,1024,418,2,256,269,-13,13,102,107
random,32,16,3,5,1024,430,2,256,267,-11,11,102,106
random,32,16,4,5,1024,404,2,256,270,-14,14,102,108
random,32,16,5,5,1024,395,2,256,266,-10,10,102,106
random,32,16,6,5,1024,404,2,256,274,-18,18,102,109
random,32,16,7,5,1024,429,2,256,258,-2,2,102,103
random,32,16,8,5,1024,397,2,256,268,-12,12,102,107
random,32,16,9,5,1024,411,2,256,278,-22,22,102,111
random,32,16,10,5,1024,415,2,256,287,-31,31,102,114
random,32,16,11,5,1024,416,2,256,263,-7,7,102,105
random,32,16,12,5,1024,408,2,256,262,-6,6,102,104
random,32,16,13,5,1024,411,2,256,270,-14,14,102,108
random,32,16,14,5,1024,400,2,256,282,-26,26,102,112
random,32,16,15,5,1024,416,2,256,274,-18,18,102,109
random,32,16,16,5,1024,442,2,256,263,-7,7,102,105
random,32,16,17,5,1024,419,2,256,287,-31,31,102,114
random,32,16,18,5,1024,399,1,128,251,-123,123,51,100
random,32,16,19,5,1024,427,2,256,283,-27,27,102,113
random,32,16,0,6,1024,372,2,256,318,-62,62,102,127
random,32,16,1,6,1024,420,2,256,265,-9,9,102,106
random,32,16,2,6,1024,407,2,256,260,-4,4,102,104
random,32,16,3,6,1024,405,2,256,290,-34,34,102,116
random,32,16,4,6,1024,434,2,256,268,-12,12,102,107
random,32,16,5,6,1024,422,2,256,277,-21,21,102,110
random,32,16,6,6,1024,391,2,256,276,-20,20,102,110
random,32,16,7,6,1024,404,2,256,264,-8,8,102,105
random,32,16,8,6,1024,413,2,256,268,-12,12,102,107
random,32,16,9,6,1024,416,2,256,269,-13,13,102,107
random,32,16,10,6,1024,425,2,256,284,-28,28,102,113
random,32,16,11,6,1024,403,2,256,270,-14,14,102,108
random,32,16,12,6,1024,429,2,256,273,-17,17,102,109
random,32,16,13,6,1024,405,2,256,278,-22,22,102,111
random,32,16,14,6,1024,416,2,256,274,-18,18,102,109
random,32,16,15,6,1024,402,2,256,269,-13,13,102,107
random,32,16,16,6,1024,412,2,256,256,0,0,102,102
random,32,16,17,6,1024,407,2,256,270,-14,14,102,108
random,32,16,18,6,1024,410,2,256,268,-12,12,102,107
random,32,16,19,6,1024,402,2,256,261,-5,5,102,104
random,32,16,0,7,1024,379,2,256,300,-44,44,102,120
random,32,16,1,7,1024,427,2,256,265,-9,9,102,106
random,32,16,2,7,1024,411,2,256,271,-15,15,102,108
random,32,16,3,7,1024,413,2,256,271,-15,15,102,108
random,32,16,4,7,1024,410,1,128,254,-126,126,51,101
random,32,16,5,7,1024,417,2,256,275,-19,19,102,110
random,32,16,6,7,1024,416,1,128,255,-127,127,51,102
random,32,16,7,7,1024,418,2,256,271,-15,15,102,108
random,32,16,8,7,1024,427,2,256,261,-5,5,102,104
random,32,16,9,7,1024,412,2,256,266,-10,10,102,106
random,32,16,10,7,1024,401,2,256,273,-17,17,102,109
random,32,16,11,7,1024,429,2,256,284,-28,28,102,113
random,32,16,12,7,1024,401,2,256,261,-5,5,102,104
random,32,16,13,7,1024,395,2,256,289,-33,33,102,115
random,32,16,14,7,1024,407,2,256,280,-24,24,102,112
random,32,16,15,7,1024,411,1,128,239,-111,111,51,95
random,32,16,16,7,1024,402,2,256,260,-4,4,102,104
random,32,16,17,7,1024,410,2,256,278,-22,22,102,111
random,32,16,18,7,1024,421,2,256,258,-2,2,102,103
random,32,16,19,7,1024,409,2,256,275,-19,19,102,110
random,32,16,0,8,1024,381,2,256,283,-27,27,102,113
random,32,16,1,8,1024,401,1,128,254,-126,126,51,101
random,32,16,2,8,1024,430,2,256,265,-9,9,102,106
random,32,16,3,8,1024,401,2,256,276,-20,20,102,110
random,32,16,4,8,1024,419,1,128,253,-125,125,51,101
random,32,16,5,8,1024,426,2,256,268,-12,12,102,107
random,32,16,6,8,1024,396,2,256,277,-21,21,102,110
random,32,16,7,8,1024,414,2,256,277,-21,21,102,110
random,32,16,8,8,1024,420,2,256,257,-1,1,102,102
random,32,16,9,8,1024,397,2,256,266,-10,10,102,106
random,32,16,10,8,1024,397,2,256,283,-27,27,102,113
random,32,16,11,8,1024,401,2,256,272,-16,16,102,108
random,32,16,12,8,1024,429,2,256,257,-1,1,102,102
random,32,16,13,8,1024,429,2,256,256,0,0,102,102
random,32,16,14,8,1024,413,2,256,276,-20,20,102,110
random,32,16,15,8,1024,403,2,256,267,-11,11,102,106
random,32,16,16,8,1024,431,2,256,258,-2,2,102,103
random,32,16,17,8,1024,393,1,128,247,-119,119,51,98
random,32,16,18,8,1024,404,2,256,268,-12,12,102,107
random,32,16,19,8,1024,413,2,256,259,-3,3,102,103
random,32,16,0,9,1024,382,2,256,296,-40,40,102,118
random,32,16,1,9,1024,428,2,256,280,-24,24,102,112
random,32,16,2,9,1024,406,2,256,275,-19,19,102,110
random,32,16,3,9,1024,428,2,256,269,-13,13,102,107
random,32,16,4,9,1024,413,2,256,264,-8,8,102,105
random,32,16,5,9,1024,412,2,256,262,-6,6,102,104
random,32,16,6,9,1024,425,2,256,266,-10,10,102,106
random,32,16,7,9,1024,412,2,256,258,-2,2,102,103
random,32,16,8,9,1024,407,2,256,271,-15,15,102,108
random,32,16,9,9,1024,414,2,256,268,-12,12,102,107
random,32,16,10,9,1024,399,2,256,262,-6,6,102,104
random,32,16,11,9,1024,410,2,256,275,-19,19,102,110
random,32,16,12,9,1024,408,2,256,262,-6,6,102,104
random,32,16,13,9,1024,406,2,256,276,-20,20,102,110
random,32,16,14,9,1024,436,2,256,273,-17,17,102,109
random,32,16,15,9,1024,415,2,256,259,-3,3,102,103
random,32,16,16,9,1024,404,2,256,257,-1,1,102,102
random,32,16,17,9,1024,407,2,256,269,-13,13,102,107
random,32,16,18,9,1024,409,2,256,275,-19,19,102,110
random,32,16,19,9,1024,401,2,256,277,-21,21,102,110
random,32,16,0,10,1024,400,2,256,320,-64,64,102,128
random,32,16,1,10,1024,413,2,256,272,-16,16,102,108
random,32,16,2,10,1024,391,1,128,255,-127,127,51,102
random,32,16,3,10,1024,403,2,256,259,-3,3,102,103
random,32,16,4,10,1024,413,2,256,265,-9,9,102,106
random,32,16,5,10,1024,412,2,256,264,-8,8,102,105
random,32,16,6,10,1024,386,2,256,273,-17,17,102,109
random,32,16,7,10,1024,412,2,256,269,-13,13,102,107
random,32,16,8,10,1024,423,2,256,262,-6,6,102,104
random,32,16,9,10,1024,395,2,256,267,-11,11,102,106
random,32,16,10,10,1024,411,2,256,269,-13,13,102,107
random,32,16,11,10,1024,424,2,256,261,-5,5,102,104
random,32,16,12,10,1024,416,2,256,278,-22,22,102,111
random,32,16,13,10,1024,414,2,256,270,-14,14,102,108
random,32,16,14,10,1024,400,1,128,251,-123,123,51,100
random,32,16,15,10,1024,423,1,128,247,-119,119,51,98
random,32,16,16,10,1024,389,2,256,272,-16,16,102,108
random,32,16,17,10,1024,393,1,128,244,-116,116,51,97
random,32,16,18,10,1024,411,2,256,280,-24,24,102,112
random,32,16,19,10,1024,439,2,256,281,-25,25,102,112
random,32,16,0,11,1024,376,2,256,297,-41,41,102,118
random,32,16,1,11,1024,415,2,256,268,-12,12,102,107
random,32,16,2,11,1024,411,2,256,265,-9,9,102,106
random,32,16,3,11,1024,413,2,256,257,-1,1,102,102
random,32,16,4,11,1024,414,2,256,258,-2,2,102,103
random,32,16,5,11,1024,418,2,256,261,-5,5,102,104
random,32,16,6,11,1024,411,2,256,283,-27,27,102,113
random,32,16,7,11,1024,409,1,128,249,-121,121,51,99
random,32,16,8,11,1024,419,2,256,275,-19,19,102,110
random,32,16,9,11,1024,405,2,256,264,-8,8,102,105
random,32,16,10,11,1024,426,1,128,253,-125,125,51,101
random,32,16,11,11,1024,406,2,256,256,0,0,102,102
random,32,16,12,11,1024,427,1,128,250,-122,122,51,100
random,32,16,13,11,1024,403,2,256,260,-4,4,102,104
random,32,16,14,11,1024,398,2,256,274,-18,18,102,109
random,32,16,15,11,1024,405,2,256,272,-16,16,102,108
random,32,16,16,11,1024,427,2,256,269,-13,13,102,107
random,32,16,17,11,1024,409,2,256,256,0,0,102,102
random,32,16,18,11,1024,413,1,128,248,-120,120,51,99
random,32,16,19,11,1024,400,2,256,278,-22,22,102,111
random,32,16,0,12,1024,389,2,256,287,-31,31,102,114
random,32,16,1,12,1024,400,2,256,292,-36,36,102,116
random,32,16,2,12,1024,401,2,256,258,-2,2,102,103
random,32,16,3,12,1024,420,2,256,285,-29,29,102,114
random,32,16,4,12,1024,411,2,256,275,-19,19,102,110
random,32,16,5,12,1024,415,2,256,258,-2,2,102,103
random,32,16,6,12,1024,406,2,256,259,-3,3,102,103
random,32,16,7,12,1024,405,2,256,258,-2,2,102,103
random,32,16,8,12,1024,404,2,256,290,-34,34,102,116
random,32,16,9,12,1024,397,2,256,257,-1,1,102,102
random,32,16,10,12,1024,394,2,256,273,-17,17,102,109
random,32,16,11,12,1024,424,2,256,270,-14,14,102,108
random,32,16,12,12,1024,399,1,128,253,-125,125,51,101
random,32,16,13,12,1024,422,2,256,276,-20,20,102,110
random,32,16,14,12,1024,410,2,256,264,-8,8,102,105
random,32,16,15,12,1024,424,2,256,267,-11,11,102,106
random,32,16,16,12,1024,411,2,256,277,-21,21,102,110
random,32,16,17,12,1024,409,2,256,278,-22,22,102,111
random,32,16,18,12,1024,406,2,256,266,-10,10,102,106
random,32,16,19,12,1024,413,2,256,262,-6,6,102,104
random,32,16,0,13,1024,380,2,256,287,-31,31,102,114
random,32,16,1,13,1024,414,2,256,266,-10,10,102,106
random,32,16,2,13,1024,419,2,256,264,-8,8,102,105
random,32,16,3,13,1024,394,2,256,287,-31,31,102,114
random,32,16,4,13,1024,413,2,256,275,-19,19,102,110
random,32,16,5,13,1024,408,2,256,280,-24,24,102,112
random,32,16,6,13,1024,414,2,256,285,-29,29,102,114
random,32,16,7,13,1024,413,2,256,276,-20,20,102,110
random,32,16,8,13,1024,420,2,256,260,-4,4,102,104
random,32,16,9,13,1024,418,2,256,266,-10,10,102,106
random,32,16,10,13,1024,398,2,256,263,-7,7,102,105
random,32,16,11,13,1024,409,2,256,268,-12,12,102,107
random,32,16,12,13,1024,412,2,256,274,-18,18,102,109
random,32,16,13,13,1024,426,1,128,255,-127,127,51,102
random,32,16,14,13,1024,423,2,256,263,-7,7,102,105
random,32,16,15,13,1024,395,2,256,257,-1,1,102,102
random,32,16,16,13,1024,425,2,256,268,-12,12,102,107
random,32,16,17,13,1024,422,2,256,261,-5,5,102,104
random,32,16,18,13,1024,416,2,256,265,-9,9,102,106
random,32,16,19,13,1024,419,2,256,263,-7,7,102,105
random,32,16,0,14,1024,354,2,256,309,-53,53,102,123
random,32,16,1,14,1024,403,2,256,271,-15,15,102,108
random,32,16,2,14,1024,415,2,256,283,-27,27,102,113
random,32,16,3,14,1024,412,2,256,263,-7,7,102,105
random,32,16,4,14,1024,402,2,256,269,-13,13,102,107
random,32,16,5,14,1024,403,2,256,282,-26,26,102,112
random,32,16,6,14,1024,422,2,256,264,-8,8,102,105
random,32,16,7,14,1024,407,2,256,272,-16,16,102,108
random,32,16,8,14,1024,407,2,256,273,-17,17,102,109
random,32,16,9,14,1024,405,2,256,257,-1,1,102,102
random,32,16,10,14,1024,414,1,128,254,-126,126,51,101
random,32,16,11,14,1024,413,1,128,253,-125,125,51,101
random,32,16,12,14,1024,417,2,256,269,-13,13,102,107
random,32,16,13,14,1024,407,2,256,256,0,0,102,102
random,32,16,14,14,1024,403,2,256,271,-15,15,102,108
random,32,16,15,14,1024,414,2,256,276,-20,20,102,110
random,32,16,16,14,1024,406,1,128,252,-124,124,51,100
random,32,16,17,14,1024,406,2,256,272,-16,16,102,108
random,32,16,18,14,1024,408,2,256,266,-10,10,102,106
random,32,16,19,14,1024,412,2,256,271,-15,15,102,108
random,32,32,0,0,1024,350,5,320,325,-5,5,128,130
random,32,32,1,0,1024,384,4,256,304,-48,48,102,121
random,32,32,2,0,1024,375,4,256,297,-41,41,102,118
random,32,32,3,0,1024,381,4,256,272,-16,16,102,108
random,32,32,4,0,1024,371,4,256,264,-8,8,102,105
random,32,32,5,0,1024,374,4,256,287,-31,31,102,114
random,32,32,6,0,1024,379,4,256,303,-47,47,102,121
random,32,32,7,0,1024,383,4,256,297,-41,41,102,118
random,32,32,8,0,1024,369,4,256,296,-40,40,102,118
random,32,32,9,0,1024,394,4,256,284,-28,28,102,113
random,32,32,10,0,1024,410,4,256,270,-14,14,102,108
random,32,32,11,0,1024,380,4,256,293,-37,37,102,117
random,32,32,12,0,1024,392,4,256,299,-43,43,102,119
random,32,32,13,0,1024,382,4,256,303,-47,47,102,121
random,32,32,14,0,1024,381,4,256,293,-37,37,102,117
random,32,32,15,0,1024,399,4,256,280,-24,24,102,112
random,32,32,16,0,1024,385,4,256,297,-41,41,102,118
random,32,32,17,0,1024,368,4,256,310,-54,54,102,124
random,32,32,18,0,1024,380,4,256,306,-50,50,102,122
random,32,32,19,0,1024,394,4,256,305,-49,49,102,122
random,32,32,0,1,1024,387,4,256,291,-35,35,102,116
random,32,32,1,1,1024,406,4,256,259,-3,3,102,103
random,32,32,2,1,1024,403,4,256,274,-18,18,102,109
random,32,32,3,1,1024,402,4,256,282,-26,26,102,112
random,32,32,4,1,1024,406,4,256,261,-5,5,102,104
random,32,32,5,1,1024,407,4,256,270,-14,14,102,108
random,32,32,6,1,1024,402,4,256,260,-4,4,102,104
random,32,32,7,1,1024,411,4,256,267,-11,11,102,106
random,32,32,8,1,1024,414,4,256,276,-20,20,102,110
random,32,32,9,1,1024,415,4,256,264,-8,8,102,105
random,32,32,10,1,1024,402,4,256,267,-11,11,102,106
random,32,32,11,1,1024,392,4,256,266,-10,10,102,106
random,32,32,12,1,1024,401,4,256,273,-17,17,102,109
random,32,32,13,1,1024,419,4,256,266,-10,10,102,106
random,32,32,14,1,1024,403,4,256,285,-29,29,102,114
random,32,32,15,1,1024,416,4,256,290,-34,34,102,116
random,32,32,16,1,1024,401,4,256,271,-15,15,102,108
random,32,32,17,1,1024,406,4,256,276,-20,20,102,110
random,32,32,18,1,1024,406,4,256,259,-3,3,102,103
random,32,32,19,1,1024,405,4,256,267,-11,11,102,106
random,32,32,0,2,1024,384,4,256,286,-30,30,102,114
random,32,32,1,2,1024,421,4,256,259,-3,3,102,103
random,32,32,2,2,1024,402,4,256,265,-9,9,102,106
random,32,32,3,2,1024,414,4,256,262,-6,6,102,104
random,32,32,4,2,1024,421,4,256,266,-10,10,102,106
random,32,32,5,2,1024,424,4,256,260,-4,4,102,104
random,32,32,6,2,1024,410,4,256,279,-23,23,102,111
random,32,32,7,2,1024,415,4,256,277,-21,21,102,110
random,32,32,8,2,1024,406,3,192,254,-62,62,76,101
random,32,32,9,2,1024,403,4,256,279,-23,23,102,111
random,32,32,10,2,1024,401,4,256,272,-16,16,102,108
random,32,32,11,2,1024,401,4,256,256,0,0,102,102
random,32,32,12,2,1024,412,4,256,262,-6,6,102,104
random,32,32,13,2,1024,403,4,256,276,-20,20,102,110
random,32,32,14,2,1024,411,4,256,273,-17,17,102,109
random,32,32,15,2,1024,400,4,256,282,-26,26,102,112
random,32,32,16,2,1024,402,4,256,290,-34,34,102,116
random,32,32,17,2,1024,412,4,256,267,-11,11,102,106
random,32,32,18,2,1024,408,4,256,268,-12,12,102,107
random,32,32,19,2,1024,408,4,256,277,-21,21,102,110
random,32,32,0,3,1024,393,4,256,277,-21,21,102,110
random,32,32,1,3,1024,408,4,256,259,-3,3,102,103
random,32,32,2,3,1024,414,4,256,293,-37,37,102,117
random,32,32,3,3,1024,404,4,256,286,-30,30,102,114
random,32,32,4,3,1024,412,4,256,260,-4,4,102,104
random,32,32,5,3,1024,415,4,256,271,-15,15,102,108
random,32,32,6,3,1024,439,4,256,261,-5,5,102,104
random,32,32,7,3,1024,416,4,256,265,-9,9,102,106
random,32,32,8,3,1024,415,4,256,260,-4,4,102,104
random,32,32,9,3,1024,403,4,256,278,-22,22,102,111
random,32,32,10,3,1024,431,4,256,267,-11,11,102,106
random,32,32,11,3,1024,409,4,256,266,-10,10,102,106
random,32,32,12,3,1024,408,4,256,275,-19,19,102,110
random,32,32,13,3,1024,412,4,256,261,-5,5,102,104
random,32,32,14,3,1024,401,4,256,258,-2,2,102,103
random,32,32,15,3,1024,418,4,256,267,-11,11,102,106
random,32,32,16,3,1024,399,4,256,281,-25,25,102,112
random,32,32,17,3,1024,414,4,256,256,0,0,102,102
random,32,32,18,3,1024,429,4,256,265,-9,9,102,106
random,32,32,19,3,1024,388,4,256,267,-11,11,102,106
random,32,32,0,4,1024,379,4,256,307,-51,51,102,122
random,32,32,1,4,1024,406,4,256,278,-22,22,102,111
random,32,32,2,4,1024,407,4,256,272,-16,16,102,108
random,32,32,3,4,1024,424,4,256,267,-11,11,102,106
random,32,32,4,4,1024,404,4,256,276,-20,20,102,110
random,32,32,5,4,1024,418,4,256,265,-9,9,102,106
random,32,32,6,4,1024,410,4,256,262,-6,6,102,104
random,32,32,7,4,1024,404,4,256,294,-38,38,102,117
random,32,32,8,4,1024,420,3,192,254,-62,62,76,101
random,32,32,9,4,1024,401,3,192,254,-62,62,76,101
random,32,32,10,4,1024,408,3,192,246,-54,54,76,98
random,32,32,11,4,1024,411,4,256,270,-14,14,102,108
random,32,32,12,4,1024,413,4,256,257,-1,1,102,102
random,32,32,13,4,1024,413,3,192,237,-45,45,76,94
random,32,32,14,4,1024,411,4,256,270,-14,14,102,108
random,32,32,15,4,1024,402,4,256,273,-17,17,102,109
random,32,32,16,4,1024,409,4,256,283,-27,27,102,113
random,32,32,17,4,1024,408,4,256,270,-14,14,102,108
random,32,32,18,4,1024,412,4,256,265,-9,9,102,106
random,32,32,19,4,1024,396,4,256,264,-8,8,102,105
random,32,32,0,5,1024,379,4,256,304,-48,48,102,121
random,32,32,1,5,1024,411,4,256,274,-18,18,102,109
random,32,32,2,5,1024,418,4,256,269,-13,13,102,107
random,32,32,3,5,1024,430,4,256,267,-11,11,102,106
random,32,32,4,5,1024,404,4,256,270,-14,14,102,108
random,32,32,5,5,1024,395,4,256,266,-10,10,102,106
random,32,32,6,5,1024,404,4,256,274,-18,18,102,109
random,32,32,7,5,1024,429,4,256,258,-2,2,102,103
random,32,32,8,5,1024,397,4,256,268,-12,12,102,107
random,32,32,9,5,1024,411,4,256,278,-22,22,102,111
random,32,32,10,5,1024,415,4,256,287,-31,31,102,114
random,32,32,11,5,1024,416,4,256,263,-7,7,102,105
random,32,32,12,5,1024,408,4,256,262,-6,6,102,104
random,32,32,13,5,1024,411,4,256,270,-14,14,102,108
random,32,32,14,5,1024,400,4,256,282,-26,26,102,112
random,32,32,15,5,1024,416,4,256,274,-18,18,102,109
random,32,32,16,5,1024,442,4,256,263,-7,7,102,105
random,32,32,17,5,1024,419,4,256,287,-31,31,102,114
random,32,32,18,5,1024,399,3,192,251,-59,59,76,100
random,32,32,19,5,1024,427,4,256,283,-27,27,102,113
random,32,32,0,6,1024,372,4,256,318,-62,62,102,127
random,32,32,1,6,1024,420,4,256,265,-9,9,102,106
random,32,32,2,6,1024,407,4,256,260,-4,4,102,104
random,32,32,3,6,1024,405,4,256,290,-34,34,102,116
random,32,32,4,6,1024,434,4,256,268,-12,12,102,107
random,32,32,5,6,1024,422,4,256,277,-21,21,102,110
random,32,32,6,6,1024,391,4,256,276,-20,20,102,110
random,32,32,7,6,1024,404,4,256,264,-8,8,102,105
random,32,32,8,6,1024,413,4,256,268,-12,12,102,107
random,32,32,9,6,1024,416,4,256,269,-13,13,102,107
random,32,32,10,6,1024,425,4,256,284,-28,28,102,113
random,32,32,11,6,1024,403,4,256,270,-14,14,102,108
random,32,32,12,6,1024,429,4,256,273,-17,17,102,109
random,32,32,13,6,1024,405,4,256,278,-22,22,102,111
random,32,32,14,6,1024,416,4,256,274,-18,18,102,109
random,32,32,15,6,1024,402,4,256,269,-13,13,102,107
random,32,32,16,6,1024,412,4,256,256,0,0,102,102
random,32,32,17,6,1024,407,4,256,270,-14,14,102,108
random,32,32,18,6,1024,410,4,256,268,-12,12,102,107
random,32,32,19,6,1024,402,4,256,261,-5,5,102,104
random,32,32,0,7,1024,379,4,256,300,-44,44,102,120
random,32,32,1,7,1024,427,4,256,265,-9,9,102,106
random,32,32,2,7,1024,411,4,256,271,-15,15,102,108
random,32,32,3,7,1024,413,4,256,271,-15,15,102,108
random,32,32,4,7,1024,410,3,192,254,-62,62,76,101
random,32,32,5,7,1024,417,4,256,275,-19,19,102,110
random,32,32,6,7,1024,416,3,192,255,-63,63,76,102
random,32,32,7,7,1024,418,4,256,271,-15,15,102,108
random,32,32,8,7,1024,427,4,256,261,-5,5,102,104
random,32,32,9,7,1024,412,4,256,266,-10,10,102,106
random,32,32,10,7,1024,401,4,256,273,-17,17,102,109
random,32,32,11,7,1024,429,4,256,284,-28,28,102,113
random,32,32,12,7,1024,401,4,256,261,-5,5,102,104
random,32,32,13,7,1024,395,4,256,289,-33,33,102,115
random,32,32,14,7,1024,407,4,256,280,-24,24,102,112
random,32,32,15,7,1024,411,3,192,239,-47,47,76,95
random,32,32,16,7,1024,402,4,256,260,-4,4,102,104
random,32,32,17,7,1024,410,4,256,278,-22,22,102,111
random,32,32,18,7,1024,421,4,256,258,-2,2,102,103
random,32,32,19,7,1024,409,4,256,275,-19,19,102,110
random,32,32,0,8,1024,381,4,256,283,-27,27,102,113
random,32,32,1,8,1024,401,3,192,254,-62,62,76,101
random,32,32,2,8,1024,430,4,256,265,-9,9,102,106
random,32,32,3,8,1024,401,4,256,276,-20,20,102,110
random,32,32,4,8,1024,419,3,192,253,-61,61,76,101
random,32,32,5,8,1024,426,4,256,268,-12,12,102,107
random,32,32,6,8,1024,396,4,256,277,-21,21,102,110
random,32,32,7,8,1024,414,4,256,277,-21,21,102,110
random,32,32,8,8,1024,420,4,256,257,-1,1,102,102
random,32,32,9,8,1024,397,4,256,266,-10,10,102,106
random,32,32,10,8,1024,397,4,256,283,-27,27,102,113
random,32,32,11,8,1024,401,4,256,272,-16,16,102,108
random,32,32,12,8,1024,429,4,256,257,-1,1,102,102
random,32,32,13,8,1024,429,4,256,256,0,0,102,102
random,32,32,14,8,1024,413,4,256,276,-20,20,102,110
random,32,32,15,8,1024,403,4,256,267,-11,11,102,106
random,32,32,16,8,1024,431,4,256,258,-2,2,102,103
random,32,32,17,8,1024,393,3,192,247,-55,55,76,98
random,32,32,18,8,1024,404,4,256,268,-12,12,102,107
random,32,32,19,8,1024,413,4,256,259,-3,3,102,103
random,32,32,0,9,1024,382,4,256,296,-40,40,102,118
random,32,32,1,9,1024,428,4,256,280,-24,24,102,112
random,32,32,2,9,1024,406,4,256,275,-19,19,102,110
random,32,32,3,9,1024,428,4,256,269,-13,13,102,107
random,32,32,4,9,1024,413,4,256,264,-8,8,102,105
random,32,32,5,9,1024,412,4,256,262,-6,6,102,104
random,32,32,6,9,1024,425,4,256,266,-10,10,102,106
random,32,32,7,9,1024,412,4,256,258,-2,2,102,103
random,32,32,8,9,1024,407,4,256,271,-15,15,102,108
random,32,32,9,9,1024,414,4,256,268,-12,12,102,107
random,32,32,10,9,1024,399,4,256,262,-6,6,102,104
random,32,32,11,9,1024,410,4,256,275,-19,19,102,110
random,32,32,12,9,1024,408,4,256,262,-6,6,102,104
random,32,32,13,9,1024,406,4,256,276,-20,20,102,110
random,32,32,14,9,1024,436,4,256,273,-17,17,102,109
random,32,32,15,9,1024,415,4,256,259,-3,3,102,103
random,32,32,16,9,1024,404,4,256,257,-1,1,102,102
random,32,32,17,9,1024,407,4,256,269,-13,13,102,107
random,32,32,18,9,1024,409,4,256,275,-19,19,102,110
random,32,32,19,9,1024,401,4,256,277,-21,21,102,110
random,32,32,0,10,1024,400,5,320,320,0,0,128,128
random,32,32,1,10,1024,413,4,256,272,-16,16,102,108
random,32,32,2,10,1024,391,3,192,255,-63,63,76,102
random,32,32,3,10,1024,403,4,256,259,-3,3,102,103
random,32,32,4,10,1024,413,4,256,265,-9,9,102,106
random,32,32,5,10,1024,412,4,256,264,-8,8,102,105
random,32,32,6,10,1024,386,4,256,273,-17,17,102,109
random,32,32,7,10,1024,412,4,256,269,-13,13,102,107
random,32,32,8,10,1024,423,4,256,262,-6,6,102,104
random,32,32,9,10,1024,395,4,256,267,-11,11,102,106
random,32,32,10,10,1024,411,4,256,269,-13,13,102,107
random,32,32,11,10,1024,424,4,256,261,-5,5,102,104
random,32,32,12,10,1024,416,4,256,278,-22,22,102,111
random,32,32,13,10,1024,414,4,256,270,-14,14,102,108
random,32,32,14,10,1024,400,3,192,251,-59,59,76,100
random,32,32,15,10,1024,423,3,192,247,-55,55,76,98
random,32,32,16,10,1024,389,4,256,272,-16,16,102,108
random,32,32,17,10,1024,393,3,192,244,-52,52,76,97
random,32,32,18,10,1024,411,4,256,280,-24,24,102,112
random,32,32,19,10,1024,439,4,256,281,-25,25,102,112
random,32,32,0,11,1024,376,4,256,297,-41,41,102,118
random,32,32,1,11,1024,415,4,256,268,-12,12,102,107
random,32,32,2,11,1024,411,4,256,265,-9,9,102,106
random,32,32,3,11,1024,413,4,256,257,-1,1,102,102
random,32,32,4,11,1024,414,4,256,258,-2,2,102,103
random,32,32,5,11,1024,418,4,256,261,-5,5,102,104
random,32,32,6,11,1024,411,4,256,283,-27,27,102,113
random,32,32,7,11,1024,409,3,192,249,-57,57,76,99
random,32,32,8,11,1024,419,4,256,275,-19,19,102,110
random,32,32,9,11,1024,405,4,256,264,-8,8,102,105
random,32,32,10,11,1024,426,3,192,253,-61,61,76,101
random,32,32,11,11,1024,406,4,256,256,0,0,102,102
random,32,32,12,11,1024,427,3,192,250,-58,58,76,100
random,32,32,13,11,1024,403,4,256,260,-4,4,102,104
random,32,32,14,11,1024,398,4,256,274,-18,18,102,109
random,32,32,15,11,1024,405,4,256,272,-16,16,102,108
random,32,32,16,11,1024,427,4,256,269,-13,13,102,107
random,32,32,17,11,1024,409,4,256,256,0,0,102,102
random,32,32,18,11,1024,413,3,192,248,-56,56,76,99
random,32,32,19,11,1024,400,4,256,278,-22,22,102,111
random,32,32,0,12,1024,389,4,256,287,-31,31,102,114
random,32,32,1,12,1024,400,4,256,292,-36,36,102,116
random,32,32,2,12,1024,401,4,256,258,-2,2,102,103
random,32,32,3,12,1024,420,4,256,285,-29,29,102,114
random,32,32,4,12,1024,411,4,256,275,-19,19,102,110
random,32,32,5,12,1024,415,4,256,258,-2,2,102,103
random,32,32,6,12,1024,406,4,256,259,-3,3,102,103
random,32,32,7,12,1024,405,4,256,258,-2,2,102,103
random,32,32,8,12,1024,404,4,256,290,-34,34,102,116
random,32,32,9,12,1024,397,4,256,257,-1,1,102,102
random,32,32,10,12,1024,394,4,256,273,-17,17,102,109
random,32,32,11,12,1024,424,4,256,270,-14,14,102,108
random,32,32,12,12,1024,399,3,192,253,-61,61,76,101
random,32,32,13,12,1024,422,4,256,276,-20,20,102,110
random,32,32,14,12,1024,410,4,256,264,-8,8,102,105
random,32,32,15,12,1024,424,4,256,267,-11,11,102,106
random,32,32,16,12,1024,411,4,256,277,-21,21,102,110
random,32,32,17,12,1024,409,4,256,278,-22,22,102,111
random,32,32,18,12,1024,406,4,256,266,-10,10,102,106
random,32,32,19,12,1024,413,4,256,262,-6,6,102,104
random,32,32,0,13,1024,380,4,256,287,-31,31,102,114
random,32,32,1,13,1024,414,4,256,266,-10,10,102,106
random,32,32,2,13,1024,419,4,256,264,-8,8,102,105
random,32,32,3,13,1024,394,4,256,287,-31,31,102,114
random,32,32,4,13,1024,413,4,256,275,-19,19,102,110
random,32,32,5,13,1024,408,4,256,280,-24,24,102,112
random,32,32,6,13,1024,414,4,256,285,-29,29,102,114
random,32,32,7,13,1024,413,4,256,276,-20,20,102,110
random,32,32,8,13,1024,420,4,256,260,-4,4,102,104
random,32,32,9,13,1024,418,4,256,266,-10,10,102,106
random,32,32,10,13,1024,398,4,256,263,-7,7,102,105
random,32,32,11,13,1024,409,4,256,268,-12,12,102,107
random,32,32,12,13,1024,412,4,256,274,-18,18,102,109
random,32,32,13,13,1024,426,3,192,255,-63,63,76,102
random,32,32,14,13,1024,423,4,256,263,-7,7,102,105
random,32,32,15,13,1024,395,4,256,257,-1,1,102,102
random,32,32,16,13,1024,425,4,256,268,-12,12,102,107
random,32,32,17,13,1024,422,4,256,261,-5,5,102,104
random,32,32,18,13,1024,416,4,256,265,-9,9,102,106
random,32,32,19,13,1024,419,4,256,263,-7,7,102,105
random,32,32,0,14,1024,354,4,256,309,-53,53,102,123
random,32,32,1,14,1024,403,4,256,271,-15,15,102,108
random,32,32,2,14,1024,415,4,256,283,-27,27,102,113
random,32,32,3,14,1024,412,4,256,263,-7,7,102,105
random,32,32,4,14,1024,402,4,256,269,-13,13,102,107
random,32,32,5,14,1024,403,4,256,282,-26,26,102,112
random,32,32,6,14,1024,422,4,256,264,-8,8,102,105
random,32,32,7,14,1024,407,4,256,272,-16,16,102,108
random,32,32,8,14,1024,407,4,256,273,-17,17,102,109
random,32,32,9,14,1024,405,4,256,257,-1,1,102,102
random,32,32,10,14,1024,414,3,192,254,-62,62,76,101
random,32,32,11,14,1024,413,3,192,253,-61,61,76,101
random,32,32,12,14,1024,417,4,256,269,-13,13,102,107
random,32,32,13,14,1024,407,4,256,256,0,0,102,102
random,32,32,14,14,1024,403,4,256,271,-15,15,102,108
random,32,32,15,14,1024,414,4,256,276,-20,20,102,110
random,32,32,16,14,1024,406,3,192,252,-60,60,76,100
random,32,32,17,14,1024,406,4,256,272,-16,16,102,108
random,32,32,18,14,1024,408,4,256,266,-10,10,102,106
random,32,32,19,14,1024,412,4,256,271,-15,15,102,108
random,64,8,0,0,4096,1527,1,256,286,-30,30,102,114
random,64,8,1,0,4096,1561,1,256,281,-25,25,102,112
random,64,8,2,0,4096,1558,1,256,271,-15,15,102,108
random,64,8,3,0,4096,1575,1,256,280,-24,24,102,112
random,64,8,4,0,4096,1592,1,256,278,-22,22,102,111
random,64,8,5,0,4096,1584,1,256,274,-18,18,102,109
random,64,8,6,0,4096,1594,1,256,282,-26,26,102,112
random,64,8,7,0,4096,1599,1,256,287,-31,31,102,114
random,64,8,8,0,4096,1560,1,256,285,-29,29,102,114
random,64,8,9,0,4096,1585,1,256,279,-23,23,102,111
random,64,8,0,1,4096,1606,1,256,269,-13,13,102,107
random,64,8,1,1,4096,1634,1,256,275,-19,19,102,110
random,64,8,2,1,4096,1672,1,256,264,-8,8,102,105
random,64,8,3,1,4096,1680,1,256,270,-14,14,102,108
random,64,8,4,1,4096,1627,1,256,268,-12,12,102,107
random,64,8,5,1,4096,1642,1,256,266,-10,10,102,106
random,64,8,6,1,4096,1635,1,256,270,-14,14,102,108
random,64,8,7,1,4096,1630,1,256,271,-15,15,102,108
random,64,8,8,1,4096,1627,1,256,274,-18,18,102,109
random,64,8,9,1,4096,1633,1,256,271,-15,15,102,108
random,64,8,0,2,4096,1575,1,256,289,-33,33,102,115
random,64,8,1,2,4096,1679,1,256,269,-13,13,102,107
random,64,8,2,2,4096,1621,1,256,269,-13,13,102,107
random,64,8,3,2,4096,1647,1,256,271,-15,15,102,108
random,64,8,4,2,4096,1629,1,256,263,-7,7,102,105
random,64,8,5,2,4096,1650,1,256,265,-9,9,102,106
random,64,8,6,2,4096,1645,1,256,257,-1,1,102,102
random,64,8,7,2,4096,1629,1,256,275,-19,19,102,110
random,64,8,8,2,4096,1678,1,256,278,-22,22,102,111
random,64,8,9,2,4096,1634,1,256,267,-11,11,102,106
random,64,8,0,3,4096,1598,1,256,283,-27,27,102,113
random,64,8,1,3,4096,1636,1,256,274,-18,18,102,109
random,64,8,2,3,4096,1683,1,256,269,-13,13,102,107
random,64,8,3,3,4096,1629,1,256,268,-12,12,102,107
random,64,8,4,3,4096,1668,1,256,266,-10,10,102,106
random,64,8,5,3,4096,1658,1,256,276,-20,20,102,110
random,64,8,6,3,4096,1630,1,256,276,-20,20,102,110
random,64,8,7,3,4096,1636,1,256,266,-10,10,102,106
random,64,8,8,3,4096,1631,1,256,268,-12,12,102,107
random,64,8,9,3,4096,1642,1,256,264,-8,8,102,105
random,64,8,0,4,4096,1592,1,256,279,-23,23,102,111
random,64,8,1,4,4096,1665,1,256,272,-16,16,102,108
random,64,8,2,4,4096,1670,1,256,262,-6,6,102,104
random,64,8,3,4,4096,1647,1,256,270,-14,14,102,108
random,64,8,4,4,4096,1638,1,256,267,-11,11,102,106
random,64,8,5,4,4096,1607,1,256,275,-19,19,102,110
random,64,8,6,4,4096,1672,1,256,263,-7,7,102,105
random,64,8,7,4,4096,1667,1,256,269,-13,13,102,107
random,64,8,8,4,4096,1635,1,256,259,-3,3,102,103
random,64,8,9,4,4096,1627,1,256,267,-11,11,102,106
random,64,8,0,5,4096,1604,1,256,289,-33,33,102,115
random,64,8,1,5,4096,1618,1,256,260,-4,4,102,104
random,64,8,2,5,4096,1657,1,256,263,-7,7,102,105
random,64,8,3,5,4096,1618,1,256,270,-14,14,102,108
random,64,8,4,5,4096,1642,1,256,268,-12,12,102,107
random,64,8,5,5,4096,1667,1,256,261,-5,5,102,104
random,64,8,6,5,4096,1660,1,256,265,-9,9,102,106
random,64,8,7,5,4096,1626,1,256,263,-7,7,102,105
random,64,8,8,5,4096,1618,1,256,260,-4,4,102,104
random,64,8,9,5,4096,1663,1,256,273,-17,17,102,109
random,64,8,0,6,4096,1583,1,256,282,-26,26,102,112
random,64,8,1,6,4096,1634,1,256,276,-20,20,102,110
random,64,8,2,6,4096,1647,1,256,271,-15,15,102,108
random,64,8,3,6,4096,1638,1,256,268,-12,12,102,107
random,64,8,4,6,4096,1639,1,256,267,-11,11,102,106
random,64,8,5,6,4096,1625,1,256,267,-11,11,102,106
random,64,8,6,6,4096,1659,1,256,264,-8,8,102,105
random,64,8,7,6,4096,1652,1,256,263,-7,7,102,105
random,64,8,8,6,4096,1667,1,256,273,-17,17,102,109
random,64,8,9,6,4096,1654,1,256,263,-7,7,102,105
random,64,8,0,7,2048,757,1,256,287,-31,31,102,114
random,64,8,1,7,2048,827,1,256,275,-19,19,102,110
random,64,8,2,7,2048,805,1,256,278,-22,22,102,111
random,64,8,3,7,2048,829,1,256,266,-10,10,102,106
random,64,8,4,7,2048,812,1,256,267,-11,11,102,106
random,64,8,5,7,2048,827,0,1,253,-252,252,0,101
random,64,8,6,7,2048,824,1,256,263,-7,7,102,105
random,64,8,7,7,2048,817,1,256,274,-18,18,102,109
random,64,8,8,7,2048,812,1,256,264,-8,8,102,105
random,64,8,9,7,2048,820,1,256,269,-13,13,102,107
random,64,16,0,0,4096,1527,2,256,286,-30,30,102,114
random,64,16,1,0,4096,1561,2,256,281,-25,25,102,112
random,64,16,2,0,4096,1558,2,256,271,-15,15,102,108
random,64,16,3,0,4096,1575,2,256,280,-24,24,102,112
random,64,16,4,0,4096,1592,2,256,278,-22,22,102,111
random,64,16,5,0,4096,1584,2,256,274,-18,18,102,109
random,64,16,6,0,4096,1594,2,256,282,-26,26,102,112
random,64,16,7,0,4096,1599,2,256,287,-31,31,102,114
random,64,16,8,0,4096,1560,2,256,285,-29,29,102,114
random,64,16,9,0,4096,1585,2,256,279,-23,23,102,111
random,64,16,0,1,4096,1606,2,256,269,-13,13,102,107
random,64,16,1,1,4096,1634,2,256,275,-19,19,102,110
random,64,16,2,1,4096,1672,2,256,264,-8,8,102,105
random,64,16,3,1,4096,1680,2,256,270,-14,14,102,108
random,64,16,4,1,4096,1627,2,256,268,-12,12,102,107
random,64,16,5,1,4096,1642,2,256,266,-10,10,102,106
random,64,16,6,1,4096,1635,2,256,270,-14,14,102,108
random,64,16,7,1,4096,1630,2,256,271,-15,15,102,108
random,64,16,8,1,4096,1627,2,256,274,-18,18,102,109
random,64,16,9,1,4096,1633,2,256,271,-15,15,102,108
random,64,16,0,2,4096,1575,2,256,289,-33,33,102,115
random,64,16,1,2,4096,1679,2,256,269,-13,13,102,107
random,64,16,2,2,4096,1621,2,256,269,-13,13,102,107
random,64,16,3,2,4096,1647,2,256,271,-15,15,102,108
random,64,16,4,2,4096,1629,2,256,263,-7,7,102,105
random,64,16,5,2,4096,1650,2,256,265,-9,9,102,106
random,64,16,6,2,4096,1645,2,256,257,-1,1,102,102
random,64,16,7,2,4096,1629,2,256,275,-19,19,102,110
random,64,16,8,2,4096,1678,2,256,278,-22,22,102,111
random,64,16,9,2,4096,1634,2,256,267,-11,11,102,106
random,64,16,0,3,4096,1598,2,256,283,-27,27,102,113
random,64,16,1,3,4096,1636,2,256,274,-18,18,102,109
random,64,16,2,3,4096,1683,2,256,269,-13,13,102,107
random,64,16,3,3,4096,1629,2,256,268,-12,12,102,107
random,64,16,4,3,4096,1668,2,256,266,-10,10,102,106
random,64,16,5,3,4096,1658,2,256,276,-20,20,102,110
random,64,16,6,3,4096,1630,2,256,276,-20,20,102,110
random,64,16,7,3,4096,1636,2,256,266,-10,10,102,106
random,64,16,8,3,4096,1631,2,256,268,-12,12,102,107
random,64,16,9,3,4096,1642,2,256,264,-8,8,102,105
random,64,16,0,4,4096,1592,2,256,279,-23,23,102,111
random,64,16,1,4,4096,1665,2,256,272,-16,16,102,108
random,64,16,2,4,4096,1670,2,256,262,-6,6,102,104
random,64,16,3,4,4096,1647,2,256,270,-14,14,102,108
random,64,16,4,4,4096,1638,2,256,267,-11,11,102,106
random,64,16,5,4,4096,1607,2,256,275,-19,19,102,110
random,64,16,6,4,4096,1672,2,256,263,-7,7,102,105
random,64,16,7,4,4096,1667,2,256,269,-13,13,102,107
random,64,16,8,4,4096,1635,2,256,259,-3,3,102,103
random,64,16,9,4,4096,1627,2,256,267,-11,11,102,106
random,64,16,0,5,4096,1604,2,256,289,-33,33,102,115
random,64,16,1,5,4096,1618,2,256,260,-4,4,102,104
random,64,16,2,5,4096,1657,2,256,263,-7,7,102,105
random,64,16,3,5,4096,1618,2,256,270,-14,14,102,108
random,64,16,4,5,4096,1642,2,256,268,-12,12,102,107
random,64,16,5,5,4096,1667,2,256,261,-5,5,102,104
random,64,16,6,5,4096,1660,2,256,265,-9,9,102,106
random,64,16,7,5,4096,1626,2,256,263,-7,7,102,105
random,64,16,8,5,4096,1618,2,256,260,-4,4,102,104
random,64,16,9,5,4096,1663,2,256,273,-17,17,102,109
random,64,16,0,6,4096,1583,2,256,282,-26,26,102,112
random,64,16,1,6,4096,1634,2,256,276,-20,20,102,110
random,64,16,2,6,4096,1647,2,256,271,-15,15,102,108
random,64,16,3,6,4096,1638,2,256,268,-12,12,102,107
random,64,16,4,6,4096,1639,2,256,267,-11,11,102,106
random,64,16,5,6,4096,1625,2,256,267,-11,11,102,106
random,64,16,6,6,4096,1659,2,256,264,-8,8,102,105
random,64,16,7,6,4096,1652,2,256,263,-7,7,102,105
random,64,16,8,6,4096,1667,2,256,273,-17,17,102,109
random,64,16,9,6,4096,1654,2,256,263,-7,7,102,105
random,64,16,0,7,2048,757,2,256,287,-31,31,102,114
random,64,16,1,7,2048,827,2,256,275,-19,19,102,110
random,64,16,2,7,2048,805,2,256,278,-22,22,102,111
random,64,16,3,7,2048,829,2,256,266,-10,10,102,106
random,64,16,4,7,2048,812,2,256,267,-11,11,102,106
random,64,16,5,7,2048,827,1,128,253,-125,125,51,101
random,64,16,6,7,2048,824,2,256,263,-7,7,102,105
random,64,16,7,7,2048,817,2,256,274,-18,18,102,109
random,64,16,8,7,2048,812,2,256,264,-8,8,102,105
random,64,16,9,7,2048,820,2,256,269,-13,13,102,107
random,64,32,0,0,4096,1527,4,256,286,-30,30,102,114
random,64,32,1,0,4096,1561,4,256,281,-25,25,102,112
random,64,32,2,0,4096,1558,4,256,271,-15,15,102,108
random,64,32,3,0,4096,1575,4,256,280,-24,24,102,112
random,64,32,4,0,4096,1592,4,256,278,-22,22,102,111
random,64,32,5,0,4096,1584,4,256,274,-18,18,102,109
random,64,32,6,0,4096,1594,4,256,282,-26,26,102,112
random,64,32,7,0,4096,1599,4,256,287,-31,31,102,114
random,64,32,8,0,4096,1560,4,256,285,-29,29,102,114
random,64,32,9,0,4096,1585,4,256,279,-23,23,102,111
random,64,32,0,1,4096,1606,4,256,269,-13,13,102,107
random,64,32,1,1,4096,1634,4,256,275,-19,19,102,110
random,64,32,2,1,4096,1672,4,256,264,-8,8,102,105
random,64,32,3,1,4096,1680,4,256,270,-14,14,102,108
random,64,32,4,1,4096,1627,4,256,268,-12,12,102,107
random,64,32,5,1,4096,1642,4,256,266,-10,10,102,106
random,64,32,6,1,4096,1635,4,256,270,-14,14,102,108
random,64,32,7,1,4096,1630,4,256,271,-15,15,102,108
random,64,32,8,1,4096,1627,4,256,274,-18,18,102,109
random,64,32,9,1,4096,1633,4,256,271,-15,15,102,108
random,64,32,0,2,4096,1575,4,256,289,-33,33,102,115
random,64,32,1,2,4096,1679,4,256,269,-13,13,102,107
random,64,32,2,2,4096,1621,4,256,269,-13,13,102,107
random,64,32,3,2,4096,1647,4,256,271,-15,15,102,108
random,64,32,4,2,4096,1629,4,256,263,-7,7,102,105
random,64,32,5,2,4096,1650,4,256,265,-9,9,102,106
random,64,32,6,2,4096,1645,4,256,257,-1,1,102,102
random,64,32,7,2,4096,1629,4,256,275,-19,19,102,110
random,64,32,8,2,4096,1678,4,256,278,-22,22,102,111
random,64,32,9,2,4096,1634,4,256,267,-11,11,102,106
random,64,32,0,3,4096,1598,4,256,283,-27,27,102,113
random,64,32,1,3,4096,1636,4,256,274,-18,18,102,109
random,64,32,2,3,4096,1683,4,256,269,-13,13,102,107
random,64,32,3,3,4096,1629,4,256,268,-12,12,102,107
random,64,32,4,3,4096,1668,4,256,266,-10,10,102,106
random,64,32,5,3,4096,1658,4,256,276,-20,20,102,110
random,64,32,6,3,4096,1630,4,256,276,-20,20,102,110
random,64,32,7,3,4096,1636,4,256,266,-10,10,102,106
random,64,32,8,3,4096,1631,4,256,268,-12,12,102,107
random,64,32,9,3,4096,1642,4,256,264,-8,8,102,105
random,64,32,0,4,4096,1592,4,256,279,-23,23,102,111
random,64,32,1,4,4096,1665,4,256,272,-16,16,102,108
random,64,32,2,4,4096,1670,4,256,262,-6,6,102,104
random,64,32,3,4,4096,1647,4,256,270,-14,14,102,108
random,64,32,4,4,4096,1638,4,256,267,-11,11,102,106
random,64,32,5,4,4096,1607,4,256,275,-19,19,102,110
random,64,32,6,4,4096,1672,4,256,263,-7,7,102,105
random,64,32,7,4,4096,1667,4,256,269,-13,13,102,107
random,64,32,8,4,4096,1635,4,256,259,-3,3,102,103
random,64,32,9,4,4096,1627,4,256,267,-11,11,102,106
random,64,32,0,5,4096,1604,4,256,289,-33,33,102,115
random,64,32,1,5,4096,1618,4,256,260,-4,4,102,104
random,64,32,2,5,4096,1657,4,256,263,-7,7,102,105
random,64,32,3,5,4096,1618,4,256,270,-14,14,102,108
random,64,32,4,5,4096,1642,4,256,268,-12,12,102,107
random,64,32,5,5,4096,1667,4,256,261,-5,5,102,104
random,64,32,6,5,4096,1660,4,256,265,-9,9,102,106
random,64,32,7,5,4096,1626,4,256,263,-7,7,102,105
random,64,32,8,5,4096,1618,4,256,260,-4,4,102,104
random,64,32,9,5,4096,1663,4,256,273,-17,17,102,109
random,64,32,0,6,4096,1583,4,256,282,-26,26,102,112
random,64,32,1,6,4096,1634,4,256,276,-20,20,102,110
random,64,32,2,6,4096,1647,4,256,271,-15,15,102,108
random,64,32,3,6,4096,1638,4,256,268,-12,12,102,107
random,64,32,4,6,4096,1639,4,256,267,-11,11,102,106
random,64,32,5,6,4096,1625,4,256,267,-11,11,102,106
random,64,32,6,6,4096,1659,4,256,264,-8,8,102,105
random,64,32,7,6,4096,1652,4,256,263,-7,7,102,105
random,64,32,8,6,4096,1667,4,256,273,-17,17,102,109
random,64,32,9,6,4096,1654,4,256,263,-7,7,102,105
random,64,32,0,7,2048,757,4,256,287,-31,31,102,114
random,64,32,1,7,2048,827,4,256,275,-19,19,102,110
random,64,32,2,7,2048,805,4,256,278,-22,22,102,111
random,64,32,3,7,2048,829,4,256,266,-10,10,102,106
random,64,32,4,7,2048,812,4,256,267,-11,11,102,106
random,64,32,5,7,2048,827,3,192,253,-61,61,76,101
random,64,32,6,7,2048,824,4,256,263,-7,7,102,105
random,64,32,7,7,2048,817,4,256,274,-18,18,102,109
random,64,32,8,7,2048,812,4,256,264,-8,8,102,105
random,64,32,9,7,2048,820,4,256,269,-13,13,102,107
monkey,32,8,0,0,1024,341,0,1,226,-225,225,0,90
monkey,32,8,1,0,1024,364,0,1,219,-218,218,0,87
monkey,32,8,2,0,1024,353,0,1,217,-216,216,0,86
monkey,32,8,3,0,1024,343,0,1,224,-223,223,0,89
monkey,32,8,4,0,1024,351,0,1,230,-229,229,0,92
monkey,32,8,5,0,1024,364,0,1,194,-193,193,0,77
monkey,32,8,6,0,1024,362,0,1,230,-229,229,0,92
monkey,32,8,7,0,1024,317,0,1,210,-209,209,0,84
monkey,32,8,8,0,1024,337,0,1,193,-192,192,0,77
monkey,32,8,9,0,1024,332,0,1,209,-208,208,0,83
monkey,32,8,10,0,1024,323,0,1,193,-192,192,0,77
monkey,32,8,11,0,1024,325,0,1,201,-200,200,0,80
monkey,32,8,12,0,1024,351,0,1,197,-196,196,0,78
monkey,32,8,13,0,1024,329,0,1,210,-209,209,0,84
monkey,32,8,14,0,1024,347,0,1,190,-189,189,0,76
monkey,32,8,15,0,1024,345,0,1,233,-232,232,0,93
monkey,32,8,16,0,1024,353,0,1,255,-254,254,0,102
monkey,32,8,17,0,1024,338,0,1,225,-224,224,0,90
monkey,32,8,18,0,1024,338,0,1,185,-184,184,0,74
monkey,32,8,19,0,1024,341,0,1,233,-232,232,0,93
monkey,32,8,0,1,1024,351,0,1,224,-223,223,0,89
monkey,32,8,1,1,1024,353,0,1,220,-219,219,0,88
monkey,32,8,2,1,1024,378,0,1,185,-184,184,0,74
monkey,32,8,3,1,1024,364,0,1,188,-187,187,0,75
monkey,32,8,4,1,1024,345,0,1,162,-161,161,0,64
monkey,32,8,5,1,1024,348,0,1,121,-120,120,0,48
monkey,32,8,6,1,1024,307,0,1,214,-213,213,0,85
monkey,32,8,7,1,1024,295,0,1,141,-140,140,0,56
monkey,32,8,8,1,1024,320,0,1,179,-178,178,0,71
monkey,32,8,9,1,1024,334,0,1,150,-149,149,0,60
monkey,32,8,10,1,1024,302,0,1,153,-152,152,0,61
monkey,32,8,11,1,1024,325,0,1,154,-153,153,0,61
monkey,32,8,12,1,1024,303,0,1,133,-132,132,0,53
monkey,32,8,13,1,1024,283,0,1,223,-222,222,0,89
monkey,32,8,14,1,1024,338,0,1,145,-144,144,0,58
monkey,32,8,15,1,1024,369,0,1,125,-124,124,0,50
monkey,32,8,16,1,1024,361,0,1,205,-204,204,0,82
monkey,32,8,17,1,1024,373,0,1,192,-191,191,0,76
monkey,32,8,18,1,1024,350,0,1,182,-181,181,0,72
monkey,32,8,19,1,1024,356,0,1,218,-217,217,0,87
monkey,32,8,0,2,1024,355,0,1,216,-215,215,0,86
monkey,32,8,1,2,1024,372,0,1,218,-217,217,0,87
monkey,32,8,2,2,1024,369,0,1,174,-173,173,0,69
monkey,32,8,3,2,1024,356,0,1,178,-177,177,0,71
monkey,32,8,4,2,1024,395,0,1,173,-172,172,0,69
monkey,32,8,5,2,1024,373,0,1,131,-130,130,0,52
monkey,32,8,6,2,1024,308,0,1,220,-219,219,0,88
monkey,32,8,7,2,1024,322,0,1,234,-233,233,0,93
monkey,32,8,8,2,1024,332,0,1,234,-233,233,0,93
monkey,32,8,9,2,1024,314,0,1,157,-156,156,0,62
monkey,32,8,10,2,1024,366,0,1,144,-143,143,0,57
monkey,32,8,11,2,1024,336,0,1,230,-229,229,0,92
monkey,32,8,12,2,1024,309,0,1,222,-221,221,0,88
monkey,32,8,13,2,1024,315,1,256,292,-36,36,102,116
monkey,32,8,14,2,1024,358,0,1,169,-168,168,0,67
monkey,32,8,15,2,1024,387,0,1,191,-190,190,0,76
monkey,32,8,16,2,1024,354,0,1,184,-183,183,0,73
monkey,32,8,17,2,1024,361,0,1,145,-144,144,0,58
monkey,32,8,18,2,1024,368,0,1,179,-178,178,0,71
monkey,32,8,19,2,1024,369,0,1,202,-201,201,0,80
monkey,32,8,0,3,1024,335,0,1,221,-220,220,0,88
monkey,32,8,1,3,1024,352,0,1,186,-185,185,0,74
monkey,32,8,2,3,1024,362,0,1,191,-190,190,0,76
monkey,32,8,3,3,1024,370,0,1,185,-184,184,0,74
monkey,32,8,4,3,1024,383,0,1,170,-169,169,0,68
monkey,32,8,5,3,1024,374,0,1,150,-149,149,0,60
monkey,32,8,6,3,1024,273,0,1,171,-170,170,0,68
monkey,32,8,7,3,1024,273,0,1,153,-152,152,0,61
monkey,32,8,8,3,1024,310,0,1,169,-168,168,0,67
monkey,32,8,9,3,1024,295,0,1,156,-155,155,0,62
monkey,32,8,10,3,1024,354,0,1,122,-121,121,0,48
monkey,32,8,11,3,1024,270,0,1,186,-185,185,0,74
monkey,32,8,12,3,1024,264,0,1,83,-82,82,0,33
monkey,32,8,13,3,1024,259,0,1,179,-178,178,0,71
monkey,32,8,14,3,1024,368,0,1,123,-122,122,0,49
monkey,32,8,15,3,1024,377,0,1,171,-170,170,0,68
monkey,32,8,16,3,1024,355,0,1,181,-180,180,0,72
monkey,32,8,17,3,1024,372,0,1,133,-132,132,0,53
monkey,32,8,18,3,1024,347,0,1,153,-152,152,0,61
monkey,32,8,19,3,1024,360,0,1,194,-193,193,0,77
monkey,32,8,0,4,1024,326,0,1,209,-208,208,0,83
monkey,32,8,1,4,1024,368,0,1,180,-179,179,0,72
monkey,32,8,2,4,1024,376,0,1,195,-194,194,0,78
monkey,32,8,3,4,1024,357,0,1,174,-173,173,0,69
monkey,32,8,4,4,1024,374,0,1,170,-169,169,0,68
monkey,32,8,5,4,1024,324,0,1,135,-134,134,0,54
monkey,32,8,6,4,1024,325,0,1,100,-99,99,0,40
monkey,32,8,7,4,1024,307,0,1,32,-31,31,0,12
monkey,32,8,8,4,1024,269,0,1,114,-113,113,0,45
monkey,32,8,9,4,1024,352,0,1,55,-54,54,0,22
monkey,32,8,10,4,1024,317,0,1,45,-44,44,0,18
monkey,32,8,11,4,1024,295,0,1,80,-79,79,0,32
monkey,32,8,12,4,1024,286,0,1,39,-38,38,0,15
monkey,32,8,13,4,1024,298,0,1,60,-59,59,0,24
monkey,32,8,14,4,1024,322,0,1,101,-100,100,0,40
monkey,32,8,15,4,1024,348,0,1,132,-131,131,0,52
monkey,32,8,16,4,1024,370,0,1,154,-153,153,0,61
monkey,32,8,17,4,1024,356,0,1,132,-131,131,0,52
monkey,32,8,18,4,1024,365,0,1,158,-157,157,0,63
monkey,32,8,19,4,1024,344,0,1,171,-170,170,0,68
monkey,32,8,0,5,1024,338,0,1,161,-160,160,0,64
monkey,32,8,1,5,1024,377,0,1,179,-178,178,0,71
monkey,32,8,2,5,1024,362,0,1,189,-188,188,0,75
monkey,32,8,3,5,1024,365,0,1,161,-160,160,0,64
monkey,32,8,4,5,1024,356,0,1,172,-171,171,0,68
monkey,32,8,5,5,1024,285,0,1,141,-140,140,0,56
monkey,32,8,6,5,1024,318,0,1,32,-31,31,0,12
monkey,32,8,7,5,1024,327,0,1,29,-28,28,0,11
monkey,32,8,8,5,1024,304,0,1,50,-49,49,0,20
monkey,32,8,9,5,1024,321,0,1,42,-41,41,0,16
monkey,32,8,10,5,1024,321,0,1,43,-42,42,0,17
monkey,32,8,11,5,1024,263,0,1,81,-80,80,0,32
monkey,32,8,12,5,1024,296,0,1,32,-31,31,0,12
monkey,32,8,13,5,1024,305,0,1,34,-33,33,0,13
monkey,32,8,14,5,1024,289,0,1,70,-69,69,0,28
monkey,32,8,15,5,1024,347,0,1,138,-137,137,0,55
monkey,32,8,16,5,1024,387,0,1,131,-130,130,0,52
monkey,32,8,17,5,1024,383,0,1,140,-139,139,0,56
monkey,32,8,18,5,1024,347,0,1,150,-149,149,0,60
monkey,32,8,19,5,1024,371,0,1,152,-151,151,0,60
monkey,32,8,0,6,1024,334,0,1,174,-173,173,0,69
monkey,32,8,1,6,1024,365,0,1,179,-178,178,0,71
monkey,32,8,2,6,1024,340,0,1,165,-164,164,0,66
monkey,32,8,3,6,1024,373,0,1,182,-181,181,0,72
monkey,32,8,4,6,1024,341,0,1,171,-170,170,0,68
monkey,32,8,5,6,1024,261,0,1,110,-109,109,0,44
monkey,32,8,6,6,1024,302,0,1,85,-84,84,0,34
monkey,32,8,7,6,1024,294,0,1,35,-34,34,0,14
monkey,32,8,8,6,1024,297,0,1,67,-66,66,0,26
monkey,32,8,9,6,1024,329,0,1,64,-63,63,0,25
monkey,32,8,10,6,1024,337,0,1,46,-45,45,0,18
monkey,32,8,11,6,1024,278,0,1,69,-68,68,0,27
monkey,32,8,12,6,1024,304,0,1,41,-40,40,0,16
monkey,32,8,13,6,1024,329,0,1,68,-67,67,0,27
monkey,32,8,14,6,1024,304,0,1,80,-79,79,0,32
monkey,32,8,15,6,1024,351,0,1,141,-140,140,0,56
monkey,32,8,16,6,1024,355,0,1,161,-160,160,0,64
monkey,32,8,17,6,1024,366,0,1,141,-140,140,0,56
monkey,32,8,18,6,1024,346,0,1,144,-143,143,0,57
monkey,32,8,19,6,1024,347,0,1,116,-115,115,0,46
monkey,32,8,0,7,1024,314,0,1,129,-128,128,0,51
monkey,32,8,1,7,1024,327,0,1,134,-133,133,0,53
monkey,32,8,2,7,1024,342,0,1,148,-147,147,0,59
monkey,32,8,3,7,1024,350,0,1,152,-151,151,0,60
monkey,32,8,4,7,1024,348,0,1,125,-124,124,0,50
monkey,32,8,5,7,1024,272,0,1,140,-139,139,0,56
monkey,32,8,6,7,1024,314,0,1,53,-52,52,0,21
monkey,32,8,7,7,1024,309,0,1,48,-47,47,0,19
monkey,32,8,8,7,1024,285,0,1,40,-39,39,0,16
monkey,32,8,9,7,1024,340,0,1,78,-77,77,0,31
monkey,32,8,10,7,1024,289,0,1,69,-68,68,0,27
monkey,32,8,11,7,1024,281,0,1,65,-64,64,0,26
monkey,32,8,12,7,1024,271,0,1,51,-50,50,0,20
monkey,32,8,13,7,1024,320,0,1,67,-66,66,0,26
monkey,32,8,14,7,1024,297,0,1,105,-104,104,0,42
monkey,32,8,15,7,1024,350,0,1,127,-126,126,0,50
monkey,32,8,16,7,1024,371,0,1,124,-123,123,0,49
monkey,32,8,17,7,1024,359,0,1,127,-126,126,0,50
monkey,32,8,18,7,1024,349,0,1,114,-113,113,0,45
monkey,32,8,19,7,1024,333,0,1,97,-96,96,0,38
monkey,32,8,0,8,1024,322,0,1,82,-81,81,0,32
monkey,32,8,1,8,1024,342,0,1,96,-95,95,0,38
monkey,32,8,2,8,1024,340,0,1,160,-159,159,0,64
monkey,32,8,3,8,1024,344,0,1,107,-106,106,0,42
monkey,32,8,4,8,1024,347,0,1,111,-110,110,0,44
monkey,32,8,5,8,1024,275,0,1,186,-185,185,0,74
monkey,32,8,6,8,1024,295,0,1,103,-102,102,0,41
monkey,32,8,7,8,1024,308,0,1,77,-76,76,0,30
monkey,32,8,8,8,1024,271,0,1,80,-79,79,0,32
monkey,32,8,9,8,1024,317,0,1,76,-75,75,0,30
monkey,32,8,10,8,1024,294,0,1,61,-60,60,0,24
monkey,32,8,11,8,1024,258,0,1,114,-113,113,0,45
monkey,32,8,12,8,1024,287,0,1,84,-83,83,0,33
monkey,32,8,13,8,1024,291,0,1,120,-119,119,0,48
monkey,32,8,14,8,1024,323,0,1,139,-138,138,0,55
monkey,32,8,15,8,1024,354,0,1,116,-115,115,0,46
monkey,32,8,16,8,1024,355,0,1,132,-131,131,0,52
monkey,32,8,17,8,1024,358,0,1,114,-113,113,0,45
monkey,32,8,18,8,1024,346,0,1,81,-80,80,0,32
monkey,32,8,19,8,1024,359,0,1,58,-57,57,0,23
monkey,32,8,0,9,1024,316,0,1,68,-67,67,0,27
monkey,32,8,1,9,1024,339,0,1,86,-85,85,0,34
monkey,32,8,2,9,1024,342,0,1,134,-133,133,0,53
monkey,32,8,3,9,1024,345,1,256,264,-8,8,102,105
monkey,32,8,4,9,1024,320,0,1,228,-227,227,0,91
monkey,32,8,5,9,1024,333,0,1,179,-178,178,0,71
monkey,32,8,6,9,1024,312,0,1,170,-169,169,0,68
monkey,32,8,7,9,1024,291,0,1,115,-114,114,0,46
monkey,32,8,8,9,1024,308,0,1,86,-85,85,0,34
monkey,32,8,9,9,1024,331,0,1,47,-46,46,0,18
monkey,32,8,10,9,1024,331,0,1,42,-41,41,0,16
monkey,32,8,11,9,1024,267,0,1,178,-177,177,0,71
monkey,32,8,12,9,1024,243,0,1,155,-154,154,0,62
monkey,32,8,13,9,1024,297,0,1,187,-186,186,0,74
monkey,32,8,14,9,1024,356,0,1,139,-138,138,0,55
monkey,32,8,15,9,1024,359,0,1,194,-193,193,0,77
monkey,32,8,16,9,1024,351,0,1,146,-145,145,0,58
monkey,32,8,17,9,1024,338,0,1,106,-105,105,0,42
monkey,32,8,18,9,1024,331,0,1,81,-80,80,0,32
monkey,32,8,19,9,1024,348,0,1,63,-62,62,0,25
monkey,32,8,0,10,1024,287,0,1,45,-44,44,0,18
monkey,32,8,1,10,1024,310,0,1,52,-51,51,0,20
monkey,32,8,2,10,1024,343,0,1,168,-167,167,0,67
monkey,32,8,3,10,1024,370,0,1,215,-214,214,0,86
monkey,32,8,4,10,1024,356,0,1,182,-181,181,0,72
monkey,32,8,5,10,1024,372,0,1,209,-208,208,0,83
monkey,32,8,6,10,1024,343,0,1,111,-110,110,0,44
monkey,32,8,7,10,1024,253,0,1,124,-123,123,0,49
monkey,32,8,8,10,1024,313,0,1,45,-44,44,0,18
monkey,32,8,9,10,1024,361,0,1,41,-40,40,0,16
monkey,32,8,10,10,1024,302,0,1,52,-51,51,0,20
monkey,32,8,11,10,1024,237,0,1,116,-115,115,0,46
monkey,32,8,12,10,1024,294,0,1,124,-123,123,0,49
monkey,32,8,13,10,1024,366,0,1,130,-129,129,0,52
monkey,32,8,14,10,1024,359,0,1,184,-183,183,0,73
monkey,32,8,15,10,1024,351,0,1,170,-169,169,0,68
monkey,32,8,16,10,1024,355,0,1,182,-181,181,0,72
monkey,32,8,17,10,1024,344,0,1,163,-162,162,0,65
monkey,32,8,18,10,1024,345,0,1,66,-65,65,0,26
monkey,32,8,19,10,1024,326,0,1,45,-44,44,0,18
monkey,32,8,0,11,1024,283,0,1,42,-41,41,0,16
monkey,32,8,1,11,1024,327,0,1,56,-55,55,0,22
monkey,32,8,2,11,1024,343,0,1,146,-145,145,0,58
monkey,32,8,3,11,1024,370,0,1,158,-157,157,0,63
monkey,32,8,4,11,1024,365,0,1,138,-137,137,0,55
monkey,32,8,5,11,1024,351,0,1,244,-243,243,0,97
monkey,32,8,6,11,1024,341,0,1,69,-68,68,0,27
monkey,32,8,7,11,1024,314,0,1,65,-64,64,0,26
monkey,32,8,8,11,1024,293,0,1,109,-108,108,0,43
monkey,32,8,9,11,1024,318,0,1,60,-59,59,0,24
monkey,32,8,10,11,1024,296,0,1,105,-104,104,0,42
monkey,32,8,11,11,1024,311,0,1,47,-46,46,0,18
monkey,32,8,12,11,1024,322,0,1,35,-34,34,0,14
monkey,32,8,13,11,1024,382,0,1,192,-191,191,0,76
monkey,32,8,14,11,1024,353,0,1,236,-235,235,0,94
monkey,32,8,15,11,1024,365,0,1,234,-233,233,0,93
monkey,32,8,16,11,1024,360,0,1,96,-95,95,0,38
monkey,32,8,17,11,1024,333,0,1,113,-112,112,0,45
monkey,32,8,18,11,1024,336,0,1,120,-119,119,0,48
monkey,32,8,19,11,1024,316,0,1,44,-43,43,0,17
monkey,32,8,0,12,1024,312,0,1,44,-43,43,0,17
monkey,32,8,1,12,1024,324,0,1,46,-45,45,0,18
monkey,32,8,2,12,1024,329,0,1,97,-96,96,0,38
monkey,32,8,3,12,1024,358,0,1,150,-149,149,0,60
monkey,32,8,4,12,1024,365,0,1,151,-150,150,0,60
monkey,32,8,5,12,1024,351,1,256,261,-5,5,102,104
monkey,32,8,6,12,1024,379,0,1,186,-185,185,0,74
monkey,32,8,7,12,1024,369,0,1,129,-128,128,0,51
monkey,32,8,8,12,1024,323,0,1,84,-83,83,0,33
monkey,32,8,9,12,1024,275,0,1,84,-83,83,0,33
monkey,32,8,10,12,1024,336,0,1,43,-42,42,0,17
monkey,32,8,11,12,1024,350,0,1,70,-69,69,0,28
monkey,32,8,12,12,1024,352,0,1,211,-210,210,0,84
monkey,32,8,13,12,1024,367,0,1,242,-241,241,0,96
monkey,32,8,14,12,1024,347,1,256,260,-4,4,102,104
monkey,32,8,15,12,1024,354,0,1,195,-194,194,0,78
monkey,32,8,16,12,1024,356,0,1,89,-88,88,0,35
monkey,32,8,17,12,1024,360,0,1,91,-90,90,0,36
monkey,32,8,18,12,1024,319,0,1,49,-48,48,0,19
monkey,32,8,19,12,1024,297,0,1,54,-53,53,0,21
monkey,32,8,0,13,1024,308,0,1,62,-61,61,0,24
monkey,32,8,1,13,1024,358,0,1,59,-58,58,0,23
monkey,32,8,2,13,1024,353,0,1,77,-76,76,0,30
monkey,32,8,3,13,1024,358,0,1,99,-98,98,0,39
monkey,32,8,4,13,1024,365,0,1,167,-166,166,0,66
monkey,32,8,5,13,1024,365,0,1,147,-146,146,0,58
monkey,32,8,6,13,1024,344,0,1,187,-186,186,0,74
monkey,32,8,7,13,1024,344,0,1,163,-162,162,0,65
monkey,32,8,8,13,1024,358,0,1,157,-156,156,0,62
monkey,32,8,9,13,1024,342,0,1,136,-135,135,0,54
monkey,32,8,10,13,1024,337,0,1,147,-146,146,0,58
monkey,32,8,11,13,1024,345,0,1,170,-169,169,0,68
monkey,32,8,12,13,1024,341,0,1,196,-195,195,0,78
monkey,32,8,13,13,1024,364,0,1,246,-245,245,0,98
monkey,32,8,14,13,1024,368,0,1,235,-234,234,0,94
monkey,32,8,15,13,1024,374,0,1,114,-113,113,0,45
monkey,32,8,16,13,1024,329,0,1,104,-103,103,0,41
monkey,32,8,17,13,1024,376,0,1,76,-75,75,0,30
monkey,32,8,18,13,1024,321,0,1,50,-49,49,0,20
monkey,32,8,19,13,1024,302,0,1,45,-44,44,0,18
monkey,32,8,0,14,1024,313,0,1,74,-73,73,0,29
monkey,32,8,1,14,1024,332,0,1,43,-42,42,0,17
monkey,32,8,2,14,1024,307,0,1,50,-49,49,0,20
monkey,32,8,3,14,1024,328,0,1,70,-69,69,0,28
monkey,32,8,4,14,1024,343,0,1,140,-139,139,0,56
monkey,32,8,5,14,1024,362,0,1,159,-158,158,0,63
monkey,32,8,6,14,1024,350,0,1,63,-62,62,0,25
monkey,32,8,7,14,1024,340,0,1,87,-86,86,0,34
monkey,32,8,8,14,1024,347,0,1,117,-116,116,0,46
monkey,32,8,9,14,1024,323,0,1,116,-115,115,0,46
monkey,32,8,10,14,1024,340,0,1,103,-102,102,0,41
monkey,32,8,11,14,1024,362,0,1,149,-148,148,0,59
monkey,32,8,12,14,1024,328,0,1,180,-179,179,0,72
monkey,32,8,13,14,1024,357,0,1,147,-146,146,0,58
monkey,32,8,14,14,1024,361,0,1,102,-101,101,0,40
monkey,32,8,15,14,1024,353,0,1,104,-103,103,0,41
monkey,32,8,16,14,1024,341,0,1,78,-77,77,0,31
monkey,32,8,17,14,1024,279,0,1,63,-62,62,0,25
monkey,32,8,18,14,1024,284,0,1,78,-77,77,0,31
monkey,32,8,19,14,1024,297,0,1,59,-58,58,0,23
monkey,32,16,0,0,1024,341,1,128,226,-98,98,51,90
monkey,32,16,1,0,1024,364,1,128,219,-91,91,51,87
monkey,32,16,2,0,1024,353,1,128,217,-89,89,51,86
monkey,32,16,3,0,1024,343,1,128,224,-96,96,51,89
monkey,32,16,4,0,1024,351,1,128,230,-102,102,51,92
monkey,32,16,5,0,1024,364,1,128,194,-66,66,51,77
monkey,32,16,6,0,1024,362,1,128,230,-102,102,51,92
monkey,32,16,7,0,1024,317,1,128,210,-82,82,51,84
monkey,32,16,8,0,1024,337,1,128,193,-65,65,51,77
monkey,32,16,9,0,1024,332,1,128,209,-81,81,51,83
monkey,32,16,10,0,1024,323,1,128,193,-65,65,51,77
monkey,32,16,11,0,1024,325,1,128,201,-73,73,51,80
monkey,32,16,12,0,1024,351,1,128,197,-69,69,51,78
monkey,32,16,13,0,1024,329,1,128,210,-82,82,51,84
monkey,32,16,14,0,1024,347,1,128,190,-62,62,51,76
monkey,32,16,15,0,1024,345,1,128,233,-105,105,51,93
monkey,32,16,16,0,1024,353,1,128,255,-127,127,51,102
monkey,32,16,17,0,1024,338,1,128,225,-97,97,51,90
monkey,32,16,18,0,1024,338,1,128,185,-57,57,51,74
monkey,32,16,19,0,1024,341,1,128,233,-105,105,51,93
monkey,32,16,0,1,1024,351,1,128,224,-96,96,51,89
monkey,32,16,1,1,1024,353,1,128,220,-92,92,51,88
monkey,32,16,2,1,1024,378,1,128,185,-57,57,51,74
monkey,32,16,3,1,1024,364,1,128,188,-60,60,51,75
monkey,32,16,4,1,1024,345,1,128,162,-34,34,51,64
monkey,32,16,5,1,1024,348,0,1,121,-120,120,0,48
monkey,32,16,6,1,1024,307,1,128,214,-86,86,51,85
monkey,32,16,7,1,1024,295,1,128,141,-13,13,51,56
monkey,32,16,8,1,1024,320,1,128,179,-51,51,51,71
monkey,32,16,9,1,1024,334,1,128,150,-22,22,51,60
monkey,32,16,10,1,1024,302,1,128,153,-25,25,51,61
monkey,32,16,11,1,1024,325,1,128,154,-26,26,51,61
monkey,32,16,12,1,1024,303,1,128,133,-5,5,51,53
monkey,32,16,13,1,1024,283,1,128,223,-95,95,51,89
monkey,32,16,14,1,1024,338,1,128,145,-17,17,51,58
monkey,32,16,15,1,1024,369,0,1,125,-124,124,0,50
monkey,32,16,16,1,1024,361,1,128,205,-77,77,51,82
monkey,32,16,17,1,1024,373,1,128,192,-64,64,51,76
monkey,32,16,18,1,1024,350,1,128,182,-54,54,51,72
monkey,32,16,19,1,1024,356,1,128,218,-90,90,51,87
monkey,32,16,0,2,1024,355,1,128,216,-88,88,51,86
monkey,32,16,1,2,1024,372,1,128,218,-90,90,51,87
monkey,32,16,2,2,1024,369,1,128,174,-46,46,51,69
monkey,32,16,3,2,1024,356,1,128,178,-50,50,51,71
monkey,32,16,4,2,1024,395,1,128,173,-45,45,51,69
monkey,32,16,5,2,1024,373,1,128,131,-3,3,51,52
monkey,32,16,6,2,1024,308,1,128,220,-92,92,51,88
monkey,32,16,7,2,1024,322,1,128,234,-106,106,51,93
monkey,32,16,8,2,1024,332,1,128,234,-106,106,51,93
monkey,32,16,9,2,1024,314,1,128,157,-29,29,51,62
monkey,32,16,10,2,1024,366,1,128,144,-16,16,51,57
monkey,32,16,11,2,1024,336,1,128,230,-102,102,51,92
monkey,32,16,12,2,1024,309,1,128,222,-94,94,51,88
monkey,32,16,13,2,1024,315,2,256,292,-36,36,102,116
monkey,32,16,14,2,1024,358,1,128,169,-41,41,51,67
monkey,32,16,15,2,1024,387,1,128,191,-63,63,51,76
monkey,32,16,16,2,1024,354,1,128,184,-56,56,51,73
monkey,32,16,17,2,1024,361,1,128,145,-17,17,51,58
monkey,32,16,18,2,1024,368,1,128,179,-51,51,51,71
monkey,32,16,19,2,1024,369,1,128,202,-74,74,51,80
monkey,32,16,0,3,1024,335,1,128,221,-93,93,51,88
monkey,32,16,1,3,1024,352,1,128,186,-58,58,51,74
monkey,32,16,2,3,1024,362,1,128,191,-63,63,51,76
monkey,32,16,3,3,1024,370,1,128,185,-57,57,51,74
monkey,32,16,4,3,1024,383,1,128,170,-42,42,51,68
monkey,32,16,5,3,1024,374,1,128,150,-22,22,51,60
monkey,32,16,6,3,1024,273,1,128,171,-43,43,51,68
monkey,32,16,7,3,1024,273,1,128,153,-25,25,51,61
monkey,32,16,8,3,1024,310,1,128,169,-41,41,51,67
monkey,32,16,9,3,1024,295,1,128,156,-28,28,51,62
monkey,32,16,10,3,1024,354,0,1,122,-121,121,0,48
monkey,32,16,11,3,1024,270,1,128,186,-58,58,51,74
monkey,32,16,12,3,1024,264,0,1,83,-82,82,0,33
monkey,32,16,13,3,1024,259,1,128,179,-51,51,51,71
monkey,32,16,14,3,1024,368,0,1,123,-122,122,0,49
monkey,32,16,15,3,1024,377,1,128,171,-43,43,51,68
monkey,32,16,16,3,1024,355,1,128,181,-53,53,51,72
monkey,32,16,17,3,1024,372,1,128,133,-5,5,51,53
monkey,32,16,18,3,1024,347,1,128,153,-25,25,51,61
monkey,32,16,19,3,1024,360,1,128,194,-66,66,51,77
monkey,32,16,0,4,1024,326,1,128,209,-81,81,51,83
monkey,32,16,1,4,1024,368,1,128,180,-52,52,51,72
monkey,32,16,2,4,1024,376,1,128,195,-67,67,51,78
monkey,32,16,3,4,1024,357,1,128,174,-46,46,51,69
monkey,32,16,4,4,1024,374,1,128,170,-42,42,51,68
monkey,32,16,5,4,1024,324,1,128,135,-7,7,51,54
monkey,32,16,6,4,1024,325,0,1,100,-99,99,0,40
monkey,32,16,7,4,1024,307,0,1,32,-31,31,0,12
monkey,32,16,8,4,1024,269,0,1,114,-113,113,0,45
monkey,32,16,9,4,1024,352,0,1,55,-54,54,0,22
monkey,32,16,10,4,1024,317,0,1,45,-44,44,0,18
monkey,32,16,11,4,1024,295,0,1,80,-79,79,0,32
monkey,32,16,12,4,1024,286,0,1,39,-38,38,0,15
monkey,32,16,13,4,1024,298,0,1,60,-59,59,0,24
monkey,32,16,14,4,1024,322,0,1,101,-100,100,0,40
monkey,32,16,15,4,1024,348,1,128,132,-4,4,51,52
monkey,32,16,16,4,1024,370,1,128,154,-26,26,51,61
monkey,32,16,17,4,1024,356,1,128,132,-4,4,51,52
monkey,32,16,18,4,1024,365,1,128,158,-30,30,51,63
monkey,32,16,19,4,1024,344,1,128,171,-43,43,51,68
monkey,32,16,0,5,1024,338,1,128,161,-33,33,51,64
monkey,32,16,1,5,1024,377,1,128,179,-51,51,51,71
monkey,32,16,2,5,1024,362,1,128,189,-61,61,51,75
monkey,32,16,3,5,1024,365,1,128,161,-33,33,51,64
monkey,32,16,4,5,1024,356,1,128,172,-44,44,51,68
monkey,32,16,5,5,1024,285,1,128,141,-13,13,51,56
monkey,32,16,6,5,1024,318,0,1,32,-31,31,0,12
monkey,32,16,7,5,1024,327,0,1,29,-28,28,0,11
monkey,32,16,8,5,1024,304,0,1,50,-49,49,0,20
monkey,32,16,9,5,1024,321,0,1,42,-41,41,0,16
monkey,32,16,10,5,1024,321,0,1,43,-42,42,0,17
monkey,32,16,11,5,1024,263,0,1,81,-80,80,0,32
monkey,32,16,12,5,1024,296,0,1,32,-31,31,0,12
monkey,32,16,13,5,1024,305,0,1,34,-33,33,0,13
monkey,32,16,14,5,1024,289,0,1,70,-69,69,0,28
monkey,32,16,15,5,1024,347,1,128,138,-10,10,51,55
monkey,32,16,16,5,1024,387,1,128,131,-3,3,51,52
monkey,32,16,17,5,1024,383,1,128,140,-12,12,51,56
monkey,32,16,18,5,1024,347,1,128,150,-22,22,51,60
monkey,32,16,19,5,1024,371,1,128,152,-24,24,51,60
monkey,32,16,0,6,1024,334,1,128,174,-46,46,51,69
monkey,32,16,1,6,1024,365,1,128,179,-51,51,51,71
monkey,32,16,2,6,1024,340,1,128,165,-37,37,51,66
monkey,32,16,3,6,1024,373,1,128,182,-54,54,51,72
monkey,32,16,4,6,1024,341,1,128,171,-43,43,51,68
monkey,32,16,5,6,1024,261,0,1,110,-109,109,0,44
monkey,32,16,6,6,1024,302,0,1,85,-84,84,0,34
monkey,32,16,7,6,1024,294,0,1,35,-34,34,0,14
monkey,32,16,8,6,1024,297,0,1,67,-66,66,0,26
monkey,32,16,9,6,1024,329,0,1,64,-63,63,0,25
monkey,32,16,10,6,1024,337,0,1,46,-45,45,0,18
monkey,32,16,11,6,1024,278,0,1,69,-68,68,0,27
monkey,32,16,12,6,1024,304,0,1,41,-40,40,0,16
monkey,32,16,13,6,1024,329,0,1,68,-67,67,0,27
monkey,32,16,14,6,1024,304,0,1,80,-79,79,0,32
monkey,32,16,15,6,1024,351,1,128,141,-13,13,51,56
monkey,32,16,16,6,1024,355,1,128,161,-33,33,51,64
monkey,32,16,17,6,1024,366,1,128,141,-13,13,51,56
monkey,32,16,18,6,1024,346,1,128,144,-16,16,51,57
monkey,32,16,19,6,1024,347,0,1,116,-115,115,0,46
monkey,32,16,0,7,1024,314,1,128,129,-1,1,51,51
monkey,32,16,1,7,1024,327,1,128,134,-6,6,51,53
monkey,32,16,2,7,1024,342,1,128,148,-20,20,51,59
monkey,32,16,3,7,1024,350,1,128,152,-24,24,51,60
monkey,32,16,4,7,1024,348,0,1,125,-124,124,0,50
monkey,32,16,5,7,1024,272,1,128,140,-12,12,51,56
monkey,32,16,6,7,1024,314,0,1,53,-52,52,0,21
monkey,32,16,7,7,1024,309,0,1,48,-47,47,0,19
monkey,32,16,8,7,1024,285,0,1,40,-39,39,0,16
monkey,32,16,9,7,1024,340,0,1,78,-77,77,0,31
monkey,32,16,10,7,1024,289,0,1,69,-68,68,0,27
monkey,32,16,11,7,1024,281,0,1,65,-64,64,0,26
monkey,32,16,12,7,1024,271,0,1,51,-50,50,0,20
monkey,32,16,13,7,1024,320,0,1,67,-66,66,0,26
monkey,32,16,14,7,1024,297,0,1,105,-104,104,0,42
monkey,32,16,15,7,1024,350,0,1,127,-126,126,0,50
monkey,32,16,16,7,1024,371,0,1,124,-123,123,0,49
monkey,32,16,17,7,1024,359,0,1,127,-126,126,0,50
monkey,32,16,18,7,1024,349,0,1,114,-113,113,0,45
monkey,32,16,19,7,1024,333,0,1,97,-96,96,0,38
monkey,32,16,0,8,1024,322,0,1,82,-81,81,0,32
monkey,32,16,1,8,1024,342,0,1,96,-95,95,0,38
monkey,32,16,2,8,1024,340,1,128,160,-32,32,51,64
monkey,32,16,3,8,1024,344,0,1,107,-106,106,0,42
monkey,32,16,4,8,1024,347,0,1,111,-110,110,0,44
monkey,32,16,5,8,1024,275,1,128,186,-58,58,51,74
monkey,32,16,6,8,1024,295,0,1,103,-102,102,0,41
monkey,32,16,7,8,1024,308,0,1,77,-76,76,0,30
monkey,32,16,8,8,1024,271,0,1,80,-79,79,0,32
monkey,32,16,9,8,1024,317,0,1,76,-75,75,0,30
monkey,32,16,10,8,1024,294,0,1,61,-60,60,0,24
monkey,32,16,11,8,1024,258,0,1,114,-113,113,0,45
monkey,32,16,12,8,1024,287,0,1,84,-83,83,0,33
monkey,32,16,13,8,1024,291,0,1,120,-119,119,0,48
monkey,32,16,14,8,1024,323,1,128,139,-11,11,51,55
monkey,32,16,15,8,1024,354,0,1,116,-115,115,0,46
monkey,32,16,16,8,1024,355,1,128,132,-4,4,51,52
monkey,32,16,17,8,1024,358,0,1,114,-113,113,0,45
monkey,32,16,18,8,1024,346,0,1,81,-80,80,0,32
monkey,32,16,19,8,1024,359,0,1,58,-57,57,0,23
monkey,32,16,0,9,1024,316,0,1,68,-67,67,0,27
monkey,32,16,1,9,1024,339,0,1,86,-85,85,0,34
monkey,32,16,2,9,1024,342,1,128,134,-6,6,51,53
monkey,32,16,3,9,1024,345,2,256,264,-8,8,102,105
monkey,32,16,4,9,1024,320,1,128,228,-100,100,51,91
monkey,32,16,5,9,1024,333,1,128,179,-51,51,51,71
monkey,32,16,6,9,1024,312,1,128,170,-42,42,51,68
monkey,32,16,7,9,1024,291,0,1,115,-114,114,0,46
monkey,32,16,8,9,1024,308,0,1,86,-85,85,0,34
monkey,32,16,9,9,1024,331,0,1,47,-46,46,0,18
monkey,32,16,10,9,1024,331,0,1,42,-41,41,0,16
monkey,32,16,11,9,1024,267,1,128,178,-50,50,51,71
monkey,32,16,12,9,1024,243,1,128,155,-27,27,51,62
monkey,32,16,13,9,1024,297,1,128,187,-59,59,51,74
monkey,32,16,14,9,1024,356,1,128,139,-11,11,51,55
monkey,32,16,15,9,1024,359,1,128,194,-66,66,51,77
monkey,32,16,16,9,1024,351,1,128,146,-18,18,51,58
monkey,32,16,17,9,1024,338,0,1,106,-105,105,0,42
monkey,32,16,18,9,1024,331,0,1,81,-80,80,0,32
monkey,32,16,19,9,1024,348,0,1,63,-62,62,0,25
monkey,32,16,0,10,1024,287,0,1,45,-44,44,0,18
monkey,32,16,1,10,1024,310,0,1,52,-51,51,0,20
monkey,32,16,2,10,1024,343,1,128,168,-40,40,51,67
monkey,32,16,3,10,1024,370,1,128,215,-87,87,51,86
monkey,32,16,4,10,1024,356,1,128,182,-54,54,51,72
monkey,32,16,5,10,1024,372,1,128,209,-81,81,51,83
monkey,32,16,6,10,1024,343,0,1,111,-110,110,0,44
monkey,32,16,7,10,1024,253,0,1,124,-123,123,0,49
monkey,32,16,8,10,1024,313,0,1,45,-44,44,0,18
monkey,32,16,9,10,1024,361,0,1,41,-40,40,0,16
monkey,32,16,10,10,1024,302,0,1,52,-51,51,0,20
monkey,32,16,11,10,1024,237,0,1,116,-115,115,0,46
monkey,32,16,12,10,1024,294,0,1,124,-123,123,0,49
monkey,32,16,13,10,1024,366,1,128,130,-2,2,51,52
monkey,32,16,14,10,1024,359,1,128,184,-56,56,51,73
monkey,32,16,15,10,1024,351,1,128,170,-42,42,51,68
monkey,32,16,16,10,1024,355,1,128,182,-54,54,51,72
monkey,32,16,17,10,1024,344,1,128,163,-35,35,51,65
monkey,32,16,18,10,1024,345,0,1,66,-65,65,0,26
monkey,32,16,19,10,1024,326,0,1,45,-44,44,0,18
monkey,32,16,0,11,1024,283,0,1,42,-41,41,0,16
monkey,32,16,1,11,1024,327,0,1,56,-55,55,0,22
monkey,32,16,2,11,1024,343,1,128,146,-18,18,51,58
monkey,32,16,3,11,1024,370,1,128,158,-30,30,51,63
monkey,32,16,4,11,1024,365,1,128,138,-10,10,51,55
monkey,32,16,5,11,1024,351,1,128,244,-116,116,51,97
monkey,32,16,6,11,1024,341,0,1,69,-68,68,0,27
monkey,32,16,7,11,1024,314,0,1,65,-64,64,0,26
monkey,32,16,8,11,1024,293,0,1,109,-108,108,0,43
monkey,32,16,9,11,1024,318,0,1,60,-59,59,0,24
monkey,32,16,10,11,1024,296,0,1,105,-104,104,0,42
monkey,32,16,11,11,1024,311,0,1,47,-46,46,0,18
monkey,32,16,12,11,1024,322,0,1,35,-34,34,0,14
monkey,32,16,13,11,1024,382,1,128,192,-64,64,51,76
monkey,32,16,14,11,1024,353,1,128,236,-108,108,51,94
monkey,32,16,15,11,1024,365,1,128,234,-106,106,51,93
monkey,32,16,16,11,1024,360,0,1,96,-95,95,0,38
monkey,32,16,17,11,1024,333,0,1,113,-112,112,0,45
monkey,32,16,18,11,1024,336,0,1,120,-119,119,0,48
monkey,32,16,19,11,1024,316,0,1,44,-43,43,0,17
monkey,32,16,0,12,1024,312,0,1,44,-43,43,0,17
monkey,32,16,1,12,1024,324,0,1,46,-45,45,0,18
monkey,32,16,2,12,1024,329,0,1,97,-96,96,0,38
monkey,32,16,3,12,1024,358,1,128,150,-22,22,51,60
monkey,32,16,4,12,1024,365,1,128,151,-23,23,51,60
monkey,32,16,5,12,1024,351,2,256,261,-5,5,102,104
monkey,32,16,6,12,1024,379,1,128,186,-58,58,51,74
monkey,32,16,7,12,1024,369,1,128,129,-1,1,51,51
monkey,32,16,8,12,1024,323,0,1,84,-83,83,0,33
monkey,32,16,9,12,1024,275,0,1,84,-83,83,0,33
monkey,32,16,10,12,1024,336,0,1,43,-42,42,0,17
monkey,32,16,11,12,1024,350,0,1,70,-69,69,0,28
monkey,32,16,12,12,1024,352,1,128,211,-83,83,51,84
monkey,32,16,13,12,1024,367,1,128,242,-114,114,51,96
monkey,32,16,14,12,1024,347,2,256,260,-4,4,102,104
monkey,32,16,15,12,1024,354,1,128,195,-67,67,51,78
monkey,32,16,16,12,1024,356,0,1,89,-88,88,0,35
monkey,32,16,17,12,1024,360,0,1,91,-90,90,0,36
monkey,32,16,18,12,1024,319,0,1,49,-48,48,0,19
monkey,32,16,19,12,1024,297,0,1,54,-53,53,0,21
monkey,32,16,0,13,1024,308,0,1,62,-61,61,0,24
monkey,32,16,1,13,1024,358,0,1,59,-58,58,0,23
monkey,32,16,2,13,1024,353,0,1,77,-76,76,0,30
monkey,32,16,3,13,1024,358,0,1,99,-98,98,0,39
monkey,32,16,4,13,1024,365,1,128,167,-39,39,51,66
monkey,32,16,5,13,1024,365,1,128,147,-19,19,51,58
monkey,32,16,6,13,1024,344,1,128,187,-59,59,51,74
monkey,32,16,7,13,1024,344,1,128,163,-35,35,51,65
monkey,32,16,8,13,1024,358,1,128,157,-29,29,51,62
monkey,32,16,9,13,1024,342,1,128,136,-8,8,51,54
monkey,32,16,10,13,1024,337,1,128,147,-19,19,51,58
monkey,32,16,11,13,1024,345,1,128,170,-42,42,51,68
monkey,32,16,12,13,1024,341,1,128,196,-68,68,51,78
monkey,32,16,13,13,1024,364,1,128,246,-118,118,51,98
monkey,32,16,14,13,1024,368,1,128,235,-107,107,51,94
monkey,32,16,15,13,1024,374,0,1,114,-113,113,0,45
monkey,32,16,16,13,1024,329,0,1,104,-103,103,0,41
monkey,32,16,17,13,1024,376,0,1,76,-75,75,0,30
monkey,32,16,18,13,1024,321,0,1,50,-49,49,0,20
monkey,32,16,19,13,1024,302,0,1,45,-44,44,0,18
monkey,32,16,0,14,1024,313,0,1,74,-73,73,0,29
monkey,32,16,1,14,1024,332,0,1,43,-42,42,0,17
monkey,32,16,2,14,1024,307,0,1,50,-49,49,0,20
monkey,32,16,3,14,1024,328,0,1,70,-69,69,0,28
monkey,32,16,4,14,1024,343,1,128,140,-12,12,51,56
monkey,32,16,5,14,1024,362,1,128,159,-31,31,51,63
monkey,32,16,6,14,1024,350,0,1,63,-62,62,0,25
monkey,32,16,7,14,1024,340,0,1,87,-86,86,0,34
monkey,32,16,8,14,1024,347,0,1,117,-116,116,0,46
monkey,32,16,9,14,1024,323,0,1,116,-115,115,0,46
monkey,32,16,10,14,1024,340,0,1,103,-102,102,0,41
monkey,32,16,11,14,1024,362,1,128,149,-21,21,51,59
monkey,32,16,12,14,1024,328,1,128,180,-52,52,51,72
monkey,32,16,13,14,1024,357,1,128,147,-19,19,51,58
monkey,32,16,14,14,1024,361,0,1,102,-101,101,0,40
monkey,32,16,15,14,1024,353,0,1,104,-103,103,0,41
monkey,32,16,16,14,1024,341,0,1,78,-77,77,0,31
monkey,32,16,17,14,1024,279,0,1,63,-62,62,0,25
monkey,32,16,18,14,1024,284,0,1,78,-77,77,0,31
monkey,32,16,19,14,1024,297,0,1,59,-58,58,0,23
monkey,32,32,0,0,1024,341,3,192,226,-34,34,76,90
monkey,32,32,1,0,1024,364,3,192,219,-27,27,76,87
monkey,32,32,2,0,1024,353,3,192,217,-25,25,76,86
monkey,32,32,3,0,1024,343,3,192,224,-32,32,76,89
monkey,32,32,4,0,1024,351,3,192,230,-38,38,76,92
monkey,32,32,5,0,1024,364,3,192,194,-2,2,76,77
monkey,32,32,6,0,1024,362,3,192,230,-38,38,76,92
monkey,32,32,7,0,1024,317,3,192,210,-18,18,76,84
monkey,32,32,8,0,1024,337,3,192,193,-1,1,76,77
monkey,32,32,9,0,1024,332,3,192,209,-17,17,76,83
monkey,32,32,10,0,1024,323,3,192,193,-1,1,76,77
monkey,32,32,11,0,1024,325,3,192,201,-9,9,76,80
monkey,32,32,12,0,1024,351,3,192,197,-5,5,76,78
monkey,32,32,13,0,1024,329,3,192,210,-18,18,76,84
monkey,32,32,14,0,1024,347,2,128,190,-62,62,51,76
monkey,32,32,15,0,1024,345,3,192,233,-41,41,76,93
monkey,32,32,16,0,1024,353,3,192,255,-63,63,76,102
monkey,32,32,17,0,1024,338,3,192,225,-33,33,76,90
monkey,32,32,18,0,1024,338,2,128,185,-57,57,51,74
monkey,32,32,19,0,1024,341,3,192,233,-41,41,76,93
monkey,32,32,0,1,1024,351,3,192,224,-32,32,76,89
monkey,32,32,1,1,1024,353,3,192,220,-28,28,76,88
monkey,32,32,2,1,1024,378,2,128,185,-57,57,51,74
monkey,32,32,3,1,1024,364,2,128,188,-60,60,51,75
monkey,32,32,4,1,1024,345,2,128,162,-34,34,51,64
monkey,32,32,5,1,1024,348,1,64,121,-57,57,25,48
monkey,32,32,6,1,1024,307,3,192,214,-22,22,76,85
monkey,32,32,7,1,1024,295,2,128,141,-13,13,51,56
monkey,32,32,8,1,1024,320,2,128,179,-51,51,51,71
monkey,32,32,9,1,1024,334,2,128,150,-22,22,51,60
monkey,32,32,10,1,1024,302,2,128,153,-25,25,51,61
monkey,32,32,11,1,1024,325,2,128,154,-26,26,51,61
monkey,32,32,12,1,1024,303,2,128,133,-5,5,51,53
monkey,32,32,13,1,1024,283,3,192,223,-31,31,76,89
monkey,32,32,14,1,1024,338,2,128,145,-17,17,51,58
monkey,32,32,15,1,1024,369,1,64,125,-61,61,25,50
monkey,32,32,16,1,1024,361,3,192,205,-13,13,76,82
monkey,32,32,17,1,1024,373,3,192,192,0,0,76,76
monkey,32,32,18,1,1024,350,2,128,182,-54,54,51,72
monkey,32,32,19,1,1024,356,3,192,218,-26,26,76,87
monkey,32,32,0,2,1024,355,3,192,216,-24,24,76,86
monkey,32,32,1,2,1024,372,3,192,218,-26,26,76,87
monkey,32,32,2,2,1024,369,2,128,174,-46,46,51,69
monkey,32,32,3,2,1024,356,2,128,178,-50,50,51,71
monkey,32,32,4,2,1024,395,2,128,173,-45,45,51,69
monkey,32,32,5,2,1024,373,2,128,131,-3,3,51,52
monkey,32,32,6,2,1024,308,3,192,220,-28,28,76,88
monkey,32,32,7,2,1024,322,3,192,234,-42,42,76,93
monkey,32,32,8,2,1024,332,3,192,234,-42,42,76,93
monkey,32,32,9,2,1024,314,2,128,157,-29,29,51,62
monkey,32,32,10,2,1024,366,2,128,144,-16,16,51,57
monkey,32,32,11,2,1024,336,3,192,230,-38,38,76,92
monkey,32,32,12,2,1024,309,3,192,222,-30,30,76,88
monkey,32,32,13,2,1024,315,4,256,292,-36,36,102,116
monkey,32,32,14,2,1024,358,2,128,169,-41,41,51,67
monkey,32,32,15,2,1024,387,2,128,191,-63,63,51,76
monkey,32,32,16,2,1024,354,2,128,184,-56,56,51,73
monkey,32,32,17,2,1024,361,2,128,145,-17,17,51,58
monkey,32,32,18,2,1024,368,2,128,179,-51,51,51,71
monkey,32,32,19,2,1024,369,3,192,202,-10,10,76,80
monkey,32,32,0,3,1024,335,3,192,221,-29,29,76,88
monkey,32,32,1,3,1024,352,2,128,186,-58,58,51,74
monkey,32,32,2,3,1024,362,2,128,191,-63,63,51,76
monkey,32,32,3,3,1024,370,2,128,185,-57,57,51,74
monkey,32,32,4,3,1024,383,2,128,170,-42,42,51,68
monkey,32,32,5,3,1024,374,2,128,150,-22,22,51,60
monkey,32,32,6,3,1024,273,2,128,171,-43,43,51,68
monkey,32,32,7,3,1024,273,2,128,153,-25,25,51,61
monkey,32,32,8,3,1024,310,2,128,169,-41,41,51,67
monkey,32,32,9,3,1024,295,2,128,156,-28,28,51,62
monkey,32,32,10,3,1024,354,1,64,122,-58,58,25,48
monkey,32,32,11,3,1024,270,2,128,186,-58,58,51,74
monkey,32,32,12,3,1024,264,1,64,83,-19,19,25,33
monkey,32,32,13,3,1024,259,2,128,179,-51,51,51,71
monkey,32,32,14,3,1024,368,1,64,123,-59,59,25,49
monkey,32,32,15,3,1024,377,2,128,171,-43,43,51,68
monkey,32,32,16,3,1024,355,2,128,181,-53,53,51,72
monkey,32,32,17,3,1024,372,2,128,133,-5,5,51,53
monkey,32,32,18,3,1024,347,2,128,153,-25,25,51,61
monkey,32,32,19,3,1024,360,3,192,194,-2,2,76,77
monkey,32,32,0,4,1024,326,3,192,209,-17,17,76,83
monkey,32,32,1,4,1024,368,2,128,180,-52,52,51,72
monkey,32,32,2,4,1024,376,3,192,195,-3,3,76,78
monkey,32,32,3,4,1024,357,2,128,174,-46,46,51,69
monkey,32,32,4,4,1024,374,2,128,170,-42,42,51,68
monkey,32,32,5,4,1024,324,2,128,135,-7,7,51,54
monkey,32,32,6,4,1024,325,1,64,100,-36,36,25,40
monkey,32,32,7,4,1024,307,0,1,32,-31,31,0,12
monkey,32,32,8,4,1024,269,1,64,114,-50,50,25,45
monkey,32,32,9,4,1024,352,0,1,55,-54,54,0,22
monkey,32,32,10,4,1024,317,0,1,45,-44,44,0,18
monkey,32,32,11,4,1024,295,1,64,80,-16,16,25,32
monkey,32,32,12,4,1024,286,0,1,39,-38,38,0,15
monkey,32,32,13,4,1024,298,0,1,60,-59,59,0,24
monkey,32,32,14,4,1024,322,1,64,101,-37,37,25,40
monkey,32,32,15,4,1024,348,2,128,132,-4,4,51,52
monkey,32,32,16,4,1024,370,2,128,154,-26,26,51,61
monkey,32,32,17,4,1024,356,2,128,132,-4,4,51,52
monkey,32,32,18,4,1024,365,2,128,158,-30,30,51,63
monkey,32,32,19,4,1024,344,2,128,171,-43,43,51,68
monkey,32,32,0,5,1024,338,2,128,161,-33,33,51,64
monkey,32,32,1,5,1024,377,2,128,179,-51,51,51,71
monkey,32,32,2,5,1024,362,2,128,189,-61,61,51,75
monkey,32,32,3,5,1024,365,2,128,161,-33,33,51,64
monkey,32,32,4,5,1024,356,2,128,172,-44,44,51,68
monkey,32,32,5,5,1024,285,2,128,141,-13,13,51,56
monkey,32,32,6,5,1024,318,0,1,32,-31,31,0,12
monkey,32,32,7,5,1024,327,0,1,29,-28,28,0,11
monkey,32,32,8,5,1024,304,0,1,50,-49,49,0,20
monkey,32,32,9,5,1024,321,0,1,42,-41,41,0,16
monkey,32,32,10,5,1024,321,0,1,43,-42,42,0,17
monkey,32,32,11,5,1024,263,1,64,81,-17,17,25,32
monkey,32,32,12,5,1024,296,0,1,32,-31,31,0,12
monkey,32,32,13,5,1024,305,0,1,34,-33,33,0,13
monkey,32,32,14,5,1024,289,1,64,70,-6,6,25,28
monkey,32,32,15,5,1024,347,2,128,138,-10,10,51,55
monkey,32,32,16,5,1024,387,2,128,131,-3,3,51,52
monkey,32,32,17,5,1024,383,2,128,140,-12,12,51,56
monkey,32,32,18,5,1024,347,2,128,150,-22,22,51,60
monkey,32,32,19,5,1024,371,2,128,152,-24,24,51,60
monkey,32,32,0,6,1024,334,2,128,174,-46,46,51,69
monkey,32,32,1,6,1024,365,2,128,179,-51,51,51,71
monkey,32,32,2,6,1024,340,2,128,165,-37,37,51,66
monkey,32,32,3,6,1024,373,2,128,182,-54,54,51,72
monkey,32,32,4,6,1024,341,2,128,171,-43,43,51,68
monkey,32,32,5,6,1024,261,1,64,110,-46,46,25,44
monkey,32,32,6,6,1024,302,1,64,85,-21,21,25,34
monkey,32,32,7,6,1024,294,0,1,35,-34,34,0,14
monkey,32,32,8,6,1024,297,1,64,67,-3,3,25,26
monkey,32,32,9,6,1024,329,1,64,64,0,0,25,25
monkey,32,32,10,6,1024,337,0,1,46,-45,45,0,18
monkey,32,32,11,6,1024,278,1,64,69,-5,5,25,27
monkey,32,32,12,6,1024,304,0,1,41,-40,40,0,16
monkey,32,32,13,6,1024,329,1,64,68,-4,4,25,27
monkey,32,32,14,6,1024,304,1,64,80,-16,16,25,32
monkey,32,32,15,6,1024,351,2,128,141,-13,13,51,56
monkey,32,32,16,6,1024,355,2,128,161,-33,33,51,64
monkey,32,32,17,6,1024,366,2,128,141,-13,13,51,56
monkey,32,32,18,6,1024,346,2,128,144,-16,16,51,57
monkey,32,32,19,6,1024,347,1,64,116,-52,52,25,46
monkey,32,32,0,7,1024,314,2,128,129,-1,1,51,51
monkey,32,32,1,7,1024,327,2,128,134,-6,6,51,53
monkey,32,32,2,7,1024,342,2,128,148,-20,20,51,59
monkey,32,32,3,7,1024,350,2,128,152,-24,24,51,60
monkey,32,32,4,7,1024,348,1,64,125,-61,61,25,50
monkey,32,32,5,7,1024,272,2,128,140,-12,12,51,56
monkey,32,32,6,7,1024,314,0,1,53,-52,52,0,21
monkey,32,32,7,7,1024,309,0,1,48,-47,47,0,19
monkey,32,32,8,7,1024,285,0,1,40,-39,39,0,16
monkey,32,32,9,7,1024,340,1,64,78,-14,14,25,31
monkey,32,32,10,7,1024,289,1,64,69,-5,5,25,27
monkey,32,32,11,7,1024,281,1,64,65,-1,1,25,26
monkey,32,32,12,7,1024,271,0,1,51,-50,50,0,20
monkey,32,32,13,7,1024,320,1,64,67,-3,3,25,26
monkey,32,32,14,7,1024,297,1,64,105,-41,41,25,42
monkey,32,32,15,7,1024,350,1,64,127,-63,63,25,50
monkey,32,32,16,7,1024,371,1,64,124,-60,60,25,49
monkey,32,32,17,7,1024,359,1,64,127,-63,63,25,50
monkey,32,32,18,7,1024,349,1,64,114,-50,50,25,45
monkey,32,32,19,7,1024,333,1,64,97,-33,33,25,38
monkey,32,32,0,8,1024,322,1,64,82,-18,18,25,32
monkey,32,32,1,8,1024,342,1,64,96,-32,32,25,38
monkey,32,32,2,8,1024,340,2,128,160,-32,32,51,64
monkey,32,32,3,8,1024,344,1,64,107,-43,43,25,42
monkey,32,32,4,8,1024,347,1,64,111,-47,47,25,44
monkey,32,32,5,8,1024,275,2,128,186,-58,58,51,74
monkey,32,32,6,8,1024,295,1,64,103,-39,39,25,41
monkey,32,32,7,8,1024,308,1,64,77,-13,13,25,30
monkey,32,32,8,8,1024,271,1,64,80,-16,16,25,32
monkey,32,32,9,8,1024,317,1,64,76,-12,12,25,30
monkey,32,32,10,8,1024,294,0,1,61,-60,60,0,24
monkey,32,32,11,8,1024,258,1,64,114,-50,50,25,45
monkey,32,32,12,8,1024,287,1,64,84,-20,20,25,33
monkey,32,32,13,8,1024,291,1,64,120,-56,56,25,48
monkey,32,32,14,8,1024,323,2,128,139,-11,11,51,55
monkey,32,32,15,8,1024,354,1,64,116,-52,52,25,46
monkey,32,32,16,8,1024,355,2,128,132,-4,4,51,52
monkey,32,32,17,8,1024,358,1,64,114,-50,50,25,45
monkey,32,32,18,8,1024,346,1,64,81,-17,17,25,32
monkey,32,32,19,8,1024,359,0,1,58,-57,57,0,23
monkey,32,32,0,9,1024,316,1,64,68,-4,4,25,27
monkey,32,32,1,9,1024,339,1,64,86,-22,22,25,34
monkey,32,32,2,9,1024,342,2,128,134,-6,6,51,53
monkey,32,32,3,9,1024,345,4,256,264,-8,8,102,105
monkey,32,32,4,9,1024,320,3,192,228,-36,36,76,91
monkey,32,32,5,9,1024,333,2,128,179,-51,51,51,71
monkey,32,32,6,9,1024,312,2,128,170,-42,42,51,68
monkey,32,32,7,9,1024,291,1,64,115,-51,51,25,46
monkey,32,32,8,9,1024,308,1,64,86,-22,22,25,34
monkey,32,32,9,9,1024,331,0,1,47,-46,46,0,18
monkey,32,32,10,9,1024,331,0,1,42,-41,41,0,16
monkey,32,32,11,9,1024,267,2,128,178,-50,50,51,71
monkey,32,32,12,9,1024,243,2,128,155,-27,27,51,62
monkey,32,32,13,9,1024,297,2,128,187,-59,59,51,74
monkey,32,32,14,9,1024,356,2,128,139,-11,11,51,55
monkey,32,32,15,9,1024,359,3,192,194,-2,2,76,77
monkey,32,32,16,9,1024,351,2,128,146,-18,18,51,58
monkey,32,32,17,9,1024,338,1,64,106,-42,42,25,42
monkey,32,32,18,9,1024,331,1,64,81,-17,17,25,32
monkey,32,32,19,9,1024,348,0,1,63,-62,62,0,25
monkey,32,32,0,10,1024,287,0,1,45,-44,44,0,18
monkey,32,32,1,10,1024,310,0,1,52,-51,51,0,20
monkey,32,32,2,10,1024,343,2,128,168,-40,40,51,67
monkey,32,32,3,10,1024,370,3,192,215,-23,23,76,86
monkey,32,32,4,10,1024,356,2,128,182,-54,54,51,72
monkey,32,32,5,10,1024,372,3,192,209,-17,17,76,83
monkey,32,32,6,10,1024,343,1,64,111,-47,47,25,44
monkey,32,32,7,10,1024,253,1,64,124,-60,60,25,49
monkey,32,32,8,10,1024,313,0,1,45,-44,44,0,18
monkey,32,32,9,10,1024,361,0,1,41,-40,40,0,16
monkey,32,32,10,10,1024,302,0,1,52,-51,51,0,20
monkey,32,32,11,10,1024,237,1,64,116,-52,52,25,46
monkey,32,32,12,10,1024,294,1,64,124,-60,60,25,49
monkey,32,32,13,10,1024,366,2,128,130,-2,2,51,52
monkey,32,32,14,10,1024,359,2,128,184,-56,56,51,73
monkey,32,32,15,10,1024,351,2,128,170,-42,42,51,68
monkey,32,32,16,10,1024,355,2,128,182,-54,54,51,72
monkey,32,32,17,10,1024,344,2,128,163,-35,35,51,65
monkey,32,32,18,10,1024,345,1,64,66,-2,2,25,26
monkey,32,32,19,10,1024,326,0,1,45,-44,44,0,18
monkey,32,32,0,11,1024,283,0,1,42,-41,41,0,16
monkey,32,32,1,11,1024,327,0,1,56,-55,55,0,22
monkey,32,32,2,11,1024,343,2,128,146,-18,18,51,58
monkey,32,32,3,11,1024,370,2,128,158,-30,30,51,63
monkey,32,32,4,11,1024,365,2,128,138,-10,10,51,55
monkey,32,32,5,11,1024,351,3,192,244,-52,52,76,97
monkey,32,32,6,11,1024,341,1,64,69,-5,5,25,27
monkey,32,32,7,11,1024,314,1,64,65,-1,1,25,26
monkey,32,32,8,11,1024,293,1,64,109,-45,45,25,43
monkey,32,32,9,11,1024,318,0,1,60,-59,59,0,24
monkey,32,32,10,11,1024,296,1,64,105,-41,41,25,42
monkey,32,32,11,11,1024,311,0,1,47,-46,46,0,18
monkey,32,32,12,11,1024,322,0,1,35,-34,34,0,14
monkey,32,32,13,11,1024,382,3,192,192,0,0,76,76
monkey,32,32,14,11,1024,353,3,192,236,-44,44,76,94
monkey,32,32,15,11,1024,365,3,192,234,-42,42,76,93
monkey,32,32,16,11,1024,360,1,64,96,-32,32,25,38
monkey,32,32,17,11,1024,333,1,64,113,-49,49,25,45
monkey,32,32,18,11,1024,336,1,64,120,-56,56,25,48
monkey,32,32,19,11,1024,316,0,1,44,-43,43,0,17
monkey,32,32,0,12,1024,312,0,1,44,-43,43,0,17
monkey,32,32,1,12,1024,324,0,1,46,-45,45,0,18
monkey,32,32,2,12,1024,329,1,64,97,-33,33,25,38
monkey,32,32,3,12,1024,358,2,128,150,-22,22,51,60
monkey,32,32,4,12,1024,365,2,128,151,-23,23,51,60
monkey,32,32,5,12,1024,351,4,256,261,-5,5,102,104
monkey,32,32,6,12,1024,379,2,128,186,-58,58,51,74
monkey,32,32,7,12,1024,369,2,128,129,-1,1,51,51
monkey,32,32,8,12,1024,323,1,64,84,-20,20,25,33
monkey,32,32,9,12,1024,275,1,64,84,-20,20,25,33
monkey,32,32,10,12,1024,336,0,1,43,-42,42,0,17
monkey,32,32,11,12,1024,350,1,64,70,-6,6,25,28
monkey,32,32,12,12,1024,352,3,192,211,-19,19,76,84
monkey,32,32,13,12,1024,367,3,192,242,-50,50,76,96
monkey,32,32,14,12,1024,347,4,256,260,-4,4,102,104
monkey,32,32,15,12,1024,354,3,192,195,-3,3,76,78
monkey,32,32,16,12,1024,356,1,64,89,-25,25,25,35
monkey,32,32,17,12,1024,360,1,64,91,-27,27,25,36
monkey,32,32,18,12,1024,319,0,1,49,-48,48,0,19
monkey,32,32,19,12,1024,297,0,1,54,-53,53,0,21
monkey,32,32,0,13,1024,308,0,1,62,-61,61,0,24
monkey,32,32,1,13,1024,358,0,1,59,-58,58,0,23
monkey,32,32,2,13,1024,353,1,64,77,-13,13,25,30
monkey,32,32,3,13,1024,358,1,64,99,-35,35,25,39
monkey,32,32,4,13,1024,365,2,128,167,-39,39,51,66
monkey,32,32,5,13,1024,365,2,128,147,-19,19,51,58
monkey,32,32,6,13,1024,344,2,128,187,-59,59,51,74
monkey,32,32,7,13,1024,344,2,128,163,-35,35,51,65
monkey,32,32,8,13,1024,358,2,128,157,-29,29,51,62
monkey,32,32,9,13,1024,342,2,128,136,-8,8,51,54
monkey,32,32,10,13,1024,337,2,128,147,-19,19,51,58
monkey,32,32,11,13,1024,345,2,128,170,-42,42,51,68
monkey,32,32,12,13,1024,341,3,192,196,-4,4,76,78
monkey,32,32,13,13,1024,364,3,192,246,-54,54,76,98
monkey,32,32,14,13,1024,368,3,192,235,-43,43,76,94
monkey,32,32,15,13,1024,374,1,64,114,-50,50,25,45
monkey,32,32,16,13,1024,329,1,64,104,-40,40,25,41
monkey,32,32,17,13,1024,376,1,64,76,-12,12,25,30
monkey,32,32,18,13,1024,321,0,1,50,-49,49,0,20
monkey,32,32,19,13,1024,302,0,1,45,-44,44,0,18
monkey,32,32,0,14,1024,313,1,64,74,-10,10,25,29
monkey,32,32,1,14,1024,332,0,1,43,-42,42,0,17
monkey,32,32,2,14,1024,307,0,1,50,-49,49,0,20
monkey,32,32,3,14,1024,328,1,64,70,-6,6,25,28
monkey,32,32,4,14,1024,343,2,128,140,-12,12,51,56
monkey,32,32,5,14,1024,362,2,128,159,-31,31,51,63
monkey,32,32,6,14,1024,350,0,1,63,-62,62,0,25
monkey,32,32,7,14,1024,340,1,64,87,-23,23,25,34
monkey,32,32,8,14,1024,347,1,64,117,-53,53,25,46
monkey,32,32,9,14,1024,323,1,64,116,-52,52,25,46
monkey,32,32,10,14,1024,340,1,64,103,-39,39,25,41
monkey,32,32,11,14,1024,362,2,128,149,-21,21,51,59
monkey,32,32,12,14,1024,328,2,128,180,-52,52,51,72
monkey,32,32,13,14,1024,357,2,128,147,-19,19,51,58
monkey,32,32,14,14,1024,361,1,64,102,-38,38,25,40
monkey,32,32,15,14,1024,353,1,64,104,-40,40,25,41
monkey,32,32,16,14,1024,341,1,64,78,-14,14,25,31
monkey,32,32,17,14,1024,279,0,1,63,-62,62,0,25
monkey,32,32,18,14,1024,284,1,64,78,-14,14,25,31
monkey,32,32,19,14,1024,297,0,1,59,-58,58,0,23
monkey,64,8,0,0,4096,1409,0,1,222,-221,221,0,88
monkey,64,8,1,0,4096,1438,0,1,202,-201,201,0,80
monkey,64,8,2,0,4096,1408,0,1,189,-188,188,0,75
monkey,64,8,3,0,4096,1281,0,1,210,-209,209,0,84
monkey,64,8,4,0,4096,1323,0,1,189,-188,188,0,75
monkey,64,8,5,0,4096,1275,0,1,177,-176,176,0,70
monkey,64,8,6,0,4096,1266,0,1,197,-196,196,0,78
monkey,64,8,7,0,4096,1399,0,1,178,-177,177,0,71
monkey,64,8,8,0,4096,1425,0,1,217,-216,216,0,86
monkey,64,8,9,0,4096,1385,0,1,206,-205,205,0,82
monkey,64,8,0,1,4096,1414,0,1,211,-210,210,0,84
monkey,64,8,1,1,4096,1457,0,1,184,-183,183,0,73
monkey,64,8,2,1,4096,1525,0,1,158,-157,157,0,63
monkey,64,8,3,1,4096,1176,0,1,190,-189,189,0,76
monkey,64,8,4,1,4096,1251,0,1,183,-182,182,0,73
monkey,64,8,5,1,4096,1326,0,1,176,-175,175,0,70
monkey,64,8,6,1,4096,1147,0,1,221,-220,220,0,88
monkey,64,8,7,1,4096,1490,0,1,168,-167,167,0,67
monkey,64,8,8,1,4096,1442,0,1,162,-161,161,0,64
monkey,64,8,9,1,4096,1444,0,1,184,-183,183,0,73
monkey,64,8,0,2,4096,1409,0,1,183,-182,182,0,73
monkey,64,8,1,2,4096,1460,0,1,178,-177,177,0,71
monkey,64,8,2,2,4096,1339,0,1,154,-153,153,0,61
monkey,64,8,3,2,4096,1277,0,1,34,-33,33,0,13
monkey,64,8,4,2,4096,1246,0,1,57,-56,56,0,22
monkey,64,8,5,2,4096,1196,0,1,56,-55,55,0,22
monkey,64,8,6,2,4096,1185,0,1,38,-37,37,0,15
monkey,64,8,7,2,4096,1306,0,1,117,-116,116,0,46
monkey,64,8,8,2,4096,1496,0,1,140,-139,139,0,56
monkey,64,8,9,2,4096,1427,0,1,156,-155,155,0,62
monkey,64,8,0,3,4096,1340,0,1,158,-157,157,0,63
monkey,64,8,1,3,4096,1405,0,1,163,-162,162,0,65
monkey,64,8,2,3,4096,1222,0,1,140,-139,139,0,56
monkey,64,8,3,3,4096,1219,0,1,50,-49,49,0,20
monkey,64,8,4,3,4096,1251,0,1,66,-65,65,0,26
monkey,64,8,5,3,4096,1185,0,1,62,-61,61,0,24
monkey,64,8,6,3,4096,1224,0,1,54,-53,53,0,21
monkey,64,8,7,3,4096,1302,0,1,119,-118,118,0,47
monkey,64,8,8,3,4096,1451,0,1,140,-139,139,0,56
monkey,64,8,9,3,4096,1375,0,1,117,-116,116,0,46
monkey,64,8,0,4,4096,1319,0,1,84,-83,83,0,33
monkey,64,8,1,4,4096,1371,0,1,158,-157,157,0,63
monkey,64,8,2,4,4096,1275,0,1,194,-193,193,0,77
monkey,64,8,3,4,4096,1206,0,1,120,-119,119,0,48
monkey,64,8,4,4,4096,1227,0,1,71,-70,70,0,28
monkey,64,8,5,4,4096,1150,0,1,90,-89,89,0,36
monkey,64,8,6,4,4096,1118,0,1,151,-150,150,0,60
monkey,64,8,7,4,4096,1392,0,1,135,-134,134,0,54
monkey,64,8,8,4,4096,1402,0,1,123,-122,122,0,49
monkey,64,8,9,4,4096,1384,0,1,73,-72,72,0,29
monkey,64,8,0,5,4096,1207,0,1,50,-49,49,0,20
monkey,64,8,1,5,4096,1426,0,1,173,-172,172,0,69
monkey,64,8,2,5,4096,1444,0,1,195,-194,194,0,78
monkey,64,8,3,5,4096,1251,0,1,92,-91,91,0,36
monkey,64,8,4,5,4096,1285,0,1,54,-53,53,0,21
monkey,64,8,5,5,4096,1146,0,1,74,-73,73,0,29
monkey,64,8,6,5,4096,1364,0,1,130,-129,129,0,52
monkey,64,8,7,5,4096,1428,0,1,210,-209,209,0,84
monkey,64,8,8,5,4096,1392,0,1,143,-142,142,0,57
monkey,64,8,9,5,4096,1323,0,1,64,-63,63,0,25
monkey,64,8,0,6,4096,1302,0,1,53,-52,52,0,21
monkey,64,8,1,6,4096,1398,0,1,104,-103,103,0,41
monkey,64,8,2,6,4096,1446,0,1,175,-174,174,0,70
monkey,64,8,3,6,4096,1436,0,1,166,-165,165,0,66
monkey,64,8,4,6,4096,1298,0,1,122,-121,121,0,48
monkey,64,8,5,6,4096,1368,0,1,134,-133,133,0,53
monkey,64,8,6,6,4096,1424,0,1,225,-224,224,0,90
monkey,64,8,7,6,4096,1443,0,1,206,-205,205,0,82
monkey,64,8,8,6,4096,1421,0,1,92,-91,91,0,36
monkey,64,8,9,6,4096,1239,0,1,49,-48,48,0,19
monkey,64,8,0,7,2048,645,0,1,56,-55,55,0,22
monkey,64,8,1,7,2048,635,0,1,62,-61,61,0,24
monkey,64,8,2,7,2048,705,0,1,147,-146,146,0,58
monkey,64,8,3,7,2048,690,0,1,72,-71,71,0,28
monkey,64,8,4,7,2048,670,0,1,117,-116,116,0,46
monkey,64,8,5,7,2048,702,0,1,127,-126,126,0,50
monkey,64,8,6,7,2048,685,0,1,169,-168,168,0,67
monkey,64,8,7,7,2048,714,0,1,102,-101,101,0,40
monkey,64,8,8,7,2048,620,0,1,71,-70,70,0,28
monkey,64,8,9,7,2048,581,0,1,67,-66,66,0,26
monkey,64,16,0,0,4096,1409,1,128,222,-94,94,51,88
monkey,64,16,1,0,4096,1438,1,128,202,-74,74,51,80
monkey,64,16,2,0,4096,1408,1,128,189,-61,61,51,75
monkey,64,16,3,0,4096,1281,1,128,210,-82,82,51,84
monkey,64,16,4,0,4096,1323,1,128,189,-61,61,51,75
monkey,64,16,5,0,4096,1275,1,128,177,-49,49,51,70
monkey,64,16,6,0,4096,1266,1,128,197,-69,69,51,78
monkey,64,16,7,0,4096,1399,1,128,178,-50,50,51,71
monkey,64,16,8,0,4096,1425,1,128,217,-89,89,51,86
monkey,64,16,9,0,4096,1385,1,128,206,-78,78,51,82
monkey,64,16,0,1,4096,1414,1,128,211,-83,83,51,84
monkey,64,16,1,1,4096,1457,1,128,184,-56,56,51,73
monkey,64,16,2,1,4096,1525,1,128,158,-30,30,51,63
monkey,64,16,3,1,4096,1176,1,128,190,-62,62,51,76
monkey,64,16,4,1,4096,1251,1,128,183,-55,55,51,73
monkey,64,16,5,1,4096,1326,1,128,176,-48,48,51,70
monkey,64,16,6,1,4096,1147,1,128,221,-93,93,51,88
monkey,64,16,7,1,4096,1490,1,128,168,-40,40,51,67
monkey,64,16,8,1,4096,1442,1,128,162,-34,34,51,64
monkey,64,16,9,1,4096,1444,1,128,184,-56,56,51,73
monkey,64,16,0,2,4096,1409,1,128,183,-55,55,51,73
monkey,64,16,1,2,4096,1460,1,128,178,-50,50,51,71
monkey,64,16,2,2,4096,1339,1,128,154,-26,26,51,61
monkey,64,16,3,2,4096,1277,0,1,34,-33,33,0,13
monkey,64,16,4,2,4096,1246,0,1,57,-56,56,0,22
monkey,64,16,5,2,4096,1196,0,1,56,-55,55,0,22
monkey,64,16,6,2,4096,1185,0,1,38,-37,37,0,15
monkey,64,16,7,2,4096,1306,0,1,117,-116,116,0,46
monkey,64,16,8,2,4096,1496,1,128,140,-12,12,51,56
monkey,64,16,9,2,4096,1427,1,128,156,-28,28,51,62
monkey,64,16,0,3,4096,1340,1,128,158,-30,30,51,63
monkey,64,16,1,3,4096,1405,1,128,163,-35,35,51,65
monkey,64,16,2,3,4096,1222,1,128,140,-12,12,51,56
monkey,64,16,3,3,4096,1219,0,1,50,-49,49,0,20
monkey,64,16,4,3,4096,1251,0,1,66,-65,65,0,26
monkey,64,16,5,3,4096,1185,0,1,62,-61,61,0,24
monkey,64,16,6,3,4096,1224,0,1,54,-53,53,0,21
monkey,64,16,7,3,4096,1302,0,1,119,-118,118,0,47
monkey,64,16,8,3,4096,1451,1,128,140,-12,12,51,56
monkey,64,16,9,3,4096,1375,0,1,117,-116,116,0,46
monkey,64,16,0,4,4096,1319,0,1,84,-83,83,0,33
monkey,64,16,1,4,4096,1371,1,128,158,-30,30,51,63
monkey,64,16,2,4,4096,1275,1,128,194,-66,66,51,77
monkey,64,16,3,4,4096,1206,0,1,120,-119,119,0,48
monkey,64,16,4,4,4096,1227,0,1,71,-70,70,0,28
monkey,64,16,5,4,4096,1150,0,1,90,-89,89,0,36
monkey,64,16,6,4,4096,1118,1,128,151,-23,23,51,60
monkey,64,16,7,4,4096,1392,1,128,135,-7,7,51,54
monkey,64,16,8,4,4096,1402,0,1,123,-122,122,0,49
monkey,64,16,9,4,4096,1384,0,1,73,-72,72,0,29
monkey,64,16,0,5,4096,1207,0,1,50,-49,49,0,20
monkey,64,16,1,5,4096,1426,1,128,173,-45,45,51,69
monkey,64,16,2,5,4096,1444,1,128,195,-67,67,51,78
monkey,64,16,3,5,4096,1251,0,1,92,-91,91,0,36
monkey,64,16,4,5,4096,1285,0,1,54,-53,53,0,21
monkey,64,16,5,5,4096,1146,0,1,74,-73,73,0,29
monkey,64,16,6,5,4096,1364,1,128,130,-2,2,51,52
monkey,64,16,7,5,4096,1428,1,128,210,-82,82,51,84
monkey,64,16,8,5,4096,1392,1,128,143,-15,15,51,57
monkey,64,16,9,5,4096,1323,0,1,64,-63,63,0,25
monkey,64,16,0,6,4096,1302,0,1,53,-52,52,0,21
monkey,64,16,1,6,4096,1398,0,1,104,-103,103,0,41
monkey,64,16,2,6,4096,1446,1,128,175,-47,47,51,70
monkey,64,16,3,6,4096,1436,1,128,166,-38,38,51,66
monkey,64,16,4,6,4096,1298,0,1,122,-121,121,0,48
monkey,64,16,5,6,4096,1368,1,128,134,-6,6,51,53
monkey,64,16,6,6,4096,1424,1,128,225,-97,97,51,90
monkey,64,16,7,6,4096,1443,1,128,206,-78,78,51,82
monkey,64,16,8,6,4096,1421,0,1,92,-91,91,0,36
monkey,64,16,9,6,4096,1239,0,1,49,-48,48,0,19
monkey,64,16,0,7,2048,645,0,1,56,-55,55,0,22
monkey,64,16,1,7,2048,635,0,1,62,-61,61,0,24
monkey,64,16,2,7,2048,705,1,128,147,-19,19,51,58
monkey,64,16,3,7,2048,690,0,1,72,-71,71,0,28
monkey,64,16,4,7,2048,670,0,1,117,-116,116,0,46
monkey,64,16,5,7,2048,702,0,1,127,-126,126,0,50
monkey,64,16,6,7,2048,685,1,128,169,-41,41,51,67
monkey,64,16,7,7,2048,714,0,1,102,-101,101,0,40
monkey,64,16,8,7,2048,620,0,1,71,-70,70,0,28
monkey,64,16,9,7,2048,581,0,1,67,-66,66,0,26
monkey,64,32,0,0,4096,1409,3,192,222,-30,30,76,88
monkey,64,32,1,0,4096,1438,3,192,202,-10,10,76,80
monkey,64,32,2,0,4096,1408,2,128,189,-61,61,51,75
monkey,64,32,3,0,4096,1281,3,192,210,-18,18,76,84
monkey,64,32,4,0,4096,1323,2,128,189,-61,61,51,75
monkey,64,32,5,0,4096,1275,2,128,177,-49,49,51,70
monkey,64,32,6,0,4096,1266,3,192,197,-5,5,76,78
monkey,64,32,7,0,4096,1399,2,128,178,-50,50,51,71
monkey,64,32,8,0,4096,1425,3,192,217,-25,25,76,86
monkey,64,32,9,0,4096,1385,3,192,206,-14,14,76,82
monkey,64,32,0,1,4096,1414,3,192,211,-19,19,76,84
monkey,64,32,1,1,4096,1457,2,128,184,-56,56,51,73
monkey,64,32,2,1,4096,1525,2,128,158,-30,30,51,63
monkey,64,32,3,1,4096,1176,2,128,190,-62,62,51,76
monkey,64,32,4,1,4096,1251,2,128,183,-55,55,51,73
monkey,64,32,5,1,4096,1326,2,128,176,-48,48,51,70
monkey,64,32,6,1,4096,1147,3,192,221,-29,29,76,88
monkey,64,32,7,1,4096,1490,2,128,168,-40,40,51,67
monkey,64,32,8,1,4096,1442,2,128,162,-34,34,51,64
monkey,64,32,9,1,4096,1444,2,128,184,-56,56,51,73
monkey,64,32,0,2,4096,1409,2,128,183,-55,55,51,73
monkey,64,32,1,2,4096,1460,2,128,178,-50,50,51,71
monkey,64,32,2,2,4096,1339,2,128,154,-26,26,51,61
monkey,64,32,3,2,4096,1277,0,1,34,-33,33,0,13
monkey,64,32,4,2,4096,1246,0,1,57,-56,56,0,22
monkey,64,32,5,2,4096,1196,0,1,56,-55,55,0,22
monkey,64,32,6,2,4096,1185,0,1,38,-37,37,0,15
monkey,64,32,7,2,4096,1306,1,64,117,-53,53,25,46
monkey,64,32,8,2,4096,1496,2,128,140,-12,12,51,56
monkey,64,32,9,2,4096,1427,2,128,156,-28,28,51,62
monkey,64,32,0,3,4096,1340,2,128,158,-30,30,51,63
monkey,64,32,1,3,4096,1405,2,128,163,-35,35,51,65
monkey,64,32,2,3,4096,1222,2,128,140,-12,12,51,56
monkey,64,32,3,3,4096,1219,0,1,50,-49,49,0,20
monkey,64,32,4,3,4096,1251,1,64,66,-2,2,25,26
monkey,64,32,5,3,4096,1185,0,1,62,-61,61,0,24
monkey,64,32,6,3,4096,1224,0,1,54,-53,53,0,21
monkey,64,32,7,3,4096,1302,1,64,119,-55,55,25,47
monkey,64,32,8,3,4096,1451,2,128,140,-12,12,51,56
monkey,64,32,9,3,4096,1375,1,64,117,-53,53,25,46
monkey,64,32,0,4,4096,1319,1,64,84,-20,20,25,33
monkey,64,32,1,4,4096,1371,2,128,158,-30,30,51,63
monkey,64,32,2,4,4096,1275,3,192,194,-2,2,76,77
monkey,64,32,3,4,4096,1206,1,64,120,-56,56,25,48
monkey,64,32,4,4,4096,1227,1,64,71,-7,7,25,28
monkey,64,32,5,4,4096,1150,1,64,90,-26,26,25,36
monkey,64,32,6,4,4096,1118,2,128,151,-23,23,51,60
monkey,64,32,7,4,4096,1392,2,128,135,-7,7,51,54
monkey,64,32,8,4,4096,1402,1,64,123,-59,59,25,49
monkey,64,32,9,4,4096,1384,1,64,73,-9,9,25,29
monkey,64,32,0,5,4096,1207,0,1,50,-49,49,0,20
monkey,64,32,1,5,4096,1426,2,128,173,-45,45,51,69
monkey,64,32,2,5,4096,1444,3,192,195,-3,3,76,78
monkey,64,32,3,5,4096,1251,1,64,92,-28,28,25,36
monkey,64,32,4,5,4096,1285,0,1,54,-53,53,0,21
monkey,64,32,5,5,4096,1146,1,64,74,-10,10,25,29
monkey,64,32,6,5,4096,1364,2,128,130,-2,2,51,52
monkey,64,32,7,5,4096,1428,3,192,210,-18,18,76,84
monkey,64,32,8,5,4096,1392,2,128,143,-15,15,51,57
monkey,64,32,9,5,4096,1323,1,64,64,0,0,25,25
monkey,64,32,0,6,4096,1302,0,1,53,-52,52,0,21
monkey,64,32,1,6,4096,1398,1,64,104,-40,40,25,41
monkey,64,32,2,6,4096,1446,2,128,175,-47,47,51,70
monkey,64,32,3,6,4096,1436,2,128,166,-38,38,51,66
monkey,64,32,4,6,4096,1298,1,64,122,-58,58,25,48
monkey,64,32,5,6,4096,1368,2,128,134,-6,6,51,53
monkey,64,32,6,6,4096,1424,3,192,225,-33,33,76,90
monkey,64,32,7,6,4096,1443,3,192,206,-14,14,76,82
monkey,64,32,8,6,4096,1421,1,64,92,-28,28,25,36
monkey,64,32,9,6,4096,1239,0,1,49,-48,48,0,19
monkey,64,32,0,7,2048,645,0,1,56,-55,55,0,22
monkey,64,32,1,7,2048,635,0,1,62,-61,61,0,24
monkey,64,32,2,7,2048,705,2,128,147,-19,19,51,58
monkey,64,32,3,7,2048,690,1,64,72,-8,8,25,28
monkey,64,32,4,7,2048,670,1,64,117,-53,53,25,46
monkey,64,32,5,7,2048,702,1,64,127,-63,63,25,50
monkey,64,32,6,7,2048,685,2,128,169,-41,41,51,67
monkey,64,32,7,7,2048,714,1,64,102,-38,38,25,40
monkey,64,32,8,7,2048,620,1,64,71,-7,7,25,28
monkey,64,32,9,7,2048,581,1,64,67,-3,3,25,26
