image,block_size,bins,method,signed_error,absolute_error
white,32,8,lower,0,0
white,32,8,midpoint,128,128
white,32,8,upper,255,255
white,32,8,lower,0,0
white,32,8,midpoint,128,128
white,32,8,upper,255,255
white,32,8,lower,0,0
white,32,8,midpoint,128,128
white,32,8,upper,255,255
white,32,8,lower,0,0
white,32,8,midpoint,128,128
white,32,8,upper,255,255
white,32,8,lower,0,0
white,32,8,midpoint,128,128
white,32,8,upper,255,255
white,32,8,lower,0,0
white,32,8,midpoint,128,128
white,32,8,upper,255,255
white,32,8,lower,0,0
white,32,8,midpoint,128,128
white,32,8,upper,255,255
white,32,8,lower,0,0
white,32,8,midpoint,128,128
white,32,8,upper,255,255
white,32,8,lower,0,0
white,32,8,midpoint,128,128
white,32,8,upper,255,255
white,32,8,lower,0,0
white,32,8,midpoint,128,128
white,32,8,upper,255,255
white,32,8,lower,0,0
white,32,8,midpoint,128,128
white,32,8,upper,255,255
white,32,8,lower,0,0
white,32,8,midpoint,128,128
white,32,8,upper,255,255
white,32,8,lower,0,0
white,32,8,midpoint,128,128
white,32,8,upper,255,255
white,32,8,lower,0,0
white,32,8,midpoint,128,128
white,32,8,upper,255,255
white,32,8,lower,0,0
white,32,8,midpoint,128,128
white,32,8,upper,255,255
white,32,8,lower,0,0
white,32,8,midpoint,128,128
white,32,8,upper,255,255
white,32,8,lower,0,0
white,32,8,midpoint,128,128
white,32,8,upper,255,255
white,32,8,lower,0,0
white,32,8,midpoint,128,128
white,32,8,upper,255,255
white,32,8,lower,0,0
white,32,8,midpoint,128,128
white,32,8,upper,255,255
white,32,8,lower,0,0
white,32,8,midpoint,128,128
white,32,8,upper,255,255
white,32,8,lower,0,0
white,32,8,midpoint,128,128
white,32,8,upper,255,255
white,32,8,lower,0,0
white,32,8,midpoint,128,128
white,32,8,upper,255,255
white,32,8,lower,0,0
white,32,8,midpoint,128,128
white,32,8,upper,255,255
white,32,8,lower,0,0
white,32,8,midpoint,128,128
white,32,8,upper,255,255
white,32,8,lower,0,0
white,32,8,midpoint,128,128
white,32,8,upper,255,255
white,32,8,lower,0,0
white,32,8,midpoint,128,128
white,32,8,upper,255,255
white,32,8,lower,0,0
white,32,8,midpoint,128,128
white,32,8,upper,255,255
white,32,8,lower,0,0
white,32,8,midpoint,128,128
white,32,8,upper,255,255
white,32,8,lower,0,0
white,32,8,midpoint,128,128
white,32,8,upper,255,255
white,32,8,lower,0,0
white,32,8,midpoint,128,128
white,32,8,upper,255,255
white,32,8,lower,0,0
white,32,8,midpoint,128,128
white,32,8,upper,255,255
white,32,8,lower,0,0
white,32,8,midpoint,128,128
white,32,8,upper,255,255
white,32,8,lower,0,0
white,32,8,midpoint,128,128
white,32,8,upper,255,255
white,32,8,lower,0,0
white,32,8,midpoint,128,128
white,32,8,upper,255,255
white,32,16,lower,0,0
white,32,16,midpoint,64,64
white,32,16,upper,127,127
white,32,16,lower,0,0
white,32,16,midpoint,64,64
white,32,16,upper,127,127
white,32,16,lower,0,0
white,32,16,midpoint,64,64
white,32,16,upper,127,127
white,32,16,lower,0,0
white,32,16,midpoint,64,64
white,32,16,upper,127,127
white,32,16,lower,0,0
white,32,16,midpoint,64,64
white,32,16,upper,127,127
white,32,16,lower,0,0
white,32,16,midpoint,64,64
white,32,16,upper,127,127
white,32,16,lower,0,0
white,32,16,midpoint,64,64
white,32,16,upper,127,127
white,32,16,lower,0,0
white,32,16,midpoint,64,64
white,32,16,upper,127,127
white,32,16,lower,0,0
white,32,16,midpoint,64,64
white,32,16,upper,127,127
white,32,16,lower,0,0
white,32,16,midpoint,64,64
white,32,16,upper,127,127
white,32,16,lower,0,0
white,32,16,midpoint,64,64
white,32,16,upper,127,127
white,32,16,lower,0,0
white,32,16,midpoint,64,64
white,32,16,upper,127,127
white,32,16,lower,0,0
white,32,16,midpoint,64,64
white,32,16,upper,127,127
white,32,16,lower,0,0
white,32,16,midpoint,64,64
white,32,16,upper,127,127
white,32,16,lower,0,0
white,32,16,midpoint,64,64
white,32,16,upper,127,127
white,32,16,lower,0,0
white,32,16,midpoint,64,64
white,32,16,upper,127,127
white,32,16,lower,0,0
white,32,16,midpoint,64,64
white,32,16,upper,127,127
white,32,16,lower,0,0
white,32,16,midpoint,64,64
white,32,16,upper,127,127
white,32,16,lower,0,0
white,32,16,midpoint,64,64
white,32,16,upper,127,127
white,32,16,lower,0,0
white,32,16,midpoint,64,64
white,32,16,upper,127,127
white,32,16,lower,0,0
white,32,16,midpoint,64,64
white,32,16,upper,127,127
white,32,16,lower,0,0
white,32,16,midpoint,64,64
white,32,16,upper,127,127
white,32,16,lower,0,0
white,32,16,midpoint,64,64
white,32,16,upper,127,127
white,32,16,lower,0,0
white,32,16,midpoint,64,64
white,32,16,upper,127,127
white,32,16,lower,0,0
white,32,16,midpoint,64,64
white,32,16,upper,127,127
white,32,16,lower,0,0
white,32,16,midpoint,64,64
white,32,16,upper,127,127
white,32,16,lower,0,0
white,32,16,midpoint,64,64
white,32,16,upper,127,127
white,32,16,lower,0,0
white,32,16,midpoint,64,64
white,32,16,upper,127,127
white,32,16,lower,0,0
white,32,16,midpoint,64,64
white,32,16,upper,127,127
white,32,16,lower,0,0
white,32,16,midpoint,64,64
white,32,16,upper,127,127
white,32,16,lower,0,0
white,32,16,midpoint,64,64
white,32,16,upper,127,127
white,32,16,lower,0,0
white,32,16,midpoint,64,64
white,32,16,upper,127,127
white,32,16,lower,0,0
white,32,16,midpoint,64,64
white,32,16,upper,127,127
white,32,16,lower,0,0
white,32,16,midpoint,64,64
white,32,16,upper,127,127
white,32,32,lower,0,0
white,32,32,midpoint,32,32
white,32,32,upper,63,63
white,32,32,lower,0,0
white,32,32,midpoint,32,32
white,32,32,upper,63,63
white,32,32,lower,0,0
white,32,32,midpoint,32,32
white,32,32,upper,63,63
white,32,32,lower,0,0
white,32,32,midpoint,32,32
white,32,32,upper,63,63
white,32,32,lower,0,0
white,32,32,midpoint,32,32
white,32,32,upper,63,63
white,32,32,lower,0,0
white,32,32,midpoint,32,32
white,32,32,upper,63,63
white,32,32,lower,0,0
white,32,32,midpoint,32,32
white,32,32,upper,63,63
white,32,32,lower,0,0
white,32,32,midpoint,32,32
white,32,32,upper,63,63
white,32,32,lower,0,0
white,32,32,midpoint,32,32
white,32,32,upper,63,63
white,32,32,lower,0,0
white,32,32,midpoint,32,32
white,32,32,upper,63,63
white,32,32,lower,0,0
white,32,32,midpoint,32,32
white,32,32,upper,63,63
white,32,32,lower,0,0
white,32,32,midpoint,32,32
white,32,32,upper,63,63
white,32,32,lower,0,0
white,32,32,midpoint,32,32
white,32,32,upper,63,63
white,32,32,lower,0,0
white,32,32,midpoint,32,32
white,32,32,upper,63,63
white,32,32,lower,0,0
white,32,32,midpoint,32,32
white,32,32,upper,63,63
white,32,32,lower,0,0
white,32,32,midpoint,32,32
white,32,32,upper,63,63
white,32,32,lower,0,0
white,32,32,midpoint,32,32
white,32,32,upper,63,63
white,32,32,lower,0,0
white,32,32,midpoint,32,32
white,32,32,upper,63,63
white,32,32,lower,0,0
white,32,32,midpoint,32,32
white,32,32,upper,63,63
white,32,32,lower,0,0
white,32,32,midpoint,32,32
white,32,32,upper,63,63
white,32,32,lower,0,0
white,32,32,midpoint,32,32
white,32,32,upper,63,63
white,32,32,lower,0,0
white,32,32,midpoint,32,32
white,32,32,upper,63,63
white,32,32,lower,0,0
white,32,32,midpoint,32,32
white,32,32,upper,63,63
white,32,32,lower,0,0
white,32,32,midpoint,32,32
white,32,32,upper,63,63
white,32,32,lower,0,0
white,32,32,midpoint,32,32
white,32,32,upper,63,63
white,32,32,lower,0,0
white,32,32,midpoint,32,32
white,32,32,upper,63,63
white,32,32,lower,0,0
white,32,32,midpoint,32,32
white,32,32,upper,63,63
white,32,32,lower,0,0
white,32,32,midpoint,32,32
white,32,32,upper,63,63
white,32,32,lower,0,0
white,32,32,midpoint,32,32
white,32,32,upper,63,63
white,32,32,lower,0,0
white,32,32,midpoint,32,32
white,32,32,upper,63,63
white,32,32,lower,0,0
white,32,32,midpoint,32,32
white,32,32,upper,63,63
white,32,32,lower,0,0
white,32,32,midpoint,32,32
white,32,32,upper,63,63
white,32,32,lower,0,0
white,32,32,midpoint,32,32
white,32,32,upper,63,63
white,32,32,lower,0,0
white,32,32,midpoint,32,32
white,32,32,upper,63,63
white,64,8,lower,0,0
white,64,8,midpoint,128,128
white,64,8,upper,255,255
white,64,8,lower,0,0
white,64,8,midpoint,128,128
white,64,8,upper,255,255
white,64,8,lower,0,0
white,64,8,midpoint,128,128
white,64,8,upper,255,255
white,64,8,lower,0,0
white,64,8,midpoint,128,128
white,64,8,upper,255,255
white,64,8,lower,0,0
white,64,8,midpoint,128,128
white,64,8,upper,255,255
white,64,8,lower,0,0
white,64,8,midpoint,128,128
white,64,8,upper,255,255
white,64,8,lower,0,0
white,64,8,midpoint,128,128
white,64,8,upper,255,255
white,64,8,lower,0,0
white,64,8,midpoint,128,128
white,64,8,upper,255,255
white,64,8,lower,0,0
white,64,8,midpoint,128,128
white,64,8,upper,255,255
white,64,8,lower,0,0
white,64,8,midpoint,128,128
white,64,8,upper,255,255
white,64,8,lower,0,0
white,64,8,midpoint,128,128
white,64,8,upper,255,255
white,64,8,lower,0,0
white,64,8,midpoint,128,128
white,64,8,upper,255,255
white,64,8,lower,0,0
white,64,8,midpoint,128,128
white,64,8,upper,255,255
white,64,8,lower,0,0
white,64,8,midpoint,128,128
white,64,8,upper,255,255
white,64,8,lower,0,0
white,64,8,midpoint,128,128
white,64,8,upper,255,255
white,64,8,lower,0,0
white,64,8,midpoint,128,128
white,64,8,upper,255,255
white,64,8,lower,0,0
white,64,8,midpoint,128,128
white,64,8,upper,255,255
white,64,16,lower,0,0
white,64,16,midpoint,64,64
white,64,16,upper,127,127
white,64,16,lower,0,0
white,64,16,midpoint,64,64
white,64,16,upper,127,127
white,64,16,lower,0,0
white,64,16,midpoint,64,64
white,64,16,upper,127,127
white,64,16,lower,0,0
white,64,16,midpoint,64,64
white,64,16,upper,127,127
white,64,16,lower,0,0
white,64,16,midpoint,64,64
white,64,16,upper,127,127
white,64,16,lower,0,0
white,64,16,midpoint,64,64
white,64,16,upper,127,127
white,64,16,lower,0,0
white,64,16,midpoint,64,64
white,64,16,upper,127,127
white,64,16,lower,0,0
white,64,16,midpoint,64,64
white,64,16,upper,127,127
white,64,16,lower,0,0
white,64,16,midpoint,64,64
white,64,16,upper,127,127
white,64,16,lower,0,0
white,64,16,midpoint,64,64
white,64,16,upper,127,127
white,64,16,lower,0,0
white,64,16,midpoint,64,64
white,64,16,upper,127,127
white,64,16,lower,0,0
white,64,16,midpoint,64,64
white,64,16,upper,127,127
white,64,16,lower,0,0
white,64,16,midpoint,64,64
white,64,16,upper,127,127
white,64,16,lower,0,0
white,64,16,midpoint,64,64
white,64,16,upper,127,127
white,64,16,lower,0,0
white,64,16,midpoint,64,64
white,64,16,upper,127,127
white,64,16,lower,0,0
white,64,16,midpoint,64,64
white,64,16,upper,127,127
white,64,16,lower,0,0
white,64,16,midpoint,64,64
white,64,16,upper,127,127
white,64,32,lower,0,0
white,64,32,midpoint,32,32
white,64,32,upper,63,63
white,64,32,lower,0,0
white,64,32,midpoint,32,32
white,64,32,upper,63,63
white,64,32,lower,0,0
white,64,32,midpoint,32,32
white,64,32,upper,63,63
white,64,32,lower,0,0
white,64,32,midpoint,32,32
white,64,32,upper,63,63
white,64,32,lower,0,0
white,64,32,midpoint,32,32
white,64,32,upper,63,63
white,64,32,lower,0,0
white,64,32,midpoint,32,32
white,64,32,upper,63,63
white,64,32,lower,0,0
white,64,32,midpoint,32,32
white,64,32,upper,63,63
white,64,32,lower,0,0
white,64,32,midpoint,32,32
white,64,32,upper,63,63
white,64,32,lower,0,0
white,64,32,midpoint,32,32
white,64,32,upper,63,63
white,64,32,lower,0,0
white,64,32,midpoint,32,32
white,64,32,upper,63,63
white,64,32,lower,0,0
white,64,32,midpoint,32,32
white,64,32,upper,63,63
white,64,32,lower,0,0
white,64,32,midpoint,32,32
white,64,32,upper,63,63
white,64,32,lower,0,0
white,64,32,midpoint,32,32
white,64,32,upper,63,63
white,64,32,lower,0,0
white,64,32,midpoint,32,32
white,64,32,upper,63,63
white,64,32,lower,0,0
white,64,32,midpoint,32,32
white,64,32,upper,63,63
white,64,32,lower,0,0
white,64,32,midpoint,32,32
white,64,32,upper,63,63
white,64,32,lower,0,0
white,64,32,midpoint,32,32
white,64,32,upper,63,63
impulse,32,8,lower,-187,187
impulse,32,8,midpoint,-60,60
impulse,32,8,upper,67,67
impulse,32,16,lower,-60,60
impulse,32,16,midpoint,4,4
impulse,32,16,upper,67,67
impulse,32,32,lower,-60,60
impulse,32,32,midpoint,-28,28
impulse,32,32,upper,3,3
impulse,64,8,lower,-187,187
impulse,64,8,midpoint,-60,60
impulse,64,8,upper,67,67
impulse,64,16,lower,-60,60
impulse,64,16,midpoint,4,4
impulse,64,16,upper,67,67
impulse,64,32,lower,-60,60
impulse,64,32,midpoint,-28,28
impulse,64,32,upper,3,3
horizontal,32,8,lower,0,0
horizontal,32,8,midpoint,128,128
horizontal,32,8,upper,255,255
horizontal,32,8,lower,0,0
horizontal,32,8,midpoint,128,128
horizontal,32,8,upper,255,255
horizontal,32,8,lower,0,0
horizontal,32,8,midpoint,128,128
horizontal,32,8,upper,255,255
horizontal,32,8,lower,0,0
horizontal,32,8,midpoint,128,128
horizontal,32,8,upper,255,255
horizontal,32,8,lower,0,0
horizontal,32,8,midpoint,128,128
horizontal,32,8,upper,255,255
horizontal,32,8,lower,0,0
horizontal,32,8,midpoint,128,128
horizontal,32,8,upper,255,255
horizontal,32,8,lower,0,0
horizontal,32,8,midpoint,128,128
horizontal,32,8,upper,255,255
horizontal,32,8,lower,0,0
horizontal,32,8,midpoint,128,128
horizontal,32,8,upper,255,255
horizontal,32,8,lower,0,0
horizontal,32,8,midpoint,128,128
horizontal,32,8,upper,255,255
horizontal,32,8,lower,0,0
horizontal,32,8,midpoint,128,128
horizontal,32,8,upper,255,255
horizontal,32,8,lower,0,0
horizontal,32,8,midpoint,128,128
horizontal,32,8,upper,255,255
horizontal,32,8,lower,0,0
horizontal,32,8,midpoint,128,128
horizontal,32,8,upper,255,255
horizontal,32,8,lower,0,0
horizontal,32,8,midpoint,128,128
horizontal,32,8,upper,255,255
horizontal,32,8,lower,0,0
horizontal,32,8,midpoint,128,128
horizontal,32,8,upper,255,255
horizontal,32,8,lower,0,0
horizontal,32,8,midpoint,128,128
horizontal,32,8,upper,255,255
horizontal,32,8,lower,0,0
horizontal,32,8,midpoint,128,128
horizontal,32,8,upper,255,255
horizontal,32,8,lower,0,0
horizontal,32,8,midpoint,128,128
horizontal,32,8,upper,255,255
horizontal,32,8,lower,0,0
horizontal,32,8,midpoint,128,128
horizontal,32,8,upper,255,255
horizontal,32,8,lower,0,0
horizontal,32,8,midpoint,128,128
horizontal,32,8,upper,255,255
horizontal,32,8,lower,0,0
horizontal,32,8,midpoint,128,128
horizontal,32,8,upper,255,255
horizontal,32,8,lower,0,0
horizontal,32,8,midpoint,128,128
horizontal,32,8,upper,255,255
horizontal,32,8,lower,0,0
horizontal,32,8,midpoint,128,128
horizontal,32,8,upper,255,255
horizontal,32,8,lower,0,0
horizontal,32,8,midpoint,128,128
horizontal,32,8,upper,255,255
horizontal,32,8,lower,0,0
horizontal,32,8,midpoint,128,128
horizontal,32,8,upper,255,255
horizontal,32,8,lower,0,0
horizontal,32,8,midpoint,128,128
horizontal,32,8,upper,255,255
horizontal,32,8,lower,0,0
horizontal,32,8,midpoint,128,128
horizontal,32,8,upper,255,255
horizontal,32,8,lower,0,0
horizontal,32,8,midpoint,128,128
horizontal,32,8,upper,255,255
horizontal,32,16,lower,0,0
horizontal,32,16,midpoint,64,64
horizontal,32,16,upper,127,127
horizontal,32,16,lower,0,0
horizontal,32,16,midpoint,64,64
horizontal,32,16,upper,127,127
horizontal,32,16,lower,0,0
horizontal,32,16,midpoint,64,64
horizontal,32,16,upper,127,127
horizontal,32,16,lower,0,0
horizontal,32,16,midpoint,64,64
horizontal,32,16,upper,127,127
horizontal,32,16,lower,0,0
horizontal,32,16,midpoint,64,64
horizontal,32,16,upper,127,127
horizontal,32,16,lower,0,0
horizontal,32,16,midpoint,64,64
horizontal,32,16,upper,127,127
horizontal,32,16,lower,0,0
horizontal,32,16,midpoint,64,64
horizontal,32,16,upper,127,127
horizontal,32,16,lower,0,0
horizontal,32,16,midpoint,64,64
horizontal,32,16,upper,127,127
horizontal,32,16,lower,0,0
horizontal,32,16,midpoint,64,64
horizontal,32,16,upper,127,127
horizontal,32,16,lower,0,0
horizontal,32,16,midpoint,64,64
horizontal,32,16,upper,127,127
horizontal,32,16,lower,0,0
horizontal,32,16,midpoint,64,64
horizontal,32,16,upper,127,127
horizontal,32,16,lower,0,0
horizontal,32,16,midpoint,64,64
horizontal,32,16,upper,127,127
horizontal,32,16,lower,0,0
horizontal,32,16,midpoint,64,64
horizontal,32,16,upper,127,127
horizontal,32,16,lower,0,0
horizontal,32,16,midpoint,64,64
horizontal,32,16,upper,127,127
horizontal,32,16,lower,0,0
horizontal,32,16,midpoint,64,64
horizontal,32,16,upper,127,127
horizontal,32,16,lower,0,0
horizontal,32,16,midpoint,64,64
horizontal,32,16,upper,127,127
horizontal,32,16,lower,0,0
horizontal,32,16,midpoint,64,64
horizontal,32,16,upper,127,127
horizontal,32,16,lower,0,0
horizontal,32,16,midpoint,64,64
horizontal,32,16,upper,127,127
horizontal,32,16,lower,0,0
horizontal,32,16,midpoint,64,64
horizontal,32,16,upper,127,127
horizontal,32,16,lower,0,0
horizontal,32,16,midpoint,64,64
horizontal,32,16,upper,127,127
horizontal,32,16,lower,0,0
horizontal,32,16,midpoint,64,64
horizontal,32,16,upper,127,127
horizontal,32,16,lower,0,0
horizontal,32,16,midpoint,64,64
horizontal,32,16,upper,127,127
horizontal,32,16,lower,0,0
horizontal,32,16,midpoint,64,64
horizontal,32,16,upper,127,127
horizontal,32,16,lower,0,0
horizontal,32,16,midpoint,64,64
horizontal,32,16,upper,127,127
horizontal,32,16,lower,0,0
horizontal,32,16,midpoint,64,64
horizontal,32,16,upper,127,127
horizontal,32,16,lower,0,0
horizontal,32,16,midpoint,64,64
horizontal,32,16,upper,127,127
horizontal,32,16,lower,0,0
horizontal,32,16,midpoint,64,64
horizontal,32,16,upper,127,127
horizontal,32,32,lower,0,0
horizontal,32,32,midpoint,32,32
horizontal,32,32,upper,63,63
horizontal,32,32,lower,0,0
horizontal,32,32,midpoint,32,32
horizontal,32,32,upper,63,63
horizontal,32,32,lower,0,0
horizontal,32,32,midpoint,32,32
horizontal,32,32,upper,63,63
horizontal,32,32,lower,0,0
horizontal,32,32,midpoint,32,32
horizontal,32,32,upper,63,63
horizontal,32,32,lower,0,0
horizontal,32,32,midpoint,32,32
horizontal,32,32,upper,63,63
horizontal,32,32,lower,0,0
horizontal,32,32,midpoint,32,32
horizontal,32,32,upper,63,63
horizontal,32,32,lower,0,0
horizontal,32,32,midpoint,32,32
horizontal,32,32,upper,63,63
horizontal,32,32,lower,0,0
horizontal,32,32,midpoint,32,32
horizontal,32,32,upper,63,63
horizontal,32,32,lower,0,0
horizontal,32,32,midpoint,32,32
horizontal,32,32,upper,63,63
horizontal,32,32,lower,0,0
horizontal,32,32,midpoint,32,32
horizontal,32,32,upper,63,63
horizontal,32,32,lower,0,0
horizontal,32,32,midpoint,32,32
horizontal,32,32,upper,63,63
horizontal,32,32,lower,0,0
horizontal,32,32,midpoint,32,32
horizontal,32,32,upper,63,63
horizontal,32,32,lower,0,0
horizontal,32,32,midpoint,32,32
horizontal,32,32,upper,63,63
horizontal,32,32,lower,0,0
horizontal,32,32,midpoint,32,32
horizontal,32,32,upper,63,63
horizontal,32,32,lower,0,0
horizontal,32,32,midpoint,32,32
horizontal,32,32,upper,63,63
horizontal,32,32,lower,0,0
horizontal,32,32,midpoint,32,32
horizontal,32,32,upper,63,63
horizontal,32,32,lower,0,0
horizontal,32,32,midpoint,32,32
horizontal,32,32,upper,63,63
horizontal,32,32,lower,0,0
horizontal,32,32,midpoint,32,32
horizontal,32,32,upper,63,63
horizontal,32,32,lower,0,0
horizontal,32,32,midpoint,32,32
horizontal,32,32,upper,63,63
horizontal,32,32,lower,0,0
horizontal,32,32,midpoint,32,32
horizontal,32,32,upper,63,63
horizontal,32,32,lower,0,0
horizontal,32,32,midpoint,32,32
horizontal,32,32,upper,63,63
horizontal,32,32,lower,0,0
horizontal,32,32,midpoint,32,32
horizontal,32,32,upper,63,63
horizontal,32,32,lower,0,0
horizontal,32,32,midpoint,32,32
horizontal,32,32,upper,63,63
horizontal,32,32,lower,0,0
horizontal,32,32,midpoint,32,32
horizontal,32,32,upper,63,63
horizontal,32,32,lower,0,0
horizontal,32,32,midpoint,32,32
horizontal,32,32,upper,63,63
horizontal,32,32,lower,0,0
horizontal,32,32,midpoint,32,32
horizontal,32,32,upper,63,63
horizontal,32,32,lower,0,0
horizontal,32,32,midpoint,32,32
horizontal,32,32,upper,63,63
horizontal,64,8,lower,0,0
horizontal,64,8,midpoint,128,128
horizontal,64,8,upper,255,255
horizontal,64,8,lower,0,0
horizontal,64,8,midpoint,128,128
horizontal,64,8,upper,255,255
horizontal,64,8,lower,0,0
horizontal,64,8,midpoint,128,128
horizontal,64,8,upper,255,255
horizontal,64,8,lower,0,0
horizontal,64,8,midpoint,128,128
horizontal,64,8,upper,255,255
horizontal,64,8,lower,0,0
horizontal,64,8,midpoint,128,128
horizontal,64,8,upper,255,255
horizontal,64,8,lower,0,0
horizontal,64,8,midpoint,128,128
horizontal,64,8,upper,255,255
horizontal,64,8,lower,0,0
horizontal,64,8,midpoint,128,128
horizontal,64,8,upper,255,255
horizontal,64,8,lower,0,0
horizontal,64,8,midpoint,128,128
horizontal,64,8,upper,255,255
horizontal,64,8,lower,0,0
horizontal,64,8,midpoint,128,128
horizontal,64,8,upper,255,255
horizontal,64,8,lower,0,0
horizontal,64,8,midpoint,128,128
horizontal,64,8,upper,255,255
horizontal,64,8,lower,0,0
horizontal,64,8,midpoint,128,128
horizontal,64,8,upper,255,255
horizontal,64,8,lower,0,0
horizontal,64,8,midpoint,128,128
horizontal,64,8,upper,255,255
horizontal,64,8,lower,0,0
horizontal,64,8,midpoint,128,128
horizontal,64,8,upper,255,255
horizontal,64,8,lower,0,0
horizontal,64,8,midpoint,128,128
horizontal,64,8,upper,255,255
horizontal,64,16,lower,0,0
horizontal,64,16,midpoint,64,64
horizontal,64,16,upper,127,127
horizontal,64,16,lower,0,0
horizontal,64,16,midpoint,64,64
horizontal,64,16,upper,127,127
horizontal,64,16,lower,0,0
horizontal,64,16,midpoint,64,64
horizontal,64,16,upper,127,127
horizontal,64,16,lower,0,0
horizontal,64,16,midpoint,64,64
horizontal,64,16,upper,127,127
horizontal,64,16,lower,0,0
horizontal,64,16,midpoint,64,64
horizontal,64,16,upper,127,127
horizontal,64,16,lower,0,0
horizontal,64,16,midpoint,64,64
horizontal,64,16,upper,127,127
horizontal,64,16,lower,0,0
horizontal,64,16,midpoint,64,64
horizontal,64,16,upper,127,127
horizontal,64,16,lower,0,0
horizontal,64,16,midpoint,64,64
horizontal,64,16,upper,127,127
horizontal,64,16,lower,0,0
horizontal,64,16,midpoint,64,64
horizontal,64,16,upper,127,127
horizontal,64,16,lower,0,0
horizontal,64,16,midpoint,64,64
horizontal,64,16,upper,127,127
horizontal,64,16,lower,0,0
horizontal,64,16,midpoint,64,64
horizontal,64,16,upper,127,127
horizontal,64,16,lower,0,0
horizontal,64,16,midpoint,64,64
horizontal,64,16,upper,127,127
horizontal,64,16,lower,0,0
horizontal,64,16,midpoint,64,64
horizontal,64,16,upper,127,127
horizontal,64,16,lower,0,0
horizontal,64,16,midpoint,64,64
horizontal,64,16,upper,127,127
horizontal,64,32,lower,0,0
horizontal,64,32,midpoint,32,32
horizontal,64,32,upper,63,63
horizontal,64,32,lower,0,0
horizontal,64,32,midpoint,32,32
horizontal,64,32,upper,63,63
horizontal,64,32,lower,0,0
horizontal,64,32,midpoint,32,32
horizontal,64,32,upper,63,63
horizontal,64,32,lower,0,0
horizontal,64,32,midpoint,32,32
horizontal,64,32,upper,63,63
horizontal,64,32,lower,0,0
horizontal,64,32,midpoint,32,32
horizontal,64,32,upper,63,63
horizontal,64,32,lower,0,0
horizontal,64,32,midpoint,32,32
horizontal,64,32,upper,63,63
horizontal,64,32,lower,0,0
horizontal,64,32,midpoint,32,32
horizontal,64,32,upper,63,63
horizontal,64,32,lower,0,0
horizontal,64,32,midpoint,32,32
horizontal,64,32,upper,63,63
horizontal,64,32,lower,0,0
horizontal,64,32,midpoint,32,32
horizontal,64,32,upper,63,63
horizontal,64,32,lower,0,0
horizontal,64,32,midpoint,32,32
horizontal,64,32,upper,63,63
horizontal,64,32,lower,0,0
horizontal,64,32,midpoint,32,32
horizontal,64,32,upper,63,63
horizontal,64,32,lower,0,0
horizontal,64,32,midpoint,32,32
horizontal,64,32,upper,63,63
horizontal,64,32,lower,0,0
horizontal,64,32,midpoint,32,32
horizontal,64,32,upper,63,63
horizontal,64,32,lower,0,0
horizontal,64,32,midpoint,32,32
horizontal,64,32,upper,63,63
vertical,32,8,lower,0,0
vertical,32,8,midpoint,128,128
vertical,32,8,upper,255,255
vertical,32,8,lower,0,0
vertical,32,8,midpoint,128,128
vertical,32,8,upper,255,255
vertical,32,8,lower,0,0
vertical,32,8,midpoint,128,128
vertical,32,8,upper,255,255
vertical,32,8,lower,0,0
vertical,32,8,midpoint,128,128
vertical,32,8,upper,255,255
vertical,32,8,lower,0,0
vertical,32,8,midpoint,128,128
vertical,32,8,upper,255,255
vertical,32,8,lower,0,0
vertical,32,8,midpoint,128,128
vertical,32,8,upper,255,255
vertical,32,8,lower,0,0
vertical,32,8,midpoint,128,128
vertical,32,8,upper,255,255
vertical,32,8,lower,0,0
vertical,32,8,midpoint,128,128
vertical,32,8,upper,255,255
vertical,32,8,lower,0,0
vertical,32,8,midpoint,128,128
vertical,32,8,upper,255,255
vertical,32,8,lower,0,0
vertical,32,8,midpoint,128,128
vertical,32,8,upper,255,255
vertical,32,8,lower,0,0
vertical,32,8,midpoint,128,128
vertical,32,8,upper,255,255
vertical,32,8,lower,0,0
vertical,32,8,midpoint,128,128
vertical,32,8,upper,255,255
vertical,32,8,lower,0,0
vertical,32,8,midpoint,128,128
vertical,32,8,upper,255,255
vertical,32,8,lower,0,0
vertical,32,8,midpoint,128,128
vertical,32,8,upper,255,255
vertical,32,8,lower,0,0
vertical,32,8,midpoint,128,128
vertical,32,8,upper,255,255
vertical,32,8,lower,0,0
vertical,32,8,midpoint,128,128
vertical,32,8,upper,255,255
vertical,32,8,lower,0,0
vertical,32,8,midpoint,128,128
vertical,32,8,upper,255,255
vertical,32,8,lower,0,0
vertical,32,8,midpoint,128,128
vertical,32,8,upper,255,255
vertical,32,8,lower,0,0
vertical,32,8,midpoint,128,128
vertical,32,8,upper,255,255
vertical,32,8,lower,0,0
vertical,32,8,midpoint,128,128
vertical,32,8,upper,255,255
vertical,32,8,lower,0,0
vertical,32,8,midpoint,128,128
vertical,32,8,upper,255,255
vertical,32,8,lower,0,0
vertical,32,8,midpoint,128,128
vertical,32,8,upper,255,255
vertical,32,8,lower,0,0
vertical,32,8,midpoint,128,128
vertical,32,8,upper,255,255
vertical,32,8,lower,0,0
vertical,32,8,midpoint,128,128
vertical,32,8,upper,255,255
vertical,32,16,lower,0,0
vertical,32,16,midpoint,64,64
vertical,32,16,upper,127,127
vertical,32,16,lower,0,0
vertical,32,16,midpoint,64,64
vertical,32,16,upper,127,127
vertical,32,16,lower,0,0
vertical,32,16,midpoint,64,64
vertical,32,16,upper,127,127
vertical,32,16,lower,0,0
vertical,32,16,midpoint,64,64
vertical,32,16,upper,127,127
vertical,32,16,lower,0,0
vertical,32,16,midpoint,64,64
vertical,32,16,upper,127,127
vertical,32,16,lower,0,0
vertical,32,16,midpoint,64,64
vertical,32,16,upper,127,127
vertical,32,16,lower,0,0
vertical,32,16,midpoint,64,64
vertical,32,16,upper,127,127
vertical,32,16,lower,0,0
vertical,32,16,midpoint,64,64
vertical,32,16,upper,127,127
vertical,32,16,lower,0,0
vertical,32,16,midpoint,64,64
vertical,32,16,upper,127,127
vertical,32,16,lower,0,0
vertical,32,16,midpoint,64,64
vertical,32,16,upper,127,127
vertical,32,16,lower,0,0
vertical,32,16,midpoint,64,64
vertical,32,16,upper,127,127
vertical,32,16,lower,0,0
vertical,32,16,midpoint,64,64
vertical,32,16,upper,127,127
vertical,32,16,lower,0,0
vertical,32,16,midpoint,64,64
vertical,32,16,upper,127,127
vertical,32,16,lower,0,0
vertical,32,16,midpoint,64,64
vertical,32,16,upper,127,127
vertical,32,16,lower,0,0
vertical,32,16,midpoint,64,64
vertical,32,16,upper,127,127
vertical,32,16,lower,0,0
vertical,32,16,midpoint,64,64
vertical,32,16,upper,127,127
vertical,32,16,lower,0,0
vertical,32,16,midpoint,64,64
vertical,32,16,upper,127,127
vertical,32,16,lower,0,0
vertical,32,16,midpoint,64,64
vertical,32,16,upper,127,127
vertical,32,16,lower,0,0
vertical,32,16,midpoint,64,64
vertical,32,16,upper,127,127
vertical,32,16,lower,0,0
vertical,32,16,midpoint,64,64
vertical,32,16,upper,127,127
vertical,32,16,lower,0,0
vertical,32,16,midpoint,64,64
vertical,32,16,upper,127,127
vertical,32,16,lower,0,0
vertical,32,16,midpoint,64,64
vertical,32,16,upper,127,127
vertical,32,16,lower,0,0
vertical,32,16,midpoint,64,64
vertical,32,16,upper,127,127
vertical,32,16,lower,0,0
vertical,32,16,midpoint,64,64
vertical,32,16,upper,127,127
vertical,32,32,lower,0,0
vertical,32,32,midpoint,32,32
vertical,32,32,upper,63,63
vertical,32,32,lower,0,0
vertical,32,32,midpoint,32,32
vertical,32,32,upper,63,63
vertical,32,32,lower,0,0
vertical,32,32,midpoint,32,32
vertical,32,32,upper,63,63
vertical,32,32,lower,0,0
vertical,32,32,midpoint,32,32
vertical,32,32,upper,63,63
vertical,32,32,lower,0,0
vertical,32,32,midpoint,32,32
vertical,32,32,upper,63,63
vertical,32,32,lower,0,0
vertical,32,32,midpoint,32,32
vertical,32,32,upper,63,63
vertical,32,32,lower,0,0
vertical,32,32,midpoint,32,32
vertical,32,32,upper,63,63
vertical,32,32,lower,0,0
vertical,32,32,midpoint,32,32
vertical,32,32,upper,63,63
vertical,32,32,lower,0,0
vertical,32,32,midpoint,32,32
vertical,32,32,upper,63,63
vertical,32,32,lower,0,0
vertical,32,32,midpoint,32,32
vertical,32,32,upper,63,63
vertical,32,32,lower,0,0
vertical,32,32,midpoint,32,32
vertical,32,32,upper,63,63
vertical,32,32,lower,0,0
vertical,32,32,midpoint,32,32
vertical,32,32,upper,63,63
vertical,32,32,lower,0,0
vertical,32,32,midpoint,32,32
vertical,32,32,upper,63,63
vertical,32,32,lower,0,0
vertical,32,32,midpoint,32,32
vertical,32,32,upper,63,63
vertical,32,32,lower,0,0
vertical,32,32,midpoint,32,32
vertical,32,32,upper,63,63
vertical,32,32,lower,0,0
vertical,32,32,midpoint,32,32
vertical,32,32,upper,63,63
vertical,32,32,lower,0,0
vertical,32,32,midpoint,32,32
vertical,32,32,upper,63,63
vertical,32,32,lower,0,0
vertical,32,32,midpoint,32,32
vertical,32,32,upper,63,63
vertical,32,32,lower,0,0
vertical,32,32,midpoint,32,32
vertical,32,32,upper,63,63
vertical,32,32,lower,0,0
vertical,32,32,midpoint,32,32
vertical,32,32,upper,63,63
vertical,32,32,lower,0,0
vertical,32,32,midpoint,32,32
vertical,32,32,upper,63,63
vertical,32,32,lower,0,0
vertical,32,32,midpoint,32,32
vertical,32,32,upper,63,63
vertical,32,32,lower,0,0
vertical,32,32,midpoint,32,32
vertical,32,32,upper,63,63
vertical,32,32,lower,0,0
vertical,32,32,midpoint,32,32
vertical,32,32,upper,63,63
vertical,64,8,lower,0,0
vertical,64,8,midpoint,128,128
vertical,64,8,upper,255,255
vertical,64,8,lower,0,0
vertical,64,8,midpoint,128,128
vertical,64,8,upper,255,255
vertical,64,8,lower,0,0
vertical,64,8,midpoint,128,128
vertical,64,8,upper,255,255
vertical,64,8,lower,0,0
vertical,64,8,midpoint,128,128
vertical,64,8,upper,255,255
vertical,64,8,lower,0,0
vertical,64,8,midpoint,128,128
vertical,64,8,upper,255,255
vertical,64,8,lower,0,0
vertical,64,8,midpoint,128,128
vertical,64,8,upper,255,255
vertical,64,8,lower,0,0
vertical,64,8,midpoint,128,128
vertical,64,8,upper,255,255
vertical,64,8,lower,0,0
vertical,64,8,midpoint,128,128
vertical,64,8,upper,255,255
vertical,64,8,lower,0,0
vertical,64,8,midpoint,128,128
vertical,64,8,upper,255,255
vertical,64,8,lower,0,0
vertical,64,8,midpoint,128,128
vertical,64,8,upper,255,255
vertical,64,8,lower,0,0
vertical,64,8,midpoint,128,128
vertical,64,8,upper,255,255
vertical,64,8,lower,0,0
vertical,64,8,midpoint,128,128
vertical,64,8,upper,255,255
vertical,64,16,lower,0,0
vertical,64,16,midpoint,64,64
vertical,64,16,upper,127,127
vertical,64,16,lower,0,0
vertical,64,16,midpoint,64,64
vertical,64,16,upper,127,127
vertical,64,16,lower,0,0
vertical,64,16,midpoint,64,64
vertical,64,16,upper,127,127
vertical,64,16,lower,0,0
vertical,64,16,midpoint,64,64
vertical,64,16,upper,127,127
vertical,64,16,lower,0,0
vertical,64,16,midpoint,64,64
vertical,64,16,upper,127,127
vertical,64,16,lower,0,0
vertical,64,16,midpoint,64,64
vertical,64,16,upper,127,127
vertical,64,16,lower,0,0
vertical,64,16,midpoint,64,64
vertical,64,16,upper,127,127
vertical,64,16,lower,0,0
vertical,64,16,midpoint,64,64
vertical,64,16,upper,127,127
vertical,64,16,lower,0,0
vertical,64,16,midpoint,64,64
vertical,64,16,upper,127,127
vertical,64,16,lower,0,0
vertical,64,16,midpoint,64,64
vertical,64,16,upper,127,127
vertical,64,16,lower,0,0
vertical,64,16,midpoint,64,64
vertical,64,16,upper,127,127
vertical,64,16,lower,0,0
vertical,64,16,midpoint,64,64
vertical,64,16,upper,127,127
vertical,64,32,lower,0,0
vertical,64,32,midpoint,32,32
vertical,64,32,upper,63,63
vertical,64,32,lower,0,0
vertical,64,32,midpoint,32,32
vertical,64,32,upper,63,63
vertical,64,32,lower,0,0
vertical,64,32,midpoint,32,32
vertical,64,32,upper,63,63
vertical,64,32,lower,0,0
vertical,64,32,midpoint,32,32
vertical,64,32,upper,63,63
vertical,64,32,lower,0,0
vertical,64,32,midpoint,32,32
vertical,64,32,upper,63,63
vertical,64,32,lower,0,0
vertical,64,32,midpoint,32,32
vertical,64,32,upper,63,63
vertical,64,32,lower,0,0
vertical,64,32,midpoint,32,32
vertical,64,32,upper,63,63
vertical,64,32,lower,0,0
vertical,64,32,midpoint,32,32
vertical,64,32,upper,63,63
vertical,64,32,lower,0,0
vertical,64,32,midpoint,32,32
vertical,64,32,upper,63,63
vertical,64,32,lower,0,0
vertical,64,32,midpoint,32,32
vertical,64,32,upper,63,63
vertical,64,32,lower,0,0
vertical,64,32,midpoint,32,32
vertical,64,32,upper,63,63
vertical,64,32,lower,0,0
vertical,64,32,midpoint,32,32
vertical,64,32,upper,63,63
diagonal45,32,8,lower,-23,23
diagonal45,32,8,midpoint,105,105
diagonal45,32,8,upper,232,232
diagonal45,32,8,lower,-23,23
diagonal45,32,8,midpoint,105,105
diagonal45,32,8,upper,232,232
diagonal45,32,8,lower,0,0
diagonal45,32,8,midpoint,128,128
diagonal45,32,8,upper,255,255
diagonal45,32,8,lower,0,0
diagonal45,32,8,midpoint,128,128
diagonal45,32,8,upper,255,255
diagonal45,32,8,lower,0,0
diagonal45,32,8,midpoint,128,128
diagonal45,32,8,upper,255,255
diagonal45,32,8,lower,0,0
diagonal45,32,8,midpoint,128,128
diagonal45,32,8,upper,255,255
diagonal45,32,8,lower,0,0
diagonal45,32,8,midpoint,128,128
diagonal45,32,8,upper,255,255
diagonal45,32,8,lower,0,0
diagonal45,32,8,midpoint,128,128
diagonal45,32,8,upper,255,255
diagonal45,32,8,lower,0,0
diagonal45,32,8,midpoint,128,128
diagonal45,32,8,upper,255,255
diagonal45,32,8,lower,0,0
diagonal45,32,8,midpoint,128,128
diagonal45,32,8,upper,255,255
diagonal45,32,8,lower,0,0
diagonal45,32,8,midpoint,128,128
diagonal45,32,8,upper,255,255
diagonal45,32,8,lower,-23,23
diagonal45,32,8,midpoint,105,105
diagonal45,32,8,upper,232,232
diagonal45,32,8,lower,-23,23
diagonal45,32,8,midpoint,105,105
diagonal45,32,8,upper,232,232
diagonal45,32,8,lower,-23,23
diagonal45,32,8,midpoint,105,105
diagonal45,32,8,upper,232,232
diagonal45,32,8,lower,-23,23
diagonal45,32,8,midpoint,105,105
diagonal45,32,8,upper,232,232
diagonal45,32,8,lower,-23,23
diagonal45,32,8,midpoint,105,105
diagonal45,32,8,upper,232,232
diagonal45,32,8,lower,-23,23
diagonal45,32,8,midpoint,105,105
diagonal45,32,8,upper,232,232
diagonal45,32,8,lower,-23,23
diagonal45,32,8,midpoint,105,105
diagonal45,32,8,upper,232,232
diagonal45,32,8,lower,-23,23
diagonal45,32,8,midpoint,105,105
diagonal45,32,8,upper,232,232
diagonal45,32,8,lower,-23,23
diagonal45,32,8,midpoint,105,105
diagonal45,32,8,upper,232,232
diagonal45,32,8,lower,-23,23
diagonal45,32,8,midpoint,105,105
diagonal45,32,8,upper,232,232
diagonal45,32,8,lower,-23,23
diagonal45,32,8,midpoint,105,105
diagonal45,32,8,upper,232,232
diagonal45,32,8,lower,-23,23
diagonal45,32,8,midpoint,105,105
diagonal45,32,8,upper,232,232
diagonal45,32,8,lower,-23,23
diagonal45,32,8,midpoint,105,105
diagonal45,32,8,upper,232,232
diagonal45,32,8,lower,-23,23
diagonal45,32,8,midpoint,105,105
diagonal45,32,8,upper,232,232
diagonal45,32,8,lower,-23,23
diagonal45,32,8,midpoint,105,105
diagonal45,32,8,upper,232,232
diagonal45,32,8,lower,-23,23
diagonal45,32,8,midpoint,105,105
diagonal45,32,8,upper,232,232
diagonal45,32,8,lower,-23,23
diagonal45,32,8,midpoint,105,105
diagonal45,32,8,upper,232,232
diagonal45,32,8,lower,-23,23
diagonal45,32,8,midpoint,105,105
diagonal45,32,8,upper,232,232
diagonal45,32,8,lower,-23,23
diagonal45,32,8,midpoint,105,105
diagonal45,32,8,upper,232,232
diagonal45,32,16,lower,-23,23
diagonal45,32,16,midpoint,41,41
diagonal45,32,16,upper,104,104
diagonal45,32,16,lower,-23,23
diagonal45,32,16,midpoint,41,41
diagonal45,32,16,upper,104,104
diagonal45,32,16,lower,0,0
diagonal45,32,16,midpoint,64,64
diagonal45,32,16,upper,127,127
diagonal45,32,16,lower,0,0
diagonal45,32,16,midpoint,64,64
diagonal45,32,16,upper,127,127
diagonal45,32,16,lower,0,0
diagonal45,32,16,midpoint,64,64
diagonal45,32,16,upper,127,127
diagonal45,32,16,lower,0,0
diagonal45,32,16,midpoint,64,64
diagonal45,32,16,upper,127,127
diagonal45,32,16,lower,0,0
diagonal45,32,16,midpoint,64,64
diagonal45,32,16,upper,127,127
diagonal45,32,16,lower,0,0
diagonal45,32,16,midpoint,64,64
diagonal45,32,16,upper,127,127
diagonal45,32,16,lower,0,0
diagonal45,32,16,midpoint,64,64
diagonal45,32,16,upper,127,127
diagonal45,32,16,lower,0,0
diagonal45,32,16,midpoint,64,64
diagonal45,32,16,upper,127,127
diagonal45,32,16,lower,0,0
diagonal45,32,16,midpoint,64,64
diagonal45,32,16,upper,127,127
diagonal45,32,16,lower,-23,23
diagonal45,32,16,midpoint,41,41
diagonal45,32,16,upper,104,104
diagonal45,32,16,lower,-23,23
diagonal45,32,16,midpoint,41,41
diagonal45,32,16,upper,104,104
diagonal45,32,16,lower,-23,23
diagonal45,32,16,midpoint,41,41
diagonal45,32,16,upper,104,104
diagonal45,32,16,lower,-23,23
diagonal45,32,16,midpoint,41,41
diagonal45,32,16,upper,104,104
diagonal45,32,16,lower,-23,23
diagonal45,32,16,midpoint,41,41
diagonal45,32,16,upper,104,104
diagonal45,32,16,lower,-23,23
diagonal45,32,16,midpoint,41,41
diagonal45,32,16,upper,104,104
diagonal45,32,16,lower,-23,23
diagonal45,32,16,midpoint,41,41
diagonal45,32,16,upper,104,104
diagonal45,32,16,lower,-23,23
diagonal45,32,16,midpoint,41,41
diagonal45,32,16,upper,104,104
diagonal45,32,16,lower,-23,23
diagonal45,32,16,midpoint,41,41
diagonal45,32,16,upper,104,104
diagonal45,32,16,lower,-23,23
diagonal45,32,16,midpoint,41,41
diagonal45,32,16,upper,104,104
diagonal45,32,16,lower,-23,23
diagonal45,32,16,midpoint,41,41
diagonal45,32,16,upper,104,104
diagonal45,32,16,lower,-23,23
diagonal45,32,16,midpoint,41,41
diagonal45,32,16,upper,104,104
diagonal45,32,16,lower,-23,23
diagonal45,32,16,midpoint,41,41
diagonal45,32,16,upper,104,104
diagonal45,32,16,lower,-23,23
diagonal45,32,16,midpoint,41,41
diagonal45,32,16,upper,104,104
diagonal45,32,16,lower,-23,23
diagonal45,32,16,midpoint,41,41
diagonal45,32,16,upper,104,104
diagonal45,32,16,lower,-23,23
diagonal45,32,16,midpoint,41,41
diagonal45,32,16,upper,104,104
diagonal45,32,16,lower,-23,23
diagonal45,32,16,midpoint,41,41
diagonal45,32,16,upper,104,104
diagonal45,32,16,lower,-23,23
diagonal45,32,16,midpoint,41,41
diagonal45,32,16,upper,104,104
diagonal45,32,16,lower,-23,23
diagonal45,32,16,midpoint,41,41
diagonal45,32,16,upper,104,104
diagonal45,32,32,lower,-23,23
diagonal45,32,32,midpoint,9,9
diagonal45,32,32,upper,40,40
diagonal45,32,32,lower,-23,23
diagonal45,32,32,midpoint,9,9
diagonal45,32,32,upper,40,40
diagonal45,32,32,lower,0,0
diagonal45,32,32,midpoint,32,32
diagonal45,32,32,upper,63,63
diagonal45,32,32,lower,0,0
diagonal45,32,32,midpoint,32,32
diagonal45,32,32,upper,63,63
diagonal45,32,32,lower,0,0
diagonal45,32,32,midpoint,32,32
diagonal45,32,32,upper,63,63
diagonal45,32,32,lower,0,0
diagonal45,32,32,midpoint,32,32
diagonal45,32,32,upper,63,63
diagonal45,32,32,lower,0,0
diagonal45,32,32,midpoint,32,32
diagonal45,32,32,upper,63,63
diagonal45,32,32,lower,0,0
diagonal45,32,32,midpoint,32,32
diagonal45,32,32,upper,63,63
diagonal45,32,32,lower,0,0
diagonal45,32,32,midpoint,32,32
diagonal45,32,32,upper,63,63
diagonal45,32,32,lower,0,0
diagonal45,32,32,midpoint,32,32
diagonal45,32,32,upper,63,63
diagonal45,32,32,lower,0,0
diagonal45,32,32,midpoint,32,32
diagonal45,32,32,upper,63,63
diagonal45,32,32,lower,-23,23
diagonal45,32,32,midpoint,9,9
diagonal45,32,32,upper,40,40
diagonal45,32,32,lower,-23,23
diagonal45,32,32,midpoint,9,9
diagonal45,32,32,upper,40,40
diagonal45,32,32,lower,-23,23
diagonal45,32,32,midpoint,9,9
diagonal45,32,32,upper,40,40
diagonal45,32,32,lower,-23,23
diagonal45,32,32,midpoint,9,9
diagonal45,32,32,upper,40,40
diagonal45,32,32,lower,-23,23
diagonal45,32,32,midpoint,9,9
diagonal45,32,32,upper,40,40
diagonal45,32,32,lower,-23,23
diagonal45,32,32,midpoint,9,9
diagonal45,32,32,upper,40,40
diagonal45,32,32,lower,-23,23
diagonal45,32,32,midpoint,9,9
diagonal45,32,32,upper,40,40
diagonal45,32,32,lower,-23,23
diagonal45,32,32,midpoint,9,9
diagonal45,32,32,upper,40,40
diagonal45,32,32,lower,-23,23
diagonal45,32,32,midpoint,9,9
diagonal45,32,32,upper,40,40
diagonal45,32,32,lower,-23,23
diagonal45,32,32,midpoint,9,9
diagonal45,32,32,upper,40,40
diagonal45,32,32,lower,-23,23
diagonal45,32,32,midpoint,9,9
diagonal45,32,32,upper,40,40
diagonal45,32,32,lower,-23,23
diagonal45,32,32,midpoint,9,9
diagonal45,32,32,upper,40,40
diagonal45,32,32,lower,-23,23
diagonal45,32,32,midpoint,9,9
diagonal45,32,32,upper,40,40
diagonal45,32,32,lower,-23,23
diagonal45,32,32,midpoint,9,9
diagonal45,32,32,upper,40,40
diagonal45,32,32,lower,-23,23
diagonal45,32,32,midpoint,9,9
diagonal45,32,32,upper,40,40
diagonal45,32,32,lower,-23,23
diagonal45,32,32,midpoint,9,9
diagonal45,32,32,upper,40,40
diagonal45,32,32,lower,-23,23
diagonal45,32,32,midpoint,9,9
diagonal45,32,32,upper,40,40
diagonal45,32,32,lower,-23,23
diagonal45,32,32,midpoint,9,9
diagonal45,32,32,upper,40,40
diagonal45,32,32,lower,-23,23
diagonal45,32,32,midpoint,9,9
diagonal45,32,32,upper,40,40
diagonal45,64,8,lower,-23,23
diagonal45,64,8,midpoint,105,105
diagonal45,64,8,upper,232,232
diagonal45,64,8,lower,-23,23
diagonal45,64,8,midpoint,105,105
diagonal45,64,8,upper,232,232
diagonal45,64,8,lower,0,0
diagonal45,64,8,midpoint,128,128
diagonal45,64,8,upper,255,255
diagonal45,64,8,lower,0,0
diagonal45,64,8,midpoint,128,128
diagonal45,64,8,upper,255,255
diagonal45,64,8,lower,0,0
diagonal45,64,8,midpoint,128,128
diagonal45,64,8,upper,255,255
diagonal45,64,8,lower,0,0
diagonal45,64,8,midpoint,128,128
diagonal45,64,8,upper,255,255
diagonal45,64,8,lower,-23,23
diagonal45,64,8,midpoint,105,105
diagonal45,64,8,upper,232,232
diagonal45,64,8,lower,-23,23
diagonal45,64,8,midpoint,105,105
diagonal45,64,8,upper,232,232
diagonal45,64,8,lower,-23,23
diagonal45,64,8,midpoint,105,105
diagonal45,64,8,upper,232,232
diagonal45,64,8,lower,-23,23
diagonal45,64,8,midpoint,105,105
diagonal45,64,8,upper,232,232
diagonal45,64,8,lower,-23,23
diagonal45,64,8,midpoint,105,105
diagonal45,64,8,upper,232,232
diagonal45,64,8,lower,-23,23
diagonal45,64,8,midpoint,105,105
diagonal45,64,8,upper,232,232
diagonal45,64,8,lower,-23,23
diagonal45,64,8,midpoint,105,105
diagonal45,64,8,upper,232,232
diagonal45,64,8,lower,-23,23
diagonal45,64,8,midpoint,105,105
diagonal45,64,8,upper,232,232
diagonal45,64,8,lower,-23,23
diagonal45,64,8,midpoint,105,105
diagonal45,64,8,upper,232,232
diagonal45,64,16,lower,-23,23
diagonal45,64,16,midpoint,41,41
diagonal45,64,16,upper,104,104
diagonal45,64,16,lower,-23,23
diagonal45,64,16,midpoint,41,41
diagonal45,64,16,upper,104,104
diagonal45,64,16,lower,0,0
diagonal45,64,16,midpoint,64,64
diagonal45,64,16,upper,127,127
diagonal45,64,16,lower,0,0
diagonal45,64,16,midpoint,64,64
diagonal45,64,16,upper,127,127
diagonal45,64,16,lower,0,0
diagonal45,64,16,midpoint,64,64
diagonal45,64,16,upper,127,127
diagonal45,64,16,lower,0,0
diagonal45,64,16,midpoint,64,64
diagonal45,64,16,upper,127,127
diagonal45,64,16,lower,-23,23
diagonal45,64,16,midpoint,41,41
diagonal45,64,16,upper,104,104
diagonal45,64,16,lower,-23,23
diagonal45,64,16,midpoint,41,41
diagonal45,64,16,upper,104,104
diagonal45,64,16,lower,-23,23
diagonal45,64,16,midpoint,41,41
diagonal45,64,16,upper,104,104
diagonal45,64,16,lower,-23,23
diagonal45,64,16,midpoint,41,41
diagonal45,64,16,upper,104,104
diagonal45,64,16,lower,-23,23
diagonal45,64,16,midpoint,41,41
diagonal45,64,16,upper,104,104
diagonal45,64,16,lower,-23,23
diagonal45,64,16,midpoint,41,41
diagonal45,64,16,upper,104,104
diagonal45,64,16,lower,-23,23
diagonal45,64,16,midpoint,41,41
diagonal45,64,16,upper,104,104
diagonal45,64,16,lower,-23,23
diagonal45,64,16,midpoint,41,41
diagonal45,64,16,upper,104,104
diagonal45,64,16,lower,-23,23
diagonal45,64,16,midpoint,41,41
diagonal45,64,16,upper,104,104
diagonal45,64,32,lower,-23,23
diagonal45,64,32,midpoint,9,9
diagonal45,64,32,upper,40,40
diagonal45,64,32,lower,-23,23
diagonal45,64,32,midpoint,9,9
diagonal45,64,32,upper,40,40
diagonal45,64,32,lower,0,0
diagonal45,64,32,midpoint,32,32
diagonal45,64,32,upper,63,63
diagonal45,64,32,lower,0,0
diagonal45,64,32,midpoint,32,32
diagonal45,64,32,upper,63,63
diagonal45,64,32,lower,0,0
diagonal45,64,32,midpoint,32,32
diagonal45,64,32,upper,63,63
diagonal45,64,32,lower,0,0
diagonal45,64,32,midpoint,32,32
diagonal45,64,32,upper,63,63
diagonal45,64,32,lower,-23,23
diagonal45,64,32,midpoint,9,9
diagonal45,64,32,upper,40,40
diagonal45,64,32,lower,-23,23
diagonal45,64,32,midpoint,9,9
diagonal45,64,32,upper,40,40
diagonal45,64,32,lower,-23,23
diagonal45,64,32,midpoint,9,9
diagonal45,64,32,upper,40,40
diagonal45,64,32,lower,-23,23
diagonal45,64,32,midpoint,9,9
diagonal45,64,32,upper,40,40
diagonal45,64,32,lower,-23,23
diagonal45,64,32,midpoint,9,9
diagonal45,64,32,upper,40,40
diagonal45,64,32,lower,-23,23
diagonal45,64,32,midpoint,9,9
diagonal45,64,32,upper,40,40
diagonal45,64,32,lower,-23,23
diagonal45,64,32,midpoint,9,9
diagonal45,64,32,upper,40,40
diagonal45,64,32,lower,-23,23
diagonal45,64,32,midpoint,9,9
diagonal45,64,32,upper,40,40
diagonal45,64,32,lower,-23,23
diagonal45,64,32,midpoint,9,9
diagonal45,64,32,upper,40,40
diagonal135,32,8,lower,-23,23
diagonal135,32,8,midpoint,105,105
diagonal135,32,8,upper,232,232
diagonal135,32,8,lower,-23,23
diagonal135,32,8,midpoint,105,105
diagonal135,32,8,upper,232,232
diagonal135,32,8,lower,0,0
diagonal135,32,8,midpoint,128,128
diagonal135,32,8,upper,255,255
diagonal135,32,8,lower,0,0
diagonal135,32,8,midpoint,128,128
diagonal135,32,8,upper,255,255
diagonal135,32,8,lower,0,0
diagonal135,32,8,midpoint,128,128
diagonal135,32,8,upper,255,255
diagonal135,32,8,lower,0,0
diagonal135,32,8,midpoint,128,128
diagonal135,32,8,upper,255,255
diagonal135,32,8,lower,0,0
diagonal135,32,8,midpoint,128,128
diagonal135,32,8,upper,255,255
diagonal135,32,8,lower,0,0
diagonal135,32,8,midpoint,128,128
diagonal135,32,8,upper,255,255
diagonal135,32,8,lower,0,0
diagonal135,32,8,midpoint,128,128
diagonal135,32,8,upper,255,255
diagonal135,32,8,lower,0,0
diagonal135,32,8,midpoint,128,128
diagonal135,32,8,upper,255,255
diagonal135,32,8,lower,0,0
diagonal135,32,8,midpoint,128,128
diagonal135,32,8,upper,255,255
diagonal135,32,8,lower,-23,23
diagonal135,32,8,midpoint,105,105
diagonal135,32,8,upper,232,232
diagonal135,32,8,lower,-23,23
diagonal135,32,8,midpoint,105,105
diagonal135,32,8,upper,232,232
diagonal135,32,8,lower,-23,23
diagonal135,32,8,midpoint,105,105
diagonal135,32,8,upper,232,232
diagonal135,32,8,lower,-23,23
diagonal135,32,8,midpoint,105,105
diagonal135,32,8,upper,232,232
diagonal135,32,8,lower,-23,23
diagonal135,32,8,midpoint,105,105
diagonal135,32,8,upper,232,232
diagonal135,32,8,lower,-23,23
diagonal135,32,8,midpoint,105,105
diagonal135,32,8,upper,232,232
diagonal135,32,8,lower,-23,23
diagonal135,32,8,midpoint,105,105
diagonal135,32,8,upper,232,232
diagonal135,32,8,lower,-23,23
diagonal135,32,8,midpoint,105,105
diagonal135,32,8,upper,232,232
diagonal135,32,8,lower,-23,23
diagonal135,32,8,midpoint,105,105
diagonal135,32,8,upper,232,232
diagonal135,32,8,lower,-23,23
diagonal135,32,8,midpoint,105,105
diagonal135,32,8,upper,232,232
diagonal135,32,8,lower,-23,23
diagonal135,32,8,midpoint,105,105
diagonal135,32,8,upper,232,232
diagonal135,32,8,lower,-23,23
diagonal135,32,8,midpoint,105,105
diagonal135,32,8,upper,232,232
diagonal135,32,8,lower,-23,23
diagonal135,32,8,midpoint,105,105
diagonal135,32,8,upper,232,232
diagonal135,32,8,lower,-23,23
diagonal135,32,8,midpoint,105,105
diagonal135,32,8,upper,232,232
diagonal135,32,8,lower,-23,23
diagonal135,32,8,midpoint,105,105
diagonal135,32,8,upper,232,232
diagonal135,32,8,lower,-23,23
diagonal135,32,8,midpoint,105,105
diagonal135,32,8,upper,232,232
diagonal135,32,8,lower,-23,23
diagonal135,32,8,midpoint,105,105
diagonal135,32,8,upper,232,232
diagonal135,32,8,lower,-23,23
diagonal135,32,8,midpoint,105,105
diagonal135,32,8,upper,232,232
diagonal135,32,8,lower,-23,23
diagonal135,32,8,midpoint,105,105
diagonal135,32,8,upper,232,232
diagonal135,32,8,lower,0,0
diagonal135,32,8,midpoint,128,128
diagonal135,32,8,upper,255,255
diagonal135,32,8,lower,0,0
diagonal135,32,8,midpoint,128,128
diagonal135,32,8,upper,255,255
diagonal135,32,8,lower,0,0
diagonal135,32,8,midpoint,128,128
diagonal135,32,8,upper,255,255
diagonal135,32,8,lower,0,0
diagonal135,32,8,midpoint,128,128
diagonal135,32,8,upper,255,255
diagonal135,32,16,lower,-23,23
diagonal135,32,16,midpoint,41,41
diagonal135,32,16,upper,104,104
diagonal135,32,16,lower,-23,23
diagonal135,32,16,midpoint,41,41
diagonal135,32,16,upper,104,104
diagonal135,32,16,lower,0,0
diagonal135,32,16,midpoint,64,64
diagonal135,32,16,upper,127,127
diagonal135,32,16,lower,0,0
diagonal135,32,16,midpoint,64,64
diagonal135,32,16,upper,127,127
diagonal135,32,16,lower,0,0
diagonal135,32,16,midpoint,64,64
diagonal135,32,16,upper,127,127
diagonal135,32,16,lower,0,0
diagonal135,32,16,midpoint,64,64
diagonal135,32,16,upper,127,127
diagonal135,32,16,lower,0,0
diagonal135,32,16,midpoint,64,64
diagonal135,32,16,upper,127,127
diagonal135,32,16,lower,0,0
diagonal135,32,16,midpoint,64,64
diagonal135,32,16,upper,127,127
diagonal135,32,16,lower,0,0
diagonal135,32,16,midpoint,64,64
diagonal135,32,16,upper,127,127
diagonal135,32,16,lower,0,0
diagonal135,32,16,midpoint,64,64
diagonal135,32,16,upper,127,127
diagonal135,32,16,lower,0,0
diagonal135,32,16,midpoint,64,64
diagonal135,32,16,upper,127,127
diagonal135,32,16,lower,-23,23
diagonal135,32,16,midpoint,41,41
diagonal135,32,16,upper,104,104
diagonal135,32,16,lower,-23,23
diagonal135,32,16,midpoint,41,41
diagonal135,32,16,upper,104,104
diagonal135,32,16,lower,-23,23
diagonal135,32,16,midpoint,41,41
diagonal135,32,16,upper,104,104
diagonal135,32,16,lower,-23,23
diagonal135,32,16,midpoint,41,41
diagonal135,32,16,upper,104,104
diagonal135,32,16,lower,-23,23
diagonal135,32,16,midpoint,41,41
diagonal135,32,16,upper,104,104
diagonal135,32,16,lower,-23,23
diagonal135,32,16,midpoint,41,41
diagonal135,32,16,upper,104,104
diagonal135,32,16,lower,-23,23
diagonal135,32,16,midpoint,41,41
diagonal135,32,16,upper,104,104
diagonal135,32,16,lower,-23,23
diagonal135,32,16,midpoint,41,41
diagonal135,32,16,upper,104,104
diagonal135,32,16,lower,-23,23
diagonal135,32,16,midpoint,41,41
diagonal135,32,16,upper,104,104
diagonal135,32,16,lower,-23,23
diagonal135,32,16,midpoint,41,41
diagonal135,32,16,upper,104,104
diagonal135,32,16,lower,-23,23
diagonal135,32,16,midpoint,41,41
diagonal135,32,16,upper,104,104
diagonal135,32,16,lower,-23,23
diagonal135,32,16,midpoint,41,41
diagonal135,32,16,upper,104,104
diagonal135,32,16,lower,-23,23
diagonal135,32,16,midpoint,41,41
diagonal135,32,16,upper,104,104
diagonal135,32,16,lower,-23,23
diagonal135,32,16,midpoint,41,41
diagonal135,32,16,upper,104,104
diagonal135,32,16,lower,-23,23
diagonal135,32,16,midpoint,41,41
diagonal135,32,16,upper,104,104
diagonal135,32,16,lower,-23,23
diagonal135,32,16,midpoint,41,41
diagonal135,32,16,upper,104,104
diagonal135,32,16,lower,-23,23
diagonal135,32,16,midpoint,41,41
diagonal135,32,16,upper,104,104
diagonal135,32,16,lower,-23,23
diagonal135,32,16,midpoint,41,41
diagonal135,32,16,upper,104,104
diagonal135,32,16,lower,-23,23
diagonal135,32,16,midpoint,41,41
diagonal135,32,16,upper,104,104
diagonal135,32,16,lower,0,0
diagonal135,32,16,midpoint,64,64
diagonal135,32,16,upper,127,127
diagonal135,32,16,lower,0,0
diagonal135,32,16,midpoint,64,64
diagonal135,32,16,upper,127,127
diagonal135,32,16,lower,0,0
diagonal135,32,16,midpoint,64,64
diagonal135,32,16,upper,127,127
diagonal135,32,16,lower,0,0
diagonal135,32,16,midpoint,64,64
diagonal135,32,16,upper,127,127
diagonal135,32,32,lower,-23,23
diagonal135,32,32,midpoint,9,9
diagonal135,32,32,upper,40,40
diagonal135,32,32,lower,-23,23
diagonal135,32,32,midpoint,9,9
diagonal135,32,32,upper,40,40
diagonal135,32,32,lower,0,0
diagonal135,32,32,midpoint,32,32
diagonal135,32,32,upper,63,63
diagonal135,32,32,lower,0,0
diagonal135,32,32,midpoint,32,32
diagonal135,32,32,upper,63,63
diagonal135,32,32,lower,0,0
diagonal135,32,32,midpoint,32,32
diagonal135,32,32,upper,63,63
diagonal135,32,32,lower,0,0
diagonal135,32,32,midpoint,32,32
diagonal135,32,32,upper,63,63
diagonal135,32,32,lower,0,0
diagonal135,32,32,midpoint,32,32
diagonal135,32,32,upper,63,63
diagonal135,32,32,lower,0,0
diagonal135,32,32,midpoint,32,32
diagonal135,32,32,upper,63,63
diagonal135,32,32,lower,0,0
diagonal135,32,32,midpoint,32,32
diagonal135,32,32,upper,63,63
diagonal135,32,32,lower,0,0
diagonal135,32,32,midpoint,32,32
diagonal135,32,32,upper,63,63
diagonal135,32,32,lower,0,0
diagonal135,32,32,midpoint,32,32
diagonal135,32,32,upper,63,63
diagonal135,32,32,lower,-23,23
diagonal135,32,32,midpoint,9,9
diagonal135,32,32,upper,40,40
diagonal135,32,32,lower,-23,23
diagonal135,32,32,midpoint,9,9
diagonal135,32,32,upper,40,40
diagonal135,32,32,lower,-23,23
diagonal135,32,32,midpoint,9,9
diagonal135,32,32,upper,40,40
diagonal135,32,32,lower,-23,23
diagonal135,32,32,midpoint,9,9
diagonal135,32,32,upper,40,40
diagonal135,32,32,lower,-23,23
diagonal135,32,32,midpoint,9,9
diagonal135,32,32,upper,40,40
diagonal135,32,32,lower,-23,23
diagonal135,32,32,midpoint,9,9
diagonal135,32,32,upper,40,40
diagonal135,32,32,lower,-23,23
diagonal135,32,32,midpoint,9,9
diagonal135,32,32,upper,40,40
diagonal135,32,32,lower,-23,23
diagonal135,32,32,midpoint,9,9
diagonal135,32,32,upper,40,40
diagonal135,32,32,lower,-23,23
diagonal135,32,32,midpoint,9,9
diagonal135,32,32,upper,40,40
diagonal135,32,32,lower,-23,23
diagonal135,32,32,midpoint,9,9
diagonal135,32,32,upper,40,40
diagonal135,32,32,lower,-23,23
diagonal135,32,32,midpoint,9,9
diagonal135,32,32,upper,40,40
diagonal135,32,32,lower,-23,23
diagonal135,32,32,midpoint,9,9
diagonal135,32,32,upper,40,40
diagonal135,32,32,lower,-23,23
diagonal135,32,32,midpoint,9,9
diagonal135,32,32,upper,40,40
diagonal135,32,32,lower,-23,23
diagonal135,32,32,midpoint,9,9
diagonal135,32,32,upper,40,40
diagonal135,32,32,lower,-23,23
diagonal135,32,32,midpoint,9,9
diagonal135,32,32,upper,40,40
diagonal135,32,32,lower,-23,23
diagonal135,32,32,midpoint,9,9
diagonal135,32,32,upper,40,40
diagonal135,32,32,lower,-23,23
diagonal135,32,32,midpoint,9,9
diagonal135,32,32,upper,40,40
diagonal135,32,32,lower,-23,23
diagonal135,32,32,midpoint,9,9
diagonal135,32,32,upper,40,40
diagonal135,32,32,lower,-23,23
diagonal135,32,32,midpoint,9,9
diagonal135,32,32,upper,40,40
diagonal135,32,32,lower,0,0
diagonal135,32,32,midpoint,32,32
diagonal135,32,32,upper,63,63
diagonal135,32,32,lower,0,0
diagonal135,32,32,midpoint,32,32
diagonal135,32,32,upper,63,63
diagonal135,32,32,lower,0,0
diagonal135,32,32,midpoint,32,32
diagonal135,32,32,upper,63,63
diagonal135,32,32,lower,0,0
diagonal135,32,32,midpoint,32,32
diagonal135,32,32,upper,63,63
diagonal135,64,8,lower,-23,23
diagonal135,64,8,midpoint,105,105
diagonal135,64,8,upper,232,232
diagonal135,64,8,lower,-22,22
diagonal135,64,8,midpoint,106,106
diagonal135,64,8,upper,233,233
diagonal135,64,8,lower,0,0
diagonal135,64,8,midpoint,128,128
diagonal135,64,8,upper,255,255
diagonal135,64,8,lower,0,0
diagonal135,64,8,midpoint,128,128
diagonal135,64,8,upper,255,255
diagonal135,64,8,lower,0,0
diagonal135,64,8,midpoint,128,128
diagonal135,64,8,upper,255,255
diagonal135,64,8,lower,0,0
diagonal135,64,8,midpoint,128,128
diagonal135,64,8,upper,255,255
diagonal135,64,8,lower,-23,23
diagonal135,64,8,midpoint,105,105
diagonal135,64,8,upper,232,232
diagonal135,64,8,lower,-23,23
diagonal135,64,8,midpoint,105,105
diagonal135,64,8,upper,232,232
diagonal135,64,8,lower,-23,23
diagonal135,64,8,midpoint,105,105
diagonal135,64,8,upper,232,232
diagonal135,64,8,lower,-23,23
diagonal135,64,8,midpoint,105,105
diagonal135,64,8,upper,232,232
diagonal135,64,8,lower,-23,23
diagonal135,64,8,midpoint,105,105
diagonal135,64,8,upper,232,232
diagonal135,64,8,lower,-23,23
diagonal135,64,8,midpoint,105,105
diagonal135,64,8,upper,232,232
diagonal135,64,8,lower,-23,23
diagonal135,64,8,midpoint,105,105
diagonal135,64,8,upper,232,232
diagonal135,64,8,lower,-23,23
diagonal135,64,8,midpoint,105,105
diagonal135,64,8,upper,232,232
diagonal135,64,8,lower,-22,22
diagonal135,64,8,midpoint,106,106
diagonal135,64,8,upper,233,233
diagonal135,64,8,lower,0,0
diagonal135,64,8,midpoint,128,128
diagonal135,64,8,upper,255,255
diagonal135,64,8,lower,0,0
diagonal135,64,8,midpoint,128,128
diagonal135,64,8,upper,255,255
diagonal135,64,16,lower,-23,23
diagonal135,64,16,midpoint,41,41
diagonal135,64,16,upper,104,104
diagonal135,64,16,lower,-22,22
diagonal135,64,16,midpoint,42,42
diagonal135,64,16,upper,105,105
diagonal135,64,16,lower,0,0
diagonal135,64,16,midpoint,64,64
diagonal135,64,16,upper,127,127
diagonal135,64,16,lower,0,0
diagonal135,64,16,midpoint,64,64
diagonal135,64,16,upper,127,127
diagonal135,64,16,lower,0,0
diagonal135,64,16,midpoint,64,64
diagonal135,64,16,upper,127,127
diagonal135,64,16,lower,0,0
diagonal135,64,16,midpoint,64,64
diagonal135,64,16,upper,127,127
diagonal135,64,16,lower,-23,23
diagonal135,64,16,midpoint,41,41
diagonal135,64,16,upper,104,104
diagonal135,64,16,lower,-23,23
diagonal135,64,16,midpoint,41,41
diagonal135,64,16,upper,104,104
diagonal135,64,16,lower,-23,23
diagonal135,64,16,midpoint,41,41
diagonal135,64,16,upper,104,104
diagonal135,64,16,lower,-23,23
diagonal135,64,16,midpoint,41,41
diagonal135,64,16,upper,104,104
diagonal135,64,16,lower,-23,23
diagonal135,64,16,midpoint,41,41
diagonal135,64,16,upper,104,104
diagonal135,64,16,lower,-23,23
diagonal135,64,16,midpoint,41,41
diagonal135,64,16,upper,104,104
diagonal135,64,16,lower,-23,23
diagonal135,64,16,midpoint,41,41
diagonal135,64,16,upper,104,104
diagonal135,64,16,lower,-23,23
diagonal135,64,16,midpoint,41,41
diagonal135,64,16,upper,104,104
diagonal135,64,16,lower,-22,22
diagonal135,64,16,midpoint,42,42
diagonal135,64,16,upper,105,105
diagonal135,64,16,lower,0,0
diagonal135,64,16,midpoint,64,64
diagonal135,64,16,upper,127,127
diagonal135,64,16,lower,0,0
diagonal135,64,16,midpoint,64,64
diagonal135,64,16,upper,127,127
diagonal135,64,32,lower,-23,23
diagonal135,64,32,midpoint,9,9
diagonal135,64,32,upper,40,40
diagonal135,64,32,lower,-22,22
diagonal135,64,32,midpoint,10,10
diagonal135,64,32,upper,41,41
diagonal135,64,32,lower,0,0
diagonal135,64,32,midpoint,32,32
diagonal135,64,32,upper,63,63
diagonal135,64,32,lower,0,0
diagonal135,64,32,midpoint,32,32
diagonal135,64,32,upper,63,63
diagonal135,64,32,lower,0,0
diagonal135,64,32,midpoint,32,32
diagonal135,64,32,upper,63,63
diagonal135,64,32,lower,0,0
diagonal135,64,32,midpoint,32,32
diagonal135,64,32,upper,63,63
diagonal135,64,32,lower,-23,23
diagonal135,64,32,midpoint,9,9
diagonal135,64,32,upper,40,40
diagonal135,64,32,lower,-23,23
diagonal135,64,32,midpoint,9,9
diagonal135,64,32,upper,40,40
diagonal135,64,32,lower,-23,23
diagonal135,64,32,midpoint,9,9
diagonal135,64,32,upper,40,40
diagonal135,64,32,lower,-23,23
diagonal135,64,32,midpoint,9,9
diagonal135,64,32,upper,40,40
diagonal135,64,32,lower,-23,23
diagonal135,64,32,midpoint,9,9
diagonal135,64,32,upper,40,40
diagonal135,64,32,lower,-23,23
diagonal135,64,32,midpoint,9,9
diagonal135,64,32,upper,40,40
diagonal135,64,32,lower,-23,23
diagonal135,64,32,midpoint,9,9
diagonal135,64,32,upper,40,40
diagonal135,64,32,lower,-23,23
diagonal135,64,32,midpoint,9,9
diagonal135,64,32,upper,40,40
diagonal135,64,32,lower,-22,22
diagonal135,64,32,midpoint,10,10
diagonal135,64,32,upper,41,41
diagonal135,64,32,lower,0,0
diagonal135,64,32,midpoint,32,32
diagonal135,64,32,upper,63,63
diagonal135,64,32,lower,0,0
diagonal135,64,32,midpoint,32,32
diagonal135,64,32,upper,63,63
checkerboard,32,8,lower,0,0
checkerboard,32,8,midpoint,128,128
checkerboard,32,8,upper,255,255
checkerboard,32,8,lower,0,0
checkerboard,32,8,midpoint,128,128
checkerboard,32,8,upper,255,255
checkerboard,32,8,lower,0,0
checkerboard,32,8,midpoint,128,128
checkerboard,32,8,upper,255,255
checkerboard,32,8,lower,0,0
checkerboard,32,8,midpoint,128,128
checkerboard,32,8,upper,255,255
checkerboard,32,8,lower,0,0
checkerboard,32,8,midpoint,128,128
checkerboard,32,8,upper,255,255
checkerboard,32,8,lower,0,0
checkerboard,32,8,midpoint,128,128
checkerboard,32,8,upper,255,255
checkerboard,32,8,lower,0,0
checkerboard,32,8,midpoint,128,128
checkerboard,32,8,upper,255,255
checkerboard,32,8,lower,0,0
checkerboard,32,8,midpoint,128,128
checkerboard,32,8,upper,255,255
checkerboard,32,8,lower,0,0
checkerboard,32,8,midpoint,128,128
checkerboard,32,8,upper,255,255
checkerboard,32,8,lower,0,0
checkerboard,32,8,midpoint,128,128
checkerboard,32,8,upper,255,255
checkerboard,32,8,lower,0,0
checkerboard,32,8,midpoint,128,128
checkerboard,32,8,upper,255,255
checkerboard,32,8,lower,0,0
checkerboard,32,8,midpoint,128,128
checkerboard,32,8,upper,255,255
checkerboard,32,8,lower,0,0
checkerboard,32,8,midpoint,128,128
checkerboard,32,8,upper,255,255
checkerboard,32,8,lower,0,0
checkerboard,32,8,midpoint,128,128
checkerboard,32,8,upper,255,255
checkerboard,32,8,lower,0,0
checkerboard,32,8,midpoint,128,128
checkerboard,32,8,upper,255,255
checkerboard,32,8,lower,0,0
checkerboard,32,8,midpoint,128,128
checkerboard,32,8,upper,255,255
checkerboard,32,8,lower,0,0
checkerboard,32,8,midpoint,128,128
checkerboard,32,8,upper,255,255
checkerboard,32,8,lower,0,0
checkerboard,32,8,midpoint,128,128
checkerboard,32,8,upper,255,255
checkerboard,32,8,lower,0,0
checkerboard,32,8,midpoint,128,128
checkerboard,32,8,upper,255,255
checkerboard,32,8,lower,0,0
checkerboard,32,8,midpoint,128,128
checkerboard,32,8,upper,255,255
checkerboard,32,8,lower,0,0
checkerboard,32,8,midpoint,128,128
checkerboard,32,8,upper,255,255
checkerboard,32,8,lower,0,0
checkerboard,32,8,midpoint,128,128
checkerboard,32,8,upper,255,255
checkerboard,32,8,lower,0,0
checkerboard,32,8,midpoint,128,128
checkerboard,32,8,upper,255,255
checkerboard,32,8,lower,0,0
checkerboard,32,8,midpoint,128,128
checkerboard,32,8,upper,255,255
checkerboard,32,8,lower,0,0
checkerboard,32,8,midpoint,128,128
checkerboard,32,8,upper,255,255
checkerboard,32,8,lower,0,0
checkerboard,32,8,midpoint,128,128
checkerboard,32,8,upper,255,255
checkerboard,32,8,lower,0,0
checkerboard,32,8,midpoint,128,128
checkerboard,32,8,upper,255,255
checkerboard,32,8,lower,0,0
checkerboard,32,8,midpoint,128,128
checkerboard,32,8,upper,255,255
checkerboard,32,8,lower,0,0
checkerboard,32,8,midpoint,128,128
checkerboard,32,8,upper,255,255
checkerboard,32,8,lower,0,0
checkerboard,32,8,midpoint,128,128
checkerboard,32,8,upper,255,255
checkerboard,32,8,lower,0,0
checkerboard,32,8,midpoint,128,128
checkerboard,32,8,upper,255,255
checkerboard,32,8,lower,0,0
checkerboard,32,8,midpoint,128,128
checkerboard,32,8,upper,255,255
checkerboard,32,8,lower,0,0
checkerboard,32,8,midpoint,128,128
checkerboard,32,8,upper,255,255
checkerboard,32,8,lower,0,0
checkerboard,32,8,midpoint,128,128
checkerboard,32,8,upper,255,255
checkerboard,32,8,lower,0,0
checkerboard,32,8,midpoint,128,128
checkerboard,32,8,upper,255,255
checkerboard,32,8,lower,0,0
checkerboard,32,8,midpoint,128,128
checkerboard,32,8,upper,255,255
checkerboard,32,8,lower,0,0
checkerboard,32,8,midpoint,128,128
checkerboard,32,8,upper,255,255
checkerboard,32,8,lower,0,0
checkerboard,32,8,midpoint,128,128
checkerboard,32,8,upper,255,255
checkerboard,32,8,lower,0,0
checkerboard,32,8,midpoint,128,128
checkerboard,32,8,upper,255,255
checkerboard,32,8,lower,0,0
checkerboard,32,8,midpoint,128,128
checkerboard,32,8,upper,255,255
checkerboard,32,8,lower,0,0
checkerboard,32,8,midpoint,128,128
checkerboard,32,8,upper,255,255
checkerboard,32,8,lower,0,0
checkerboard,32,8,midpoint,128,128
checkerboard,32,8,upper,255,255
checkerboard,32,8,lower,0,0
checkerboard,32,8,midpoint,128,128
checkerboard,32,8,upper,255,255
checkerboard,32,8,lower,0,0
checkerboard,32,8,midpoint,128,128
checkerboard,32,8,upper,255,255
checkerboard,32,8,lower,0,0
checkerboard,32,8,midpoint,128,128
checkerboard,32,8,upper,255,255
checkerboard,32,8,lower,0,0
checkerboard,32,8,midpoint,128,128
checkerboard,32,8,upper,255,255
checkerboard,32,8,lower,0,0
checkerboard,32,8,midpoint,128,128
checkerboard,32,8,upper,255,255
checkerboard,32,8,lower,0,0
checkerboard,32,8,midpoint,128,128
checkerboard,32,8,upper,255,255
checkerboard,32,8,lower,0,0
checkerboard,32,8,midpoint,128,128
checkerboard,32,8,upper,255,255
checkerboard,32,8,lower,0,0
checkerboard,32,8,midpoint,128,128
checkerboard,32,8,upper,255,255
checkerboard,32,8,lower,0,0
checkerboard,32,8,midpoint,128,128
checkerboard,32,8,upper,255,255
checkerboard,32,8,lower,0,0
checkerboard,32,8,midpoint,128,128
checkerboard,32,8,upper,255,255
checkerboard,32,8,lower,0,0
checkerboard,32,8,midpoint,128,128
checkerboard,32,8,upper,255,255
checkerboard,32,8,lower,0,0
checkerboard,32,8,midpoint,128,128
checkerboard,32,8,upper,255,255
checkerboard,32,8,lower,0,0
checkerboard,32,8,midpoint,128,128
checkerboard,32,8,upper,255,255
checkerboard,32,8,lower,0,0
checkerboard,32,8,midpoint,128,128
checkerboard,32,8,upper,255,255
checkerboard,32,8,lower,0,0
checkerboard,32,8,midpoint,128,128
checkerboard,32,8,upper,255,255
checkerboard,32,8,lower,0,0
checkerboard,32,8,midpoint,128,128
checkerboard,32,8,upper,255,255
checkerboard,32,8,lower,0,0
checkerboard,32,8,midpoint,128,128
checkerboard,32,8,upper,255,255
checkerboard,32,8,lower,0,0
checkerboard,32,8,midpoint,128,128
checkerboard,32,8,upper,255,255
checkerboard,32,8,lower,0,0
checkerboard,32,8,midpoint,128,128
checkerboard,32,8,upper,255,255
checkerboard,32,8,lower,0,0
checkerboard,32,8,midpoint,128,128
checkerboard,32,8,upper,255,255
checkerboard,32,8,lower,0,0
checkerboard,32,8,midpoint,128,128
checkerboard,32,8,upper,255,255
checkerboard,32,8,lower,0,0
checkerboard,32,8,midpoint,128,128
checkerboard,32,8,upper,255,255
checkerboard,32,8,lower,0,0
checkerboard,32,8,midpoint,128,128
checkerboard,32,8,upper,255,255
checkerboard,32,8,lower,0,0
checkerboard,32,8,midpoint,128,128
checkerboard,32,8,upper,255,255
checkerboard,32,8,lower,0,0
checkerboard,32,8,midpoint,128,128
checkerboard,32,8,upper,255,255
checkerboard,32,8,lower,0,0
checkerboard,32,8,midpoint,128,128
checkerboard,32,8,upper,255,255
checkerboard,32,8,lower,0,0
checkerboard,32,8,midpoint,128,128
checkerboard,32,8,upper,255,255
checkerboard,32,8,lower,0,0
checkerboard,32,8,midpoint,128,128
checkerboard,32,8,upper,255,255
checkerboard,32,8,lower,0,0
checkerboard,32,8,midpoint,128,128
checkerboard,32,8,upper,255,255
checkerboard,32,8,lower,0,0
checkerboard,32,8,midpoint,128,128
checkerboard,32,8,upper,255,255
checkerboard,32,8,lower,0,0
checkerboard,32,8,midpoint,128,128
checkerboard,32,8,upper,255,255
checkerboard,32,8,lower,0,0
checkerboard,32,8,midpoint,128,128
checkerboard,32,8,upper,255,255
checkerboard,32,8,lower,0,0
checkerboard,32,8,midpoint,128,128
checkerboard,32,8,upper,255,255
checkerboard,32,8,lower,0,0
checkerboard,32,8,midpoint,128,128
checkerboard,32,8,upper,255,255
checkerboard,32,8,lower,0,0
checkerboard,32,8,midpoint,128,128
checkerboard,32,8,upper,255,255
checkerboard,32,8,lower,0,0
checkerboard,32,8,midpoint,128,128
checkerboard,32,8,upper,255,255
checkerboard,32,8,lower,0,0
checkerboard,32,8,midpoint,128,128
checkerboard,32,8,upper,255,255
checkerboard,32,8,lower,0,0
checkerboard,32,8,midpoint,128,128
checkerboard,32,8,upper,255,255
checkerboard,32,8,lower,0,0
checkerboard,32,8,midpoint,128,128
checkerboard,32,8,upper,255,255
checkerboard,32,8,lower,0,0
checkerboard,32,8,midpoint,128,128
checkerboard,32,8,upper,255,255
checkerboard,32,8,lower,0,0
checkerboard,32,8,midpoint,128,128
checkerboard,32,8,upper,255,255
checkerboard,32,8,lower,0,0
checkerboard,32,8,midpoint,128,128
checkerboard,32,8,upper,255,255
checkerboard,32,8,lower,0,0
checkerboard,32,8,midpoint,128,128
checkerboard,32,8,upper,255,255
checkerboard,32,8,lower,0,0
checkerboard,32,8,midpoint,128,128
checkerboard,32,8,upper,255,255
checkerboard,32,8,lower,0,0
checkerboard,32,8,midpoint,128,128
checkerboard,32,8,upper,255,255
checkerboard,32,8,lower,0,0
checkerboard,32,8,midpoint,128,128
checkerboard,32,8,upper,255,255
checkerboard,32,8,lower,0,0
checkerboard,32,8,midpoint,128,128
checkerboard,32,8,upper,255,255
checkerboard,32,8,lower,0,0
checkerboard,32,8,midpoint,128,128
checkerboard,32,8,upper,255,255
checkerboard,32,8,lower,0,0
checkerboard,32,8,midpoint,128,128
checkerboard,32,8,upper,255,255
checkerboard,32,8,lower,0,0
checkerboard,32,8,midpoint,128,128
checkerboard,32,8,upper,255,255
checkerboard,32,8,lower,0,0
checkerboard,32,8,midpoint,128,128
checkerboard,32,8,upper,255,255
checkerboard,32,8,lower,0,0
checkerboard,32,8,midpoint,128,128
checkerboard,32,8,upper,255,255
checkerboard,32,8,lower,0,0
checkerboard,32,8,midpoint,128,128
checkerboard,32,8,upper,255,255
checkerboard,32,8,lower,0,0
checkerboard,32,8,midpoint,128,128
checkerboard,32,8,upper,255,255
checkerboard,32,8,lower,0,0
checkerboard,32,8,midpoint,128,128
checkerboard,32,8,upper,255,255
checkerboard,32,8,lower,0,0
checkerboard,32,8,midpoint,128,128
checkerboard,32,8,upper,255,255
checkerboard,32,8,lower,0,0
checkerboard,32,8,midpoint,128,128
checkerboard,32,8,upper,255,255
checkerboard,32,8,lower,0,0
checkerboard,32,8,midpoint,128,128
checkerboard,32,8,upper,255,255
checkerboard,32,8,lower,0,0
checkerboard,32,8,midpoint,128,128
checkerboard,32,8,upper,255,255
checkerboard,32,8,lower,0,0
checkerboard,32,8,midpoint,128,128
checkerboard,32,8,upper,255,255
checkerboard,32,8,lower,0,0
checkerboard,32,8,midpoint,128,128
checkerboard,32,8,upper,255,255
checkerboard,32,8,lower,0,0
checkerboard,32,8,midpoint,128,128
checkerboard,32,8,upper,255,255
checkerboard,32,8,lower,0,0
checkerboard,32,8,midpoint,128,128
checkerboard,32,8,upper,255,255
checkerboard,32,8,lower,0,0
checkerboard,32,8,midpoint,128,128
checkerboard,32,8,upper,255,255
checkerboard,32,8,lower,0,0
checkerboard,32,8,midpoint,128,128
checkerboard,32,8,upper,255,255
checkerboard,32,8,lower,0,0
checkerboard,32,8,midpoint,128,128
checkerboard,32,8,upper,255,255
checkerboard,32,8,lower,0,0
checkerboard,32,8,midpoint,128,128
checkerboard,32,8,upper,255,255
checkerboard,32,8,lower,0,0
checkerboard,32,8,midpoint,128,128
checkerboard,32,8,upper,255,255
checkerboard,32,8,lower,0,0
checkerboard,32,8,midpoint,128,128
checkerboard,32,8,upper,255,255
checkerboard,32,8,lower,0,0
checkerboard,32,8,midpoint,128,128
checkerboard,32,8,upper,255,255
checkerboard,32,8,lower,0,0
checkerboard,32,8,midpoint,128,128
checkerboard,32,8,upper,255,255
checkerboard,32,8,lower,0,0
checkerboard,32,8,midpoint,128,128
checkerboard,32,8,upper,255,255
checkerboard,32,8,lower,0,0
checkerboard,32,8,midpoint,128,128
checkerboard,32,8,upper,255,255
checkerboard,32,8,lower,0,0
checkerboard,32,8,midpoint,128,128
checkerboard,32,8,upper,255,255
checkerboard,32,8,lower,0,0
checkerboard,32,8,midpoint,128,128
checkerboard,32,8,upper,255,255
checkerboard,32,8,lower,0,0
checkerboard,32,8,midpoint,128,128
checkerboard,32,8,upper,255,255
checkerboard,32,8,lower,0,0
checkerboard,32,8,midpoint,128,128
checkerboard,32,8,upper,255,255
checkerboard,32,8,lower,0,0
checkerboard,32,8,midpoint,128,128
checkerboard,32,8,upper,255,255
checkerboard,32,8,lower,0,0
checkerboard,32,8,midpoint,128,128
checkerboard,32,8,upper,255,255
checkerboard,32,8,lower,0,0
checkerboard,32,8,midpoint,128,128
checkerboard,32,8,upper,255,255
checkerboard,32,8,lower,0,0
checkerboard,32,8,midpoint,128,128
checkerboard,32,8,upper,255,255
checkerboard,32,8,lower,0,0
checkerboard,32,8,midpoint,128,128
checkerboard,32,8,upper,255,255
checkerboard,32,8,lower,0,0
checkerboard,32,8,midpoint,128,128
checkerboard,32,8,upper,255,255
checkerboard,32,8,lower,0,0
checkerboard,32,8,midpoint,128,128
checkerboard,32,8,upper,255,255
checkerboard,32,8,lower,0,0
checkerboard,32,8,midpoint,128,128
checkerboard,32,8,upper,255,255
checkerboard,32,8,lower,0,0
checkerboard,32,8,midpoint,128,128
checkerboard,32,8,upper,255,255
checkerboard,32,8,lower,0,0
checkerboard,32,8,midpoint,128,128
checkerboard,32,8,upper,255,255
checkerboard,32,8,lower,0,0
checkerboard,32,8,midpoint,128,128
checkerboard,32,8,upper,255,255
checkerboard,32,8,lower,0,0
checkerboard,32,8,midpoint,128,128
checkerboard,32,8,upper,255,255
checkerboard,32,8,lower,0,0
checkerboard,32,8,midpoint,128,128
checkerboard,32,8,upper,255,255
checkerboard,32,8,lower,0,0
checkerboard,32,8,midpoint,128,128
checkerboard,32,8,upper,255,255
checkerboard,32,8,lower,0,0
checkerboard,32,8,midpoint,128,128
checkerboard,32,8,upper,255,255
checkerboard,32,8,lower,0,0
checkerboard,32,8,midpoint,128,128
checkerboard,32,8,upper,255,255
checkerboard,32,8,lower,0,0
checkerboard,32,8,midpoint,128,128
checkerboard,32,8,upper,255,255
checkerboard,32,8,lower,0,0
checkerboard,32,8,midpoint,128,128
checkerboard,32,8,upper,255,255
checkerboard,32,8,lower,0,0
checkerboard,32,8,midpoint,128,128
checkerboard,32,8,upper,255,255
checkerboard,32,8,lower,0,0
checkerboard,32,8,midpoint,128,128
checkerboard,32,8,upper,255,255
checkerboard,32,8,lower,0,0
checkerboard,32,8,midpoint,128,128
checkerboard,32,8,upper,255,255
checkerboard,32,8,lower,0,0
checkerboard,32,8,midpoint,128,128
checkerboard,32,8,upper,255,255
checkerboard,32,8,lower,0,0
checkerboard,32,8,midpoint,128,128
checkerboard,32,8,upper,255,255
checkerboard,32,8,lower,0,0
checkerboard,32,8,midpoint,128,128
checkerboard,32,8,upper,255,255
checkerboard,32,8,lower,0,0
checkerboard,32,8,midpoint,128,128
checkerboard,32,8,upper,255,255
checkerboard,32,8,lower,0,0
checkerboard,32,8,midpoint,128,128
checkerboard,32,8,upper,255,255
checkerboard,32,8,lower,0,0
checkerboard,32,8,midpoint,128,128
checkerboard,32,8,upper,255,255
checkerboard,32,8,lower,0,0
checkerboard,32,8,midpoint,128,128
checkerboard,32,8,upper,255,255
checkerboard,32,8,lower,0,0
checkerboard,32,8,midpoint,128,128
checkerboard,32,8,upper,255,255
checkerboard,32,8,lower,0,0
checkerboard,32,8,midpoint,128,128
checkerboard,32,8,upper,255,255
checkerboard,32,8,lower,0,0
checkerboard,32,8,midpoint,128,128
checkerboard,32,8,upper,255,255
checkerboard,32,8,lower,0,0
checkerboard,32,8,midpoint,128,128
checkerboard,32,8,upper,255,255
checkerboard,32,8,lower,0,0
checkerboard,32,8,midpoint,128,128
checkerboard,32,8,upper,255,255
checkerboard,32,8,lower,0,0
checkerboard,32,8,midpoint,128,128
checkerboard,32,8,upper,255,255
checkerboard,32,8,lower,0,0
checkerboard,32,8,midpoint,128,128
checkerboard,32,8,upper,255,255
checkerboard,32,8,lower,0,0
checkerboard,32,8,midpoint,128,128
checkerboard,32,8,upper,255,255
checkerboard,32,8,lower,0,0
checkerboard,32,8,midpoint,128,128
checkerboard,32,8,upper,255,255
checkerboard,32,8,lower,0,0
checkerboard,32,8,midpoint,128,128
checkerboard,32,8,upper,255,255
checkerboard,32,8,lower,0,0
checkerboard,32,8,midpoint,128,128
checkerboard,32,8,upper,255,255
checkerboard,32,8,lower,0,0
checkerboard,32,8,midpoint,128,128
checkerboard,32,8,upper,255,255
checkerboard,32,8,lower,0,0
checkerboard,32,8,midpoint,128,128
checkerboard,32,8,upper,255,255
checkerboard,32,8,lower,0,0
checkerboard,32,8,midpoint,128,128
checkerboard,32,8,upper,255,255
checkerboard,32,8,lower,0,0
checkerboard,32,8,midpoint,128,128
checkerboard,32,8,upper,255,255
checkerboard,32,8,lower,0,0
checkerboard,32,8,midpoint,128,128
checkerboard,32,8,upper,255,255
checkerboard,32,8,lower,0,0
checkerboard,32,8,midpoint,128,128
checkerboard,32,8,upper,255,255
checkerboard,32,8,lower,0,0
checkerboard,32,8,midpoint,128,128
checkerboard,32,8,upper,255,255
checkerboard,32,8,lower,0,0
checkerboard,32,8,midpoint,128,128
checkerboard,32,8,upper,255,255
checkerboard,32,8,lower,0,0
checkerboard,32,8,midpoint,128,128
checkerboard,32,8,upper,255,255
checkerboard,32,8,lower,0,0
checkerboard,32,8,midpoint,128,128
checkerboard,32,8,upper,255,255
checkerboard,32,8,lower,0,0
checkerboard,32,8,midpoint,128,128
checkerboard,32,8,upper,255,255
checkerboard,32,8,lower,0,0
checkerboard,32,8,midpoint,128,128
checkerboard,32,8,upper,255,255
checkerboard,32,8,lower,0,0
checkerboard,32,8,midpoint,128,128
checkerboard,32,8,upper,255,255
checkerboard,32,8,lower,0,0
checkerboard,32,8,midpoint,128,128
checkerboard,32,8,upper,255,255
checkerboard,32,8,lower,0,0
checkerboard,32,8,midpoint,128,128
checkerboard,32,8,upper,255,255
checkerboard,32,8,lower,0,0
checkerboard,32,8,midpoint,128,128
checkerboard,32,8,upper,255,255
checkerboard,32,8,lower,0,0
checkerboard,32,8,midpoint,128,128
checkerboard,32,8,upper,255,255
checkerboard,32,8,lower,0,0
checkerboard,32,8,midpoint,128,128
checkerboard,32,8,upper,255,255
checkerboard,32,8,lower,0,0
checkerboard,32,8,midpoint,128,128
checkerboard,32,8,upper,255,255
checkerboard,32,8,lower,0,0
checkerboard,32,8,midpoint,128,128
checkerboard,32,8,upper,255,255
checkerboard,32,8,lower,0,0
checkerboard,32,8,midpoint,128,128
checkerboard,32,8,upper,255,255
checkerboard,32,8,lower,0,0
checkerboard,32,8,midpoint,128,128
checkerboard,32,8,upper,255,255
checkerboard,32,8,lower,0,0
checkerboard,32,8,midpoint,128,128
checkerboard,32,8,upper,255,255
checkerboard,32,8,lower,0,0
checkerboard,32,8,midpoint,128,128
checkerboard,32,8,upper,255,255
checkerboard,32,8,lower,0,0
checkerboard,32,8,midpoint,128,128
checkerboard,32,8,upper,255,255
checkerboard,32,8,lower,0,0
checkerboard,32,8,midpoint,128,128
checkerboard,32,8,upper,255,255
checkerboard,32,8,lower,0,0
checkerboard,32,8,midpoint,128,128
checkerboard,32,8,upper,255,255
checkerboard,32,8,lower,0,0
checkerboard,32,8,midpoint,128,128
checkerboard,32,8,upper,255,255
checkerboard,32,8,lower,0,0
checkerboard,32,8,midpoint,128,128
checkerboard,32,8,upper,255,255
checkerboard,32,8,lower,0,0
checkerboard,32,8,midpoint,128,128
checkerboard,32,8,upper,255,255
checkerboard,32,8,lower,0,0
checkerboard,32,8,midpoint,128,128
checkerboard,32,8,upper,255,255
checkerboard,32,8,lower,0,0
checkerboard,32,8,midpoint,128,128
checkerboard,32,8,upper,255,255
checkerboard,32,8,lower,0,0
checkerboard,32,8,midpoint,128,128
checkerboard,32,8,upper,255,255
checkerboard,32,8,lower,0,0
checkerboard,32,8,midpoint,128,128
checkerboard,32,8,upper,255,255
checkerboard,32,8,lower,0,0
checkerboard,32,8,midpoint,128,128
checkerboard,32,8,upper,255,255
checkerboard,32,8,lower,0,0
checkerboard,32,8,midpoint,128,128
checkerboard,32,8,upper,255,255
checkerboard,32,8,lower,0,0
checkerboard,32,8,midpoint,128,128
checkerboard,32,8,upper,255,255
checkerboard,32,8,lower,0,0
checkerboard,32,8,midpoint,128,128
checkerboard,32,8,upper,255,255
checkerboard,32,8,lower,0,0
checkerboard,32,8,midpoint,128,128
checkerboard,32,8,upper,255,255
checkerboard,32,8,lower,0,0
checkerboard,32,8,midpoint,128,128
checkerboard,32,8,upper,255,255
checkerboard,32,8,lower,0,0
checkerboard,32,8,midpoint,128,128
checkerboard,32,8,upper,255,255
checkerboard,32,8,lower,0,0
checkerboard,32,8,midpoint,128,128
checkerboard,32,8,upper,255,255
checkerboard,32,8,lower,0,0
checkerboard,32,8,midpoint,128,128
checkerboard,32,8,upper,255,255
checkerboard,32,8,lower,0,0
checkerboard,32,8,midpoint,128,128
checkerboard,32,8,upper,255,255
checkerboard,32,8,lower,0,0
checkerboard,32,8,midpoint,128,128
checkerboard,32,8,upper,255,255
checkerboard,32,8,lower,0,0
checkerboard,32,8,midpoint,128,128
checkerboard,32,8,upper,255,255
checkerboard,32,8,lower,0,0
checkerboard,32,8,midpoint,128,128
checkerboard,32,8,upper,255,255
checkerboard,32,8,lower,0,0
checkerboard,32,8,midpoint,128,128
checkerboard,32,8,upper,255,255
checkerboard,32,8,lower,0,0
checkerboard,32,8,midpoint,128,128
checkerboard,32,8,upper,255,255
checkerboard,32,8,lower,0,0
checkerboard,32,8,midpoint,128,128
checkerboard,32,8,upper,255,255
checkerboard,32,8,lower,0,0
checkerboard,32,8,midpoint,128,128
checkerboard,32,8,upper,255,255
checkerboard,32,8,lower,0,0
checkerboard,32,8,midpoint,128,128
checkerboard,32,8,upper,255,255
checkerboard,32,8,lower,0,0
checkerboard,32,8,midpoint,128,128
checkerboard,32,8,upper,255,255
checkerboard,32,8,lower,0,0
checkerboard,32,8,midpoint,128,128
checkerboard,32,8,upper,255,255
checkerboard,32,8,lower,0,0
checkerboard,32,8,midpoint,128,128
checkerboard,32,8,upper,255,255
checkerboard,32,8,lower,0,0
checkerboard,32,8,midpoint,128,128
checkerboard,32,8,upper,255,255
checkerboard,32,8,lower,0,0
checkerboard,32,8,midpoint,128,128
checkerboard,32,8,upper,255,255
checkerboard,32,8,lower,0,0
checkerboard,32,8,midpoint,128,128
checkerboard,32,8,upper,255,255
checkerboard,32,8,lower,0,0
checkerboard,32,8,midpoint,128,128
checkerboard,32,8,upper,255,255
checkerboard,32,8,lower,0,0
checkerboard,32,8,midpoint,128,128
checkerboard,32,8,upper,255,255
checkerboard,32,8,lower,0,0
checkerboard,32,8,midpoint,128,128
checkerboard,32,8,upper,255,255
checkerboard,32,8,lower,0,0
checkerboard,32,8,midpoint,128,128
checkerboard,32,8,upper,255,255
checkerboard,32,8,lower,0,0
checkerboard,32,8,midpoint,128,128
checkerboard,32,8,upper,255,255
checkerboard,32,8,lower,0,0
checkerboard,32,8,midpoint,128,128
checkerboard,32,8,upper,255,255
checkerboard,32,8,lower,0,0
checkerboard,32,8,midpoint,128,128
checkerboard,32,8,upper,255,255
checkerboard,32,8,lower,0,0
checkerboard,32,8,midpoint,128,128
checkerboard,32,8,upper,255,255
checkerboard,32,8,lower,0,0
checkerboard,32,8,midpoint,128,128
checkerboard,32,8,upper,255,255
checkerboard,32,8,lower,0,0
checkerboard,32,8,midpoint,128,128
checkerboard,32,8,upper,255,255
checkerboard,32,8,lower,0,0
checkerboard,32,8,midpoint,128,128
checkerboard,32,8,upper,255,255
checkerboard,32,8,lower,0,0
checkerboard,32,8,midpoint,128,128
checkerboard,32,8,upper,255,255
checkerboard,32,8,lower,0,0
checkerboard,32,8,midpoint,128,128
checkerboard,32,8,upper,255,255
checkerboard,32,8,lower,0,0
checkerboard,32,8,midpoint,128,128
checkerboard,32,8,upper,255,255
checkerboard,32,8,lower,0,0
checkerboard,32,8,midpoint,128,128
checkerboard,32,8,upper,255,255
checkerboard,32,8,lower,0,0
checkerboard,32,8,midpoint,128,128
checkerboard,32,8,upper,255,255
checkerboard,32,8,lower,0,0
checkerboard,32,8,midpoint,128,128
checkerboard,32,8,upper,255,255
checkerboard,32,8,lower,0,0
checkerboard,32,8,midpoint,128,128
checkerboard,32,8,upper,255,255
checkerboard,32,8,lower,0,0
checkerboard,32,8,midpoint,128,128
checkerboard,32,8,upper,255,255
checkerboard,32,8,lower,0,0
checkerboard,32,8,midpoint,128,128
checkerboard,32,8,upper,255,255
checkerboard,32,8,lower,0,0
checkerboard,32,8,midpoint,128,128
checkerboard,32,8,upper,255,255
checkerboard,32,8,lower,0,0
checkerboard,32,8,midpoint,128,128
checkerboard,32,8,upper,255,255
checkerboard,32,8,lower,0,0
checkerboard,32,8,midpoint,128,128
checkerboard,32,8,upper,255,255
checkerboard,32,8,lower,0,0
checkerboard,32,8,midpoint,128,128
checkerboard,32,8,upper,255,255
checkerboard,32,8,lower,0,0
checkerboard,32,8,midpoint,128,128
checkerboard,32,8,upper,255,255
checkerboard,32,8,lower,0,0
checkerboard,32,8,midpoint,128,128
checkerboard,32,8,upper,255,255
checkerboard,32,8,lower,0,0
checkerboard,32,8,midpoint,128,128
checkerboard,32,8,upper,255,255
checkerboard,32,8,lower,0,0
checkerboard,32,8,midpoint,128,128
checkerboard,32,8,upper,255,255
checkerboard,32,8,lower,0,0
checkerboard,32,8,midpoint,128,128
checkerboard,32,8,upper,255,255
checkerboard,32,8,lower,0,0
checkerboard,32,8,midpoint,128,128
checkerboard,32,8,upper,255,255
checkerboard,32,8,lower,0,0
checkerboard,32,8,midpoint,128,128
checkerboard,32,8,upper,255,255
checkerboard,32,8,lower,0,0
checkerboard,32,8,midpoint,128,128
checkerboard,32,8,upper,255,255
checkerboard,32,8,lower,0,0
checkerboard,32,8,midpoint,128,128
checkerboard,32,8,upper,255,255
checkerboard,32,8,lower,0,0
checkerboard,32,8,midpoint,128,128
checkerboard,32,8,upper,255,255
checkerboard,32,8,lower,0,0
checkerboard,32,8,midpoint,128,128
checkerboard,32,8,upper,255,255
checkerboard,32,8,lower,0,0
checkerboard,32,8,midpoint,128,128
checkerboard,32,8,upper,255,255
checkerboard,32,8,lower,0,0
checkerboard,32,8,midpoint,128,128
checkerboard,32,8,upper,255,255
checkerboard,32,8,lower,0,0
checkerboard,32,8,midpoint,128,128
checkerboard,32,8,upper,255,255
checkerboard,32,8,lower,0,0
checkerboard,32,8,midpoint,128,128
checkerboard,32,8,upper,255,255
checkerboard,32,8,lower,0,0
checkerboard,32,8,midpoint,128,128
checkerboard,32,8,upper,255,255
checkerboard,32,8,lower,0,0
checkerboard,32,8,midpoint,128,128
checkerboard,32,8,upper,255,255
checkerboard,32,8,lower,0,0
checkerboard,32,8,midpoint,128,128
checkerboard,32,8,upper,255,255
checkerboard,32,8,lower,0,0
checkerboard,32,8,midpoint,128,128
checkerboard,32,8,upper,255,255
checkerboard,32,8,lower,0,0
checkerboard,32,8,midpoint,128,128
checkerboard,32,8,upper,255,255
checkerboard,32,8,lower,0,0
checkerboard,32,8,midpoint,128,128
checkerboard,32,8,upper,255,255
checkerboard,32,8,lower,0,0
checkerboard,32,8,midpoint,128,128
checkerboard,32,8,upper,255,255
checkerboard,32,8,lower,0,0
checkerboard,32,8,midpoint,128,128
checkerboard,32,8,upper,255,255
checkerboard,32,8,lower,0,0
checkerboard,32,8,midpoint,128,128
checkerboard,32,8,upper,255,255
checkerboard,32,8,lower,0,0
checkerboard,32,8,midpoint,128,128
checkerboard,32,8,upper,255,255
checkerboard,32,8,lower,0,0
checkerboard,32,8,midpoint,128,128
checkerboard,32,8,upper,255,255
checkerboard,32,8,lower,0,0
checkerboard,32,8,midpoint,128,128
checkerboard,32,8,upper,255,255
checkerboard,32,8,lower,0,0
checkerboard,32,8,midpoint,128,128
checkerboard,32,8,upper,255,255
checkerboard,32,8,lower,0,0
checkerboard,32,8,midpoint,128,128
checkerboard,32,8,upper,255,255
checkerboard,32,8,lower,0,0
checkerboard,32,8,midpoint,128,128
checkerboard,32,8,upper,255,255
checkerboard,32,8,lower,0,0
checkerboard,32,8,midpoint,128,128
checkerboard,32,8,upper,255,255
checkerboard,32,8,lower,0,0
checkerboard,32,8,midpoint,128,128
checkerboard,32,8,upper,255,255
checkerboard,32,8,lower,0,0
checkerboard,32,8,midpoint,128,128
checkerboard,32,8,upper,255,255
checkerboard,32,8,lower,0,0
checkerboard,32,8,midpoint,128,128
checkerboard,32,8,upper,255,255
checkerboard,32,8,lower,0,0
checkerboard,32,8,midpoint,128,128
checkerboard,32,8,upper,255,255
checkerboard,32,8,lower,0,0
checkerboard,32,8,midpoint,128,128
checkerboard,32,8,upper,255,255
checkerboard,32,8,lower,0,0
checkerboard,32,8,midpoint,128,128
checkerboard,32,8,upper,255,255
checkerboard,32,8,lower,0,0
checkerboard,32,8,midpoint,128,128
checkerboard,32,8,upper,255,255
checkerboard,32,8,lower,0,0
checkerboard,32,8,midpoint,128,128
checkerboard,32,8,upper,255,255
checkerboard,32,8,lower,0,0
checkerboard,32,8,midpoint,128,128
checkerboard,32,8,upper,255,255
checkerboard,32,8,lower,0,0
checkerboard,32,8,midpoint,128,128
checkerboard,32,8,upper,255,255
checkerboard,32,8,lower,0,0
checkerboard,32,8,midpoint,128,128
checkerboard,32,8,upper,255,255
checkerboard,32,8,lower,0,0
checkerboard,32,8,midpoint,128,128
checkerboard,32,8,upper,255,255
checkerboard,32,8,lower,0,0
checkerboard,32,8,midpoint,128,128
checkerboard,32,8,upper,255,255
checkerboard,32,8,lower,0,0
checkerboard,32,8,midpoint,128,128
checkerboard,32,8,upper,255,255
checkerboard,32,8,lower,0,0
checkerboard,32,8,midpoint,128,128
checkerboard,32,8,upper,255,255
checkerboard,32,8,lower,0,0
checkerboard,32,8,midpoint,128,128
checkerboard,32,8,upper,255,255
checkerboard,32,8,lower,0,0
checkerboard,32,8,midpoint,128,128
checkerboard,32,8,upper,255,255
checkerboard,32,8,lower,0,0
checkerboard,32,8,midpoint,128,128
checkerboard,32,8,upper,255,255
checkerboard,32,8,lower,0,0
checkerboard,32,8,midpoint,128,128
checkerboard,32,8,upper,255,255
checkerboard,32,8,lower,0,0
checkerboard,32,8,midpoint,128,128
checkerboard,32,8,upper,255,255
checkerboard,32,8,lower,0,0
checkerboard,32,8,midpoint,128,128
checkerboard,32,8,upper,255,255
checkerboard,32,8,lower,0,0
checkerboard,32,8,midpoint,128,128
checkerboard,32,8,upper,255,255
checkerboard,32,8,lower,0,0
checkerboard,32,8,midpoint,128,128
checkerboard,32,8,upper,255,255
checkerboard,32,8,lower,0,0
checkerboard,32,8,midpoint,128,128
checkerboard,32,8,upper,255,255
checkerboard,32,8,lower,0,0
checkerboard,32,8,midpoint,128,128
checkerboard,32,8,upper,255,255
checkerboard,32,8,lower,0,0
checkerboard,32,8,midpoint,128,128
checkerboard,32,8,upper,255,255
checkerboard,32,8,lower,0,0
checkerboard,32,8,midpoint,128,128
checkerboard,32,8,upper,255,255
checkerboard,32,8,lower,0,0
checkerboard,32,8,midpoint,128,128
checkerboard,32,8,upper,255,255
checkerboard,32,8,lower,0,0
checkerboard,32,8,midpoint,128,128
checkerboard,32,8,upper,255,255
checkerboard,32,16,lower,0,0
checkerboard,32,16,midpoint,64,64
checkerboard,32,16,upper,127,127
checkerboard,32,16,lower,0,0
checkerboard,32,16,midpoint,64,64
checkerboard,32,16,upper,127,127
checkerboard,32,16,lower,0,0
checkerboard,32,16,midpoint,64,64
checkerboard,32,16,upper,127,127
checkerboard,32,16,lower,0,0
checkerboard,32,16,midpoint,64,64
checkerboard,32,16,upper,127,127
checkerboard,32,16,lower,0,0
checkerboard,32,16,midpoint,64,64
checkerboard,32,16,upper,127,127
checkerboard,32,16,lower,0,0
checkerboard,32,16,midpoint,64,64
checkerboard,32,16,upper,127,127
checkerboard,32,16,lower,0,0
checkerboard,32,16,midpoint,64,64
checkerboard,32,16,upper,127,127
checkerboard,32,16,lower,0,0
checkerboard,32,16,midpoint,64,64
checkerboard,32,16,upper,127,127
checkerboard,32,16,lower,0,0
checkerboard,32,16,midpoint,64,64
checkerboard,32,16,upper,127,127
checkerboard,32,16,lower,0,0
checkerboard,32,16,midpoint,64,64
checkerboard,32,16,upper,127,127
checkerboard,32,16,lower,0,0
checkerboard,32,16,midpoint,64,64
checkerboard,32,16,upper,127,127
checkerboard,32,16,lower,0,0
checkerboard,32,16,midpoint,64,64
checkerboard,32,16,upper,127,127
checkerboard,32,16,lower,0,0
checkerboard,32,16,midpoint,64,64
checkerboard,32,16,upper,127,127
checkerboard,32,16,lower,0,0
checkerboard,32,16,midpoint,64,64
checkerboard,32,16,upper,127,127
checkerboard,32,16,lower,0,0
checkerboard,32,16,midpoint,64,64
checkerboard,32,16,upper,127,127
checkerboard,32,16,lower,0,0
checkerboard,32,16,midpoint,64,64
checkerboard,32,16,upper,127,127
checkerboard,32,16,lower,0,0
checkerboard,32,16,midpoint,64,64
checkerboard,32,16,upper,127,127
checkerboard,32,16,lower,0,0
checkerboard,32,16,midpoint,64,64
checkerboard,32,16,upper,127,127
checkerboard,32,16,lower,0,0
checkerboard,32,16,midpoint,64,64
checkerboard,32,16,upper,127,127
checkerboard,32,16,lower,0,0
checkerboard,32,16,midpoint,64,64
checkerboard,32,16,upper,127,127
checkerboard,32,16,lower,0,0
checkerboard,32,16,midpoint,64,64
checkerboard,32,16,upper,127,127
checkerboard,32,16,lower,0,0
checkerboard,32,16,midpoint,64,64
checkerboard,32,16,upper,127,127
checkerboard,32,16,lower,0,0
checkerboard,32,16,midpoint,64,64
checkerboard,32,16,upper,127,127
checkerboard,32,16,lower,0,0
checkerboard,32,16,midpoint,64,64
checkerboard,32,16,upper,127,127
checkerboard,32,16,lower,0,0
checkerboard,32,16,midpoint,64,64
checkerboard,32,16,upper,127,127
checkerboard,32,16,lower,0,0
checkerboard,32,16,midpoint,64,64
checkerboard,32,16,upper,127,127
checkerboard,32,16,lower,0,0
checkerboard,32,16,midpoint,64,64
checkerboard,32,16,upper,127,127
checkerboard,32,16,lower,0,0
checkerboard,32,16,midpoint,64,64
checkerboard,32,16,upper,127,127
checkerboard,32,16,lower,0,0
checkerboard,32,16,midpoint,64,64
checkerboard,32,16,upper,127,127
checkerboard,32,16,lower,0,0
checkerboard,32,16,midpoint,64,64
checkerboard,32,16,upper,127,127
checkerboard,32,16,lower,0,0
checkerboard,32,16,midpoint,64,64
checkerboard,32,16,upper,127,127
checkerboard,32,16,lower,0,0
checkerboard,32,16,midpoint,64,64
checkerboard,32,16,upper,127,127
checkerboard,32,16,lower,0,0
checkerboard,32,16,midpoint,64,64
checkerboard,32,16,upper,127,127
checkerboard,32,16,lower,0,0
checkerboard,32,16,midpoint,64,64
checkerboard,32,16,upper,127,127
checkerboard,32,16,lower,0,0
checkerboard,32,16,midpoint,64,64
checkerboard,32,16,upper,127,127
checkerboard,32,16,lower,0,0
checkerboard,32,16,midpoint,64,64
checkerboard,32,16,upper,127,127
checkerboard,32,16,lower,0,0
checkerboard,32,16,midpoint,64,64
checkerboard,32,16,upper,127,127
checkerboard,32,16,lower,0,0
checkerboard,32,16,midpoint,64,64
checkerboard,32,16,upper,127,127
checkerboard,32,16,lower,0,0
checkerboard,32,16,midpoint,64,64
checkerboard,32,16,upper,127,127
checkerboard,32,16,lower,0,0
checkerboard,32,16,midpoint,64,64
checkerboard,32,16,upper,127,127
checkerboard,32,16,lower,0,0
checkerboard,32,16,midpoint,64,64
checkerboard,32,16,upper,127,127
checkerboard,32,16,lower,0,0
checkerboard,32,16,midpoint,64,64
checkerboard,32,16,upper,127,127
checkerboard,32,16,lower,0,0
checkerboard,32,16,midpoint,64,64
checkerboard,32,16,upper,127,127
checkerboard,32,16,lower,0,0
checkerboard,32,16,midpoint,64,64
checkerboard,32,16,upper,127,127
checkerboard,32,16,lower,0,0
checkerboard,32,16,midpoint,64,64
checkerboard,32,16,upper,127,127
checkerboard,32,16,lower,0,0
checkerboard,32,16,midpoint,64,64
checkerboard,32,16,upper,127,127
checkerboard,32,16,lower,0,0
checkerboard,32,16,midpoint,64,64
checkerboard,32,16,upper,127,127
checkerboard,32,16,lower,0,0
checkerboard,32,16,midpoint,64,64
checkerboard,32,16,upper,127,127
checkerboard,32,16,lower,0,0
checkerboard,32,16,midpoint,64,64
checkerboard,32,16,upper,127,127
checkerboard,32,16,lower,0,0
checkerboard,32,16,midpoint,64,64
checkerboard,32,16,upper,127,127
checkerboard,32,16,lower,0,0
checkerboard,32,16,midpoint,64,64
checkerboard,32,16,upper,127,127
checkerboard,32,16,lower,0,0
checkerboard,32,16,midpoint,64,64
checkerboard,32,16,upper,127,127
checkerboard,32,16,lower,0,0
checkerboard,32,16,midpoint,64,64
checkerboard,32,16,upper,127,127
checkerboard,32,16,lower,0,0
checkerboard,32,16,midpoint,64,64
checkerboard,32,16,upper,127,127
checkerboard,32,16,lower,0,0
checkerboard,32,16,midpoint,64,64
checkerboard,32,16,upper,127,127
checkerboard,32,16,lower,0,0
checkerboard,32,16,midpoint,64,64
checkerboard,32,16,upper,127,127
checkerboard,32,16,lower,0,0
checkerboard,32,16,midpoint,64,64
checkerboard,32,16,upper,127,127
checkerboard,32,16,lower,0,0
checkerboard,32,16,midpoint,64,64
checkerboard,32,16,upper,127,127
checkerboard,32,16,lower,0,0
checkerboard,32,16,midpoint,64,64
checkerboard,32,16,upper,127,127
checkerboard,32,16,lower,0,0
checkerboard,32,16,midpoint,64,64
checkerboard,32,16,upper,127,127
checkerboard,32,16,lower,0,0
checkerboard,32,16,midpoint,64,64
checkerboard,32,16,upper,127,127
checkerboard,32,16,lower,0,0
checkerboard,32,16,midpoint,64,64
checkerboard,32,16,upper,127,127
checkerboard,32,16,lower,0,0
checkerboard,32,16,midpoint,64,64
checkerboard,32,16,upper,127,127
checkerboard,32,16,lower,0,0
checkerboard,32,16,midpoint,64,64
checkerboard,32,16,upper,127,127
checkerboard,32,16,lower,0,0
checkerboard,32,16,midpoint,64,64
checkerboard,32,16,upper,127,127
checkerboard,32,16,lower,0,0
checkerboard,32,16,midpoint,64,64
checkerboard,32,16,upper,127,127
checkerboard,32,16,lower,0,0
checkerboard,32,16,midpoint,64,64
checkerboard,32,16,upper,127,127
checkerboard,32,16,lower,0,0
checkerboard,32,16,midpoint,64,64
checkerboard,32,16,upper,127,127
checkerboard,32,16,lower,0,0
checkerboard,32,16,midpoint,64,64
checkerboard,32,16,upper,127,127
checkerboard,32,16,lower,0,0
checkerboard,32,16,midpoint,64,64
checkerboard,32,16,upper,127,127
checkerboard,32,16,lower,0,0
checkerboard,32,16,midpoint,64,64
checkerboard,32,16,upper,127,127
checkerboard,32,16,lower,0,0
checkerboard,32,16,midpoint,64,64
checkerboard,32,16,upper,127,127
checkerboard,32,16,lower,0,0
checkerboard,32,16,midpoint,64,64
checkerboard,32,16,upper,127,127
checkerboard,32,16,lower,0,0
checkerboard,32,16,midpoint,64,64
checkerboard,32,16,upper,127,127
checkerboard,32,16,lower,0,0
checkerboard,32,16,midpoint,64,64
checkerboard,32,16,upper,127,127
checkerboard,32,16,lower,0,0
checkerboard,32,16,midpoint,64,64
checkerboard,32,16,upper,127,127
checkerboard,32,16,lower,0,0
checkerboard,32,16,midpoint,64,64
checkerboard,32,16,upper,127,127
checkerboard,32,16,lower,0,0
checkerboard,32,16,midpoint,64,64
checkerboard,32,16,upper,127,127
checkerboard,32,16,lower,0,0
checkerboard,32,16,midpoint,64,64
checkerboard,32,16,upper,127,127
checkerboard,32,16,lower,0,0
checkerboard,32,16,midpoint,64,64
checkerboard,32,16,upper,127,127
checkerboard,32,16,lower,0,0
checkerboard,32,16,midpoint,64,64
checkerboard,32,16,upper,127,127
checkerboard,32,16,lower,0,0
checkerboard,32,16,midpoint,64,64
checkerboard,32,16,upper,127,127
checkerboard,32,16,lower,0,0
checkerboard,32,16,midpoint,64,64
checkerboard,32,16,upper,127,127
checkerboard,32,16,lower,0,0
checkerboard,32,16,midpoint,64,64
checkerboard,32,16,upper,127,127
checkerboard,32,16,lower,0,0
checkerboard,32,16,midpoint,64,64
checkerboard,32,16,upper,127,127
checkerboard,32,16,lower,0,0
checkerboard,32,16,midpoint,64,64
checkerboard,32,16,upper,127,127
checkerboard,32,16,lower,0,0
checkerboard,32,16,midpoint,64,64
checkerboard,32,16,upper,127,127
checkerboard,32,16,lower,0,0
checkerboard,32,16,midpoint,64,64
checkerboard,32,16,upper,127,127
checkerboard,32,16,lower,0,0
checkerboard,32,16,midpoint,64,64
checkerboard,32,16,upper,127,127
checkerboard,32,16,lower,0,0
checkerboard,32,16,midpoint,64,64
checkerboard,32,16,upper,127,127
checkerboard,32,16,lower,0,0
checkerboard,32,16,midpoint,64,64
checkerboard,32,16,upper,127,127
checkerboard,32,16,lower,0,0
checkerboard,32,16,midpoint,64,64
checkerboard,32,16,upper,127,127
checkerboard,32,16,lower,0,0
checkerboard,32,16,midpoint,64,64
checkerboard,32,16,upper,127,127
checkerboard,32,16,lower,0,0
checkerboard,32,16,midpoint,64,64
checkerboard,32,16,upper,127,127
checkerboard,32,16,lower,0,0
checkerboard,32,16,midpoint,64,64
checkerboard,32,16,upper,127,127
checkerboard,32,16,lower,0,0
checkerboard,32,16,midpoint,64,64
checkerboard,32,16,upper,127,127
checkerboard,32,16,lower,0,0
checkerboard,32,16,midpoint,64,64
checkerboard,32,16,upper,127,127
checkerboard,32,16,lower,0,0
checkerboard,32,16,midpoint,64,64
checkerboard,32,16,upper,127,127
checkerboard,32,16,lower,0,0
checkerboard,32,16,midpoint,64,64
checkerboard,32,16,upper,127,127
checkerboard,32,16,lower,0,0
checkerboard,32,16,midpoint,64,64
checkerboard,32,16,upper,127,127
checkerboard,32,16,lower,0,0
checkerboard,32,16,midpoint,64,64
checkerboard,32,16,upper,127,127
checkerboard,32,16,lower,0,0
checkerboard,32,16,midpoint,64,64
checkerboard,32,16,upper,127,127
checkerboard,32,16,lower,0,0
checkerboard,32,16,midpoint,64,64
checkerboard,32,16,upper,127,127
checkerboard,32,16,lower,0,0
checkerboard,32,16,midpoint,64,64
checkerboard,32,16,upper,127,127
checkerboard,32,16,lower,0,0
checkerboard,32,16,midpoint,64,64
checkerboard,32,16,upper,127,127
checkerboard,32,16,lower,0,0
checkerboard,32,16,midpoint,64,64
checkerboard,32,16,upper,127,127
checkerboard,32,16,lower,0,0
checkerboard,32,16,midpoint,64,64
checkerboard,32,16,upper,127,127
checkerboard,32,16,lower,0,0
checkerboard,32,16,midpoint,64,64
checkerboard,32,16,upper,127,127
checkerboard,32,16,lower,0,0
checkerboard,32,16,midpoint,64,64
checkerboard,32,16,upper,127,127
checkerboard,32,16,lower,0,0
checkerboard,32,16,midpoint,64,64
checkerboard,32,16,upper,127,127
checkerboard,32,16,lower,0,0
checkerboard,32,16,midpoint,64,64
checkerboard,32,16,upper,127,127
checkerboard,32,16,lower,0,0
checkerboard,32,16,midpoint,64,64
checkerboard,32,16,upper,127,127
checkerboard,32,16,lower,0,0
checkerboard,32,16,midpoint,64,64
checkerboard,32,16,upper,127,127
checkerboard,32,16,lower,0,0
checkerboard,32,16,midpoint,64,64
checkerboard,32,16,upper,127,127
checkerboard,32,16,lower,0,0
checkerboard,32,16,midpoint,64,64
checkerboard,32,16,upper,127,127
checkerboard,32,16,lower,0,0
checkerboard,32,16,midpoint,64,64
checkerboard,32,16,upper,127,127
checkerboard,32,16,lower,0,0
checkerboard,32,16,midpoint,64,64
checkerboard,32,16,upper,127,127
checkerboard,32,16,lower,0,0
checkerboard,32,16,midpoint,64,64
checkerboard,32,16,upper,127,127
checkerboard,32,16,lower,0,0
checkerboard,32,16,midpoint,64,64
checkerboard,32,16,upper,127,127
checkerboard,32,16,lower,0,0
checkerboard,32,16,midpoint,64,64
checkerboard,32,16,upper,127,127
checkerboard,32,16,lower,0,0
checkerboard,32,16,midpoint,64,64
checkerboard,32,16,upper,127,127
checkerboard,32,16,lower,0,0
checkerboard,32,16,midpoint,64,64
checkerboard,32,16,upper,127,127
checkerboard,32,16,lower,0,0
checkerboard,32,16,midpoint,64,64
checkerboard,32,16,upper,127,127
checkerboard,32,16,lower,0,0
checkerboard,32,16,midpoint,64,64
checkerboard,32,16,upper,127,127
checkerboard,32,16,lower,0,0
checkerboard,32,16,midpoint,64,64
checkerboard,32,16,upper,127,127
checkerboard,32,16,lower,0,0
checkerboard,32,16,midpoint,64,64
checkerboard,32,16,upper,127,127
checkerboard,32,16,lower,0,0
checkerboard,32,16,midpoint,64,64
checkerboard,32,16,upper,127,127
checkerboard,32,16,lower,0,0
checkerboard,32,16,midpoint,64,64
checkerboard,32,16,upper,127,127
checkerboard,32,16,lower,0,0
checkerboard,32,16,midpoint,64,64
checkerboard,32,16,upper,127,127
checkerboard,32,16,lower,0,0
checkerboard,32,16,midpoint,64,64
checkerboard,32,16,upper,127,127
checkerboard,32,16,lower,0,0
checkerboard,32,16,midpoint,64,64
checkerboard,32,16,upper,127,127
checkerboard,32,16,lower,0,0
checkerboard,32,16,midpoint,64,64
checkerboard,32,16,upper,127,127
checkerboard,32,16,lower,0,0
checkerboard,32,16,midpoint,64,64
checkerboard,32,16,upper,127,127
checkerboard,32,16,lower,0,0
checkerboard,32,16,midpoint,64,64
checkerboard,32,16,upper,127,127
checkerboard,32,16,lower,0,0
checkerboard,32,16,midpoint,64,64
checkerboard,32,16,upper,127,127
checkerboard,32,16,lower,0,0
checkerboard,32,16,midpoint,64,64
checkerboard,32,16,upper,127,127
checkerboard,32,16,lower,0,0
checkerboard,32,16,midpoint,64,64
checkerboard,32,16,upper,127,127
checkerboard,32,16,lower,0,0
checkerboard,32,16,midpoint,64,64
checkerboard,32,16,upper,127,127
checkerboard,32,16,lower,0,0
checkerboard,32,16,midpoint,64,64
checkerboard,32,16,upper,127,127
checkerboard,32,16,lower,0,0
checkerboard,32,16,midpoint,64,64
checkerboard,32,16,upper,127,127
checkerboard,32,16,lower,0,0
checkerboard,32,16,midpoint,64,64
checkerboard,32,16,upper,127,127
checkerboard,32,16,lower,0,0
checkerboard,32,16,midpoint,64,64
checkerboard,32,16,upper,127,127
checkerboard,32,16,lower,0,0
checkerboard,32,16,midpoint,64,64
checkerboard,32,16,upper,127,127
checkerboard,32,16,lower,0,0
checkerboard,32,16,midpoint,64,64
checkerboard,32,16,upper,127,127
checkerboard,32,16,lower,0,0
checkerboard,32,16,midpoint,64,64
checkerboard,32,16,upper,127,127
checkerboard,32,16,lower,0,0
checkerboard,32,16,midpoint,64,64
checkerboard,32,16,upper,127,127
checkerboard,32,16,lower,0,0
checkerboard,32,16,midpoint,64,64
checkerboard,32,16,upper,127,127
checkerboard,32,16,lower,0,0
checkerboard,32,16,midpoint,64,64
checkerboard,32,16,upper,127,127
checkerboard,32,16,lower,0,0
checkerboard,32,16,midpoint,64,64
checkerboard,32,16,upper,127,127
checkerboard,32,16,lower,0,0
checkerboard,32,16,midpoint,64,64
checkerboard,32,16,upper,127,127
checkerboard,32,16,lower,0,0
checkerboard,32,16,midpoint,64,64
checkerboard,32,16,upper,127,127
checkerboard,32,16,lower,0,0
checkerboard,32,16,midpoint,64,64
checkerboard,32,16,upper,127,127
checkerboard,32,16,lower,0,0
checkerboard,32,16,midpoint,64,64
checkerboard,32,16,upper,127,127
checkerboard,32,16,lower,0,0
checkerboard,32,16,midpoint,64,64
checkerboard,32,16,upper,127,127
checkerboard,32,16,lower,0,0
checkerboard,32,16,midpoint,64,64
checkerboard,32,16,upper,127,127
checkerboard,32,16,lower,0,0
checkerboard,32,16,midpoint,64,64
checkerboard,32,16,upper,127,127
checkerboard,32,16,lower,0,0
checkerboard,32,16,midpoint,64,64
checkerboard,32,16,upper,127,127
checkerboard,32,16,lower,0,0
checkerboard,32,16,midpoint,64,64
checkerboard,32,16,upper,127,127
checkerboard,32,16,lower,0,0
checkerboard,32,16,midpoint,64,64
checkerboard,32,16,upper,127,127
checkerboard,32,16,lower,0,0
checkerboard,32,16,midpoint,64,64
checkerboard,32,16,upper,127,127
checkerboard,32,16,lower,0,0
checkerboard,32,16,midpoint,64,64
checkerboard,32,16,upper,127,127
checkerboard,32,16,lower,0,0
checkerboard,32,16,midpoint,64,64
checkerboard,32,16,upper,127,127
checkerboard,32,16,lower,0,0
checkerboard,32,16,midpoint,64,64
checkerboard,32,16,upper,127,127
checkerboard,32,16,lower,0,0
checkerboard,32,16,midpoint,64,64
checkerboard,32,16,upper,127,127
checkerboard,32,16,lower,0,0
checkerboard,32,16,midpoint,64,64
checkerboard,32,16,upper,127,127
checkerboard,32,16,lower,0,0
checkerboard,32,16,midpoint,64,64
checkerboard,32,16,upper,127,127
checkerboard,32,16,lower,0,0
checkerboard,32,16,midpoint,64,64
checkerboard,32,16,upper,127,127
checkerboard,32,16,lower,0,0
checkerboard,32,16,midpoint,64,64
checkerboard,32,16,upper,127,127
checkerboard,32,16,lower,0,0
checkerboard,32,16,midpoint,64,64
checkerboard,32,16,upper,127,127
checkerboard,32,16,lower,0,0
checkerboard,32,16,midpoint,64,64
checkerboard,32,16,upper,127,127
checkerboard,32,16,lower,0,0
checkerboard,32,16,midpoint,64,64
checkerboard,32,16,upper,127,127
checkerboard,32,16,lower,0,0
checkerboard,32,16,midpoint,64,64
checkerboard,32,16,upper,127,127
checkerboard,32,16,lower,0,0
checkerboard,32,16,midpoint,64,64
checkerboard,32,16,upper,127,127
checkerboard,32,16,lower,0,0
checkerboard,32,16,midpoint,64,64
checkerboard,32,16,upper,127,127
checkerboard,32,16,lower,0,0
checkerboard,32,16,midpoint,64,64
checkerboard,32,16,upper,127,127
checkerboard,32,16,lower,0,0
checkerboard,32,16,midpoint,64,64
checkerboard,32,16,upper,127,127
checkerboard,32,16,lower,0,0
checkerboard,32,16,midpoint,64,64
checkerboard,32,16,upper,127,127
checkerboard,32,16,lower,0,0
checkerboard,32,16,midpoint,64,64
checkerboard,32,16,upper,127,127
checkerboard,32,16,lower,0,0
checkerboard,32,16,midpoint,64,64
checkerboard,32,16,upper,127,127
checkerboard,32,16,lower,0,0
checkerboard,32,16,midpoint,64,64
checkerboard,32,16,upper,127,127
checkerboard,32,16,lower,0,0
checkerboard,32,16,midpoint,64,64
checkerboard,32,16,upper,127,127
checkerboard,32,16,lower,0,0
checkerboard,32,16,midpoint,64,64
checkerboard,32,16,upper,127,127
checkerboard,32,16,lower,0,0
checkerboard,32,16,midpoint,64,64
checkerboard,32,16,upper,127,127
checkerboard,32,16,lower,0,0
checkerboard,32,16,midpoint,64,64
checkerboard,32,16,upper,127,127
checkerboard,32,16,lower,0,0
checkerboard,32,16,midpoint,64,64
checkerboard,32,16,upper,127,127
checkerboard,32,16,lower,0,0
checkerboard,32,16,midpoint,64,64
checkerboard,32,16,upper,127,127
checkerboard,32,16,lower,0,0
checkerboard,32,16,midpoint,64,64
checkerboard,32,16,upper,127,127
checkerboard,32,16,lower,0,0
checkerboard,32,16,midpoint,64,64
checkerboard,32,16,upper,127,127
checkerboard,32,16,lower,0,0
checkerboard,32,16,midpoint,64,64
checkerboard,32,16,upper,127,127
checkerboard,32,16,lower,0,0
checkerboard,32,16,midpoint,64,64
checkerboard,32,16,upper,127,127
checkerboard,32,16,lower,0,0
checkerboard,32,16,midpoint,64,64
checkerboard,32,16,upper,127,127
checkerboard,32,16,lower,0,0
checkerboard,32,16,midpoint,64,64
checkerboard,32,16,upper,127,127
checkerboard,32,16,lower,0,0
checkerboard,32,16,midpoint,64,64
checkerboard,32,16,upper,127,127
checkerboard,32,16,lower,0,0
checkerboard,32,16,midpoint,64,64
checkerboard,32,16,upper,127,127
checkerboard,32,16,lower,0,0
checkerboard,32,16,midpoint,64,64
checkerboard,32,16,upper,127,127
checkerboard,32,16,lower,0,0
checkerboard,32,16,midpoint,64,64
checkerboard,32,16,upper,127,127
checkerboard,32,16,lower,0,0
checkerboard,32,16,midpoint,64,64
checkerboard,32,16,upper,127,127
checkerboard,32,16,lower,0,0
checkerboard,32,16,midpoint,64,64
checkerboard,32,16,upper,127,127
checkerboard,32,16,lower,0,0
checkerboard,32,16,midpoint,64,64
checkerboard,32,16,upper,127,127
checkerboard,32,16,lower,0,0
checkerboard,32,16,midpoint,64,64
checkerboard,32,16,upper,127,127
checkerboard,32,16,lower,0,0
checkerboard,32,16,midpoint,64,64
checkerboard,32,16,upper,127,127
checkerboard,32,16,lower,0,0
checkerboard,32,16,midpoint,64,64
checkerboard,32,16,upper,127,127
checkerboard,32,16,lower,0,0
checkerboard,32,16,midpoint,64,64
checkerboard,32,16,upper,127,127
checkerboard,32,16,lower,0,0
checkerboard,32,16,midpoint,64,64
checkerboard,32,16,upper,127,127
checkerboard,32,16,lower,0,0
checkerboard,32,16,midpoint,64,64
checkerboard,32,16,upper,127,127
checkerboard,32,16,lower,0,0
checkerboard,32,16,midpoint,64,64
checkerboard,32,16,upper,127,127
checkerboard,32,16,lower,0,0
checkerboard,32,16,midpoint,64,64
checkerboard,32,16,upper,127,127
checkerboard,32,16,lower,0,0
checkerboard,32,16,midpoint,64,64
checkerboard,32,16,upper,127,127
checkerboard,32,16,lower,0,0
checkerboard,32,16,midpoint,64,64
checkerboard,32,16,upper,127,127
checkerboard,32,16,lower,0,0
checkerboard,32,16,midpoint,64,64
checkerboard,32,16,upper,127,127
checkerboard,32,16,lower,0,0
checkerboard,32,16,midpoint,64,64
checkerboard,32,16,upper,127,127
checkerboard,32,16,lower,0,0
checkerboard,32,16,midpoint,64,64
checkerboard,32,16,upper,127,127
checkerboard,32,16,lower,0,0
checkerboard,32,16,midpoint,64,64
checkerboard,32,16,upper,127,127
checkerboard,32,16,lower,0,0
checkerboard,32,16,midpoint,64,64
checkerboard,32,16,upper,127,127
checkerboard,32,16,lower,0,0
checkerboard,32,16,midpoint,64,64
checkerboard,32,16,upper,127,127
checkerboard,32,16,lower,0,0
checkerboard,32,16,midpoint,64,64
checkerboard,32,16,upper,127,127
checkerboard,32,16,lower,0,0
checkerboard,32,16,midpoint,64,64
checkerboard,32,16,upper,127,127
checkerboard,32,16,lower,0,0
checkerboard,32,16,midpoint,64,64
checkerboard,32,16,upper,127,127
checkerboard,32,16,lower,0,0
checkerboard,32,16,midpoint,64,64
checkerboard,32,16,upper,127,127
checkerboard,32,16,lower,0,0
checkerboard,32,16,midpoint,64,64
checkerboard,32,16,upper,127,127
checkerboard,32,16,lower,0,0
checkerboard,32,16,midpoint,64,64
checkerboard,32,16,upper,127,127
checkerboard,32,16,lower,0,0
checkerboard,32,16,midpoint,64,64
checkerboard,32,16,upper,127,127
checkerboard,32,16,lower,0,0
checkerboard,32,16,midpoint,64,64
checkerboard,32,16,upper,127,127
checkerboard,32,16,lower,0,0
checkerboard,32,16,midpoint,64,64
checkerboard,32,16,upper,127,127
checkerboard,32,16,lower,0,0
checkerboard,32,16,midpoint,64,64
checkerboard,32,16,upper,127,127
checkerboard,32,16,lower,0,0
checkerboard,32,16,midpoint,64,64
checkerboard,32,16,upper,127,127
checkerboard,32,16,lower,0,0
checkerboard,32,16,midpoint,64,64
checkerboard,32,16,upper,127,127
checkerboard,32,16,lower,0,0
checkerboard,32,16,midpoint,64,64
checkerboard,32,16,upper,127,127
checkerboard,32,16,lower,0,0
checkerboard,32,16,midpoint,64,64
checkerboard,32,16,upper,127,127
checkerboard,32,16,lower,0,0
checkerboard,32,16,midpoint,64,64
checkerboard,32,16,upper,127,127
checkerboard,32,16,lower,0,0
checkerboard,32,16,midpoint,64,64
checkerboard,32,16,upper,127,127
checkerboard,32,16,lower,0,0
checkerboard,32,16,midpoint,64,64
checkerboard,32,16,upper,127,127
checkerboard,32,16,lower,0,0
checkerboard,32,16,midpoint,64,64
checkerboard,32,16,upper,127,127
checkerboard,32,16,lower,0,0
checkerboard,32,16,midpoint,64,64
checkerboard,32,16,upper,127,127
checkerboard,32,16,lower,0,0
checkerboard,32,16,midpoint,64,64
checkerboard,32,16,upper,127,127
checkerboard,32,16,lower,0,0
checkerboard,32,16,midpoint,64,64
checkerboard,32,16,upper,127,127
checkerboard,32,16,lower,0,0
checkerboard,32,16,midpoint,64,64
checkerboard,32,16,upper,127,127
checkerboard,32,16,lower,0,0
checkerboard,32,16,midpoint,64,64
checkerboard,32,16,upper,127,127
checkerboard,32,16,lower,0,0
checkerboard,32,16,midpoint,64,64
checkerboard,32,16,upper,127,127
checkerboard,32,16,lower,0,0
checkerboard,32,16,midpoint,64,64
checkerboard,32,16,upper,127,127
checkerboard,32,16,lower,0,0
checkerboard,32,16,midpoint,64,64
checkerboard,32,16,upper,127,127
checkerboard,32,16,lower,0,0
checkerboard,32,16,midpoint,64,64
checkerboard,32,16,upper,127,127
checkerboard,32,16,lower,0,0
checkerboard,32,16,midpoint,64,64
checkerboard,32,16,upper,127,127
checkerboard,32,16,lower,0,0
checkerboard,32,16,midpoint,64,64
checkerboard,32,16,upper,127,127
checkerboard,32,16,lower,0,0
checkerboard,32,16,midpoint,64,64
checkerboard,32,16,upper,127,127
checkerboard,32,16,lower,0,0
checkerboard,32,16,midpoint,64,64
checkerboard,32,16,upper,127,127
checkerboard,32,16,lower,0,0
checkerboard,32,16,midpoint,64,64
checkerboard,32,16,upper,127,127
checkerboard,32,16,lower,0,0
checkerboard,32,16,midpoint,64,64
checkerboard,32,16,upper,127,127
checkerboard,32,16,lower,0,0
checkerboard,32,16,midpoint,64,64
checkerboard,32,16,upper,127,127
checkerboard,32,16,lower,0,0
checkerboard,32,16,midpoint,64,64
checkerboard,32,16,upper,127,127
checkerboard,32,16,lower,0,0
checkerboard,32,16,midpoint,64,64
checkerboard,32,16,upper,127,127
checkerboard,32,16,lower,0,0
checkerboard,32,16,midpoint,64,64
checkerboard,32,16,upper,127,127
checkerboard,32,16,lower,0,0
checkerboard,32,16,midpoint,64,64
checkerboard,32,16,upper,127,127
checkerboard,32,16,lower,0,0
checkerboard,32,16,midpoint,64,64
checkerboard,32,16,upper,127,127
checkerboard,32,16,lower,0,0
checkerboard,32,16,midpoint,64,64
checkerboard,32,16,upper,127,127
checkerboard,32,16,lower,0,0
checkerboard,32,16,midpoint,64,64
checkerboard,32,16,upper,127,127
checkerboard,32,16,lower,0,0
checkerboard,32,16,midpoint,64,64
checkerboard,32,16,upper,127,127
checkerboard,32,16,lower,0,0
checkerboard,32,16,midpoint,64,64
checkerboard,32,16,upper,127,127
checkerboard,32,16,lower,0,0
checkerboard,32,16,midpoint,64,64
checkerboard,32,16,upper,127,127
checkerboard,32,16,lower,0,0
checkerboard,32,16,midpoint,64,64
checkerboard,32,16,upper,127,127
checkerboard,32,16,lower,0,0
checkerboard,32,16,midpoint,64,64
checkerboard,32,16,upper,127,127
checkerboard,32,16,lower,0,0
checkerboard,32,16,midpoint,64,64
checkerboard,32,16,upper,127,127
checkerboard,32,16,lower,0,0
checkerboard,32,16,midpoint,64,64
checkerboard,32,16,upper,127,127
checkerboard,32,16,lower,0,0
checkerboard,32,16,midpoint,64,64
checkerboard,32,16,upper,127,127
checkerboard,32,16,lower,0,0
checkerboard,32,16,midpoint,64,64
checkerboard,32,16,upper,127,127
checkerboard,32,16,lower,0,0
checkerboard,32,16,midpoint,64,64
checkerboard,32,16,upper,127,127
checkerboard,32,16,lower,0,0
checkerboard,32,16,midpoint,64,64
checkerboard,32,16,upper,127,127
checkerboard,32,16,lower,0,0
checkerboard,32,16,midpoint,64,64
checkerboard,32,16,upper,127,127
checkerboard,32,16,lower,0,0
checkerboard,32,16,midpoint,64,64
checkerboard,32,16,upper,127,127
checkerboard,32,16,lower,0,0
checkerboard,32,16,midpoint,64,64
checkerboard,32,16,upper,127,127
checkerboard,32,16,lower,0,0
checkerboard,32,16,midpoint,64,64
checkerboard,32,16,upper,127,127
checkerboard,32,16,lower,0,0
checkerboard,32,16,midpoint,64,64
checkerboard,32,16,upper,127,127
checkerboard,32,16,lower,0,0
checkerboard,32,16,midpoint,64,64
checkerboard,32,16,upper,127,127
checkerboard,32,16,lower,0,0
checkerboard,32,16,midpoint,64,64
checkerboard,32,16,upper,127,127
checkerboard,32,16,lower,0,0
checkerboard,32,16,midpoint,64,64
checkerboard,32,16,upper,127,127
checkerboard,32,16,lower,0,0
checkerboard,32,16,midpoint,64,64
checkerboard,32,16,upper,127,127
checkerboard,32,16,lower,0,0
checkerboard,32,16,midpoint,64,64
checkerboard,32,16,upper,127,127
checkerboard,32,16,lower,0,0
checkerboard,32,16,midpoint,64,64
checkerboard,32,16,upper,127,127
checkerboard,32,16,lower,0,0
checkerboard,32,16,midpoint,64,64
checkerboard,32,16,upper,127,127
checkerboard,32,16,lower,0,0
checkerboard,32,16,midpoint,64,64
checkerboard,32,16,upper,127,127
checkerboard,32,16,lower,0,0
checkerboard,32,16,midpoint,64,64
checkerboard,32,16,upper,127,127
checkerboard,32,16,lower,0,0
checkerboard,32,16,midpoint,64,64
checkerboard,32,16,upper,127,127
checkerboard,32,16,lower,0,0
checkerboard,32,16,midpoint,64,64
checkerboard,32,16,upper,127,127
checkerboard,32,16,lower,0,0
checkerboard,32,16,midpoint,64,64
checkerboard,32,16,upper,127,127
checkerboard,32,16,lower,0,0
checkerboard,32,16,midpoint,64,64
checkerboard,32,16,upper,127,127
checkerboard,32,16,lower,0,0
checkerboard,32,16,midpoint,64,64
checkerboard,32,16,upper,127,127
checkerboard,32,16,lower,0,0
checkerboard,32,16,midpoint,64,64
checkerboard,32,16,upper,127,127
checkerboard,32,16,lower,0,0
checkerboard,32,16,midpoint,64,64
checkerboard,32,16,upper,127,127
checkerboard,32,16,lower,0,0
checkerboard,32,16,midpoint,64,64
checkerboard,32,16,upper,127,127
checkerboard,32,16,lower,0,0
checkerboard,32,16,midpoint,64,64
checkerboard,32,16,upper,127,127
checkerboard,32,16,lower,0,0
checkerboard,32,16,midpoint,64,64
checkerboard,32,16,upper,127,127
checkerboard,32,16,lower,0,0
checkerboard,32,16,midpoint,64,64
checkerboard,32,16,upper,127,127
checkerboard,32,16,lower,0,0
checkerboard,32,16,midpoint,64,64
checkerboard,32,16,upper,127,127
checkerboard,32,16,lower,0,0
checkerboard,32,16,midpoint,64,64
checkerboard,32,16,upper,127,127
checkerboard,32,16,lower,0,0
checkerboard,32,16,midpoint,64,64
checkerboard,32,16,upper,127,127
checkerboard,32,16,lower,0,0
checkerboard,32,16,midpoint,64,64
checkerboard,32,16,upper,127,127
checkerboard,32,16,lower,0,0
checkerboard,32,16,midpoint,64,64
checkerboard,32,16,upper,127,127
checkerboard,32,16,lower,0,0
checkerboard,32,16,midpoint,64,64
checkerboard,32,16,upper,127,127
checkerboard,32,16,lower,0,0
checkerboard,32,16,midpoint,64,64
checkerboard,32,16,upper,127,127
checkerboard,32,16,lower,0,0
checkerboard,32,16,midpoint,64,64
checkerboard,32,16,upper,127,127
checkerboard,32,32,lower,0,0
checkerboard,32,32,midpoint,32,32
checkerboard,32,32,upper,63,63
checkerboard,32,32,lower,0,0
checkerboard,32,32,midpoint,32,32
checkerboard,32,32,upper,63,63
checkerboard,32,32,lower,0,0
checkerboard,32,32,midpoint,32,32
checkerboard,32,32,upper,63,63
checkerboard,32,32,lower,0,0
checkerboard,32,32,midpoint,32,32
checkerboard,32,32,upper,63,63
checkerboard,32,32,lower,0,0
checkerboard,32,32,midpoint,32,32
checkerboard,32,32,upper,63,63
checkerboard,32,32,lower,0,0
checkerboard,32,32,midpoint,32,32
checkerboard,32,32,upper,63,63
checkerboard,32,32,lower,0,0
checkerboard,32,32,midpoint,32,32
checkerboard,32,32,upper,63,63
checkerboard,32,32,lower,0,0
checkerboard,32,32,midpoint,32,32
checkerboard,32,32,upper,63,63
checkerboard,32,32,lower,0,0
checkerboard,32,32,midpoint,32,32
checkerboard,32,32,upper,63,63
checkerboard,32,32,lower,0,0
checkerboard,32,32,midpoint,32,32
checkerboard,32,32,upper,63,63
checkerboard,32,32,lower,0,0
checkerboard,32,32,midpoint,32,32
checkerboard,32,32,upper,63,63
checkerboard,32,32,lower,0,0
checkerboard,32,32,midpoint,32,32
checkerboard,32,32,upper,63,63
checkerboard,32,32,lower,0,0
checkerboard,32,32,midpoint,32,32
checkerboard,32,32,upper,63,63
checkerboard,32,32,lower,0,0
checkerboard,32,32,midpoint,32,32
checkerboard,32,32,upper,63,63
checkerboard,32,32,lower,0,0
checkerboard,32,32,midpoint,32,32
checkerboard,32,32,upper,63,63
checkerboard,32,32,lower,0,0
checkerboard,32,32,midpoint,32,32
checkerboard,32,32,upper,63,63
checkerboard,32,32,lower,0,0
checkerboard,32,32,midpoint,32,32
checkerboard,32,32,upper,63,63
checkerboard,32,32,lower,0,0
checkerboard,32,32,midpoint,32,32
checkerboard,32,32,upper,63,63
checkerboard,32,32,lower,0,0
checkerboard,32,32,midpoint,32,32
checkerboard,32,32,upper,63,63
checkerboard,32,32,lower,0,0
checkerboard,32,32,midpoint,32,32
checkerboard,32,32,upper,63,63
checkerboard,32,32,lower,0,0
checkerboard,32,32,midpoint,32,32
checkerboard,32,32,upper,63,63
checkerboard,32,32,lower,0,0
checkerboard,32,32,midpoint,32,32
checkerboard,32,32,upper,63,63
checkerboard,32,32,lower,0,0
checkerboard,32,32,midpoint,32,32
checkerboard,32,32,upper,63,63
checkerboard,32,32,lower,0,0
checkerboard,32,32,midpoint,32,32
checkerboard,32,32,upper,63,63
checkerboard,32,32,lower,0,0
checkerboard,32,32,midpoint,32,32
checkerboard,32,32,upper,63,63
checkerboard,32,32,lower,0,0
checkerboard,32,32,midpoint,32,32
checkerboard,32,32,upper,63,63
checkerboard,32,32,lower,0,0
checkerboard,32,32,midpoint,32,32
checkerboard,32,32,upper,63,63
checkerboard,32,32,lower,0,0
checkerboard,32,32,midpoint,32,32
checkerboard,32,32,upper,63,63
checkerboard,32,32,lower,0,0
checkerboard,32,32,midpoint,32,32
checkerboard,32,32,upper,63,63
checkerboard,32,32,lower,0,0
checkerboard,32,32,midpoint,32,32
checkerboard,32,32,upper,63,63
checkerboard,32,32,lower,0,0
checkerboard,32,32,midpoint,32,32
checkerboard,32,32,upper,63,63
checkerboard,32,32,lower,0,0
checkerboard,32,32,midpoint,32,32
checkerboard,32,32,upper,63,63
checkerboard,32,32,lower,0,0
checkerboard,32,32,midpoint,32,32
checkerboard,32,32,upper,63,63
checkerboard,32,32,lower,0,0
checkerboard,32,32,midpoint,32,32
checkerboard,32,32,upper,63,63
checkerboard,32,32,lower,0,0
checkerboard,32,32,midpoint,32,32
checkerboard,32,32,upper,63,63
checkerboard,32,32,lower,0,0
checkerboard,32,32,midpoint,32,32
checkerboard,32,32,upper,63,63
checkerboard,32,32,lower,0,0
checkerboard,32,32,midpoint,32,32
checkerboard,32,32,upper,63,63
checkerboard,32,32,lower,0,0
checkerboard,32,32,midpoint,32,32
checkerboard,32,32,upper,63,63
checkerboard,32,32,lower,0,0
checkerboard,32,32,midpoint,32,32
checkerboard,32,32,upper,63,63
checkerboard,32,32,lower,0,0
checkerboard,32,32,midpoint,32,32
checkerboard,32,32,upper,63,63
checkerboard,32,32,lower,0,0
checkerboard,32,32,midpoint,32,32
checkerboard,32,32,upper,63,63
checkerboard,32,32,lower,0,0
checkerboard,32,32,midpoint,32,32
checkerboard,32,32,upper,63,63
checkerboard,32,32,lower,0,0
checkerboard,32,32,midpoint,32,32
checkerboard,32,32,upper,63,63
checkerboard,32,32,lower,0,0
checkerboard,32,32,midpoint,32,32
checkerboard,32,32,upper,63,63
checkerboard,32,32,lower,0,0
checkerboard,32,32,midpoint,32,32
checkerboard,32,32,upper,63,63
checkerboard,32,32,lower,0,0
checkerboard,32,32,midpoint,32,32
checkerboard,32,32,upper,63,63
checkerboard,32,32,lower,0,0
checkerboard,32,32,midpoint,32,32
checkerboard,32,32,upper,63,63
checkerboard,32,32,lower,0,0
checkerboard,32,32,midpoint,32,32
checkerboard,32,32,upper,63,63
checkerboard,32,32,lower,0,0
checkerboard,32,32,midpoint,32,32
checkerboard,32,32,upper,63,63
checkerboard,32,32,lower,0,0
checkerboard,32,32,midpoint,32,32
checkerboard,32,32,upper,63,63
checkerboard,32,32,lower,0,0
checkerboard,32,32,midpoint,32,32
checkerboard,32,32,upper,63,63
checkerboard,32,32,lower,0,0
checkerboard,32,32,midpoint,32,32
checkerboard,32,32,upper,63,63
checkerboard,32,32,lower,0,0
checkerboard,32,32,midpoint,32,32
checkerboard,32,32,upper,63,63
checkerboard,32,32,lower,0,0
checkerboard,32,32,midpoint,32,32
checkerboard,32,32,upper,63,63
checkerboard,32,32,lower,0,0
checkerboard,32,32,midpoint,32,32
checkerboard,32,32,upper,63,63
checkerboard,32,32,lower,0,0
checkerboard,32,32,midpoint,32,32
checkerboard,32,32,upper,63,63
checkerboard,32,32,lower,0,0
checkerboard,32,32,midpoint,32,32
checkerboard,32,32,upper,63,63
checkerboard,32,32,lower,0,0
checkerboard,32,32,midpoint,32,32
checkerboard,32,32,upper,63,63
checkerboard,32,32,lower,0,0
checkerboard,32,32,midpoint,32,32
checkerboard,32,32,upper,63,63
checkerboard,32,32,lower,0,0
checkerboard,32,32,midpoint,32,32
checkerboard,32,32,upper,63,63
checkerboard,32,32,lower,0,0
checkerboard,32,32,midpoint,32,32
checkerboard,32,32,upper,63,63
checkerboard,32,32,lower,0,0
checkerboard,32,32,midpoint,32,32
checkerboard,32,32,upper,63,63
checkerboard,32,32,lower,0,0
checkerboard,32,32,midpoint,32,32
checkerboard,32,32,upper,63,63
checkerboard,32,32,lower,0,0
checkerboard,32,32,midpoint,32,32
checkerboard,32,32,upper,63,63
checkerboard,32,32,lower,0,0
checkerboard,32,32,midpoint,32,32
checkerboard,32,32,upper,63,63
checkerboard,32,32,lower,0,0
checkerboard,32,32,midpoint,32,32
checkerboard,32,32,upper,63,63
checkerboard,32,32,lower,0,0
checkerboard,32,32,midpoint,32,32
checkerboard,32,32,upper,63,63
checkerboard,32,32,lower,0,0
checkerboard,32,32,midpoint,32,32
checkerboard,32,32,upper,63,63
checkerboard,32,32,lower,0,0
checkerboard,32,32,midpoint,32,32
checkerboard,32,32,upper,63,63
checkerboard,32,32,lower,0,0
checkerboard,32,32,midpoint,32,32
checkerboard,32,32,upper,63,63
checkerboard,32,32,lower,0,0
checkerboard,32,32,midpoint,32,32
checkerboard,32,32,upper,63,63
checkerboard,32,32,lower,0,0
checkerboard,32,32,midpoint,32,32
checkerboard,32,32,upper,63,63
checkerboard,32,32,lower,0,0
checkerboard,32,32,midpoint,32,32
checkerboard,32,32,upper,63,63
checkerboard,32,32,lower,0,0
checkerboard,32,32,midpoint,32,32
checkerboard,32,32,upper,63,63
checkerboard,32,32,lower,0,0
checkerboard,32,32,midpoint,32,32
checkerboard,32,32,upper,63,63
checkerboard,32,32,lower,0,0
checkerboard,32,32,midpoint,32,32
checkerboard,32,32,upper,63,63
checkerboard,32,32,lower,0,0
checkerboard,32,32,midpoint,32,32
checkerboard,32,32,upper,63,63
checkerboard,32,32,lower,0,0
checkerboard,32,32,midpoint,32,32
checkerboard,32,32,upper,63,63
checkerboard,32,32,lower,0,0
checkerboard,32,32,midpoint,32,32
checkerboard,32,32,upper,63,63
checkerboard,32,32,lower,0,0
checkerboard,32,32,midpoint,32,32
checkerboard,32,32,upper,63,63
checkerboard,32,32,lower,0,0
checkerboard,32,32,midpoint,32,32
checkerboard,32,32,upper,63,63
checkerboard,32,32,lower,0,0
checkerboard,32,32,midpoint,32,32
checkerboard,32,32,upper,63,63
checkerboard,32,32,lower,0,0
checkerboard,32,32,midpoint,32,32
checkerboard,32,32,upper,63,63
checkerboard,32,32,lower,0,0
checkerboard,32,32,midpoint,32,32
checkerboard,32,32,upper,63,63
checkerboard,32,32,lower,0,0
checkerboard,32,32,midpoint,32,32
checkerboard,32,32,upper,63,63
checkerboard,32,32,lower,0,0
checkerboard,32,32,midpoint,32,32
checkerboard,32,32,upper,63,63
checkerboard,32,32,lower,0,0
checkerboard,32,32,midpoint,32,32
checkerboard,32,32,upper,63,63
checkerboard,32,32,lower,0,0
checkerboard,32,32,midpoint,32,32
checkerboard,32,32,upper,63,63
checkerboard,32,32,lower,0,0
checkerboard,32,32,midpoint,32,32
checkerboard,32,32,upper,63,63
checkerboard,32,32,lower,0,0
checkerboard,32,32,midpoint,32,32
checkerboard,32,32,upper,63,63
checkerboard,32,32,lower,0,0
checkerboard,32,32,midpoint,32,32
checkerboard,32,32,upper,63,63
checkerboard,32,32,lower,0,0
checkerboard,32,32,midpoint,32,32
checkerboard,32,32,upper,63,63
checkerboard,32,32,lower,0,0
checkerboard,32,32,midpoint,32,32
checkerboard,32,32,upper,63,63
checkerboard,32,32,lower,0,0
checkerboard,32,32,midpoint,32,32
checkerboard,32,32,upper,63,63
checkerboard,32,32,lower,0,0
checkerboard,32,32,midpoint,32,32
checkerboard,32,32,upper,63,63
checkerboard,32,32,lower,0,0
checkerboard,32,32,midpoint,32,32
checkerboard,32,32,upper,63,63
checkerboard,32,32,lower,0,0
checkerboard,32,32,midpoint,32,32
checkerboard,32,32,upper,63,63
checkerboard,32,32,lower,0,0
checkerboard,32,32,midpoint,32,32
checkerboard,32,32,upper,63,63
checkerboard,32,32,lower,0,0
checkerboard,32,32,midpoint,32,32
checkerboard,32,32,upper,63,63
checkerboard,32,32,lower,0,0
checkerboard,32,32,midpoint,32,32
checkerboard,32,32,upper,63,63
checkerboard,32,32,lower,0,0
checkerboard,32,32,midpoint,32,32
checkerboard,32,32,upper,63,63
checkerboard,32,32,lower,0,0
checkerboard,32,32,midpoint,32,32
checkerboard,32,32,upper,63,63
checkerboard,32,32,lower,0,0
checkerboard,32,32,midpoint,32,32
checkerboard,32,32,upper,63,63
checkerboard,32,32,lower,0,0
checkerboard,32,32,midpoint,32,32
checkerboard,32,32,upper,63,63
checkerboard,32,32,lower,0,0
checkerboard,32,32,midpoint,32,32
checkerboard,32,32,upper,63,63
checkerboard,32,32,lower,0,0
checkerboard,32,32,midpoint,32,32
checkerboard,32,32,upper,63,63
checkerboard,32,32,lower,0,0
checkerboard,32,32,midpoint,32,32
checkerboard,32,32,upper,63,63
checkerboard,32,32,lower,0,0
checkerboard,32,32,midpoint,32,32
checkerboard,32,32,upper,63,63
checkerboard,32,32,lower,0,0
checkerboard,32,32,midpoint,32,32
checkerboard,32,32,upper,63,63
checkerboard,32,32,lower,0,0
checkerboard,32,32,midpoint,32,32
checkerboard,32,32,upper,63,63
checkerboard,32,32,lower,0,0
checkerboard,32,32,midpoint,32,32
checkerboard,32,32,upper,63,63
checkerboard,32,32,lower,0,0
checkerboard,32,32,midpoint,32,32
checkerboard,32,32,upper,63,63
checkerboard,32,32,lower,0,0
checkerboard,32,32,midpoint,32,32
checkerboard,32,32,upper,63,63
checkerboard,32,32,lower,0,0
checkerboard,32,32,midpoint,32,32
checkerboard,32,32,upper,63,63
checkerboard,32,32,lower,0,0
checkerboard,32,32,midpoint,32,32
checkerboard,32,32,upper,63,63
checkerboard,32,32,lower,0,0
checkerboard,32,32,midpoint,32,32
checkerboard,32,32,upper,63,63
checkerboard,32,32,lower,0,0
checkerboard,32,32,midpoint,32,32
checkerboard,32,32,upper,63,63
checkerboard,32,32,lower,0,0
checkerboard,32,32,midpoint,32,32
checkerboard,32,32,upper,63,63
checkerboard,32,32,lower,0,0
checkerboard,32,32,midpoint,32,32
checkerboard,32,32,upper,63,63
checkerboard,32,32,lower,0,0
checkerboard,32,32,midpoint,32,32
checkerboard,32,32,upper,63,63
checkerboard,32,32,lower,0,0
checkerboard,32,32,midpoint,32,32
checkerboard,32,32,upper,63,63
checkerboard,32,32,lower,0,0
checkerboard,32,32,midpoint,32,32
checkerboard,32,32,upper,63,63
checkerboard,32,32,lower,0,0
checkerboard,32,32,midpoint,32,32
checkerboard,32,32,upper,63,63
checkerboard,32,32,lower,0,0
checkerboard,32,32,midpoint,32,32
checkerboard,32,32,upper,63,63
checkerboard,32,32,lower,0,0
checkerboard,32,32,midpoint,32,32
checkerboard,32,32,upper,63,63
checkerboard,32,32,lower,0,0
checkerboard,32,32,midpoint,32,32
checkerboard,32,32,upper,63,63
checkerboard,32,32,lower,0,0
checkerboard,32,32,midpoint,32,32
checkerboard,32,32,upper,63,63
checkerboard,32,32,lower,0,0
checkerboard,32,32,midpoint,32,32
checkerboard,32,32,upper,63,63
checkerboard,32,32,lower,0,0
checkerboard,32,32,midpoint,32,32
checkerboard,32,32,upper,63,63
checkerboard,32,32,lower,0,0
checkerboard,32,32,midpoint,32,32
checkerboard,32,32,upper,63,63
checkerboard,32,32,lower,0,0
checkerboard,32,32,midpoint,32,32
checkerboard,32,32,upper,63,63
checkerboard,32,32,lower,0,0
checkerboard,32,32,midpoint,32,32
checkerboard,32,32,upper,63,63
checkerboard,32,32,lower,0,0
checkerboard,32,32,midpoint,32,32
checkerboard,32,32,upper,63,63
checkerboard,32,32,lower,0,0
checkerboard,32,32,midpoint,32,32
checkerboard,32,32,upper,63,63
checkerboard,32,32,lower,0,0
checkerboard,32,32,midpoint,32,32
checkerboard,32,32,upper,63,63
checkerboard,32,32,lower,0,0
checkerboard,32,32,midpoint,32,32
checkerboard,32,32,upper,63,63
checkerboard,32,32,lower,0,0
checkerboard,32,32,midpoint,32,32
checkerboard,32,32,upper,63,63
checkerboard,32,32,lower,0,0
checkerboard,32,32,midpoint,32,32
checkerboard,32,32,upper,63,63
checkerboard,32,32,lower,0,0
checkerboard,32,32,midpoint,32,32
checkerboard,32,32,upper,63,63
checkerboard,32,32,lower,0,0
checkerboard,32,32,midpoint,32,32
checkerboard,32,32,upper,63,63
checkerboard,32,32,lower,0,0
checkerboard,32,32,midpoint,32,32
checkerboard,32,32,upper,63,63
checkerboard,32,32,lower,0,0
checkerboard,32,32,midpoint,32,32
checkerboard,32,32,upper,63,63
checkerboard,32,32,lower,0,0
checkerboard,32,32,midpoint,32,32
checkerboard,32,32,upper,63,63
checkerboard,32,32,lower,0,0
checkerboard,32,32,midpoint,32,32
checkerboard,32,32,upper,63,63
checkerboard,32,32,lower,0,0
checkerboard,32,32,midpoint,32,32
checkerboard,32,32,upper,63,63
checkerboard,32,32,lower,0,0
checkerboard,32,32,midpoint,32,32
checkerboard,32,32,upper,63,63
checkerboard,32,32,lower,0,0
checkerboard,32,32,midpoint,32,32
checkerboard,32,32,upper,63,63
checkerboard,32,32,lower,0,0
checkerboard,32,32,midpoint,32,32
checkerboard,32,32,upper,63,63
checkerboard,32,32,lower,0,0
checkerboard,32,32,midpoint,32,32
checkerboard,32,32,upper,63,63
checkerboard,32,32,lower,0,0
checkerboard,32,32,midpoint,32,32
checkerboard,32,32,upper,63,63
checkerboard,32,32,lower,0,0
checkerboard,32,32,midpoint,32,32
checkerboard,32,32,upper,63,63
checkerboard,32,32,lower,0,0
checkerboard,32,32,midpoint,32,32
checkerboard,32,32,upper,63,63
checkerboard,32,32,lower,0,0
checkerboard,32,32,midpoint,32,32
checkerboard,32,32,upper,63,63
checkerboard,32,32,lower,0,0
checkerboard,32,32,midpoint,32,32
checkerboard,32,32,upper,63,63
checkerboard,32,32,lower,0,0
checkerboard,32,32,midpoint,32,32
checkerboard,32,32,upper,63,63
checkerboard,32,32,lower,0,0
checkerboard,32,32,midpoint,32,32
checkerboard,32,32,upper,63,63
checkerboard,32,32,lower,0,0
checkerboard,32,32,midpoint,32,32
checkerboard,32,32,upper,63,63
checkerboard,32,32,lower,0,0
checkerboard,32,32,midpoint,32,32
checkerboard,32,32,upper,63,63
checkerboard,32,32,lower,0,0
checkerboard,32,32,midpoint,32,32
checkerboard,32,32,upper,63,63
checkerboard,32,32,lower,0,0
checkerboard,32,32,midpoint,32,32
checkerboard,32,32,upper,63,63
checkerboard,32,32,lower,0,0
checkerboard,32,32,midpoint,32,32
checkerboard,32,32,upper,63,63
checkerboard,32,32,lower,0,0
checkerboard,32,32,midpoint,32,32
checkerboard,32,32,upper,63,63
checkerboard,32,32,lower,0,0
checkerboard,32,32,midpoint,32,32
checkerboard,32,32,upper,63,63
checkerboard,32,32,lower,0,0
checkerboard,32,32,midpoint,32,32
checkerboard,32,32,upper,63,63
checkerboard,32,32,lower,0,0
checkerboard,32,32,midpoint,32,32
checkerboard,32,32,upper,63,63
checkerboard,32,32,lower,0,0
checkerboard,32,32,midpoint,32,32
checkerboard,32,32,upper,63,63
checkerboard,32,32,lower,0,0
checkerboard,32,32,midpoint,32,32
checkerboard,32,32,upper,63,63
checkerboard,32,32,lower,0,0
checkerboard,32,32,midpoint,32,32
checkerboard,32,32,upper,63,63
checkerboard,32,32,lower,0,0
checkerboard,32,32,midpoint,32,32
checkerboard,32,32,upper,63,63
checkerboard,32,32,lower,0,0
checkerboard,32,32,midpoint,32,32
checkerboard,32,32,upper,63,63
checkerboard,32,32,lower,0,0
checkerboard,32,32,midpoint,32,32
checkerboard,32,32,upper,63,63
checkerboard,32,32,lower,0,0
checkerboard,32,32,midpoint,32,32
checkerboard,32,32,upper,63,63
checkerboard,32,32,lower,0,0
checkerboard,32,32,midpoint,32,32
checkerboard,32,32,upper,63,63
checkerboard,32,32,lower,0,0
checkerboard,32,32,midpoint,32,32
checkerboard,32,32,upper,63,63
checkerboard,32,32,lower,0,0
checkerboard,32,32,midpoint,32,32
checkerboard,32,32,upper,63,63
checkerboard,32,32,lower,0,0
checkerboard,32,32,midpoint,32,32
checkerboard,32,32,upper,63,63
checkerboard,32,32,lower,0,0
checkerboard,32,32,midpoint,32,32
checkerboard,32,32,upper,63,63
checkerboard,32,32,lower,0,0
checkerboard,32,32,midpoint,32,32
checkerboard,32,32,upper,63,63
checkerboard,32,32,lower,0,0
checkerboard,32,32,midpoint,32,32
checkerboard,32,32,upper,63,63
checkerboard,32,32,lower,0,0
checkerboard,32,32,midpoint,32,32
checkerboard,32,32,upper,63,63
checkerboard,32,32,lower,0,0
checkerboard,32,32,midpoint,32,32
checkerboard,32,32,upper,63,63
checkerboard,32,32,lower,0,0
checkerboard,32,32,midpoint,32,32
checkerboard,32,32,upper,63,63
checkerboard,32,32,lower,0,0
checkerboard,32,32,midpoint,32,32
checkerboard,32,32,upper,63,63
checkerboard,32,32,lower,0,0
checkerboard,32,32,midpoint,32,32
checkerboard,32,32,upper,63,63
checkerboard,32,32,lower,0,0
checkerboard,32,32,midpoint,32,32
checkerboard,32,32,upper,63,63
checkerboard,32,32,lower,0,0
checkerboard,32,32,midpoint,32,32
checkerboard,32,32,upper,63,63
checkerboard,32,32,lower,0,0
checkerboard,32,32,midpoint,32,32
checkerboard,32,32,upper,63,63
checkerboard,32,32,lower,0,0
checkerboard,32,32,midpoint,32,32
checkerboard,32,32,upper,63,63
checkerboard,32,32,lower,0,0
checkerboard,32,32,midpoint,32,32
checkerboard,32,32,upper,63,63
checkerboard,32,32,lower,0,0
checkerboard,32,32,midpoint,32,32
checkerboard,32,32,upper,63,63
checkerboard,32,32,lower,0,0
checkerboard,32,32,midpoint,32,32
checkerboard,32,32,upper,63,63
checkerboard,32,32,lower,0,0
checkerboard,32,32,midpoint,32,32
checkerboard,32,32,upper,63,63
checkerboard,32,32,lower,0,0
checkerboard,32,32,midpoint,32,32
checkerboard,32,32,upper,63,63
checkerboard,32,32,lower,0,0
checkerboard,32,32,midpoint,32,32
checkerboard,32,32,upper,63,63
checkerboard,32,32,lower,0,0
checkerboard,32,32,midpoint,32,32
checkerboard,32,32,upper,63,63
checkerboard,32,32,lower,0,0
checkerboard,32,32,midpoint,32,32
checkerboard,32,32,upper,63,63
checkerboard,32,32,lower,0,0
checkerboard,32,32,midpoint,32,32
checkerboard,32,32,upper,63,63
checkerboard,32,32,lower,0,0
checkerboard,32,32,midpoint,32,32
checkerboard,32,32,upper,63,63
checkerboard,32,32,lower,0,0
checkerboard,32,32,midpoint,32,32
checkerboard,32,32,upper,63,63
checkerboard,32,32,lower,0,0
checkerboard,32,32,midpoint,32,32
checkerboard,32,32,upper,63,63
checkerboard,32,32,lower,0,0
checkerboard,32,32,midpoint,32,32
checkerboard,32,32,upper,63,63
checkerboard,32,32,lower,0,0
checkerboard,32,32,midpoint,32,32
checkerboard,32,32,upper,63,63
checkerboard,32,32,lower,0,0
checkerboard,32,32,midpoint,32,32
checkerboard,32,32,upper,63,63
checkerboard,32,32,lower,0,0
checkerboard,32,32,midpoint,32,32
checkerboard,32,32,upper,63,63
checkerboard,32,32,lower,0,0
checkerboard,32,32,midpoint,32,32
checkerboard,32,32,upper,63,63
checkerboard,32,32,lower,0,0
checkerboard,32,32,midpoint,32,32
checkerboard,32,32,upper,63,63
checkerboard,32,32,lower,0,0
checkerboard,32,32,midpoint,32,32
checkerboard,32,32,upper,63,63
checkerboard,32,32,lower,0,0
checkerboard,32,32,midpoint,32,32
checkerboard,32,32,upper,63,63
checkerboard,32,32,lower,0,0
checkerboard,32,32,midpoint,32,32
checkerboard,32,32,upper,63,63
checkerboard,32,32,lower,0,0
checkerboard,32,32,midpoint,32,32
checkerboard,32,32,upper,63,63
checkerboard,32,32,lower,0,0
checkerboard,32,32,midpoint,32,32
checkerboard,32,32,upper,63,63
checkerboard,32,32,lower,0,0
checkerboard,32,32,midpoint,32,32
checkerboard,32,32,upper,63,63
checkerboard,32,32,lower,0,0
checkerboard,32,32,midpoint,32,32
checkerboard,32,32,upper,63,63
checkerboard,32,32,lower,0,0
checkerboard,32,32,midpoint,32,32
checkerboard,32,32,upper,63,63
checkerboard,32,32,lower,0,0
checkerboard,32,32,midpoint,32,32
checkerboard,32,32,upper,63,63
checkerboard,32,32,lower,0,0
checkerboard,32,32,midpoint,32,32
checkerboard,32,32,upper,63,63
checkerboard,32,32,lower,0,0
checkerboard,32,32,midpoint,32,32
checkerboard,32,32,upper,63,63
checkerboard,32,32,lower,0,0
checkerboard,32,32,midpoint,32,32
checkerboard,32,32,upper,63,63
checkerboard,32,32,lower,0,0
checkerboard,32,32,midpoint,32,32
checkerboard,32,32,upper,63,63
checkerboard,32,32,lower,0,0
checkerboard,32,32,midpoint,32,32
checkerboard,32,32,upper,63,63
checkerboard,32,32,lower,0,0
checkerboard,32,32,midpoint,32,32
checkerboard,32,32,upper,63,63
checkerboard,32,32,lower,0,0
checkerboard,32,32,midpoint,32,32
checkerboard,32,32,upper,63,63
checkerboard,32,32,lower,0,0
checkerboard,32,32,midpoint,32,32
checkerboard,32,32,upper,63,63
checkerboard,32,32,lower,0,0
checkerboard,32,32,midpoint,32,32
checkerboard,32,32,upper,63,63
checkerboard,32,32,lower,0,0
checkerboard,32,32,midpoint,32,32
checkerboard,32,32,upper,63,63
checkerboard,32,32,lower,0,0
checkerboard,32,32,midpoint,32,32
checkerboard,32,32,upper,63,63
checkerboard,32,32,lower,0,0
checkerboard,32,32,midpoint,32,32
checkerboard,32,32,upper,63,63
checkerboard,32,32,lower,0,0
checkerboard,32,32,midpoint,32,32
checkerboard,32,32,upper,63,63
checkerboard,32,32,lower,0,0
checkerboard,32,32,midpoint,32,32
checkerboard,32,32,upper,63,63
checkerboard,32,32,lower,0,0
checkerboard,32,32,midpoint,32,32
checkerboard,32,32,upper,63,63
checkerboard,32,32,lower,0,0
checkerboard,32,32,midpoint,32,32
checkerboard,32,32,upper,63,63
checkerboard,32,32,lower,0,0
checkerboard,32,32,midpoint,32,32
checkerboard,32,32,upper,63,63
checkerboard,32,32,lower,0,0
checkerboard,32,32,midpoint,32,32
checkerboard,32,32,upper,63,63
checkerboard,32,32,lower,0,0
checkerboard,32,32,midpoint,32,32
checkerboard,32,32,upper,63,63
checkerboard,32,32,lower,0,0
checkerboard,32,32,midpoint,32,32
checkerboard,32,32,upper,63,63
checkerboard,32,32,lower,0,0
checkerboard,32,32,midpoint,32,32
checkerboard,32,32,upper,63,63
checkerboard,32,32,lower,0,0
checkerboard,32,32,midpoint,32,32
checkerboard,32,32,upper,63,63
checkerboard,32,32,lower,0,0
checkerboard,32,32,midpoint,32,32
checkerboard,32,32,upper,63,63
checkerboard,32,32,lower,0,0
checkerboard,32,32,midpoint,32,32
checkerboard,32,32,upper,63,63
checkerboard,32,32,lower,0,0
checkerboard,32,32,midpoint,32,32
checkerboard,32,32,upper,63,63
checkerboard,32,32,lower,0,0
checkerboard,32,32,midpoint,32,32
checkerboard,32,32,upper,63,63
checkerboard,32,32,lower,0,0
checkerboard,32,32,midpoint,32,32
checkerboard,32,32,upper,63,63
checkerboard,32,32,lower,0,0
checkerboard,32,32,midpoint,32,32
checkerboard,32,32,upper,63,63
checkerboard,32,32,lower,0,0
checkerboard,32,32,midpoint,32,32
checkerboard,32,32,upper,63,63
checkerboard,32,32,lower,0,0
checkerboard,32,32,midpoint,32,32
checkerboard,32,32,upper,63,63
checkerboard,32,32,lower,0,0
checkerboard,32,32,midpoint,32,32
checkerboard,32,32,upper,63,63
checkerboard,32,32,lower,0,0
checkerboard,32,32,midpoint,32,32
checkerboard,32,32,upper,63,63
checkerboard,32,32,lower,0,0
checkerboard,32,32,midpoint,32,32
checkerboard,32,32,upper,63,63
checkerboard,32,32,lower,0,0
checkerboard,32,32,midpoint,32,32
checkerboard,32,32,upper,63,63
checkerboard,32,32,lower,0,0
checkerboard,32,32,midpoint,32,32
checkerboard,32,32,upper,63,63
checkerboard,32,32,lower,0,0
checkerboard,32,32,midpoint,32,32
checkerboard,32,32,upper,63,63
checkerboard,32,32,lower,0,0
checkerboard,32,32,midpoint,32,32
checkerboard,32,32,upper,63,63
checkerboard,32,32,lower,0,0
checkerboard,32,32,midpoint,32,32
checkerboard,32,32,upper,63,63
checkerboard,32,32,lower,0,0
checkerboard,32,32,midpoint,32,32
checkerboard,32,32,upper,63,63
checkerboard,32,32,lower,0,0
checkerboard,32,32,midpoint,32,32
checkerboard,32,32,upper,63,63
checkerboard,32,32,lower,0,0
checkerboard,32,32,midpoint,32,32
checkerboard,32,32,upper,63,63
checkerboard,32,32,lower,0,0
checkerboard,32,32,midpoint,32,32
checkerboard,32,32,upper,63,63
checkerboard,32,32,lower,0,0
checkerboard,32,32,midpoint,32,32
checkerboard,32,32,upper,63,63
checkerboard,32,32,lower,0,0
checkerboard,32,32,midpoint,32,32
checkerboard,32,32,upper,63,63
checkerboard,32,32,lower,0,0
checkerboard,32,32,midpoint,32,32
checkerboard,32,32,upper,63,63
checkerboard,32,32,lower,0,0
checkerboard,32,32,midpoint,32,32
checkerboard,32,32,upper,63,63
checkerboard,32,32,lower,0,0
checkerboard,32,32,midpoint,32,32
checkerboard,32,32,upper,63,63
checkerboard,32,32,lower,0,0
checkerboard,32,32,midpoint,32,32
checkerboard,32,32,upper,63,63
checkerboard,32,32,lower,0,0
checkerboard,32,32,midpoint,32,32
checkerboard,32,32,upper,63,63
checkerboard,32,32,lower,0,0
checkerboard,32,32,midpoint,32,32
checkerboard,32,32,upper,63,63
checkerboard,32,32,lower,0,0
checkerboard,32,32,midpoint,32,32
checkerboard,32,32,upper,63,63
checkerboard,32,32,lower,0,0
checkerboard,32,32,midpoint,32,32
checkerboard,32,32,upper,63,63
checkerboard,32,32,lower,0,0
checkerboard,32,32,midpoint,32,32
checkerboard,32,32,upper,63,63
checkerboard,32,32,lower,0,0
checkerboard,32,32,midpoint,32,32
checkerboard,32,32,upper,63,63
checkerboard,32,32,lower,0,0
checkerboard,32,32,midpoint,32,32
checkerboard,32,32,upper,63,63
checkerboard,32,32,lower,0,0
checkerboard,32,32,midpoint,32,32
checkerboard,32,32,upper,63,63
checkerboard,32,32,lower,0,0
checkerboard,32,32,midpoint,32,32
checkerboard,32,32,upper,63,63
checkerboard,32,32,lower,0,0
checkerboard,32,32,midpoint,32,32
checkerboard,32,32,upper,63,63
checkerboard,32,32,lower,0,0
checkerboard,32,32,midpoint,32,32
checkerboard,32,32,upper,63,63
checkerboard,32,32,lower,0,0
checkerboard,32,32,midpoint,32,32
checkerboard,32,32,upper,63,63
checkerboard,32,32,lower,0,0
checkerboard,32,32,midpoint,32,32
checkerboard,32,32,upper,63,63
checkerboard,32,32,lower,0,0
checkerboard,32,32,midpoint,32,32
checkerboard,32,32,upper,63,63
checkerboard,32,32,lower,0,0
checkerboard,32,32,midpoint,32,32
checkerboard,32,32,upper,63,63
checkerboard,32,32,lower,0,0
checkerboard,32,32,midpoint,32,32
checkerboard,32,32,upper,63,63
checkerboard,32,32,lower,0,0
checkerboard,32,32,midpoint,32,32
checkerboard,32,32,upper,63,63
checkerboard,32,32,lower,0,0
checkerboard,32,32,midpoint,32,32
checkerboard,32,32,upper,63,63
checkerboard,32,32,lower,0,0
checkerboard,32,32,midpoint,32,32
checkerboard,32,32,upper,63,63
checkerboard,32,32,lower,0,0
checkerboard,32,32,midpoint,32,32
checkerboard,32,32,upper,63,63
checkerboard,32,32,lower,0,0
checkerboard,32,32,midpoint,32,32
checkerboard,32,32,upper,63,63
checkerboard,32,32,lower,0,0
checkerboard,32,32,midpoint,32,32
checkerboard,32,32,upper,63,63
checkerboard,32,32,lower,0,0
checkerboard,32,32,midpoint,32,32
checkerboard,32,32,upper,63,63
checkerboard,32,32,lower,0,0
checkerboard,32,32,midpoint,32,32
checkerboard,32,32,upper,63,63
checkerboard,32,32,lower,0,0
checkerboard,32,32,midpoint,32,32
checkerboard,32,32,upper,63,63
checkerboard,32,32,lower,0,0
checkerboard,32,32,midpoint,32,32
checkerboard,32,32,upper,63,63
checkerboard,32,32,lower,0,0
checkerboard,32,32,midpoint,32,32
checkerboard,32,32,upper,63,63
checkerboard,32,32,lower,0,0
checkerboard,32,32,midpoint,32,32
checkerboard,32,32,upper,63,63
checkerboard,32,32,lower,0,0
checkerboard,32,32,midpoint,32,32
checkerboard,32,32,upper,63,63
checkerboard,32,32,lower,0,0
checkerboard,32,32,midpoint,32,32
checkerboard,32,32,upper,63,63
checkerboard,32,32,lower,0,0
checkerboard,32,32,midpoint,32,32
checkerboard,32,32,upper,63,63
checkerboard,32,32,lower,0,0
checkerboard,32,32,midpoint,32,32
checkerboard,32,32,upper,63,63
checkerboard,32,32,lower,0,0
checkerboard,32,32,midpoint,32,32
checkerboard,32,32,upper,63,63
checkerboard,32,32,lower,0,0
checkerboard,32,32,midpoint,32,32
checkerboard,32,32,upper,63,63
checkerboard,32,32,lower,0,0
checkerboard,32,32,midpoint,32,32
checkerboard,32,32,upper,63,63
checkerboard,32,32,lower,0,0
checkerboard,32,32,midpoint,32,32
checkerboard,32,32,upper,63,63
checkerboard,32,32,lower,0,0
checkerboard,32,32,midpoint,32,32
checkerboard,32,32,upper,63,63
checkerboard,64,8,lower,0,0
checkerboard,64,8,midpoint,128,128
checkerboard,64,8,upper,255,255
checkerboard,64,8,lower,0,0
checkerboard,64,8,midpoint,128,128
checkerboard,64,8,upper,255,255
checkerboard,64,8,lower,0,0
checkerboard,64,8,midpoint,128,128
checkerboard,64,8,upper,255,255
checkerboard,64,8,lower,0,0
checkerboard,64,8,midpoint,128,128
checkerboard,64,8,upper,255,255
checkerboard,64,8,lower,0,0
checkerboard,64,8,midpoint,128,128
checkerboard,64,8,upper,255,255
checkerboard,64,8,lower,0,0
checkerboard,64,8,midpoint,128,128
checkerboard,64,8,upper,255,255
checkerboard,64,8,lower,0,0
checkerboard,64,8,midpoint,128,128
checkerboard,64,8,upper,255,255
checkerboard,64,8,lower,0,0
checkerboard,64,8,midpoint,128,128
checkerboard,64,8,upper,255,255
checkerboard,64,8,lower,0,0
checkerboard,64,8,midpoint,128,128
checkerboard,64,8,upper,255,255
checkerboard,64,8,lower,0,0
checkerboard,64,8,midpoint,128,128
checkerboard,64,8,upper,255,255
checkerboard,64,8,lower,0,0
checkerboard,64,8,midpoint,128,128
checkerboard,64,8,upper,255,255
checkerboard,64,8,lower,0,0
checkerboard,64,8,midpoint,128,128
checkerboard,64,8,upper,255,255
checkerboard,64,8,lower,0,0
checkerboard,64,8,midpoint,128,128
checkerboard,64,8,upper,255,255
checkerboard,64,8,lower,0,0
checkerboard,64,8,midpoint,128,128
checkerboard,64,8,upper,255,255
checkerboard,64,8,lower,0,0
checkerboard,64,8,midpoint,128,128
checkerboard,64,8,upper,255,255
checkerboard,64,8,lower,0,0
checkerboard,64,8,midpoint,128,128
checkerboard,64,8,upper,255,255
checkerboard,64,8,lower,0,0
checkerboard,64,8,midpoint,128,128
checkerboard,64,8,upper,255,255
checkerboard,64,8,lower,0,0
checkerboard,64,8,midpoint,128,128
checkerboard,64,8,upper,255,255
checkerboard,64,8,lower,0,0
checkerboard,64,8,midpoint,128,128
checkerboard,64,8,upper,255,255
checkerboard,64,8,lower,0,0
checkerboard,64,8,midpoint,128,128
checkerboard,64,8,upper,255,255
checkerboard,64,8,lower,0,0
checkerboard,64,8,midpoint,128,128
checkerboard,64,8,upper,255,255
checkerboard,64,8,lower,0,0
checkerboard,64,8,midpoint,128,128
checkerboard,64,8,upper,255,255
checkerboard,64,8,lower,0,0
checkerboard,64,8,midpoint,128,128
checkerboard,64,8,upper,255,255
checkerboard,64,8,lower,0,0
checkerboard,64,8,midpoint,128,128
checkerboard,64,8,upper,255,255
checkerboard,64,8,lower,0,0
checkerboard,64,8,midpoint,128,128
checkerboard,64,8,upper,255,255
checkerboard,64,8,lower,0,0
checkerboard,64,8,midpoint,128,128
checkerboard,64,8,upper,255,255
checkerboard,64,8,lower,0,0
checkerboard,64,8,midpoint,128,128
checkerboard,64,8,upper,255,255
checkerboard,64,8,lower,0,0
checkerboard,64,8,midpoint,128,128
checkerboard,64,8,upper,255,255
checkerboard,64,8,lower,0,0
checkerboard,64,8,midpoint,128,128
checkerboard,64,8,upper,255,255
checkerboard,64,8,lower,0,0
checkerboard,64,8,midpoint,128,128
checkerboard,64,8,upper,255,255
checkerboard,64,8,lower,0,0
checkerboard,64,8,midpoint,128,128
checkerboard,64,8,upper,255,255
checkerboard,64,8,lower,0,0
checkerboard,64,8,midpoint,128,128
checkerboard,64,8,upper,255,255
checkerboard,64,8,lower,0,0
checkerboard,64,8,midpoint,128,128
checkerboard,64,8,upper,255,255
checkerboard,64,8,lower,0,0
checkerboard,64,8,midpoint,128,128
checkerboard,64,8,upper,255,255
checkerboard,64,8,lower,0,0
checkerboard,64,8,midpoint,128,128
checkerboard,64,8,upper,255,255
checkerboard,64,8,lower,0,0
checkerboard,64,8,midpoint,128,128
checkerboard,64,8,upper,255,255
checkerboard,64,8,lower,0,0
checkerboard,64,8,midpoint,128,128
checkerboard,64,8,upper,255,255
checkerboard,64,8,lower,0,0
checkerboard,64,8,midpoint,128,128
checkerboard,64,8,upper,255,255
checkerboard,64,8,lower,0,0
checkerboard,64,8,midpoint,128,128
checkerboard,64,8,upper,255,255
checkerboard,64,8,lower,0,0
checkerboard,64,8,midpoint,128,128
checkerboard,64,8,upper,255,255
checkerboard,64,8,lower,0,0
checkerboard,64,8,midpoint,128,128
checkerboard,64,8,upper,255,255
checkerboard,64,8,lower,0,0
checkerboard,64,8,midpoint,128,128
checkerboard,64,8,upper,255,255
checkerboard,64,8,lower,0,0
checkerboard,64,8,midpoint,128,128
checkerboard,64,8,upper,255,255
checkerboard,64,8,lower,0,0
checkerboard,64,8,midpoint,128,128
checkerboard,64,8,upper,255,255
checkerboard,64,8,lower,0,0
checkerboard,64,8,midpoint,128,128
checkerboard,64,8,upper,255,255
checkerboard,64,8,lower,0,0
checkerboard,64,8,midpoint,128,128
checkerboard,64,8,upper,255,255
checkerboard,64,8,lower,0,0
checkerboard,64,8,midpoint,128,128
checkerboard,64,8,upper,255,255
checkerboard,64,8,lower,0,0
checkerboard,64,8,midpoint,128,128
checkerboard,64,8,upper,255,255
checkerboard,64,8,lower,0,0
checkerboard,64,8,midpoint,128,128
checkerboard,64,8,upper,255,255
checkerboard,64,8,lower,0,0
checkerboard,64,8,midpoint,128,128
checkerboard,64,8,upper,255,255
checkerboard,64,8,lower,0,0
checkerboard,64,8,midpoint,128,128
checkerboard,64,8,upper,255,255
checkerboard,64,8,lower,0,0
checkerboard,64,8,midpoint,128,128
checkerboard,64,8,upper,255,255
checkerboard,64,8,lower,0,0
checkerboard,64,8,midpoint,128,128
checkerboard,64,8,upper,255,255
checkerboard,64,8,lower,0,0
checkerboard,64,8,midpoint,128,128
checkerboard,64,8,upper,255,255
checkerboard,64,8,lower,0,0
checkerboard,64,8,midpoint,128,128
checkerboard,64,8,upper,255,255
checkerboard,64,8,lower,0,0
checkerboard,64,8,midpoint,128,128
checkerboard,64,8,upper,255,255
checkerboard,64,8,lower,0,0
checkerboard,64,8,midpoint,128,128
checkerboard,64,8,upper,255,255
checkerboard,64,8,lower,0,0
checkerboard,64,8,midpoint,128,128
checkerboard,64,8,upper,255,255
checkerboard,64,8,lower,0,0
checkerboard,64,8,midpoint,128,128
checkerboard,64,8,upper,255,255
checkerboard,64,8,lower,0,0
checkerboard,64,8,midpoint,128,128
checkerboard,64,8,upper,255,255
checkerboard,64,8,lower,0,0
checkerboard,64,8,midpoint,128,128
checkerboard,64,8,upper,255,255
checkerboard,64,8,lower,0,0
checkerboard,64,8,midpoint,128,128
checkerboard,64,8,upper,255,255
checkerboard,64,8,lower,0,0
checkerboard,64,8,midpoint,128,128
checkerboard,64,8,upper,255,255
checkerboard,64,8,lower,0,0
checkerboard,64,8,midpoint,128,128
checkerboard,64,8,upper,255,255
checkerboard,64,8,lower,0,0
checkerboard,64,8,midpoint,128,128
checkerboard,64,8,upper,255,255
checkerboard,64,8,lower,0,0
checkerboard,64,8,midpoint,128,128
checkerboard,64,8,upper,255,255
checkerboard,64,8,lower,0,0
checkerboard,64,8,midpoint,128,128
checkerboard,64,8,upper,255,255
checkerboard,64,8,lower,0,0
checkerboard,64,8,midpoint,128,128
checkerboard,64,8,upper,255,255
checkerboard,64,8,lower,0,0
checkerboard,64,8,midpoint,128,128
checkerboard,64,8,upper,255,255
checkerboard,64,8,lower,0,0
checkerboard,64,8,midpoint,128,128
checkerboard,64,8,upper,255,255
checkerboard,64,8,lower,0,0
checkerboard,64,8,midpoint,128,128
checkerboard,64,8,upper,255,255
checkerboard,64,8,lower,0,0
checkerboard,64,8,midpoint,128,128
checkerboard,64,8,upper,255,255
checkerboard,64,8,lower,0,0
checkerboard,64,8,midpoint,128,128
checkerboard,64,8,upper,255,255
checkerboard,64,8,lower,0,0
checkerboard,64,8,midpoint,128,128
checkerboard,64,8,upper,255,255
checkerboard,64,8,lower,0,0
checkerboard,64,8,midpoint,128,128
checkerboard,64,8,upper,255,255
checkerboard,64,8,lower,0,0
checkerboard,64,8,midpoint,128,128
checkerboard,64,8,upper,255,255
checkerboard,64,8,lower,0,0
checkerboard,64,8,midpoint,128,128
checkerboard,64,8,upper,255,255
checkerboard,64,8,lower,0,0
checkerboard,64,8,midpoint,128,128
checkerboard,64,8,upper,255,255
checkerboard,64,8,lower,0,0
checkerboard,64,8,midpoint,128,128
checkerboard,64,8,upper,255,255
checkerboard,64,8,lower,0,0
checkerboard,64,8,midpoint,128,128
checkerboard,64,8,upper,255,255
checkerboard,64,16,lower,0,0
checkerboard,64,16,midpoint,64,64
checkerboard,64,16,upper,127,127
checkerboard,64,16,lower,0,0
checkerboard,64,16,midpoint,64,64
checkerboard,64,16,upper,127,127
checkerboard,64,16,lower,0,0
checkerboard,64,16,midpoint,64,64
checkerboard,64,16,upper,127,127
checkerboard,64,16,lower,0,0
checkerboard,64,16,midpoint,64,64
checkerboard,64,16,upper,127,127
checkerboard,64,16,lower,0,0
checkerboard,64,16,midpoint,64,64
checkerboard,64,16,upper,127,127
checkerboard,64,16,lower,0,0
checkerboard,64,16,midpoint,64,64
checkerboard,64,16,upper,127,127
checkerboard,64,16,lower,0,0
checkerboard,64,16,midpoint,64,64
checkerboard,64,16,upper,127,127
checkerboard,64,16,lower,0,0
checkerboard,64,16,midpoint,64,64
checkerboard,64,16,upper,127,127
checkerboard,64,16,lower,0,0
checkerboard,64,16,midpoint,64,64
checkerboard,64,16,upper,127,127
checkerboard,64,16,lower,0,0
checkerboard,64,16,midpoint,64,64
checkerboard,64,16,upper,127,127
checkerboard,64,16,lower,0,0
checkerboard,64,16,midpoint,64,64
checkerboard,64,16,upper,127,127
checkerboard,64,16,lower,0,0
checkerboard,64,16,midpoint,64,64
checkerboard,64,16,upper,127,127
checkerboard,64,16,lower,0,0
checkerboard,64,16,midpoint,64,64
checkerboard,64,16,upper,127,127
checkerboard,64,16,lower,0,0
checkerboard,64,16,midpoint,64,64
checkerboard,64,16,upper,127,127
checkerboard,64,16,lower,0,0
checkerboard,64,16,midpoint,64,64
checkerboard,64,16,upper,127,127
checkerboard,64,16,lower,0,0
checkerboard,64,16,midpoint,64,64
checkerboard,64,16,upper,127,127
checkerboard,64,16,lower,0,0
checkerboard,64,16,midpoint,64,64
checkerboard,64,16,upper,127,127
checkerboard,64,16,lower,0,0
checkerboard,64,16,midpoint,64,64
checkerboard,64,16,upper,127,127
checkerboard,64,16,lower,0,0
checkerboard,64,16,midpoint,64,64
checkerboard,64,16,upper,127,127
checkerboard,64,16,lower,0,0
checkerboard,64,16,midpoint,64,64
checkerboard,64,16,upper,127,127
checkerboard,64,16,lower,0,0
checkerboard,64,16,midpoint,64,64
checkerboard,64,16,upper,127,127
checkerboard,64,16,lower,0,0
checkerboard,64,16,midpoint,64,64
checkerboard,64,16,upper,127,127
checkerboard,64,16,lower,0,0
checkerboard,64,16,midpoint,64,64
checkerboard,64,16,upper,127,127
checkerboard,64,16,lower,0,0
checkerboard,64,16,midpoint,64,64
checkerboard,64,16,upper,127,127
checkerboard,64,16,lower,0,0
checkerboard,64,16,midpoint,64,64
checkerboard,64,16,upper,127,127
checkerboard,64,16,lower,0,0
checkerboard,64,16,midpoint,64,64
checkerboard,64,16,upper,127,127
checkerboard,64,16,lower,0,0
checkerboard,64,16,midpoint,64,64
checkerboard,64,16,upper,127,127
checkerboard,64,16,lower,0,0
checkerboard,64,16,midpoint,64,64
checkerboard,64,16,upper,127,127
checkerboard,64,16,lower,0,0
checkerboard,64,16,midpoint,64,64
checkerboard,64,16,upper,127,127
checkerboard,64,16,lower,0,0
checkerboard,64,16,midpoint,64,64
checkerboard,64,16,upper,127,127
checkerboard,64,16,lower,0,0
checkerboard,64,16,midpoint,64,64
checkerboard,64,16,upper,127,127
checkerboard,64,16,lower,0,0
checkerboard,64,16,midpoint,64,64
checkerboard,64,16,upper,127,127
checkerboard,64,16,lower,0,0
checkerboard,64,16,midpoint,64,64
checkerboard,64,16,upper,127,127
checkerboard,64,16,lower,0,0
checkerboard,64,16,midpoint,64,64
checkerboard,64,16,upper,127,127
checkerboard,64,16,lower,0,0
checkerboard,64,16,midpoint,64,64
checkerboard,64,16,upper,127,127
checkerboard,64,16,lower,0,0
checkerboard,64,16,midpoint,64,64
checkerboard,64,16,upper,127,127
checkerboard,64,16,lower,0,0
checkerboard,64,16,midpoint,64,64
checkerboard,64,16,upper,127,127
checkerboard,64,16,lower,0,0
checkerboard,64,16,midpoint,64,64
checkerboard,64,16,upper,127,127
checkerboard,64,16,lower,0,0
checkerboard,64,16,midpoint,64,64
checkerboard,64,16,upper,127,127
checkerboard,64,16,lower,0,0
checkerboard,64,16,midpoint,64,64
checkerboard,64,16,upper,127,127
checkerboard,64,16,lower,0,0
checkerboard,64,16,midpoint,64,64
checkerboard,64,16,upper,127,127
checkerboard,64,16,lower,0,0
checkerboard,64,16,midpoint,64,64
checkerboard,64,16,upper,127,127
checkerboard,64,16,lower,0,0
checkerboard,64,16,midpoint,64,64
checkerboard,64,16,upper,127,127
checkerboard,64,16,lower,0,0
checkerboard,64,16,midpoint,64,64
checkerboard,64,16,upper,127,127
checkerboard,64,16,lower,0,0
checkerboard,64,16,midpoint,64,64
checkerboard,64,16,upper,127,127
checkerboard,64,16,lower,0,0
checkerboard,64,16,midpoint,64,64
checkerboard,64,16,upper,127,127
checkerboard,64,16,lower,0,0
checkerboard,64,16,midpoint,64,64
checkerboard,64,16,upper,127,127
checkerboard,64,16,lower,0,0
checkerboard,64,16,midpoint,64,64
checkerboard,64,16,upper,127,127
checkerboard,64,16,lower,0,0
checkerboard,64,16,midpoint,64,64
checkerboard,64,16,upper,127,127
checkerboard,64,16,lower,0,0
checkerboard,64,16,midpoint,64,64
checkerboard,64,16,upper,127,127
checkerboard,64,16,lower,0,0
checkerboard,64,16,midpoint,64,64
checkerboard,64,16,upper,127,127
checkerboard,64,16,lower,0,0
checkerboard,64,16,midpoint,64,64
checkerboard,64,16,upper,127,127
checkerboard,64,16,lower,0,0
checkerboard,64,16,midpoint,64,64
checkerboard,64,16,upper,127,127
checkerboard,64,16,lower,0,0
checkerboard,64,16,midpoint,64,64
checkerboard,64,16,upper,127,127
checkerboard,64,16,lower,0,0
checkerboard,64,16,midpoint,64,64
checkerboard,64,16,upper,127,127
checkerboard,64,16,lower,0,0
checkerboard,64,16,midpoint,64,64
checkerboard,64,16,upper,127,127
checkerboard,64,16,lower,0,0
checkerboard,64,16,midpoint,64,64
checkerboard,64,16,upper,127,127
checkerboard,64,16,lower,0,0
checkerboard,64,16,midpoint,64,64
checkerboard,64,16,upper,127,127
checkerboard,64,16,lower,0,0
checkerboard,64,16,midpoint,64,64
checkerboard,64,16,upper,127,127
checkerboard,64,16,lower,0,0
checkerboard,64,16,midpoint,64,64
checkerboard,64,16,upper,127,127
checkerboard,64,16,lower,0,0
checkerboard,64,16,midpoint,64,64
checkerboard,64,16,upper,127,127
checkerboard,64,16,lower,0,0
checkerboard,64,16,midpoint,64,64
checkerboard,64,16,upper,127,127
checkerboard,64,16,lower,0,0
checkerboard,64,16,midpoint,64,64
checkerboard,64,16,upper,127,127
checkerboard,64,16,lower,0,0
checkerboard,64,16,midpoint,64,64
checkerboard,64,16,upper,127,127
checkerboard,64,16,lower,0,0
checkerboard,64,16,midpoint,64,64
checkerboard,64,16,upper,127,127
checkerboard,64,16,lower,0,0
checkerboard,64,16,midpoint,64,64
checkerboard,64,16,upper,127,127
checkerboard,64,16,lower,0,0
checkerboard,64,16,midpoint,64,64
checkerboard,64,16,upper,127,127
checkerboard,64,16,lower,0,0
checkerboard,64,16,midpoint,64,64
checkerboard,64,16,upper,127,127
checkerboard,64,16,lower,0,0
checkerboard,64,16,midpoint,64,64
checkerboard,64,16,upper,127,127
checkerboard,64,16,lower,0,0
checkerboard,64,16,midpoint,64,64
checkerboard,64,16,upper,127,127
checkerboard,64,16,lower,0,0
checkerboard,64,16,midpoint,64,64
checkerboard,64,16,upper,127,127
checkerboard,64,16,lower,0,0
checkerboard,64,16,midpoint,64,64
checkerboard,64,16,upper,127,127
checkerboard,64,16,lower,0,0
checkerboard,64,16,midpoint,64,64
checkerboard,64,16,upper,127,127
checkerboard,64,16,lower,0,0
checkerboard,64,16,midpoint,64,64
checkerboard,64,16,upper,127,127
checkerboard,64,16,lower,0,0
checkerboard,64,16,midpoint,64,64
checkerboard,64,16,upper,127,127
checkerboard,64,16,lower,0,0
checkerboard,64,16,midpoint,64,64
checkerboard,64,16,upper,127,127
checkerboard,64,16,lower,0,0
checkerboard,64,16,midpoint,64,64
checkerboard,64,16,upper,127,127
checkerboard,64,16,lower,0,0
checkerboard,64,16,midpoint,64,64
checkerboard,64,16,upper,127,127
checkerboard,64,16,lower,0,0
checkerboard,64,16,midpoint,64,64
checkerboard,64,16,upper,127,127
checkerboard,64,16,lower,0,0
checkerboard,64,16,midpoint,64,64
checkerboard,64,16,upper,127,127
checkerboard,64,32,lower,0,0
checkerboard,64,32,midpoint,32,32
checkerboard,64,32,upper,63,63
checkerboard,64,32,lower,0,0
checkerboard,64,32,midpoint,32,32
checkerboard,64,32,upper,63,63
checkerboard,64,32,lower,0,0
checkerboard,64,32,midpoint,32,32
checkerboard,64,32,upper,63,63
checkerboard,64,32,lower,0,0
checkerboard,64,32,midpoint,32,32
checkerboard,64,32,upper,63,63
checkerboard,64,32,lower,0,0
checkerboard,64,32,midpoint,32,32
checkerboard,64,32,upper,63,63
checkerboard,64,32,lower,0,0
checkerboard,64,32,midpoint,32,32
checkerboard,64,32,upper,63,63
checkerboard,64,32,lower,0,0
checkerboard,64,32,midpoint,32,32
checkerboard,64,32,upper,63,63
checkerboard,64,32,lower,0,0
checkerboard,64,32,midpoint,32,32
checkerboard,64,32,upper,63,63
checkerboard,64,32,lower,0,0
checkerboard,64,32,midpoint,32,32
checkerboard,64,32,upper,63,63
checkerboard,64,32,lower,0,0
checkerboard,64,32,midpoint,32,32
checkerboard,64,32,upper,63,63
checkerboard,64,32,lower,0,0
checkerboard,64,32,midpoint,32,32
checkerboard,64,32,upper,63,63
checkerboard,64,32,lower,0,0
checkerboard,64,32,midpoint,32,32
checkerboard,64,32,upper,63,63
checkerboard,64,32,lower,0,0
checkerboard,64,32,midpoint,32,32
checkerboard,64,32,upper,63,63
checkerboard,64,32,lower,0,0
checkerboard,64,32,midpoint,32,32
checkerboard,64,32,upper,63,63
checkerboard,64,32,lower,0,0
checkerboard,64,32,midpoint,32,32
checkerboard,64,32,upper,63,63
checkerboard,64,32,lower,0,0
checkerboard,64,32,midpoint,32,32
checkerboard,64,32,upper,63,63
checkerboard,64,32,lower,0,0
checkerboard,64,32,midpoint,32,32
checkerboard,64,32,upper,63,63
checkerboard,64,32,lower,0,0
checkerboard,64,32,midpoint,32,32
checkerboard,64,32,upper,63,63
checkerboard,64,32,lower,0,0
checkerboard,64,32,midpoint,32,32
checkerboard,64,32,upper,63,63
checkerboard,64,32,lower,0,0
checkerboard,64,32,midpoint,32,32
checkerboard,64,32,upper,63,63
checkerboard,64,32,lower,0,0
checkerboard,64,32,midpoint,32,32
checkerboard,64,32,upper,63,63
checkerboard,64,32,lower,0,0
checkerboard,64,32,midpoint,32,32
checkerboard,64,32,upper,63,63
checkerboard,64,32,lower,0,0
checkerboard,64,32,midpoint,32,32
checkerboard,64,32,upper,63,63
checkerboard,64,32,lower,0,0
checkerboard,64,32,midpoint,32,32
checkerboard,64,32,upper,63,63
checkerboard,64,32,lower,0,0
checkerboard,64,32,midpoint,32,32
checkerboard,64,32,upper,63,63
checkerboard,64,32,lower,0,0
checkerboard,64,32,midpoint,32,32
checkerboard,64,32,upper,63,63
checkerboard,64,32,lower,0,0
checkerboard,64,32,midpoint,32,32
checkerboard,64,32,upper,63,63
checkerboard,64,32,lower,0,0
checkerboard,64,32,midpoint,32,32
checkerboard,64,32,upper,63,63
checkerboard,64,32,lower,0,0
checkerboard,64,32,midpoint,32,32
checkerboard,64,32,upper,63,63
checkerboard,64,32,lower,0,0
checkerboard,64,32,midpoint,32,32
checkerboard,64,32,upper,63,63
checkerboard,64,32,lower,0,0
checkerboard,64,32,midpoint,32,32
checkerboard,64,32,upper,63,63
checkerboard,64,32,lower,0,0
checkerboard,64,32,midpoint,32,32
checkerboard,64,32,upper,63,63
checkerboard,64,32,lower,0,0
checkerboard,64,32,midpoint,32,32
checkerboard,64,32,upper,63,63
checkerboard,64,32,lower,0,0
checkerboard,64,32,midpoint,32,32
checkerboard,64,32,upper,63,63
checkerboard,64,32,lower,0,0
checkerboard,64,32,midpoint,32,32
checkerboard,64,32,upper,63,63
checkerboard,64,32,lower,0,0
checkerboard,64,32,midpoint,32,32
checkerboard,64,32,upper,63,63
checkerboard,64,32,lower,0,0
checkerboard,64,32,midpoint,32,32
checkerboard,64,32,upper,63,63
checkerboard,64,32,lower,0,0
checkerboard,64,32,midpoint,32,32
checkerboard,64,32,upper,63,63
checkerboard,64,32,lower,0,0
checkerboard,64,32,midpoint,32,32
checkerboard,64,32,upper,63,63
checkerboard,64,32,lower,0,0
checkerboard,64,32,midpoint,32,32
checkerboard,64,32,upper,63,63
checkerboard,64,32,lower,0,0
checkerboard,64,32,midpoint,32,32
checkerboard,64,32,upper,63,63
checkerboard,64,32,lower,0,0
checkerboard,64,32,midpoint,32,32
checkerboard,64,32,upper,63,63
checkerboard,64,32,lower,0,0
checkerboard,64,32,midpoint,32,32
checkerboard,64,32,upper,63,63
checkerboard,64,32,lower,0,0
checkerboard,64,32,midpoint,32,32
checkerboard,64,32,upper,63,63
checkerboard,64,32,lower,0,0
checkerboard,64,32,midpoint,32,32
checkerboard,64,32,upper,63,63
checkerboard,64,32,lower,0,0
checkerboard,64,32,midpoint,32,32
checkerboard,64,32,upper,63,63
checkerboard,64,32,lower,0,0
checkerboard,64,32,midpoint,32,32
checkerboard,64,32,upper,63,63
checkerboard,64,32,lower,0,0
checkerboard,64,32,midpoint,32,32
checkerboard,64,32,upper,63,63
checkerboard,64,32,lower,0,0
checkerboard,64,32,midpoint,32,32
checkerboard,64,32,upper,63,63
checkerboard,64,32,lower,0,0
checkerboard,64,32,midpoint,32,32
checkerboard,64,32,upper,63,63
checkerboard,64,32,lower,0,0
checkerboard,64,32,midpoint,32,32
checkerboard,64,32,upper,63,63
checkerboard,64,32,lower,0,0
checkerboard,64,32,midpoint,32,32
checkerboard,64,32,upper,63,63
checkerboard,64,32,lower,0,0
checkerboard,64,32,midpoint,32,32
checkerboard,64,32,upper,63,63
checkerboard,64,32,lower,0,0
checkerboard,64,32,midpoint,32,32
checkerboard,64,32,upper,63,63
checkerboard,64,32,lower,0,0
checkerboard,64,32,midpoint,32,32
checkerboard,64,32,upper,63,63
checkerboard,64,32,lower,0,0
checkerboard,64,32,midpoint,32,32
checkerboard,64,32,upper,63,63
checkerboard,64,32,lower,0,0
checkerboard,64,32,midpoint,32,32
checkerboard,64,32,upper,63,63
checkerboard,64,32,lower,0,0
checkerboard,64,32,midpoint,32,32
checkerboard,64,32,upper,63,63
checkerboard,64,32,lower,0,0
checkerboard,64,32,midpoint,32,32
checkerboard,64,32,upper,63,63
checkerboard,64,32,lower,0,0
checkerboard,64,32,midpoint,32,32
checkerboard,64,32,upper,63,63
checkerboard,64,32,lower,0,0
checkerboard,64,32,midpoint,32,32
checkerboard,64,32,upper,63,63
checkerboard,64,32,lower,0,0
checkerboard,64,32,midpoint,32,32
checkerboard,64,32,upper,63,63
checkerboard,64,32,lower,0,0
checkerboard,64,32,midpoint,32,32
checkerboard,64,32,upper,63,63
checkerboard,64,32,lower,0,0
checkerboard,64,32,midpoint,32,32
checkerboard,64,32,upper,63,63
checkerboard,64,32,lower,0,0
checkerboard,64,32,midpoint,32,32
checkerboard,64,32,upper,63,63
checkerboard,64,32,lower,0,0
checkerboard,64,32,midpoint,32,32
checkerboard,64,32,upper,63,63
checkerboard,64,32,lower,0,0
checkerboard,64,32,midpoint,32,32
checkerboard,64,32,upper,63,63
checkerboard,64,32,lower,0,0
checkerboard,64,32,midpoint,32,32
checkerboard,64,32,upper,63,63
checkerboard,64,32,lower,0,0
checkerboard,64,32,midpoint,32,32
checkerboard,64,32,upper,63,63
checkerboard,64,32,lower,0,0
checkerboard,64,32,midpoint,32,32
checkerboard,64,32,upper,63,63
checkerboard,64,32,lower,0,0
checkerboard,64,32,midpoint,32,32
checkerboard,64,32,upper,63,63
checkerboard,64,32,lower,0,0
checkerboard,64,32,midpoint,32,32
checkerboard,64,32,upper,63,63
checkerboard,64,32,lower,0,0
checkerboard,64,32,midpoint,32,32
checkerboard,64,32,upper,63,63
checkerboard,64,32,lower,0,0
checkerboard,64,32,midpoint,32,32
checkerboard,64,32,upper,63,63
checkerboard,64,32,lower,0,0
checkerboard,64,32,midpoint,32,32
checkerboard,64,32,upper,63,63
checkerboard,64,32,lower,0,0
checkerboard,64,32,midpoint,32,32
checkerboard,64,32,upper,63,63
checkerboard,64,32,lower,0,0
checkerboard,64,32,midpoint,32,32
checkerboard,64,32,upper,63,63
checkerboard,64,32,lower,0,0
checkerboard,64,32,midpoint,32,32
checkerboard,64,32,upper,63,63
checkerboard,64,32,lower,0,0
checkerboard,64,32,midpoint,32,32
checkerboard,64,32,upper,63,63
checkerboard,64,32,lower,0,0
checkerboard,64,32,midpoint,32,32
checkerboard,64,32,upper,63,63
random,32,8,lower,-69,69
random,32,8,midpoint,59,59
random,32,8,upper,186,186
random,32,8,lower,-48,48
random,32,8,midpoint,80,80
random,32,8,upper,207,207
random,32,8,lower,-41,41
random,32,8,midpoint,87,87
random,32,8,upper,214,214
random,32,8,lower,-16,16
random,32,8,midpoint,112,112
random,32,8,upper,239,239
random,32,8,lower,-8,8
random,32,8,midpoint,120,120
random,32,8,upper,247,247
random,32,8,lower,-31,31
random,32,8,midpoint,97,97
random,32,8,upper,224,224
random,32,8,lower,-47,47
random,32,8,midpoint,81,81
random,32,8,upper,208,208
random,32,8,lower,-41,41
random,32,8,midpoint,87,87
random,32,8,upper,214,214
random,32,8,lower,-40,40
random,32,8,midpoint,88,88
random,32,8,upper,215,215
random,32,8,lower,-28,28
random,32,8,midpoint,100,100
random,32,8,upper,227,227
random,32,8,lower,-14,14
random,32,8,midpoint,114,114
random,32,8,upper,241,241
random,32,8,lower,-37,37
random,32,8,midpoint,91,91
random,32,8,upper,218,218
random,32,8,lower,-43,43
random,32,8,midpoint,85,85
random,32,8,upper,212,212
random,32,8,lower,-47,47
random,32,8,midpoint,81,81
random,32,8,upper,208,208
random,32,8,lower,-37,37
random,32,8,midpoint,91,91
random,32,8,upper,218,218
random,32,8,lower,-24,24
random,32,8,midpoint,104,104
random,32,8,upper,231,231
random,32,8,lower,-41,41
random,32,8,midpoint,87,87
random,32,8,upper,214,214
random,32,8,lower,-54,54
random,32,8,midpoint,74,74
random,32,8,upper,201,201
random,32,8,lower,-50,50
random,32,8,midpoint,78,78
random,32,8,upper,205,205
random,32,8,lower,-49,49
random,32,8,midpoint,79,79
random,32,8,upper,206,206
random,32,8,lower,-35,35
random,32,8,midpoint,93,93
random,32,8,upper,220,220
random,32,8,lower,-3,3
random,32,8,midpoint,125,125
random,32,8,upper,252,252
random,32,8,lower,-18,18
random,32,8,midpoint,110,110
random,32,8,upper,237,237
random,32,8,lower,-26,26
random,32,8,midpoint,102,102
random,32,8,upper,229,229
random,32,8,lower,-5,5
random,32,8,midpoint,123,123
random,32,8,upper,250,250
random,32,8,lower,-14,14
random,32,8,midpoint,114,114
random,32,8,upper,241,241
random,32,8,lower,-4,4
random,32,8,midpoint,124,124
random,32,8,upper,251,251
random,32,8,lower,-11,11
random,32,8,midpoint,117,117
random,32,8,upper,244,244
random,32,8,lower,-20,20
random,32,8,midpoint,108,108
random,32,8,upper,235,235
random,32,8,lower,-8,8
random,32,8,midpoint,120,120
random,32,8,upper,247,247
random,32,8,lower,-11,11
random,32,8,midpoint,117,117
random,32,8,upper,244,244
random,32,8,lower,-10,10
random,32,8,midpoint,118,118
random,32,8,upper,245,245
random,32,8,lower,-17,17
random,32,8,midpoint,111,111
random,32,8,upper,238,238
random,32,8,lower,-10,10
random,32,8,midpoint,118,118
random,32,8,upper,245,245
random,32,8,lower,-29,29
random,32,8,midpoint,99,99
random,32,8,upper,226,226
random,32,8,lower,-34,34
random,32,8,midpoint,94,94
random,32,8,upper,221,221
random,32,8,lower,-15,15
random,32,8,midpoint,113,113
random,32,8,upper,240,240
random,32,8,lower,-20,20
random,32,8,midpoint,108,108
random,32,8,upper,235,235
random,32,8,lower,-3,3
random,32,8,midpoint,125,125
random,32,8,upper,252,252
random,32,8,lower,-11,11
random,32,8,midpoint,117,117
random,32,8,upper,244,244
random,32,8,lower,-30,30
random,32,8,midpoint,98,98
random,32,8,upper,225,225
random,32,8,lower,-3,3
random,32,8,midpoint,125,125
random,32,8,upper,252,252
random,32,8,lower,-9,9
random,32,8,midpoint,119,119
random,32,8,upper,246,246
random,32,8,lower,-6,6
random,32,8,midpoint,122,122
random,32,8,upper,249,249
random,32,8,lower,-10,10
random,32,8,midpoint,118,118
random,32,8,upper,245,245
random,32,8,lower,-4,4
random,32,8,midpoint,124,124
random,32,8,upper,251,251
random,32,8,lower,-23,23
random,32,8,midpoint,105,105
random,32,8,upper,232,232
random,32,8,lower,-21,21
random,32,8,midpoint,107,107
random,32,8,upper,234,234
random,32,8,lower,-253,253
random,32,8,midpoint,-126,126
random,32,8,upper,1,1
random,32,8,lower,-23,23
random,32,8,midpoint,105,105
random,32,8,upper,232,232
random,32,8,lower,-16,16
random,32,8,midpoint,112,112
random,32,8,upper,239,239
random,32,8,lower,0,0
random,32,8,midpoint,128,128
random,32,8,upper,255,255
random,32,8,lower,-6,6
random,32,8,midpoint,122,122
random,32,8,upper,249,249
random,32,8,lower,-20,20
random,32,8,midpoint,108,108
random,32,8,upper,235,235
random,32,8,lower,-17,17
random,32,8,midpoint,111,111
random,32,8,upper,238,238
random,32,8,lower,-26,26
random,32,8,midpoint,102,102
random,32,8,upper,229,229
random,32,8,lower,-34,34
random,32,8,midpoint,94,94
random,32,8,upper,221,221
random,32,8,lower,-11,11
random,32,8,midpoint,117,117
random,32,8,upper,244,244
random,32,8,lower,-12,12
random,32,8,midpoint,116,116
random,32,8,upper,243,243
random,32,8,lower,-21,21
random,32,8,midpoint,107,107
random,32,8,upper,234,234
random,32,8,lower,-21,21
random,32,8,midpoint,107,107
random,32,8,upper,234,234
random,32,8,lower,-3,3
random,32,8,midpoint,125,125
random,32,8,upper,252,252
random,32,8,lower,-37,37
random,32,8,midpoint,91,91
random,32,8,upper,218,218
random,32,8,lower,-30,30
random,32,8,midpoint,98,98
random,32,8,upper,225,225
random,32,8,lower,-4,4
random,32,8,midpoint,124,124
random,32,8,upper,251,251
random,32,8,lower,-15,15
random,32,8,midpoint,113,113
random,32,8,upper,240,240
random,32,8,lower,-5,5
random,32,8,midpoint,123,123
random,32,8,upper,250,250
random,32,8,lower,-9,9
random,32,8,midpoint,119,119
random,32,8,upper,246,246
random,32,8,lower,-4,4
random,32,8,midpoint,124,124
random,32,8,upper,251,251
random,32,8,lower,-22,22
random,32,8,midpoint,106,106
random,32,8,upper,233,233
random,32,8,lower,-11,11
random,32,8,midpoint,117,117
random,32,8,upper,244,244
random,32,8,lower,-10,10
random,32,8,midpoint,118,118
random,32,8,upper,245,245
random,32,8,lower,-19,19
random,32,8,midpoint,109,109
random,32,8,upper,236,236
random,32,8,lower,-5,5
random,32,8,midpoint,123,123
random,32,8,upper,250,250
random,32,8,lower,-2,2
random,32,8,midpoint,126,126
random,32,8,upper,253,253
random,32,8,lower,-11,11
random,32,8,midpoint,117,117
random,32,8,upper,244,244
random,32,8,lower,-25,25
random,32,8,midpoint,103,103
random,32,8,upper,230,230
random,32,8,lower,0,0
random,32,8,midpoint,128,128
random,32,8,upper,255,255
random,32,8,lower,-9,9
random,32,8,midpoint,119,119
random,32,8,upper,246,246
random,32,8,lower,-11,11
random,32,8,midpoint,117,117
random,32,8,upper,244,244
random,32,8,lower,-51,51
random,32,8,midpoint,77,77
random,32,8,upper,204,204
random,32,8,lower,-22,22
random,32,8,midpoint,106,106
random,32,8,upper,233,233
random,32,8,lower,-16,16
random,32,8,midpoint,112,112
random,32,8,upper,239,239
random,32,8,lower,-11,11
random,32,8,midpoint,117,117
random,32,8,upper,244,244
random,32,8,lower,-20,20
random,32,8,midpoint,108,108
random,32,8,upper,235,235
random,32,8,lower,-9,9
random,32,8,midpoint,119,119
random,32,8,upper,246,246
random,32,8,lower,-6,6
random,32,8,midpoint,122,122
random,32,8,upper,249,249
random,32,8,lower,-38,38
random,32,8,midpoint,90,90
random,32,8,upper,217,217
random,32,8,lower,-253,253
random,32,8,midpoint,-126,126
random,32,8,upper,1,1
random,32,8,lower,-253,253
random,32,8,midpoint,-126,126
random,32,8,upper,1,1
random,32,8,lower,-245,245
random,32,8,midpoint,-118,118
random,32,8,upper,9,9
random,32,8,lower,-14,14
random,32,8,midpoint,114,114
random,32,8,upper,241,241
random,32,8,lower,-1,1
random,32,8,midpoint,127,127
random,32,8,upper,254,254
random,32,8,lower,-236,236
random,32,8,midpoint,-109,109
random,32,8,upper,18,18
random,32,8,lower,-14,14
random,32,8,midpoint,114,114
random,32,8,upper,241,241
random,32,8,lower,-17,17
random,32,8,midpoint,111,111
random,32,8,upper,238,238
random,32,8,lower,-27,27
random,32,8,midpoint,101,101
random,32,8,upper,228,228
random,32,8,lower,-14,14
random,32,8,midpoint,114,114
random,32,8,upper,241,241
random,32,8,lower,-9,9
random,32,8,midpoint,119,119
random,32,8,upper,246,246
random,32,8,lower,-8,8
random,32,8,midpoint,120,120
random,32,8,upper,247,247
random,32,8,lower,-48,48
random,32,8,midpoint,80,80
random,32,8,upper,207,207
random,32,8,lower,-18,18
random,32,8,midpoint,110,110
random,32,8,upper,237,237
random,32,8,lower,-13,13
random,32,8,midpoint,115,115
random,32,8,upper,242,242
random,32,8,lower,-11,11
random,32,8,midpoint,117,117
random,32,8,upper,244,244
random,32,8,lower,-14,14
random,32,8,midpoint,114,114
random,32,8,upper,241,241
random,32,8,lower,-10,10
random,32,8,midpoint,118,118
random,32,8,upper,245,245
random,32,8,lower,-18,18
random,32,8,midpoint,110,110
random,32,8,upper,237,237
random,32,8,lower,-2,2
random,32,8,midpoint,126,126
random,32,8,upper,253,253
random,32,8,lower,-12,12
random,32,8,midpoint,116,116
random,32,8,upper,243,243
random,32,8,lower,-22,22
random,32,8,midpoint,106,106
random,32,8,upper,233,233
random,32,8,lower,-31,31
random,32,8,midpoint,97,97
random,32,8,upper,224,224
random,32,8,lower,-7,7
random,32,8,midpoint,121,121
random,32,8,upper,248,248
random,32,8,lower,-6,6
random,32,8,midpoint,122,122
random,32,8,upper,249,249
random,32,8,lower,-14,14
random,32,8,midpoint,114,114
random,32,8,upper,241,241
random,32,8,lower,-26,26
random,32,8,midpoint,102,102
random,32,8,upper,229,229
random,32,8,lower,-18,18
random,32,8,midpoint,110,110
random,32,8,upper,237,237
random,32,8,lower,-7,7
random,32,8,midpoint,121,121
random,32,8,upper,248,248
random,32,8,lower,-31,31
random,32,8,midpoint,97,97
random,32,8,upper,224,224
random,32,8,lower,-250,250
random,32,8,midpoint,-123,123
random,32,8,upper,4,4
random,32,8,lower,-27,27
random,32,8,midpoint,101,101
random,32,8,upper,228,228
random,32,8,lower,-62,62
random,32,8,midpoint,66,66
random,32,8,upper,193,193
random,32,8,lower,-9,9
random,32,8,midpoint,119,119
random,32,8,upper,246,246
random,32,8,lower,-4,4
random,32,8,midpoint,124,124
random,32,8,upper,251,251
random,32,8,lower,-34,34
random,32,8,midpoint,94,94
random,32,8,upper,221,221
random,32,8,lower,-12,12
random,32,8,midpoint,116,116
random,32,8,upper,243,243
random,32,8,lower,-21,21
random,32,8,midpoint,107,107
random,32,8,upper,234,234
random,32,8,lower,-20,20
random,32,8,midpoint,108,108
random,32,8,upper,235,235
random,32,8,lower,-8,8
random,32,8,midpoint,120,120
random,32,8,upper,247,247
random,32,8,lower,-12,12
random,32,8,midpoint,116,116
random,32,8,upper,243,243
random,32,8,lower,-13,13
random,32,8,midpoint,115,115
random,32,8,upper,242,242
random,32,8,lower,-28,28
random,32,8,midpoint,100,100
random,32,8,upper,227,227
random,32,8,lower,-14,14
random,32,8,midpoint,114,114
random,32,8,upper,241,241
random,32,8,lower,-17,17
random,32,8,midpoint,111,111
random,32,8,upper,238,238
random,32,8,lower,-22,22
random,32,8,midpoint,106,106
random,32,8,upper,233,233
random,32,8,lower,-18,18
random,32,8,midpoint,110,110
random,32,8,upper,237,237
random,32,8,lower,-13,13
random,32,8,midpoint,115,115
random,32,8,upper,242,242
random,32,8,lower,0,0
random,32,8,midpoint,128,128
random,32,8,upper,255,255
random,32,8,lower,-14,14
random,32,8,midpoint,114,114
random,32,8,upper,241,241
random,32,8,lower,-12,12
random,32,8,midpoint,116,116
random,32,8,upper,243,243
random,32,8,lower,-5,5
random,32,8,midpoint,123,123
random,32,8,upper,250,250
random,32,8,lower,-44,44
random,32,8,midpoint,84,84
random,32,8,upper,211,211
random,32,8,lower,-9,9
random,32,8,midpoint,119,119
random,32,8,upper,246,246
random,32,8,lower,-15,15
random,32,8,midpoint,113,113
random,32,8,upper,240,240
random,32,8,lower,-15,15
random,32,8,midpoint,113,113
random,32,8,upper,240,240
random,32,8,lower,-253,253
random,32,8,midpoint,-126,126
random,32,8,upper,1,1
random,32,8,lower,-19,19
random,32,8,midpoint,109,109
random,32,8,upper,236,236
random,32,8,lower,-254,254
random,32,8,midpoint,-127,127
random,32,8,upper,0,0
random,32,8,lower,-15,15
random,32,8,midpoint,113,113
random,32,8,upper,240,240
random,32,8,lower,-5,5
random,32,8,midpoint,123,123
random,32,8,upper,250,250
random,32,8,lower,-10,10
random,32,8,midpoint,118,118
random,32,8,upper,245,245
random,32,8,lower,-17,17
random,32,8,midpoint,111,111
random,32,8,upper,238,238
random,32,8,lower,-28,28
random,32,8,midpoint,100,100
random,32,8,upper,227,227
random,32,8,lower,-5,5
random,32,8,midpoint,123,123
random,32,8,upper,250,250
random,32,8,lower,-33,33
random,32,8,midpoint,95,95
random,32,8,upper,222,222
random,32,8,lower,-24,24
random,32,8,midpoint,104,104
random,32,8,upper,231,231
random,32,8,lower,-238,238
random,32,8,midpoint,-111,111
random,32,8,upper,16,16
random,32,8,lower,-4,4
random,32,8,midpoint,124,124
random,32,8,upper,251,251
random,32,8,lower,-22,22
random,32,8,midpoint,106,106
random,32,8,upper,233,233
random,32,8,lower,-2,2
random,32,8,midpoint,126,126
random,32,8,upper,253,253
random,32,8,lower,-19,19
random,32,8,midpoint,109,109
random,32,8,upper,236,236
random,32,8,lower,-27,27
random,32,8,midpoint,101,101
random,32,8,upper,228,228
random,32,8,lower,-253,253
random,32,8,midpoint,-126,126
random,32,8,upper,1,1
random,32,8,lower,-9,9
random,32,8,midpoint,119,119
random,32,8,upper,246,246
random,32,8,lower,-20,20
random,32,8,midpoint,108,108
random,32,8,upper,235,235
random,32,8,lower,-252,252
random,32,8,midpoint,-125,125
random,32,8,upper,2,2
random,32,8,lower,-12,12
random,32,8,midpoint,116,116
random,32,8,upper,243,243
random,32,8,lower,-21,21
random,32,8,midpoint,107,107
random,32,8,upper,234,234
random,32,8,lower,-21,21
random,32,8,midpoint,107,107
random,32,8,upper,234,234
random,32,8,lower,-1,1
random,32,8,midpoint,127,127
random,32,8,upper,254,254
random,32,8,lower,-10,10
random,32,8,midpoint,118,118
random,32,8,upper,245,245
random,32,8,lower,-27,27
random,32,8,midpoint,101,101
random,32,8,upper,228,228
random,32,8,lower,-16,16
random,32,8,midpoint,112,112
random,32,8,upper,239,239
random,32,8,lower,-1,1
random,32,8,midpoint,127,127
random,32,8,upper,254,254
random,32,8,lower,0,0
random,32,8,midpoint,128,128
random,32,8,upper,255,255
random,32,8,lower,-20,20
random,32,8,midpoint,108,108
random,32,8,upper,235,235
random,32,8,lower,-11,11
random,32,8,midpoint,117,117
random,32,8,upper,244,244
random,32,8,lower,-2,2
random,32,8,midpoint,126,126
random,32,8,upper,253,253
random,32,8,lower,-246,246
random,32,8,midpoint,-119,119
random,32,8,upper,8,8
random,32,8,lower,-12,12
random,32,8,midpoint,116,116
random,32,8,upper,243,243
random,32,8,lower,-3,3
random,32,8,midpoint,125,125
random,32,8,upper,252,252
random,32,8,lower,-40,40
random,32,8,midpoint,88,88
random,32,8,upper,215,215
random,32,8,lower,-24,24
random,32,8,midpoint,104,104
random,32,8,upper,231,231
random,32,8,lower,-19,19
random,32,8,midpoint,109,109
random,32,8,upper,236,236
random,32,8,lower,-13,13
random,32,8,midpoint,115,115
random,32,8,upper,242,242
random,32,8,lower,-8,8
random,32,8,midpoint,120,120
random,32,8,upper,247,247
random,32,8,lower,-6,6
random,32,8,midpoint,122,122
random,32,8,upper,249,249
random,32,8,lower,-10,10
random,32,8,midpoint,118,118
random,32,8,upper,245,245
random,32,8,lower,-2,2
random,32,8,midpoint,126,126
random,32,8,upper,253,253
random,32,8,lower,-15,15
random,32,8,midpoint,113,113
random,32,8,upper,240,240
random,32,8,lower,-12,12
random,32,8,midpoint,116,116
random,32,8,upper,243,243
random,32,8,lower,-6,6
random,32,8,midpoint,122,122
random,32,8,upper,249,249
random,32,8,lower,-19,19
random,32,8,midpoint,109,109
random,32,8,upper,236,236
random,32,8,lower,-6,6
random,32,8,midpoint,122,122
random,32,8,upper,249,249
random,32,8,lower,-20,20
random,32,8,midpoint,108,108
random,32,8,upper,235,235
random,32,8,lower,-17,17
random,32,8,midpoint,111,111
random,32,8,upper,238,238
random,32,8,lower,-3,3
random,32,8,midpoint,125,125
random,32,8,upper,252,252
random,32,8,lower,-1,1
random,32,8,midpoint,127,127
random,32,8,upper,254,254
random,32,8,lower,-13,13
random,32,8,midpoint,115,115
random,32,8,upper,242,242
random,32,8,lower,-19,19
random,32,8,midpoint,109,109
random,32,8,upper,236,236
random,32,8,lower,-21,21
random,32,8,midpoint,107,107
random,32,8,upper,234,234
random,32,8,lower,-64,64
random,32,8,midpoint,64,64
random,32,8,upper,191,191
random,32,8,lower,-16,16
random,32,8,midpoint,112,112
random,32,8,upper,239,239
random,32,8,lower,-254,254
random,32,8,midpoint,-127,127
random,32,8,upper,0,0
random,32,8,lower,-3,3
random,32,8,midpoint,125,125
random,32,8,upper,252,252
random,32,8,lower,-9,9
random,32,8,midpoint,119,119
random,32,8,upper,246,246
random,32,8,lower,-8,8
random,32,8,midpoint,120,120
random,32,8,upper,247,247
random,32,8,lower,-17,17
random,32,8,midpoint,111,111
random,32,8,upper,238,238
random,32,8,lower,-13,13
random,32,8,midpoint,115,115
random,32,8,upper,242,242
random,32,8,lower,-6,6
random,32,8,midpoint,122,122
random,32,8,upper,249,249
random,32,8,lower,-11,11
random,32,8,midpoint,117,117
random,32,8,upper,244,244
random,32,8,lower,-13,13
random,32,8,midpoint,115,115
random,32,8,upper,242,242
random,32,8,lower,-5,5
random,32,8,midpoint,123,123
random,32,8,upper,250,250
random,32,8,lower,-22,22
random,32,8,midpoint,106,106
random,32,8,upper,233,233
random,32,8,lower,-14,14
random,32,8,midpoint,114,114
random,32,8,upper,241,241
random,32,8,lower,-250,250
random,32,8,midpoint,-123,123
random,32,8,upper,4,4
random,32,8,lower,-246,246
random,32,8,midpoint,-119,119
random,32,8,upper,8,8
random,32,8,lower,-16,16
random,32,8,midpoint,112,112
random,32,8,upper,239,239
random,32,8,lower,-243,243
random,32,8,midpoint,-116,116
random,32,8,upper,11,11
random,32,8,lower,-24,24
random,32,8,midpoint,104,104
random,32,8,upper,231,231
random,32,8,lower,-25,25
random,32,8,midpoint,103,103
random,32,8,upper,230,230
random,32,8,lower,-41,41
random,32,8,midpoint,87,87
random,32,8,upper,214,214
random,32,8,lower,-12,12
random,32,8,midpoint,116,116
random,32,8,upper,243,243
random,32,8,lower,-9,9
random,32,8,midpoint,119,119
random,32,8,upper,246,246
random,32,8,lower,-1,1
random,32,8,midpoint,127,127
random,32,8,upper,254,254
random,32,8,lower,-2,2
random,32,8,midpoint,126,126
random,32,8,upper,253,253
random,32,8,lower,-5,5
random,32,8,midpoint,123,123
random,32,8,upper,250,250
random,32,8,lower,-27,27
random,32,8,midpoint,101,101
random,32,8,upper,228,228
random,32,8,lower,-248,248
random,32,8,midpoint,-121,121
random,32,8,upper,6,6
random,32,8,lower,-19,19
random,32,8,midpoint,109,109
random,32,8,upper,236,236
random,32,8,lower,-8,8
random,32,8,midpoint,120,120
random,32,8,upper,247,247
random,32,8,lower,-252,252
random,32,8,midpoint,-125,125
random,32,8,upper,2,2
random,32,8,lower,0,0
random,32,8,midpoint,128,128
random,32,8,upper,255,255
random,32,8,lower,-249,249
random,32,8,midpoint,-122,122
random,32,8,upper,5,5
random,32,8,lower,-4,4
random,32,8,midpoint,124,124
random,32,8,upper,251,251
random,32,8,lower,-18,18
random,32,8,midpoint,110,110
random,32,8,upper,237,237
random,32,8,lower,-16,16
random,32,8,midpoint,112,112
random,32,8,upper,239,239
random,32,8,lower,-13,13
random,32,8,midpoint,115,115
random,32,8,upper,242,242
random,32,8,lower,0,0
random,32,8,midpoint,128,128
random,32,8,upper,255,255
random,32,8,lower,-247,247
random,32,8,midpoint,-120,120
random,32,8,upper,7,7
random,32,8,lower,-22,22
random,32,8,midpoint,106,106
random,32,8,upper,233,233
random,32,8,lower,-31,31
random,32,8,midpoint,97,97
random,32,8,upper,224,224
random,32,8,lower,-36,36
random,32,8,midpoint,92,92
random,32,8,upper,219,219
random,32,8,lower,-2,2
random,32,8,midpoint,126,126
random,32,8,upper,253,253
random,32,8,lower,-29,29
random,32,8,midpoint,99,99
random,32,8,upper,226,226
random,32,8,lower,-19,19
random,32,8,midpoint,109,109
random,32,8,upper,236,236
random,32,8,lower,-2,2
random,32,8,midpoint,126,126
random,32,8,upper,253,253
random,32,8,lower,-3,3
random,32,8,midpoint,125,125
random,32,8,upper,252,252
random,32,8,lower,-2,2
random,32,8,midpoint,126,126
random,32,8,upper,253,253
random,32,8,lower,-34,34
random,32,8,midpoint,94,94
random,32,8,upper,221,221
random,32,8,lower,-1,1
random,32,8,midpoint,127,127
random,32,8,upper,254,254
random,32,8,lower,-17,17
random,32,8,midpoint,111,111
random,32,8,upper,238,238
random,32,8,lower,-14,14
random,32,8,midpoint,114,114
random,32,8,upper,241,241
random,32,8,lower,-252,252
random,32,8,midpoint,-125,125
random,32,8,upper,2,2
random,32,8,lower,-20,20
random,32,8,midpoint,108,108
random,32,8,upper,235,235
random,32,8,lower,-8,8
random,32,8,midpoint,120,120
random,32,8,upper,247,247
random,32,8,lower,-11,11
random,32,8,midpoint,117,117
random,32,8,upper,244,244
random,32,8,lower,-21,21
random,32,8,midpoint,107,107
random,32,8,upper,234,234
random,32,8,lower,-22,22
random,32,8,midpoint,106,106
random,32,8,upper,233,233
random,32,8,lower,-10,10
random,32,8,midpoint,118,118
random,32,8,upper,245,245
random,32,8,lower,-6,6
random,32,8,midpoint,122,122
random,32,8,upper,249,249
random,32,8,lower,-31,31
random,32,8,midpoint,97,97
random,32,8,upper,224,224
random,32,8,lower,-10,10
random,32,8,midpoint,118,118
random,32,8,upper,245,245
random,32,8,lower,-8,8
random,32,8,midpoint,120,120
random,32,8,upper,247,247
random,32,8,lower,-31,31
random,32,8,midpoint,97,97
random,32,8,upper,224,224
random,32,8,lower,-19,19
random,32,8,midpoint,109,109
random,32,8,upper,236,236
random,32,8,lower,-24,24
random,32,8,midpoint,104,104
random,32,8,upper,231,231
random,32,8,lower,-29,29
random,32,8,midpoint,99,99
random,32,8,upper,226,226
random,32,8,lower,-20,20
random,32,8,midpoint,108,108
random,32,8,upper,235,235
random,32,8,lower,-4,4
random,32,8,midpoint,124,124
random,32,8,upper,251,251
random,32,8,lower,-10,10
random,32,8,midpoint,118,118
random,32,8,upper,245,245
random,32,8,lower,-7,7
random,32,8,midpoint,121,121
random,32,8,upper,248,248
random,32,8,lower,-12,12
random,32,8,midpoint,116,116
random,32,8,upper,243,243
random,32,8,lower,-18,18
random,32,8,midpoint,110,110
random,32,8,upper,237,237
random,32,8,lower,-254,254
random,32,8,midpoint,-127,127
random,32,8,upper,0,0
random,32,8,lower,-7,7
random,32,8,midpoint,121,121
random,32,8,upper,248,248
random,32,8,lower,-1,1
random,32,8,midpoint,127,127
random,32,8,upper,254,254
random,32,8,lower,-12,12
random,32,8,midpoint,116,116
random,32,8,upper,243,243
random,32,8,lower,-5,5
random,32,8,midpoint,123,123
random,32,8,upper,250,250
random,32,8,lower,-9,9
random,32,8,midpoint,119,119
random,32,8,upper,246,246
random,32,8,lower,-7,7
random,32,8,midpoint,121,121
random,32,8,upper,248,248
random,32,8,lower,-53,53
random,32,8,midpoint,75,75
random,32,8,upper,202,202
random,32,8,lower,-15,15
random,32,8,midpoint,113,113
random,32,8,upper,240,240
random,32,8,lower,-27,27
random,32,8,midpoint,101,101
random,32,8,upper,228,228
random,32,8,lower,-7,7
random,32,8,midpoint,121,121
random,32,8,upper,248,248
random,32,8,lower,-13,13
random,32,8,midpoint,115,115
random,32,8,upper,242,242
random,32,8,lower,-26,26
random,32,8,midpoint,102,102
random,32,8,upper,229,229
random,32,8,lower,-8,8
random,32,8,midpoint,120,120
random,32,8,upper,247,247
random,32,8,lower,-16,16
random,32,8,midpoint,112,112
random,32,8,upper,239,239
random,32,8,lower,-17,17
random,32,8,midpoint,111,111
random,32,8,upper,238,238
random,32,8,lower,-1,1
random,32,8,midpoint,127,127
random,32,8,upper,254,254
random,32,8,lower,-253,253
random,32,8,midpoint,-126,126
random,32,8,upper,1,1
random,32,8,lower,-252,252
random,32,8,midpoint,-125,125
random,32,8,upper,2,2
random,32,8,lower,-13,13
random,32,8,midpoint,115,115
random,32,8,upper,242,242
random,32,8,lower,0,0
random,32,8,midpoint,128,128
random,32,8,upper,255,255
random,32,8,lower,-15,15
random,32,8,midpoint,113,113
random,32,8,upper,240,240
random,32,8,lower,-20,20
random,32,8,midpoint,108,108
random,32,8,upper,235,235
random,32,8,lower,-251,251
random,32,8,midpoint,-124,124
random,32,8,upper,3,3
random,32,8,lower,-16,16
random,32,8,midpoint,112,112
random,32,8,upper,239,239
random,32,8,lower,-10,10
random,32,8,midpoint,118,118
random,32,8,upper,245,245
random,32,8,lower,-15,15
random,32,8,midpoint,113,113
random,32,8,upper,240,240
random,32,16,lower,-69,69
random,32,16,midpoint,-5,5
random,32,16,upper,58,58
random,32,16,lower,-48,48
random,32,16,midpoint,16,16
random,32,16,upper,79,79
random,32,16,lower,-41,41
random,32,16,midpoint,23,23
random,32,16,upper,86,86
random,32,16,lower,-16,16
random,32,16,midpoint,48,48
random,32,16,upper,111,111
random,32,16,lower,-8,8
random,32,16,midpoint,56,56
random,32,16,upper,119,119
random,32,16,lower,-31,31
random,32,16,midpoint,33,33
random,32,16,upper,96,96
random,32,16,lower,-47,47
random,32,16,midpoint,17,17
random,32,16,upper,80,80
random,32,16,lower,-41,41
random,32,16,midpoint,23,23
random,32,16,upper,86,86
random,32,16,lower,-40,40
random,32,16,midpoint,24,24
random,32,16,upper,87,87
random,32,16,lower,-28,28
random,32,16,midpoint,36,36
random,32,16,upper,99,99
random,32,16,lower,-14,14
random,32,16,midpoint,50,50
random,32,16,upper,113,113
random,32,16,lower,-37,37
random,32,16,midpoint,27,27
random,32,16,upper,90,90
random,32,16,lower,-43,43
random,32,16,midpoint,21,21
random,32,16,upper,84,84
random,32,16,lower,-47,47
random,32,16,midpoint,17,17
random,32,16,upper,80,80
random,32,16,lower,-37,37
random,32,16,midpoint,27,27
random,32,16,upper,90,90
random,32,16,lower,-24,24
random,32,16,midpoint,40,40
random,32,16,upper,103,103
random,32,16,lower,-41,41
random,32,16,midpoint,23,23
random,32,16,upper,86,86
random,32,16,lower,-54,54
random,32,16,midpoint,10,10
random,32,16,upper,73,73
random,32,16,lower,-50,50
random,32,16,midpoint,14,14
random,32,16,upper,77,77
random,32,16,lower,-49,49
random,32,16,midpoint,15,15
random,32,16,upper,78,78
random,32,16,lower,-35,35
random,32,16,midpoint,29,29
random,32,16,upper,92,92
random,32,16,lower,-3,3
random,32,16,midpoint,61,61
random,32,16,upper,124,124
random,32,16,lower,-18,18
random,32,16,midpoint,46,46
random,32,16,upper,109,109
random,32,16,lower,-26,26
random,32,16,midpoint,38,38
random,32,16,upper,101,101
random,32,16,lower,-5,5
random,32,16,midpoint,59,59
random,32,16,upper,122,122
random,32,16,lower,-14,14
random,32,16,midpoint,50,50
random,32,16,upper,113,113
random,32,16,lower,-4,4
random,32,16,midpoint,60,60
random,32,16,upper,123,123
random,32,16,lower,-11,11
random,32,16,midpoint,53,53
random,32,16,upper,116,116
random,32,16,lower,-20,20
random,32,16,midpoint,44,44
random,32,16,upper,107,107
random,32,16,lower,-8,8
random,32,16,midpoint,56,56
random,32,16,upper,119,119
random,32,16,lower,-11,11
random,32,16,midpoint,53,53
random,32,16,upper,116,116
random,32,16,lower,-10,10
random,32,16,midpoint,54,54
random,32,16,upper,117,117
random,32,16,lower,-17,17
random,32,16,midpoint,47,47
random,32,16,upper,110,110
random,32,16,lower,-10,10
random,32,16,midpoint,54,54
random,32,16,upper,117,117
random,32,16,lower,-29,29
random,32,16,midpoint,35,35
random,32,16,upper,98,98
random,32,16,lower,-34,34
random,32,16,midpoint,30,30
random,32,16,upper,93,93
random,32,16,lower,-15,15
random,32,16,midpoint,49,49
random,32,16,upper,112,112
random,32,16,lower,-20,20
random,32,16,midpoint,44,44
random,32,16,upper,107,107
random,32,16,lower,-3,3
random,32,16,midpoint,61,61
random,32,16,upper,124,124
random,32,16,lower,-11,11
random,32,16,midpoint,53,53
random,32,16,upper,116,116
random,32,16,lower,-30,30
random,32,16,midpoint,34,34
random,32,16,upper,97,97
random,32,16,lower,-3,3
random,32,16,midpoint,61,61
random,32,16,upper,124,124
random,32,16,lower,-9,9
random,32,16,midpoint,55,55
random,32,16,upper,118,118
random,32,16,lower,-6,6
random,32,16,midpoint,58,58
random,32,16,upper,121,121
random,32,16,lower,-10,10
random,32,16,midpoint,54,54
random,32,16,upper,117,117
random,32,16,lower,-4,4
random,32,16,midpoint,60,60
random,32,16,upper,123,123
random,32,16,lower,-23,23
random,32,16,midpoint,41,41
random,32,16,upper,104,104
random,32,16,lower,-21,21
random,32,16,midpoint,43,43
random,32,16,upper,106,106
random,32,16,lower,-126,126
random,32,16,midpoint,-62,62
random,32,16,upper,1,1
random,32,16,lower,-23,23
random,32,16,midpoint,41,41
random,32,16,upper,104,104
random,32,16,lower,-16,16
random,32,16,midpoint,48,48
random,32,16,upper,111,111
random,32,16,lower,0,0
random,32,16,midpoint,64,64
random,32,16,upper,127,127
random,32,16,lower,-6,6
random,32,16,midpoint,58,58
random,32,16,upper,121,121
random,32,16,lower,-20,20
random,32,16,midpoint,44,44
random,32,16,upper,107,107
random,32,16,lower,-17,17
random,32,16,midpoint,47,47
random,32,16,upper,110,110
random,32,16,lower,-26,26
random,32,16,midpoint,38,38
random,32,16,upper,101,101
random,32,16,lower,-34,34
random,32,16,midpoint,30,30
random,32,16,upper,93,93
random,32,16,lower,-11,11
random,32,16,midpoint,53,53
random,32,16,upper,116,116
random,32,16,lower,-12,12
random,32,16,midpoint,52,52
random,32,16,upper,115,115
random,32,16,lower,-21,21
random,32,16,midpoint,43,43
random,32,16,upper,106,106
random,32,16,lower,-21,21
random,32,16,midpoint,43,43
random,32,16,upper,106,106
random,32,16,lower,-3,3
random,32,16,midpoint,61,61
random,32,16,upper,124,124
random,32,16,lower,-37,37
random,32,16,midpoint,27,27
random,32,16,upper,90,90
random,32,16,lower,-30,30
random,32,16,midpoint,34,34
random,32,16,upper,97,97
random,32,16,lower,-4,4
random,32,16,midpoint,60,60
random,32,16,upper,123,123
random,32,16,lower,-15,15
random,32,16,midpoint,49,49
random,32,16,upper,112,112
random,32,16,lower,-5,5
random,32,16,midpoint,59,59
random,32,16,upper,122,122
random,32,16,lower,-9,9
random,32,16,midpoint,55,55
random,32,16,upper,118,118
random,32,16,lower,-4,4
random,32,16,midpoint,60,60
random,32,16,upper,123,123
random,32,16,lower,-22,22
random,32,16,midpoint,42,42
random,32,16,upper,105,105
random,32,16,lower,-11,11
random,32,16,midpoint,53,53
random,32,16,upper,116,116
random,32,16,lower,-10,10
random,32,16,midpoint,54,54
random,32,16,upper,117,117
random,32,16,lower,-19,19
random,32,16,midpoint,45,45
random,32,16,upper,108,108
random,32,16,lower,-5,5
random,32,16,midpoint,59,59
random,32,16,upper,122,122
random,32,16,lower,-2,2
random,32,16,midpoint,62,62
random,32,16,upper,125,125
random,32,16,lower,-11,11
random,32,16,midpoint,53,53
random,32,16,upper,116,116
random,32,16,lower,-25,25
random,32,16,midpoint,39,39
random,32,16,upper,102,102
random,32,16,lower,0,0
random,32,16,midpoint,64,64
random,32,16,upper,127,127
random,32,16,lower,-9,9
random,32,16,midpoint,55,55
random,32,16,upper,118,118
random,32,16,lower,-11,11
random,32,16,midpoint,53,53
random,32,16,upper,116,116
random,32,16,lower,-51,51
random,32,16,midpoint,13,13
random,32,16,upper,76,76
random,32,16,lower,-22,22
random,32,16,midpoint,42,42
random,32,16,upper,105,105
random,32,16,lower,-16,16
random,32,16,midpoint,48,48
random,32,16,upper,111,111
random,32,16,lower,-11,11
random,32,16,midpoint,53,53
random,32,16,upper,116,116
random,32,16,lower,-20,20
random,32,16,midpoint,44,44
random,32,16,upper,107,107
random,32,16,lower,-9,9
random,32,16,midpoint,55,55
random,32,16,upper,118,118
random,32,16,lower,-6,6
random,32,16,midpoint,58,58
random,32,16,upper,121,121
random,32,16,lower,-38,38
random,32,16,midpoint,26,26
random,32,16,upper,89,89
random,32,16,lower,-126,126
random,32,16,midpoint,-62,62
random,32,16,upper,1,1
random,32,16,lower,-126,126
random,32,16,midpoint,-62,62
random,32,16,upper,1,1
random,32,16,lower,-118,118
random,32,16,midpoint,-54,54
random,32,16,upper,9,9
random,32,16,lower,-14,14
random,32,16,midpoint,50,50
random,32,16,upper,113,113
random,32,16,lower,-1,1
random,32,16,midpoint,63,63
random,32,16,upper,126,126
random,32,16,lower,-109,109
random,32,16,midpoint,-45,45
random,32,16,upper,18,18
random,32,16,lower,-14,14
random,32,16,midpoint,50,50
random,32,16,upper,113,113
random,32,16,lower,-17,17
random,32,16,midpoint,47,47
random,32,16,upper,110,110
random,32,16,lower,-27,27
random,32,16,midpoint,37,37
random,32,16,upper,100,100
random,32,16,lower,-14,14
random,32,16,midpoint,50,50
random,32,16,upper,113,113
random,32,16,lower,-9,9
random,32,16,midpoint,55,55
random,32,16,upper,118,118
random,32,16,lower,-8,8
random,32,16,midpoint,56,56
random,32,16,upper,119,119
random,32,16,lower,-48,48
random,32,16,midpoint,16,16
random,32,16,upper,79,79
random,32,16,lower,-18,18
random,32,16,midpoint,46,46
random,32,16,upper,109,109
random,32,16,lower,-13,13
random,32,16,midpoint,51,51
random,32,16,upper,114,114
random,32,16,lower,-11,11
random,32,16,midpoint,53,53
random,32,16,upper,116,116
random,32,16,lower,-14,14
random,32,16,midpoint,50,50
random,32,16,upper,113,113
random,32,16,lower,-10,10
random,32,16,midpoint,54,54
random,32,16,upper,117,117
random,32,16,lower,-18,18
random,32,16,midpoint,46,46
random,32,16,upper,109,109
random,32,16,lower,-2,2
random,32,16,midpoint,62,62
random,32,16,upper,125,125
random,32,16,lower,-12,12
random,32,16,midpoint,52,52
random,32,16,upper,115,115
random,32,16,lower,-22,22
random,32,16,midpoint,42,42
random,32,16,upper,105,105
random,32,16,lower,-31,31
random,32,16,midpoint,33,33
random,32,16,upper,96,96
random,32,16,lower,-7,7
random,32,16,midpoint,57,57
random,32,16,upper,120,120
random,32,16,lower,-6,6
random,32,16,midpoint,58,58
random,32,16,upper,121,121
random,32,16,lower,-14,14
random,32,16,midpoint,50,50
random,32,16,upper,113,113
random,32,16,lower,-26,26
random,32,16,midpoint,38,38
random,32,16,upper,101,101
random,32,16,lower,-18,18
random,32,16,midpoint,46,46
random,32,16,upper,109,109
random,32,16,lower,-7,7
random,32,16,midpoint,57,57
random,32,16,upper,120,120
random,32,16,lower,-31,31
random,32,16,midpoint,33,33
random,32,16,upper,96,96
random,32,16,lower,-123,123
random,32,16,midpoint,-59,59
random,32,16,upper,4,4
random,32,16,lower,-27,27
random,32,16,midpoint,37,37
random,32,16,upper,100,100
random,32,16,lower,-62,62
random,32,16,midpoint,2,2
random,32,16,upper,65,65
random,32,16,lower,-9,9
random,32,16,midpoint,55,55
random,32,16,upper,118,118
random,32,16,lower,-4,4
random,32,16,midpoint,60,60
random,32,16,upper,123,123
random,32,16,lower,-34,34
random,32,16,midpoint,30,30
random,32,16,upper,93,93
random,32,16,lower,-12,12
random,32,16,midpoint,52,52
random,32,16,upper,115,115
random,32,16,lower,-21,21
random,32,16,midpoint,43,43
random,32,16,upper,106,106
random,32,16,lower,-20,20
random,32,16,midpoint,44,44
random,32,16,upper,107,107
random,32,16,lower,-8,8
random,32,16,midpoint,56,56
random,32,16,upper,119,119
random,32,16,lower,-12,12
random,32,16,midpoint,52,52
random,32,16,upper,115,115
random,32,16,lower,-13,13
random,32,16,midpoint,51,51
random,32,16,upper,114,114
random,32,16,lower,-28,28
random,32,16,midpoint,36,36
random,32,16,upper,99,99
random,32,16,lower,-14,14
random,32,16,midpoint,50,50
random,32,16,upper,113,113
random,32,16,lower,-17,17
random,32,16,midpoint,47,47
random,32,16,upper,110,110
random,32,16,lower,-22,22
random,32,16,midpoint,42,42
random,32,16,upper,105,105
random,32,16,lower,-18,18
random,32,16,midpoint,46,46
random,32,16,upper,109,109
random,32,16,lower,-13,13
random,32,16,midpoint,51,51
random,32,16,upper,114,114
random,32,16,lower,0,0
random,32,16,midpoint,64,64
random,32,16,upper,127,127
random,32,16,lower,-14,14
random,32,16,midpoint,50,50
random,32,16,upper,113,113
random,32,16,lower,-12,12
random,32,16,midpoint,52,52
random,32,16,upper,115,115
random,32,16,lower,-5,5
random,32,16,midpoint,59,59
random,32,16,upper,122,122
random,32,16,lower,-44,44
random,32,16,midpoint,20,20
random,32,16,upper,83,83
random,32,16,lower,-9,9
random,32,16,midpoint,55,55
random,32,16,upper,118,118
random,32,16,lower,-15,15
random,32,16,midpoint,49,49
random,32,16,upper,112,112
random,32,16,lower,-15,15
random,32,16,midpoint,49,49
random,32,16,upper,112,112
random,32,16,lower,-126,126
random,32,16,midpoint,-62,62
random,32,16,upper,1,1
random,32,16,lower,-19,19
random,32,16,midpoint,45,45
random,32,16,upper,108,108
random,32,16,lower,-127,127
random,32,16,midpoint,-63,63
random,32,16,upper,0,0
random,32,16,lower,-15,15
random,32,16,midpoint,49,49
random,32,16,upper,112,112
random,32,16,lower,-5,5
random,32,16,midpoint,59,59
random,32,16,upper,122,122
random,32,16,lower,-10,10
random,32,16,midpoint,54,54
random,32,16,upper,117,117
random,32,16,lower,-17,17
random,32,16,midpoint,47,47
random,32,16,upper,110,110
random,32,16,lower,-28,28
random,32,16,midpoint,36,36
random,32,16,upper,99,99
random,32,16,lower,-5,5
random,32,16,midpoint,59,59
random,32,16,upper,122,122
random,32,16,lower,-33,33
random,32,16,midpoint,31,31
random,32,16,upper,94,94
random,32,16,lower,-24,24
random,32,16,midpoint,40,40
random,32,16,upper,103,103
random,32,16,lower,-111,111
random,32,16,midpoint,-47,47
random,32,16,upper,16,16
random,32,16,lower,-4,4
random,32,16,midpoint,60,60
random,32,16,upper,123,123
random,32,16,lower,-22,22
random,32,16,midpoint,42,42
random,32,16,upper,105,105
random,32,16,lower,-2,2
random,32,16,midpoint,62,62
random,32,16,upper,125,125
random,32,16,lower,-19,19
random,32,16,midpoint,45,45
random,32,16,upper,108,108
random,32,16,lower,-27,27
random,32,16,midpoint,37,37
random,32,16,upper,100,100
random,32,16,lower,-126,126
random,32,16,midpoint,-62,62
random,32,16,upper,1,1
random,32,16,lower,-9,9
random,32,16,midpoint,55,55
random,32,16,upper,118,118
random,32,16,lower,-20,20
random,32,16,midpoint,44,44
random,32,16,upper,107,107
random,32,16,lower,-125,125
random,32,16,midpoint,-61,61
random,32,16,upper,2,2
random,32,16,lower,-12,12
random,32,16,midpoint,52,52
random,32,16,upper,115,115
random,32,16,lower,-21,21
random,32,16,midpoint,43,43
random,32,16,upper,106,106
random,32,16,lower,-21,21
random,32,16,midpoint,43,43
random,32,16,upper,106,106
random,32,16,lower,-1,1
random,32,16,midpoint,63,63
random,32,16,upper,126,126
random,32,16,lower,-10,10
random,32,16,midpoint,54,54
random,32,16,upper,117,117
random,32,16,lower,-27,27
random,32,16,midpoint,37,37
random,32,16,upper,100,100
random,32,16,lower,-16,16
random,32,16,midpoint,48,48
random,32,16,upper,111,111
random,32,16,lower,-1,1
random,32,16,midpoint,63,63
random,32,16,upper,126,126
random,32,16,lower,0,0
random,32,16,midpoint,64,64
random,32,16,upper,127,127
random,32,16,lower,-20,20
random,32,16,midpoint,44,44
random,32,16,upper,107,107
random,32,16,lower,-11,11
random,32,16,midpoint,53,53
random,32,16,upper,116,116
random,32,16,lower,-2,2
random,32,16,midpoint,62,62
random,32,16,upper,125,125
random,32,16,lower,-119,119
random,32,16,midpoint,-55,55
random,32,16,upper,8,8
random,32,16,lower,-12,12
random,32,16,midpoint,52,52
random,32,16,upper,115,115
random,32,16,lower,-3,3
random,32,16,midpoint,61,61
random,32,16,upper,124,124
random,32,16,lower,-40,40
random,32,16,midpoint,24,24
random,32,16,upper,87,87
random,32,16,lower,-24,24
random,32,16,midpoint,40,40
random,32,16,upper,103,103
random,32,16,lower,-19,19
random,32,16,midpoint,45,45
random,32,16,upper,108,108
random,32,16,lower,-13,13
random,32,16,midpoint,51,51
random,32,16,upper,114,114
random,32,16,lower,-8,8
random,32,16,midpoint,56,56
random,32,16,upper,119,119
random,32,16,lower,-6,6
random,32,16,midpoint,58,58
random,32,16,upper,121,121
random,32,16,lower,-10,10
random,32,16,midpoint,54,54
random,32,16,upper,117,117
random,32,16,lower,-2,2
random,32,16,midpoint,62,62
random,32,16,upper,125,125
random,32,16,lower,-15,15
random,32,16,midpoint,49,49
random,32,16,upper,112,112
random,32,16,lower,-12,12
random,32,16,midpoint,52,52
random,32,16,upper,115,115
random,32,16,lower,-6,6
random,32,16,midpoint,58,58
random,32,16,upper,121,121
random,32,16,lower,-19,19
random,32,16,midpoint,45,45
random,32,16,upper,108,108
random,32,16,lower,-6,6
random,32,16,midpoint,58,58
random,32,16,upper,121,121
random,32,16,lower,-20,20
random,32,16,midpoint,44,44
random,32,16,upper,107,107
random,32,16,lower,-17,17
random,32,16,midpoint,47,47
random,32,16,upper,110,110
random,32,16,lower,-3,3
random,32,16,midpoint,61,61
random,32,16,upper,124,124
random,32,16,lower,-1,1
random,32,16,midpoint,63,63
random,32,16,upper,126,126
random,32,16,lower,-13,13
random,32,16,midpoint,51,51
random,32,16,upper,114,114
random,32,16,lower,-19,19
random,32,16,midpoint,45,45
random,32,16,upper,108,108
random,32,16,lower,-21,21
random,32,16,midpoint,43,43
random,32,16,upper,106,106
random,32,16,lower,-64,64
random,32,16,midpoint,0,0
random,32,16,upper,63,63
random,32,16,lower,-16,16
random,32,16,midpoint,48,48
random,32,16,upper,111,111
random,32,16,lower,-127,127
random,32,16,midpoint,-63,63
random,32,16,upper,0,0
random,32,16,lower,-3,3
random,32,16,midpoint,61,61
random,32,16,upper,124,124
random,32,16,lower,-9,9
random,32,16,midpoint,55,55
random,32,16,upper,118,118
random,32,16,lower,-8,8
random,32,16,midpoint,56,56
random,32,16,upper,119,119
random,32,16,lower,-17,17
random,32,16,midpoint,47,47
random,32,16,upper,110,110
random,32,16,lower,-13,13
random,32,16,midpoint,51,51
random,32,16,upper,114,114
random,32,16,lower,-6,6
random,32,16,midpoint,58,58
random,32,16,upper,121,121
random,32,16,lower,-11,11
random,32,16,midpoint,53,53
random,32,16,upper,116,116
random,32,16,lower,-13,13
random,32,16,midpoint,51,51
random,32,16,upper,114,114
random,32,16,lower,-5,5
random,32,16,midpoint,59,59
random,32,16,upper,122,122
random,32,16,lower,-22,22
random,32,16,midpoint,42,42
random,32,16,upper,105,105
random,32,16,lower,-14,14
random,32,16,midpoint,50,50
random,32,16,upper,113,113
random,32,16,lower,-123,123
random,32,16,midpoint,-59,59
random,32,16,upper,4,4
random,32,16,lower,-119,119
random,32,16,midpoint,-55,55
random,32,16,upper,8,8
random,32,16,lower,-16,16
random,32,16,midpoint,48,48
random,32,16,upper,111,111
random,32,16,lower,-116,116
random,32,16,midpoint,-52,52
random,32,16,upper,11,11
random,32,16,lower,-24,24
random,32,16,midpoint,40,40
random,32,16,upper,103,103
random,32,16,lower,-25,25
random,32,16,midpoint,39,39
random,32,16,upper,102,102
random,32,16,lower,-41,41
random,32,16,midpoint,23,23
random,32,16,upper,86,86
random,32,16,lower,-12,12
random,32,16,midpoint,52,52
random,32,16,upper,115,115
random,32,16,lower,-9,9
random,32,16,midpoint,55,55
random,32,16,upper,118,118
random,32,16,lower,-1,1
random,32,16,midpoint,63,63
random,32,16,upper,126,126
random,32,16,lower,-2,2
random,32,16,midpoint,62,62
random,32,16,upper,125,125
random,32,16,lower,-5,5
random,32,16,midpoint,59,59
random,32,16,upper,122,122
random,32,16,lower,-27,27
random,32,16,midpoint,37,37
random,32,16,upper,100,100
random,32,16,lower,-121,121
random,32,16,midpoint,-57,57
random,32,16,upper,6,6
random,32,16,lower,-19,19
random,32,16,midpoint,45,45
random,32,16,upper,108,108
random,32,16,lower,-8,8
random,32,16,midpoint,56,56
random,32,16,upper,119,119
random,32,16,lower,-125,125
random,32,16,midpoint,-61,61
random,32,16,upper,2,2
random,32,16,lower,0,0
random,32,16,midpoint,64,64
random,32,16,upper,127,127
random,32,16,lower,-122,122
random,32,16,midpoint,-58,58
random,32,16,upper,5,5
random,32,16,lower,-4,4
random,32,16,midpoint,60,60
random,32,16,upper,123,123
random,32,16,lower,-18,18
random,32,16,midpoint,46,46
random,32,16,upper,109,109
random,32,16,lower,-16,16
random,32,16,midpoint,48,48
random,32,16,upper,111,111
random,32,16,lower,-13,13
random,32,16,midpoint,51,51
random,32,16,upper,114,114
random,32,16,lower,0,0
random,32,16,midpoint,64,64
random,32,16,upper,127,127
random,32,16,lower,-120,120
random,32,16,midpoint,-56,56
random,32,16,upper,7,7
random,32,16,lower,-22,22
random,32,16,midpoint,42,42
random,32,16,upper,105,105
random,32,16,lower,-31,31
random,32,16,midpoint,33,33
random,32,16,upper,96,96
random,32,16,lower,-36,36
random,32,16,midpoint,28,28
random,32,16,upper,91,91
random,32,16,lower,-2,2
random,32,16,midpoint,62,62
random,32,16,upper,125,125
random,32,16,lower,-29,29
random,32,16,midpoint,35,35
random,32,16,upper,98,98
random,32,16,lower,-19,19
random,32,16,midpoint,45,45
random,32,16,upper,108,108
random,32,16,lower,-2,2
random,32,16,midpoint,62,62
random,32,16,upper,125,125
random,32,16,lower,-3,3
random,32,16,midpoint,61,61
random,32,16,upper,124,124
random,32,16,lower,-2,2
random,32,16,midpoint,62,62
random,32,16,upper,125,125
random,32,16,lower,-34,34
random,32,16,midpoint,30,30
random,32,16,upper,93,93
random,32,16,lower,-1,1
random,32,16,midpoint,63,63
random,32,16,upper,126,126
random,32,16,lower,-17,17
random,32,16,midpoint,47,47
random,32,16,upper,110,110
random,32,16,lower,-14,14
random,32,16,midpoint,50,50
random,32,16,upper,113,113
random,32,16,lower,-125,125
random,32,16,midpoint,-61,61
random,32,16,upper,2,2
random,32,16,lower,-20,20
random,32,16,midpoint,44,44
random,32,16,upper,107,107
random,32,16,lower,-8,8
random,32,16,midpoint,56,56
random,32,16,upper,119,119
random,32,16,lower,-11,11
random,32,16,midpoint,53,53
random,32,16,upper,116,116
random,32,16,lower,-21,21
random,32,16,midpoint,43,43
random,32,16,upper,106,106
random,32,16,lower,-22,22
random,32,16,midpoint,42,42
random,32,16,upper,105,105
random,32,16,lower,-10,10
random,32,16,midpoint,54,54
random,32,16,upper,117,117
random,32,16,lower,-6,6
random,32,16,midpoint,58,58
random,32,16,upper,121,121
random,32,16,lower,-31,31
random,32,16,midpoint,33,33
random,32,16,upper,96,96
random,32,16,lower,-10,10
random,32,16,midpoint,54,54
random,32,16,upper,117,117
random,32,16,lower,-8,8
random,32,16,midpoint,56,56
random,32,16,upper,119,119
random,32,16,lower,-31,31
random,32,16,midpoint,33,33
random,32,16,upper,96,96
random,32,16,lower,-19,19
random,32,16,midpoint,45,45
random,32,16,upper,108,108
random,32,16,lower,-24,24
random,32,16,midpoint,40,40
random,32,16,upper,103,103
random,32,16,lower,-29,29
random,32,16,midpoint,35,35
random,32,16,upper,98,98
random,32,16,lower,-20,20
random,32,16,midpoint,44,44
random,32,16,upper,107,107
random,32,16,lower,-4,4
random,32,16,midpoint,60,60
random,32,16,upper,123,123
random,32,16,lower,-10,10
random,32,16,midpoint,54,54
random,32,16,upper,117,117
random,32,16,lower,-7,7
random,32,16,midpoint,57,57
random,32,16,upper,120,120
random,32,16,lower,-12,12
random,32,16,midpoint,52,52
random,32,16,upper,115,115
random,32,16,lower,-18,18
random,32,16,midpoint,46,46
random,32,16,upper,109,109
random,32,16,lower,-127,127
random,32,16,midpoint,-63,63
random,32,16,upper,0,0
random,32,16,lower,-7,7
random,32,16,midpoint,57,57
random,32,16,upper,120,120
random,32,16,lower,-1,1
random,32,16,midpoint,63,63
random,32,16,upper,126,126
random,32,16,lower,-12,12
random,32,16,midpoint,52,52
random,32,16,upper,115,115
random,32,16,lower,-5,5
random,32,16,midpoint,59,59
random,32,16,upper,122,122
random,32,16,lower,-9,9
random,32,16,midpoint,55,55
random,32,16,upper,118,118
random,32,16,lower,-7,7
random,32,16,midpoint,57,57
random,32,16,upper,120,120
random,32,16,lower,-53,53
random,32,16,midpoint,11,11
random,32,16,upper,74,74
random,32,16,lower,-15,15
random,32,16,midpoint,49,49
random,32,16,upper,112,112
random,32,16,lower,-27,27
random,32,16,midpoint,37,37
random,32,16,upper,100,100
random,32,16,lower,-7,7
random,32,16,midpoint,57,57
random,32,16,upper,120,120
random,32,16,lower,-13,13
random,32,16,midpoint,51,51
random,32,16,upper,114,114
random,32,16,lower,-26,26
random,32,16,midpoint,38,38
random,32,16,upper,101,101
random,32,16,lower,-8,8
random,32,16,midpoint,56,56
random,32,16,upper,119,119
random,32,16,lower,-16,16
random,32,16,midpoint,48,48
random,32,16,upper,111,111
random,32,16,lower,-17,17
random,32,16,midpoint,47,47
random,32,16,upper,110,110
random,32,16,lower,-1,1
random,32,16,midpoint,63,63
random,32,16,upper,126,126
random,32,16,lower,-126,126
random,32,16,midpoint,-62,62
random,32,16,upper,1,1
random,32,16,lower,-125,125
random,32,16,midpoint,-61,61
random,32,16,upper,2,2
random,32,16,lower,-13,13
random,32,16,midpoint,51,51
random,32,16,upper,114,114
random,32,16,lower,0,0
random,32,16,midpoint,64,64
random,32,16,upper,127,127
random,32,16,lower,-15,15
random,32,16,midpoint,49,49
random,32,16,upper,112,112
random,32,16,lower,-20,20
random,32,16,midpoint,44,44
random,32,16,upper,107,107
random,32,16,lower,-124,124
random,32,16,midpoint,-60,60
random,32,16,upper,3,3
random,32,16,lower,-16,16
random,32,16,midpoint,48,48
random,32,16,upper,111,111
random,32,16,lower,-10,10
random,32,16,midpoint,54,54
random,32,16,upper,117,117
random,32,16,lower,-15,15
random,32,16,midpoint,49,49
random,32,16,upper,112,112
random,32,32,lower,-5,5
random,32,32,midpoint,27,27
random,32,32,upper,58,58
random,32,32,lower,-48,48
random,32,32,midpoint,-16,16
random,32,32,upper,15,15
random,32,32,lower,-41,41
random,32,32,midpoint,-9,9
random,32,32,upper,22,22
random,32,32,lower,-16,16
random,32,32,midpoint,16,16
random,32,32,upper,47,47
random,32,32,lower,-8,8
random,32,32,midpoint,24,24
random,32,32,upper,55,55
random,32,32,lower,-31,31
random,32,32,midpoint,1,1
random,32,32,upper,32,32
random,32,32,lower,-47,47
random,32,32,midpoint,-15,15
random,32,32,upper,16,16
random,32,32,lower,-41,41
random,32,32,midpoint,-9,9
random,32,32,upper,22,22
random,32,32,lower,-40,40
random,32,32,midpoint,-8,8
random,32,32,upper,23,23
random,32,32,lower,-28,28
random,32,32,midpoint,4,4
random,32,32,upper,35,35
random,32,32,lower,-14,14
random,32,32,midpoint,18,18
random,32,32,upper,49,49
random,32,32,lower,-37,37
random,32,32,midpoint,-5,5
random,32,32,upper,26,26
random,32,32,lower,-43,43
random,32,32,midpoint,-11,11
random,32,32,upper,20,20
random,32,32,lower,-47,47
random,32,32,midpoint,-15,15
random,32,32,upper,16,16
random,32,32,lower,-37,37
random,32,32,midpoint,-5,5
random,32,32,upper,26,26
random,32,32,lower,-24,24
random,32,32,midpoint,8,8
random,32,32,upper,39,39
random,32,32,lower,-41,41
random,32,32,midpoint,-9,9
random,32,32,upper,22,22
random,32,32,lower,-54,54
random,32,32,midpoint,-22,22
random,32,32,upper,9,9
random,32,32,lower,-50,50
random,32,32,midpoint,-18,18
random,32,32,upper,13,13
random,32,32,lower,-49,49
random,32,32,midpoint,-17,17
random,32,32,upper,14,14
random,32,32,lower,-35,35
random,32,32,midpoint,-3,3
random,32,32,upper,28,28
random,32,32,lower,-3,3
random,32,32,midpoint,29,29
random,32,32,upper,60,60
random,32,32,lower,-18,18
random,32,32,midpoint,14,14
random,32,32,upper,45,45
random,32,32,lower,-26,26
random,32,32,midpoint,6,6
random,32,32,upper,37,37
random,32,32,lower,-5,5
random,32,32,midpoint,27,27
random,32,32,upper,58,58
random,32,32,lower,-14,14
random,32,32,midpoint,18,18
random,32,32,upper,49,49
random,32,32,lower,-4,4
random,32,32,midpoint,28,28
random,32,32,upper,59,59
random,32,32,lower,-11,11
random,32,32,midpoint,21,21
random,32,32,upper,52,52
random,32,32,lower,-20,20
random,32,32,midpoint,12,12
random,32,32,upper,43,43
random,32,32,lower,-8,8
random,32,32,midpoint,24,24
random,32,32,upper,55,55
random,32,32,lower,-11,11
random,32,32,midpoint,21,21
random,32,32,upper,52,52
random,32,32,lower,-10,10
random,32,32,midpoint,22,22
random,32,32,upper,53,53
random,32,32,lower,-17,17
random,32,32,midpoint,15,15
random,32,32,upper,46,46
random,32,32,lower,-10,10
random,32,32,midpoint,22,22
random,32,32,upper,53,53
random,32,32,lower,-29,29
random,32,32,midpoint,3,3
random,32,32,upper,34,34
random,32,32,lower,-34,34
random,32,32,midpoint,-2,2
random,32,32,upper,29,29
random,32,32,lower,-15,15
random,32,32,midpoint,17,17
random,32,32,upper,48,48
random,32,32,lower,-20,20
random,32,32,midpoint,12,12
random,32,32,upper,43,43
random,32,32,lower,-3,3
random,32,32,midpoint,29,29
random,32,32,upper,60,60
random,32,32,lower,-11,11
random,32,32,midpoint,21,21
random,32,32,upper,52,52
random,32,32,lower,-30,30
random,32,32,midpoint,2,2
random,32,32,upper,33,33
random,32,32,lower,-3,3
random,32,32,midpoint,29,29
random,32,32,upper,60,60
random,32,32,lower,-9,9
random,32,32,midpoint,23,23
random,32,32,upper,54,54
random,32,32,lower,-6,6
random,32,32,midpoint,26,26
random,32,32,upper,57,57
random,32,32,lower,-10,10
random,32,32,midpoint,22,22
random,32,32,upper,53,53
random,32,32,lower,-4,4
random,32,32,midpoint,28,28
random,32,32,upper,59,59
random,32,32,lower,-23,23
random,32,32,midpoint,9,9
random,32,32,upper,40,40
random,32,32,lower,-21,21
random,32,32,midpoint,11,11
random,32,32,upper,42,42
random,32,32,lower,-62,62
random,32,32,midpoint,-30,30
random,32,32,upper,1,1
random,32,32,lower,-23,23
random,32,32,midpoint,9,9
random,32,32,upper,40,40
random,32,32,lower,-16,16
random,32,32,midpoint,16,16
random,32,32,upper,47,47
random,32,32,lower,0,0
random,32,32,midpoint,32,32
random,32,32,upper,63,63
random,32,32,lower,-6,6
random,32,32,midpoint,26,26
random,32,32,upper,57,57
random,32,32,lower,-20,20
random,32,32,midpoint,12,12
random,32,32,upper,43,43
random,32,32,lower,-17,17
random,32,32,midpoint,15,15
random,32,32,upper,46,46
random,32,32,lower,-26,26
random,32,32,midpoint,6,6
random,32,32,upper,37,37
random,32,32,lower,-34,34
random,32,32,midpoint,-2,2
random,32,32,upper,29,29
random,32,32,lower,-11,11
random,32,32,midpoint,21,21
random,32,32,upper,52,52
random,32,32,lower,-12,12
random,32,32,midpoint,20,20
random,32,32,upper,51,51
random,32,32,lower,-21,21
random,32,32,midpoint,11,11
random,32,32,upper,42,42
random,32,32,lower,-21,21
random,32,32,midpoint,11,11
random,32,32,upper,42,42
random,32,32,lower,-3,3
random,32,32,midpoint,29,29
random,32,32,upper,60,60
random,32,32,lower,-37,37
random,32,32,midpoint,-5,5
random,32,32,upper,26,26
random,32,32,lower,-30,30
random,32,32,midpoint,2,2
random,32,32,upper,33,33
random,32,32,lower,-4,4
random,32,32,midpoint,28,28
random,32,32,upper,59,59
random,32,32,lower,-15,15
random,32,32,midpoint,17,17
random,32,32,upper,48,48
random,32,32,lower,-5,5
random,32,32,midpoint,27,27
random,32,32,upper,58,58
random,32,32,lower,-9,9
random,32,32,midpoint,23,23
random,32,32,upper,54,54
random,32,32,lower,-4,4
random,32,32,midpoint,28,28
random,32,32,upper,59,59
random,32,32,lower,-22,22
random,32,32,midpoint,10,10
random,32,32,upper,41,41
random,32,32,lower,-11,11
random,32,32,midpoint,21,21
random,32,32,upper,52,52
random,32,32,lower,-10,10
random,32,32,midpoint,22,22
random,32,32,upper,53,53
random,32,32,lower,-19,19
random,32,32,midpoint,13,13
random,32,32,upper,44,44
random,32,32,lower,-5,5
random,32,32,midpoint,27,27
random,32,32,upper,58,58
random,32,32,lower,-2,2
random,32,32,midpoint,30,30
random,32,32,upper,61,61
random,32,32,lower,-11,11
random,32,32,midpoint,21,21
random,32,32,upper,52,52
random,32,32,lower,-25,25
random,32,32,midpoint,7,7
random,32,32,upper,38,38
random,32,32,lower,0,0
random,32,32,midpoint,32,32
random,32,32,upper,63,63
random,32,32,lower,-9,9
random,32,32,midpoint,23,23
random,32,32,upper,54,54
random,32,32,lower,-11,11
random,32,32,midpoint,21,21
random,32,32,upper,52,52
random,32,32,lower,-51,51
random,32,32,midpoint,-19,19
random,32,32,upper,12,12
random,32,32,lower,-22,22
random,32,32,midpoint,10,10
random,32,32,upper,41,41
random,32,32,lower,-16,16
random,32,32,midpoint,16,16
random,32,32,upper,47,47
random,32,32,lower,-11,11
random,32,32,midpoint,21,21
random,32,32,upper,52,52
random,32,32,lower,-20,20
random,32,32,midpoint,12,12
random,32,32,upper,43,43
random,32,32,lower,-9,9
random,32,32,midpoint,23,23
random,32,32,upper,54,54
random,32,32,lower,-6,6
random,32,32,midpoint,26,26
random,32,32,upper,57,57
random,32,32,lower,-38,38
random,32,32,midpoint,-6,6
random,32,32,upper,25,25
random,32,32,lower,-62,62
random,32,32,midpoint,-30,30
random,32,32,upper,1,1
random,32,32,lower,-62,62
random,32,32,midpoint,-30,30
random,32,32,upper,1,1
random,32,32,lower,-54,54
random,32,32,midpoint,-22,22
random,32,32,upper,9,9
random,32,32,lower,-14,14
random,32,32,midpoint,18,18
random,32,32,upper,49,49
random,32,32,lower,-1,1
random,32,32,midpoint,31,31
random,32,32,upper,62,62
random,32,32,lower,-45,45
random,32,32,midpoint,-13,13
random,32,32,upper,18,18
random,32,32,lower,-14,14
random,32,32,midpoint,18,18
random,32,32,upper,49,49
random,32,32,lower,-17,17
random,32,32,midpoint,15,15
random,32,32,upper,46,46
random,32,32,lower,-27,27
random,32,32,midpoint,5,5
random,32,32,upper,36,36
random,32,32,lower,-14,14
random,32,32,midpoint,18,18
random,32,32,upper,49,49
random,32,32,lower,-9,9
random,32,32,midpoint,23,23
random,32,32,upper,54,54
random,32,32,lower,-8,8
random,32,32,midpoint,24,24
random,32,32,upper,55,55
random,32,32,lower,-48,48
random,32,32,midpoint,-16,16
random,32,32,upper,15,15
random,32,32,lower,-18,18
random,32,32,midpoint,14,14
random,32,32,upper,45,45
random,32,32,lower,-13,13
random,32,32,midpoint,19,19
random,32,32,upper,50,50
random,32,32,lower,-11,11
random,32,32,midpoint,21,21
random,32,32,upper,52,52
random,32,32,lower,-14,14
random,32,32,midpoint,18,18
random,32,32,upper,49,49
random,32,32,lower,-10,10
random,32,32,midpoint,22,22
random,32,32,upper,53,53
random,32,32,lower,-18,18
random,32,32,midpoint,14,14
random,32,32,upper,45,45
random,32,32,lower,-2,2
random,32,32,midpoint,30,30
random,32,32,upper,61,61
random,32,32,lower,-12,12
random,32,32,midpoint,20,20
random,32,32,upper,51,51
random,32,32,lower,-22,22
random,32,32,midpoint,10,10
random,32,32,upper,41,41
random,32,32,lower,-31,31
random,32,32,midpoint,1,1
random,32,32,upper,32,32
random,32,32,lower,-7,7
random,32,32,midpoint,25,25
random,32,32,upper,56,56
random,32,32,lower,-6,6
random,32,32,midpoint,26,26
random,32,32,upper,57,57
random,32,32,lower,-14,14
random,32,32,midpoint,18,18
random,32,32,upper,49,49
random,32,32,lower,-26,26
random,32,32,midpoint,6,6
random,32,32,upper,37,37
random,32,32,lower,-18,18
random,32,32,midpoint,14,14
random,32,32,upper,45,45
random,32,32,lower,-7,7
random,32,32,midpoint,25,25
random,32,32,upper,56,56
random,32,32,lower,-31,31
random,32,32,midpoint,1,1
random,32,32,upper,32,32
random,32,32,lower,-59,59
random,32,32,midpoint,-27,27
random,32,32,upper,4,4
random,32,32,lower,-27,27
random,32,32,midpoint,5,5
random,32,32,upper,36,36
random,32,32,lower,-62,62
random,32,32,midpoint,-30,30
random,32,32,upper,1,1
random,32,32,lower,-9,9
random,32,32,midpoint,23,23
random,32,32,upper,54,54
random,32,32,lower,-4,4
random,32,32,midpoint,28,28
random,32,32,upper,59,59
random,32,32,lower,-34,34
random,32,32,midpoint,-2,2
random,32,32,upper,29,29
random,32,32,lower,-12,12
random,32,32,midpoint,20,20
random,32,32,upper,51,51
random,32,32,lower,-21,21
random,32,32,midpoint,11,11
random,32,32,upper,42,42
random,32,32,lower,-20,20
random,32,32,midpoint,12,12
random,32,32,upper,43,43
random,32,32,lower,-8,8
random,32,32,midpoint,24,24
random,32,32,upper,55,55
random,32,32,lower,-12,12
random,32,32,midpoint,20,20
random,32,32,upper,51,51
random,32,32,lower,-13,13
random,32,32,midpoint,19,19
random,32,32,upper,50,50
random,32,32,lower,-28,28
random,32,32,midpoint,4,4
random,32,32,upper,35,35
random,32,32,lower,-14,14
random,32,32,midpoint,18,18
random,32,32,upper,49,49
random,32,32,lower,-17,17
random,32,32,midpoint,15,15
random,32,32,upper,46,46
random,32,32,lower,-22,22
random,32,32,midpoint,10,10
random,32,32,upper,41,41
random,32,32,lower,-18,18
random,32,32,midpoint,14,14
random,32,32,upper,45,45
random,32,32,lower,-13,13
random,32,32,midpoint,19,19
random,32,32,upper,50,50
random,32,32,lower,0,0
random,32,32,midpoint,32,32
random,32,32,upper,63,63
random,32,32,lower,-14,14
random,32,32,midpoint,18,18
random,32,32,upper,49,49
random,32,32,lower,-12,12
random,32,32,midpoint,20,20
random,32,32,upper,51,51
random,32,32,lower,-5,5
random,32,32,midpoint,27,27
random,32,32,upper,58,58
random,32,32,lower,-44,44
random,32,32,midpoint,-12,12
random,32,32,upper,19,19
random,32,32,lower,-9,9
random,32,32,midpoint,23,23
random,32,32,upper,54,54
random,32,32,lower,-15,15
random,32,32,midpoint,17,17
random,32,32,upper,48,48
random,32,32,lower,-15,15
random,32,32,midpoint,17,17
random,32,32,upper,48,48
random,32,32,lower,-62,62
random,32,32,midpoint,-30,30
random,32,32,upper,1,1
random,32,32,lower,-19,19
random,32,32,midpoint,13,13
random,32,32,upper,44,44
random,32,32,lower,-63,63
random,32,32,midpoint,-31,31
random,32,32,upper,0,0
random,32,32,lower,-15,15
random,32,32,midpoint,17,17
random,32,32,upper,48,48
random,32,32,lower,-5,5
random,32,32,midpoint,27,27
random,32,32,upper,58,58
random,32,32,lower,-10,10
random,32,32,midpoint,22,22
random,32,32,upper,53,53
random,32,32,lower,-17,17
random,32,32,midpoint,15,15
random,32,32,upper,46,46
random,32,32,lower,-28,28
random,32,32,midpoint,4,4
random,32,32,upper,35,35
random,32,32,lower,-5,5
random,32,32,midpoint,27,27
random,32,32,upper,58,58
random,32,32,lower,-33,33
random,32,32,midpoint,-1,1
random,32,32,upper,30,30
random,32,32,lower,-24,24
random,32,32,midpoint,8,8
random,32,32,upper,39,39
random,32,32,lower,-47,47
random,32,32,midpoint,-15,15
random,32,32,upper,16,16
random,32,32,lower,-4,4
random,32,32,midpoint,28,28
random,32,32,upper,59,59
random,32,32,lower,-22,22
random,32,32,midpoint,10,10
random,32,32,upper,41,41
random,32,32,lower,-2,2
random,32,32,midpoint,30,30
random,32,32,upper,61,61
random,32,32,lower,-19,19
random,32,32,midpoint,13,13
random,32,32,upper,44,44
random,32,32,lower,-27,27
random,32,32,midpoint,5,5
random,32,32,upper,36,36
random,32,32,lower,-62,62
random,32,32,midpoint,-30,30
random,32,32,upper,1,1
random,32,32,lower,-9,9
random,32,32,midpoint,23,23
random,32,32,upper,54,54
random,32,32,lower,-20,20
random,32,32,midpoint,12,12
random,32,32,upper,43,43
random,32,32,lower,-61,61
random,32,32,midpoint,-29,29
random,32,32,upper,2,2
random,32,32,lower,-12,12
random,32,32,midpoint,20,20
random,32,32,upper,51,51
random,32,32,lower,-21,21
random,32,32,midpoint,11,11
random,32,32,upper,42,42
random,32,32,lower,-21,21
random,32,32,midpoint,11,11
random,32,32,upper,42,42
random,32,32,lower,-1,1
random,32,32,midpoint,31,31
random,32,32,upper,62,62
random,32,32,lower,-10,10
random,32,32,midpoint,22,22
random,32,32,upper,53,53
random,32,32,lower,-27,27
random,32,32,midpoint,5,5
random,32,32,upper,36,36
random,32,32,lower,-16,16
random,32,32,midpoint,16,16
random,32,32,upper,47,47
random,32,32,lower,-1,1
random,32,32,midpoint,31,31
random,32,32,upper,62,62
random,32,32,lower,0,0
random,32,32,midpoint,32,32
random,32,32,upper,63,63
random,32,32,lower,-20,20
random,32,32,midpoint,12,12
random,32,32,upper,43,43
random,32,32,lower,-11,11
random,32,32,midpoint,21,21
random,32,32,upper,52,52
random,32,32,lower,-2,2
random,32,32,midpoint,30,30
random,32,32,upper,61,61
random,32,32,lower,-55,55
random,32,32,midpoint,-23,23
random,32,32,upper,8,8
random,32,32,lower,-12,12
random,32,32,midpoint,20,20
random,32,32,upper,51,51
random,32,32,lower,-3,3
random,32,32,midpoint,29,29
random,32,32,upper,60,60
random,32,32,lower,-40,40
random,32,32,midpoint,-8,8
random,32,32,upper,23,23
random,32,32,lower,-24,24
random,32,32,midpoint,8,8
random,32,32,upper,39,39
random,32,32,lower,-19,19
random,32,32,midpoint,13,13
random,32,32,upper,44,44
random,32,32,lower,-13,13
random,32,32,midpoint,19,19
random,32,32,upper,50,50
random,32,32,lower,-8,8
random,32,32,midpoint,24,24
random,32,32,upper,55,55
random,32,32,lower,-6,6
random,32,32,midpoint,26,26
random,32,32,upper,57,57
random,32,32,lower,-10,10
random,32,32,midpoint,22,22
random,32,32,upper,53,53
random,32,32,lower,-2,2
random,32,32,midpoint,30,30
random,32,32,upper,61,61
random,32,32,lower,-15,15
random,32,32,midpoint,17,17
random,32,32,upper,48,48
random,32,32,lower,-12,12
random,32,32,midpoint,20,20
random,32,32,upper,51,51
random,32,32,lower,-6,6
random,32,32,midpoint,26,26
random,32,32,upper,57,57
random,32,32,lower,-19,19
random,32,32,midpoint,13,13
random,32,32,upper,44,44
random,32,32,lower,-6,6
random,32,32,midpoint,26,26
random,32,32,upper,57,57
random,32,32,lower,-20,20
random,32,32,midpoint,12,12
random,32,32,upper,43,43
random,32,32,lower,-17,17
random,32,32,midpoint,15,15
random,32,32,upper,46,46
random,32,32,lower,-3,3
random,32,32,midpoint,29,29
random,32,32,upper,60,60
random,32,32,lower,-1,1
random,32,32,midpoint,31,31
random,32,32,upper,62,62
random,32,32,lower,-13,13
random,32,32,midpoint,19,19
random,32,32,upper,50,50
random,32,32,lower,-19,19
random,32,32,midpoint,13,13
random,32,32,upper,44,44
random,32,32,lower,-21,21
random,32,32,midpoint,11,11
random,32,32,upper,42,42
random,32,32,lower,0,0
random,32,32,midpoint,32,32
random,32,32,upper,63,63
random,32,32,lower,-16,16
random,32,32,midpoint,16,16
random,32,32,upper,47,47
random,32,32,lower,-63,63
random,32,32,midpoint,-31,31
random,32,32,upper,0,0
random,32,32,lower,-3,3
random,32,32,midpoint,29,29
random,32,32,upper,60,60
random,32,32,lower,-9,9
random,32,32,midpoint,23,23
random,32,32,upper,54,54
random,32,32,lower,-8,8
random,32,32,midpoint,24,24
random,32,32,upper,55,55
random,32,32,lower,-17,17
random,32,32,midpoint,15,15
random,32,32,upper,46,46
random,32,32,lower,-13,13
random,32,32,midpoint,19,19
random,32,32,upper,50,50
random,32,32,lower,-6,6
random,32,32,midpoint,26,26
random,32,32,upper,57,57
random,32,32,lower,-11,11
random,32,32,midpoint,21,21
random,32,32,upper,52,52
random,32,32,lower,-13,13
random,32,32,midpoint,19,19
random,32,32,upper,50,50
random,32,32,lower,-5,5
random,32,32,midpoint,27,27
random,32,32,upper,58,58
random,32,32,lower,-22,22
random,32,32,midpoint,10,10
random,32,32,upper,41,41
random,32,32,lower,-14,14
random,32,32,midpoint,18,18
random,32,32,upper,49,49
random,32,32,lower,-59,59
random,32,32,midpoint,-27,27
random,32,32,upper,4,4
random,32,32,lower,-55,55
random,32,32,midpoint,-23,23
random,32,32,upper,8,8
random,32,32,lower,-16,16
random,32,32,midpoint,16,16
random,32,32,upper,47,47
random,32,32,lower,-52,52
random,32,32,midpoint,-20,20
random,32,32,upper,11,11
random,32,32,lower,-24,24
random,32,32,midpoint,8,8
random,32,32,upper,39,39
random,32,32,lower,-25,25
random,32,32,midpoint,7,7
random,32,32,upper,38,38
random,32,32,lower,-41,41
random,32,32,midpoint,-9,9
random,32,32,upper,22,22
random,32,32,lower,-12,12
random,32,32,midpoint,20,20
random,32,32,upper,51,51
random,32,32,lower,-9,9
random,32,32,midpoint,23,23
random,32,32,upper,54,54
random,32,32,lower,-1,1
random,32,32,midpoint,31,31
random,32,32,upper,62,62
random,32,32,lower,-2,2
random,32,32,midpoint,30,30
random,32,32,upper,61,61
random,32,32,lower,-5,5
random,32,32,midpoint,27,27
random,32,32,upper,58,58
random,32,32,lower,-27,27
random,32,32,midpoint,5,5
random,32,32,upper,36,36
random,32,32,lower,-57,57
random,32,32,midpoint,-25,25
random,32,32,upper,6,6
random,32,32,lower,-19,19
random,32,32,midpoint,13,13
random,32,32,upper,44,44
random,32,32,lower,-8,8
random,32,32,midpoint,24,24
random,32,32,upper,55,55
random,32,32,lower,-61,61
random,32,32,midpoint,-29,29
random,32,32,upper,2,2
random,32,32,lower,0,0
random,32,32,midpoint,32,32
random,32,32,upper,63,63
random,32,32,lower,-58,58
random,32,32,midpoint,-26,26
random,32,32,upper,5,5
random,32,32,lower,-4,4
random,32,32,midpoint,28,28
random,32,32,upper,59,59
random,32,32,lower,-18,18
random,32,32,midpoint,14,14
random,32,32,upper,45,45
random,32,32,lower,-16,16
random,32,32,midpoint,16,16
random,32,32,upper,47,47
random,32,32,lower,-13,13
random,32,32,midpoint,19,19
random,32,32,upper,50,50
random,32,32,lower,0,0
random,32,32,midpoint,32,32
random,32,32,upper,63,63
random,32,32,lower,-56,56
random,32,32,midpoint,-24,24
random,32,32,upper,7,7
random,32,32,lower,-22,22
random,32,32,midpoint,10,10
random,32,32,upper,41,41
random,32,32,lower,-31,31
random,32,32,midpoint,1,1
random,32,32,upper,32,32
random,32,32,lower,-36,36
random,32,32,midpoint,-4,4
random,32,32,upper,27,27
random,32,32,lower,-2,2
random,32,32,midpoint,30,30
random,32,32,upper,61,61
random,32,32,lower,-29,29
random,32,32,midpoint,3,3
random,32,32,upper,34,34
random,32,32,lower,-19,19
random,32,32,midpoint,13,13
random,32,32,upper,44,44
random,32,32,lower,-2,2
random,32,32,midpoint,30,30
random,32,32,upper,61,61
random,32,32,lower,-3,3
random,32,32,midpoint,29,29
random,32,32,upper,60,60
random,32,32,lower,-2,2
random,32,32,midpoint,30,30
random,32,32,upper,61,61
random,32,32,lower,-34,34
random,32,32,midpoint,-2,2
random,32,32,upper,29,29
random,32,32,lower,-1,1
random,32,32,midpoint,31,31
random,32,32,upper,62,62
random,32,32,lower,-17,17
random,32,32,midpoint,15,15
random,32,32,upper,46,46
random,32,32,lower,-14,14
random,32,32,midpoint,18,18
random,32,32,upper,49,49
random,32,32,lower,-61,61
random,32,32,midpoint,-29,29
random,32,32,upper,2,2
random,32,32,lower,-20,20
random,32,32,midpoint,12,12
random,32,32,upper,43,43
random,32,32,lower,-8,8
random,32,32,midpoint,24,24
random,32,32,upper,55,55
random,32,32,lower,-11,11
random,32,32,midpoint,21,21
random,32,32,upper,52,52
random,32,32,lower,-21,21
random,32,32,midpoint,11,11
random,32,32,upper,42,42
random,32,32,lower,-22,22
random,32,32,midpoint,10,10
random,32,32,upper,41,41
random,32,32,lower,-10,10
random,32,32,midpoint,22,22
random,32,32,upper,53,53
random,32,32,lower,-6,6
random,32,32,midpoint,26,26
random,32,32,upper,57,57
random,32,32,lower,-31,31
random,32,32,midpoint,1,1
random,32,32,upper,32,32
random,32,32,lower,-10,10
random,32,32,midpoint,22,22
random,32,32,upper,53,53
random,32,32,lower,-8,8
random,32,32,midpoint,24,24
random,32,32,upper,55,55
random,32,32,lower,-31,31
random,32,32,midpoint,1,1
random,32,32,upper,32,32
random,32,32,lower,-19,19
random,32,32,midpoint,13,13
random,32,32,upper,44,44
random,32,32,lower,-24,24
random,32,32,midpoint,8,8
random,32,32,upper,39,39
random,32,32,lower,-29,29
random,32,32,midpoint,3,3
random,32,32,upper,34,34
random,32,32,lower,-20,20
random,32,32,midpoint,12,12
random,32,32,upper,43,43
random,32,32,lower,-4,4
random,32,32,midpoint,28,28
random,32,32,upper,59,59
random,32,32,lower,-10,10
random,32,32,midpoint,22,22
random,32,32,upper,53,53
random,32,32,lower,-7,7
random,32,32,midpoint,25,25
random,32,32,upper,56,56
random,32,32,lower,-12,12
random,32,32,midpoint,20,20
random,32,32,upper,51,51
random,32,32,lower,-18,18
random,32,32,midpoint,14,14
random,32,32,upper,45,45
random,32,32,lower,-63,63
random,32,32,midpoint,-31,31
random,32,32,upper,0,0
random,32,32,lower,-7,7
random,32,32,midpoint,25,25
random,32,32,upper,56,56
random,32,32,lower,-1,1
random,32,32,midpoint,31,31
random,32,32,upper,62,62
random,32,32,lower,-12,12
random,32,32,midpoint,20,20
random,32,32,upper,51,51
random,32,32,lower,-5,5
random,32,32,midpoint,27,27
random,32,32,upper,58,58
random,32,32,lower,-9,9
random,32,32,midpoint,23,23
random,32,32,upper,54,54
random,32,32,lower,-7,7
random,32,32,midpoint,25,25
random,32,32,upper,56,56
random,32,32,lower,-53,53
random,32,32,midpoint,-21,21
random,32,32,upper,10,10
random,32,32,lower,-15,15
random,32,32,midpoint,17,17
random,32,32,upper,48,48
random,32,32,lower,-27,27
random,32,32,midpoint,5,5
random,32,32,upper,36,36
random,32,32,lower,-7,7
random,32,32,midpoint,25,25
random,32,32,upper,56,56
random,32,32,lower,-13,13
random,32,32,midpoint,19,19
random,32,32,upper,50,50
random,32,32,lower,-26,26
random,32,32,midpoint,6,6
random,32,32,upper,37,37
random,32,32,lower,-8,8
random,32,32,midpoint,24,24
random,32,32,upper,55,55
random,32,32,lower,-16,16
random,32,32,midpoint,16,16
random,32,32,upper,47,47
random,32,32,lower,-17,17
random,32,32,midpoint,15,15
random,32,32,upper,46,46
random,32,32,lower,-1,1
random,32,32,midpoint,31,31
random,32,32,upper,62,62
random,32,32,lower,-62,62
random,32,32,midpoint,-30,30
random,32,32,upper,1,1
random,32,32,lower,-61,61
random,32,32,midpoint,-29,29
random,32,32,upper,2,2
random,32,32,lower,-13,13
random,32,32,midpoint,19,19
random,32,32,upper,50,50
random,32,32,lower,0,0
random,32,32,midpoint,32,32
random,32,32,upper,63,63
random,32,32,lower,-15,15
random,32,32,midpoint,17,17
random,32,32,upper,48,48
random,32,32,lower,-20,20
random,32,32,midpoint,12,12
random,32,32,upper,43,43
random,32,32,lower,-60,60
random,32,32,midpoint,-28,28
random,32,32,upper,3,3
random,32,32,lower,-16,16
random,32,32,midpoint,16,16
random,32,32,upper,47,47
random,32,32,lower,-10,10
random,32,32,midpoint,22,22
random,32,32,upper,53,53
random,32,32,lower,-15,15
random,32,32,midpoint,17,17
random,32,32,upper,48,48
random,64,8,lower,-30,30
random,64,8,midpoint,98,98
random,64,8,upper,225,225
random,64,8,lower,-25,25
random,64,8,midpoint,103,103
random,64,8,upper,230,230
random,64,8,lower,-15,15
random,64,8,midpoint,113,113
random,64,8,upper,240,240
random,64,8,lower,-24,24
random,64,8,midpoint,104,104
random,64,8,upper,231,231
random,64,8,lower,-22,22
random,64,8,midpoint,106,106
random,64,8,upper,233,233
random,64,8,lower,-18,18
random,64,8,midpoint,110,110
random,64,8,upper,237,237
random,64,8,lower,-26,26
random,64,8,midpoint,102,102
random,64,8,upper,229,229
random,64,8,lower,-31,31
random,64,8,midpoint,97,97
random,64,8,upper,224,224
random,64,8,lower,-29,29
random,64,8,midpoint,99,99
random,64,8,upper,226,226
random,64,8,lower,-23,23
random,64,8,midpoint,105,105
random,64,8,upper,232,232
random,64,8,lower,-13,13
random,64,8,midpoint,115,115
random,64,8,upper,242,242
random,64,8,lower,-19,19
random,64,8,midpoint,109,109
random,64,8,upper,236,236
random,64,8,lower,-8,8
random,64,8,midpoint,120,120
random,64,8,upper,247,247
random,64,8,lower,-14,14
random,64,8,midpoint,114,114
random,64,8,upper,241,241
random,64,8,lower,-12,12
random,64,8,midpoint,116,116
random,64,8,upper,243,243
random,64,8,lower,-10,10
random,64,8,midpoint,118,118
random,64,8,upper,245,245
random,64,8,lower,-14,14
random,64,8,midpoint,114,114
random,64,8,upper,241,241
random,64,8,lower,-15,15
random,64,8,midpoint,113,113
random,64,8,upper,240,240
random,64,8,lower,-18,18
random,64,8,midpoint,110,110
random,64,8,upper,237,237
random,64,8,lower,-15,15
random,64,8,midpoint,113,113
random,64,8,upper,240,240
random,64,8,lower,-33,33
random,64,8,midpoint,95,95
random,64,8,upper,222,222
random,64,8,lower,-13,13
random,64,8,midpoint,115,115
random,64,8,upper,242,242
random,64,8,lower,-13,13
random,64,8,midpoint,115,115
random,64,8,upper,242,242
random,64,8,lower,-15,15
random,64,8,midpoint,113,113
random,64,8,upper,240,240
random,64,8,lower,-7,7
random,64,8,midpoint,121,121
random,64,8,upper,248,248
random,64,8,lower,-9,9
random,64,8,midpoint,119,119
random,64,8,upper,246,246
random,64,8,lower,-1,1
random,64,8,midpoint,127,127
random,64,8,upper,254,254
random,64,8,lower,-19,19
random,64,8,midpoint,109,109
random,64,8,upper,236,236
random,64,8,lower,-22,22
random,64,8,midpoint,106,106
random,64,8,upper,233,233
random,64,8,lower,-11,11
random,64,8,midpoint,117,117
random,64,8,upper,244,244
random,64,8,lower,-27,27
random,64,8,midpoint,101,101
random,64,8,upper,228,228
random,64,8,lower,-18,18
random,64,8,midpoint,110,110
random,64,8,upper,237,237
random,64,8,lower,-13,13
random,64,8,midpoint,115,115
random,64,8,upper,242,242
random,64,8,lower,-12,12
random,64,8,midpoint,116,116
random,64,8,upper,243,243
random,64,8,lower,-10,10
random,64,8,midpoint,118,118
random,64,8,upper,245,245
random,64,8,lower,-20,20
random,64,8,midpoint,108,108
random,64,8,upper,235,235
random,64,8,lower,-20,20
random,64,8,midpoint,108,108
random,64,8,upper,235,235
random,64,8,lower,-10,10
random,64,8,midpoint,118,118
random,64,8,upper,245,245
random,64,8,lower,-12,12
random,64,8,midpoint,116,116
random,64,8,upper,243,243
random,64,8,lower,-8,8
random,64,8,midpoint,120,120
random,64,8,upper,247,247
random,64,8,lower,-23,23
random,64,8,midpoint,105,105
random,64,8,upper,232,232
random,64,8,lower,-16,16
random,64,8,midpoint,112,112
random,64,8,upper,239,239
random,64,8,lower,-6,6
random,64,8,midpoint,122,122
random,64,8,upper,249,249
random,64,8,lower,-14,14
random,64,8,midpoint,114,114
random,64,8,upper,241,241
random,64,8,lower,-11,11
random,64,8,midpoint,117,117
random,64,8,upper,244,244
random,64,8,lower,-19,19
random,64,8,midpoint,109,109
random,64,8,upper,236,236
random,64,8,lower,-7,7
random,64,8,midpoint,121,121
random,64,8,upper,248,248
random,64,8,lower,-13,13
random,64,8,midpoint,115,115
random,64,8,upper,242,242
random,64,8,lower,-3,3
random,64,8,midpoint,125,125
random,64,8,upper,252,252
random,64,8,lower,-11,11
random,64,8,midpoint,117,117
random,64,8,upper,244,244
random,64,8,lower,-33,33
random,64,8,midpoint,95,95
random,64,8,upper,222,222
random,64,8,lower,-4,4
random,64,8,midpoint,124,124
random,64,8,upper,251,251
random,64,8,lower,-7,7
random,64,8,midpoint,121,121
random,64,8,upper,248,248
random,64,8,lower,-14,14
random,64,8,midpoint,114,114
random,64,8,upper,241,241
random,64,8,lower,-12,12
random,64,8,midpoint,116,116
random,64,8,upper,243,243
random,64,8,lower,-5,5
random,64,8,midpoint,123,123
random,64,8,upper,250,250
random,64,8,lower,-9,9
random,64,8,midpoint,119,119
random,64,8,upper,246,246
random,64,8,lower,-7,7
random,64,8,midpoint,121,121
random,64,8,upper,248,248
random,64,8,lower,-4,4
random,64,8,midpoint,124,124
random,64,8,upper,251,251
random,64,8,lower,-17,17
random,64,8,midpoint,111,111
random,64,8,upper,238,238
random,64,8,lower,-26,26
random,64,8,midpoint,102,102
random,64,8,upper,229,229
random,64,8,lower,-20,20
random,64,8,midpoint,108,108
random,64,8,upper,235,235
random,64,8,lower,-15,15
random,64,8,midpoint,113,113
random,64,8,upper,240,240
random,64,8,lower,-12,12
random,64,8,midpoint,116,116
random,64,8,upper,243,243
random,64,8,lower,-11,11
random,64,8,midpoint,117,117
random,64,8,upper,244,244
random,64,8,lower,-11,11
random,64,8,midpoint,117,117
random,64,8,upper,244,244
random,64,8,lower,-8,8
random,64,8,midpoint,120,120
random,64,8,upper,247,247
random,64,8,lower,-7,7
random,64,8,midpoint,121,121
random,64,8,upper,248,248
random,64,8,lower,-17,17
random,64,8,midpoint,111,111
random,64,8,upper,238,238
random,64,8,lower,-7,7
random,64,8,midpoint,121,121
random,64,8,upper,248,248
random,64,8,lower,-31,31
random,64,8,midpoint,97,97
random,64,8,upper,224,224
random,64,8,lower,-19,19
random,64,8,midpoint,109,109
random,64,8,upper,236,236
random,64,8,lower,-22,22
random,64,8,midpoint,106,106
random,64,8,upper,233,233
random,64,8,lower,-10,10
random,64,8,midpoint,118,118
random,64,8,upper,245,245
random,64,8,lower,-11,11
random,64,8,midpoint,117,117
random,64,8,upper,244,244
random,64,8,lower,-252,252
random,64,8,midpoint,-125,125
random,64,8,upper,2,2
random,64,8,lower,-7,7
random,64,8,midpoint,121,121
random,64,8,upper,248,248
random,64,8,lower,-18,18
random,64,8,midpoint,110,110
random,64,8,upper,237,237
random,64,8,lower,-8,8
random,64,8,midpoint,120,120
random,64,8,upper,247,247
random,64,8,lower,-13,13
random,64,8,midpoint,115,115
random,64,8,upper,242,242
random,64,16,lower,-30,30
random,64,16,midpoint,34,34
random,64,16,upper,97,97
random,64,16,lower,-25,25
random,64,16,midpoint,39,39
random,64,16,upper,102,102
random,64,16,lower,-15,15
random,64,16,midpoint,49,49
random,64,16,upper,112,112
random,64,16,lower,-24,24
random,64,16,midpoint,40,40
random,64,16,upper,103,103
random,64,16,lower,-22,22
random,64,16,midpoint,42,42
random,64,16,upper,105,105
random,64,16,lower,-18,18
random,64,16,midpoint,46,46
random,64,16,upper,109,109
random,64,16,lower,-26,26
random,64,16,midpoint,38,38
random,64,16,upper,101,101
random,64,16,lower,-31,31
random,64,16,midpoint,33,33
random,64,16,upper,96,96
random,64,16,lower,-29,29
random,64,16,midpoint,35,35
random,64,16,upper,98,98
random,64,16,lower,-23,23
random,64,16,midpoint,41,41
random,64,16,upper,104,104
random,64,16,lower,-13,13
random,64,16,midpoint,51,51
random,64,16,upper,114,114
random,64,16,lower,-19,19
random,64,16,midpoint,45,45
random,64,16,upper,108,108
random,64,16,lower,-8,8
random,64,16,midpoint,56,56
random,64,16,upper,119,119
random,64,16,lower,-14,14
random,64,16,midpoint,50,50
random,64,16,upper,113,113
random,64,16,lower,-12,12
random,64,16,midpoint,52,52
random,64,16,upper,115,115
random,64,16,lower,-10,10
random,64,16,midpoint,54,54
random,64,16,upper,117,117
random,64,16,lower,-14,14
random,64,16,midpoint,50,50
random,64,16,upper,113,113
random,64,16,lower,-15,15
random,64,16,midpoint,49,49
random,64,16,upper,112,112
random,64,16,lower,-18,18
random,64,16,midpoint,46,46
random,64,16,upper,109,109
random,64,16,lower,-15,15
random,64,16,midpoint,49,49
random,64,16,upper,112,112
random,64,16,lower,-33,33
random,64,16,midpoint,31,31
random,64,16,upper,94,94
random,64,16,lower,-13,13
random,64,16,midpoint,51,51
random,64,16,upper,114,114
random,64,16,lower,-13,13
random,64,16,midpoint,51,51
random,64,16,upper,114,114
random,64,16,lower,-15,15
random,64,16,midpoint,49,49
random,64,16,upper,112,112
random,64,16,lower,-7,7
random,64,16,midpoint,57,57
random,64,16,upper,120,120
random,64,16,lower,-9,9
random,64,16,midpoint,55,55
random,64,16,upper,118,118
random,64,16,lower,-1,1
random,64,16,midpoint,63,63
random,64,16,upper,126,126
random,64,16,lower,-19,19
random,64,16,midpoint,45,45
random,64,16,upper,108,108
random,64,16,lower,-22,22
random,64,16,midpoint,42,42
random,64,16,upper,105,105
random,64,16,lower,-11,11
random,64,16,midpoint,53,53
random,64,16,upper,116,116
random,64,16,lower,-27,27
random,64,16,midpoint,37,37
random,64,16,upper,100,100
random,64,16,lower,-18,18
random,64,16,midpoint,46,46
random,64,16,upper,109,109
random,64,16,lower,-13,13
random,64,16,midpoint,51,51
random,64,16,upper,114,114
random,64,16,lower,-12,12
random,64,16,midpoint,52,52
random,64,16,upper,115,115
random,64,16,lower,-10,10
random,64,16,midpoint,54,54
random,64,16,upper,117,117
random,64,16,lower,-20,20
random,64,16,midpoint,44,44
random,64,16,upper,107,107
random,64,16,lower,-20,20
random,64,16,midpoint,44,44
random,64,16,upper,107,107
random,64,16,lower,-10,10
random,64,16,midpoint,54,54
random,64,16,upper,117,117
random,64,16,lower,-12,12
random,64,16,midpoint,52,52
random,64,16,upper,115,115
random,64,16,lower,-8,8
random,64,16,midpoint,56,56
random,64,16,upper,119,119
random,64,16,lower,-23,23
random,64,16,midpoint,41,41
random,64,16,upper,104,104
random,64,16,lower,-16,16
random,64,16,midpoint,48,48
random,64,16,upper,111,111
random,64,16,lower,-6,6
random,64,16,midpoint,58,58
random,64,16,upper,121,121
random,64,16,lower,-14,14
random,64,16,midpoint,50,50
random,64,16,upper,113,113
random,64,16,lower,-11,11
random,64,16,midpoint,53,53
random,64,16,upper,116,116
random,64,16,lower,-19,19
random,64,16,midpoint,45,45
random,64,16,upper,108,108
random,64,16,lower,-7,7
random,64,16,midpoint,57,57
random,64,16,upper,120,120
random,64,16,lower,-13,13
random,64,16,midpoint,51,51
random,64,16,upper,114,114
random,64,16,lower,-3,3
random,64,16,midpoint,61,61
random,64,16,upper,124,124
random,64,16,lower,-11,11
random,64,16,midpoint,53,53
random,64,16,upper,116,116
random,64,16,lower,-33,33
random,64,16,midpoint,31,31
random,64,16,upper,94,94
random,64,16,lower,-4,4
random,64,16,midpoint,60,60
random,64,16,upper,123,123
random,64,16,lower,-7,7
random,64,16,midpoint,57,57
random,64,16,upper,120,120
random,64,16,lower,-14,14
random,64,16,midpoint,50,50
random,64,16,upper,113,113
random,64,16,lower,-12,12
random,64,16,midpoint,52,52
random,64,16,upper,115,115
random,64,16,lower,-5,5
random,64,16,midpoint,59,59
random,64,16,upper,122,122
random,64,16,lower,-9,9
random,64,16,midpoint,55,55
random,64,16,upper,118,118
random,64,16,lower,-7,7
random,64,16,midpoint,57,57
random,64,16,upper,120,120
random,64,16,lower,-4,4
random,64,16,midpoint,60,60
random,64,16,upper,123,123
random,64,16,lower,-17,17
random,64,16,midpoint,47,47
random,64,16,upper,110,110
random,64,16,lower,-26,26
random,64,16,midpoint,38,38
random,64,16,upper,101,101
random,64,16,lower,-20,20
random,64,16,midpoint,44,44
random,64,16,upper,107,107
random,64,16,lower,-15,15
random,64,16,midpoint,49,49
random,64,16,upper,112,112
random,64,16,lower,-12,12
random,64,16,midpoint,52,52
random,64,16,upper,115,115
random,64,16,lower,-11,11
random,64,16,midpoint,53,53
random,64,16,upper,116,116
random,64,16,lower,-11,11
random,64,16,midpoint,53,53
random,64,16,upper,116,116
random,64,16,lower,-8,8
random,64,16,midpoint,56,56
random,64,16,upper,119,119
random,64,16,lower,-7,7
random,64,16,midpoint,57,57
random,64,16,upper,120,120
random,64,16,lower,-17,17
random,64,16,midpoint,47,47
random,64,16,upper,110,110
random,64,16,lower,-7,7
random,64,16,midpoint,57,57
random,64,16,upper,120,120
random,64,16,lower,-31,31
random,64,16,midpoint,33,33
random,64,16,upper,96,96
random,64,16,lower,-19,19
random,64,16,midpoint,45,45
random,64,16,upper,108,108
random,64,16,lower,-22,22
random,64,16,midpoint,42,42
random,64,16,upper,105,105
random,64,16,lower,-10,10
random,64,16,midpoint,54,54
random,64,16,upper,117,117
random,64,16,lower,-11,11
random,64,16,midpoint,53,53
random,64,16,upper,116,116
random,64,16,lower,-125,125
random,64,16,midpoint,-61,61
random,64,16,upper,2,2
random,64,16,lower,-7,7
random,64,16,midpoint,57,57
random,64,16,upper,120,120
random,64,16,lower,-18,18
random,64,16,midpoint,46,46
random,64,16,upper,109,109
random,64,16,lower,-8,8
random,64,16,midpoint,56,56
random,64,16,upper,119,119
random,64,16,lower,-13,13
random,64,16,midpoint,51,51
random,64,16,upper,114,114
random,64,32,lower,-30,30
random,64,32,midpoint,2,2
random,64,32,upper,33,33
random,64,32,lower,-25,25
random,64,32,midpoint,7,7
random,64,32,upper,38,38
random,64,32,lower,-15,15
random,64,32,midpoint,17,17
random,64,32,upper,48,48
random,64,32,lower,-24,24
random,64,32,midpoint,8,8
random,64,32,upper,39,39
random,64,32,lower,-22,22
random,64,32,midpoint,10,10
random,64,32,upper,41,41
random,64,32,lower,-18,18
random,64,32,midpoint,14,14
random,64,32,upper,45,45
random,64,32,lower,-26,26
random,64,32,midpoint,6,6
random,64,32,upper,37,37
random,64,32,lower,-31,31
random,64,32,midpoint,1,1
random,64,32,upper,32,32
random,64,32,lower,-29,29
random,64,32,midpoint,3,3
random,64,32,upper,34,34
random,64,32,lower,-23,23
random,64,32,midpoint,9,9
random,64,32,upper,40,40
random,64,32,lower,-13,13
random,64,32,midpoint,19,19
random,64,32,upper,50,50
random,64,32,lower,-19,19
random,64,32,midpoint,13,13
random,64,32,upper,44,44
random,64,32,lower,-8,8
random,64,32,midpoint,24,24
random,64,32,upper,55,55
random,64,32,lower,-14,14
random,64,32,midpoint,18,18
random,64,32,upper,49,49
random,64,32,lower,-12,12
random,64,32,midpoint,20,20
random,64,32,upper,51,51
random,64,32,lower,-10,10
random,64,32,midpoint,22,22
random,64,32,upper,53,53
random,64,32,lower,-14,14
random,64,32,midpoint,18,18
random,64,32,upper,49,49
random,64,32,lower,-15,15
random,64,32,midpoint,17,17
random,64,32,upper,48,48
random,64,32,lower,-18,18
random,64,32,midpoint,14,14
random,64,32,upper,45,45
random,64,32,lower,-15,15
random,64,32,midpoint,17,17
random,64,32,upper,48,48
random,64,32,lower,-33,33
random,64,32,midpoint,-1,1
random,64,32,upper,30,30
random,64,32,lower,-13,13
random,64,32,midpoint,19,19
random,64,32,upper,50,50
random,64,32,lower,-13,13
random,64,32,midpoint,19,19
random,64,32,upper,50,50
random,64,32,lower,-15,15
random,64,32,midpoint,17,17
random,64,32,upper,48,48
random,64,32,lower,-7,7
random,64,32,midpoint,25,25
random,64,32,upper,56,56
random,64,32,lower,-9,9
random,64,32,midpoint,23,23
random,64,32,upper,54,54
random,64,32,lower,-1,1
random,64,32,midpoint,31,31
random,64,32,upper,62,62
random,64,32,lower,-19,19
random,64,32,midpoint,13,13
random,64,32,upper,44,44
random,64,32,lower,-22,22
random,64,32,midpoint,10,10
random,64,32,upper,41,41
random,64,32,lower,-11,11
random,64,32,midpoint,21,21
random,64,32,upper,52,52
random,64,32,lower,-27,27
random,64,32,midpoint,5,5
random,64,32,upper,36,36
random,64,32,lower,-18,18
random,64,32,midpoint,14,14
random,64,32,upper,45,45
random,64,32,lower,-13,13
random,64,32,midpoint,19,19
random,64,32,upper,50,50
random,64,32,lower,-12,12
random,64,32,midpoint,20,20
random,64,32,upper,51,51
random,64,32,lower,-10,10
random,64,32,midpoint,22,22
random,64,32,upper,53,53
random,64,32,lower,-20,20
random,64,32,midpoint,12,12
random,64,32,upper,43,43
random,64,32,lower,-20,20
random,64,32,midpoint,12,12
random,64,32,upper,43,43
random,64,32,lower,-10,10
random,64,32,midpoint,22,22
random,64,32,upper,53,53
random,64,32,lower,-12,12
random,64,32,midpoint,20,20
random,64,32,upper,51,51
random,64,32,lower,-8,8
random,64,32,midpoint,24,24
random,64,32,upper,55,55
random,64,32,lower,-23,23
random,64,32,midpoint,9,9
random,64,32,upper,40,40
random,64,32,lower,-16,16
random,64,32,midpoint,16,16
random,64,32,upper,47,47
random,64,32,lower,-6,6
random,64,32,midpoint,26,26
random,64,32,upper,57,57
random,64,32,lower,-14,14
random,64,32,midpoint,18,18
random,64,32,upper,49,49
random,64,32,lower,-11,11
random,64,32,midpoint,21,21
random,64,32,upper,52,52
random,64,32,lower,-19,19
random,64,32,midpoint,13,13
random,64,32,upper,44,44
random,64,32,lower,-7,7
random,64,32,midpoint,25,25
random,64,32,upper,56,56
random,64,32,lower,-13,13
random,64,32,midpoint,19,19
random,64,32,upper,50,50
random,64,32,lower,-3,3
random,64,32,midpoint,29,29
random,64,32,upper,60,60
random,64,32,lower,-11,11
random,64,32,midpoint,21,21
random,64,32,upper,52,52
random,64,32,lower,-33,33
random,64,32,midpoint,-1,1
random,64,32,upper,30,30
random,64,32,lower,-4,4
random,64,32,midpoint,28,28
random,64,32,upper,59,59
random,64,32,lower,-7,7
random,64,32,midpoint,25,25
random,64,32,upper,56,56
random,64,32,lower,-14,14
random,64,32,midpoint,18,18
random,64,32,upper,49,49
random,64,32,lower,-12,12
random,64,32,midpoint,20,20
random,64,32,upper,51,51
random,64,32,lower,-5,5
random,64,32,midpoint,27,27
random,64,32,upper,58,58
random,64,32,lower,-9,9
random,64,32,midpoint,23,23
random,64,32,upper,54,54
random,64,32,lower,-7,7
random,64,32,midpoint,25,25
random,64,32,upper,56,56
random,64,32,lower,-4,4
random,64,32,midpoint,28,28
random,64,32,upper,59,59
random,64,32,lower,-17,17
random,64,32,midpoint,15,15
random,64,32,upper,46,46
random,64,32,lower,-26,26
random,64,32,midpoint,6,6
random,64,32,upper,37,37
random,64,32,lower,-20,20
random,64,32,midpoint,12,12
random,64,32,upper,43,43
random,64,32,lower,-15,15
random,64,32,midpoint,17,17
random,64,32,upper,48,48
random,64,32,lower,-12,12
random,64,32,midpoint,20,20
random,64,32,upper,51,51
random,64,32,lower,-11,11
random,64,32,midpoint,21,21
random,64,32,upper,52,52
random,64,32,lower,-11,11
random,64,32,midpoint,21,21
random,64,32,upper,52,52
random,64,32,lower,-8,8
random,64,32,midpoint,24,24
random,64,32,upper,55,55
random,64,32,lower,-7,7
random,64,32,midpoint,25,25
random,64,32,upper,56,56
random,64,32,lower,-17,17
random,64,32,midpoint,15,15
random,64,32,upper,46,46
random,64,32,lower,-7,7
random,64,32,midpoint,25,25
random,64,32,upper,56,56
random,64,32,lower,-31,31
random,64,32,midpoint,1,1
random,64,32,upper,32,32
random,64,32,lower,-19,19
random,64,32,midpoint,13,13
random,64,32,upper,44,44
random,64,32,lower,-22,22
random,64,32,midpoint,10,10
random,64,32,upper,41,41
random,64,32,lower,-10,10
random,64,32,midpoint,22,22
random,64,32,upper,53,53
random,64,32,lower,-11,11
random,64,32,midpoint,21,21
random,64,32,upper,52,52
random,64,32,lower,-61,61
random,64,32,midpoint,-29,29
random,64,32,upper,2,2
random,64,32,lower,-7,7
random,64,32,midpoint,25,25
random,64,32,upper,56,56
random,64,32,lower,-18,18
random,64,32,midpoint,14,14
random,64,32,upper,45,45
random,64,32,lower,-8,8
random,64,32,midpoint,24,24
random,64,32,upper,55,55
random,64,32,lower,-13,13
random,64,32,midpoint,19,19
random,64,32,upper,50,50
monkey,32,8,lower,-225,225
monkey,32,8,midpoint,-98,98
monkey,32,8,upper,29,29
monkey,32,8,lower,-218,218
monkey,32,8,midpoint,-91,91
monkey,32,8,upper,36,36
monkey,32,8,lower,-216,216
monkey,32,8,midpoint,-89,89
monkey,32,8,upper,38,38
monkey,32,8,lower,-223,223
monkey,32,8,midpoint,-96,96
monkey,32,8,upper,31,31
monkey,32,8,lower,-229,229
monkey,32,8,midpoint,-102,102
monkey,32,8,upper,25,25
monkey,32,8,lower,-193,193
monkey,32,8,midpoint,-66,66
monkey,32,8,upper,61,61
monkey,32,8,lower,-229,229
monkey,32,8,midpoint,-102,102
monkey,32,8,upper,25,25
monkey,32,8,lower,-209,209
monkey,32,8,midpoint,-82,82
monkey,32,8,upper,45,45
monkey,32,8,lower,-192,192
monkey,32,8,midpoint,-65,65
monkey,32,8,upper,62,62
monkey,32,8,lower,-208,208
monkey,32,8,midpoint,-81,81
monkey,32,8,upper,46,46
monkey,32,8,lower,-192,192
monkey,32,8,midpoint,-65,65
monkey,32,8,upper,62,62
monkey,32,8,lower,-200,200
monkey,32,8,midpoint,-73,73
monkey,32,8,upper,54,54
monkey,32,8,lower,-196,196
monkey,32,8,midpoint,-69,69
monkey,32,8,upper,58,58
monkey,32,8,lower,-209,209
monkey,32,8,midpoint,-82,82
monkey,32,8,upper,45,45
monkey,32,8,lower,-189,189
monkey,32,8,midpoint,-62,62
monkey,32,8,upper,65,65
monkey,32,8,lower,-232,232
monkey,32,8,midpoint,-105,105
monkey,32,8,upper,22,22
monkey,32,8,lower,-254,254
monkey,32,8,midpoint,-127,127
monkey,32,8,upper,0,0
monkey,32,8,lower,-224,224
monkey,32,8,midpoint,-97,97
monkey,32,8,upper,30,30
monkey,32,8,lower,-184,184
monkey,32,8,midpoint,-57,57
monkey,32,8,upper,70,70
monkey,32,8,lower,-232,232
monkey,32,8,midpoint,-105,105
monkey,32,8,upper,22,22
monkey,32,8,lower,-223,223
monkey,32,8,midpoint,-96,96
monkey,32,8,upper,31,31
monkey,32,8,lower,-219,219
monkey,32,8,midpoint,-92,92
monkey,32,8,upper,35,35
monkey,32,8,lower,-184,184
monkey,32,8,midpoint,-57,57
monkey,32,8,upper,70,70
monkey,32,8,lower,-187,187
monkey,32,8,midpoint,-60,60
monkey,32,8,upper,67,67
monkey,32,8,lower,-161,161
monkey,32,8,midpoint,-34,34
monkey,32,8,upper,93,93
monkey,32,8,lower,-120,120
monkey,32,8,midpoint,7,7
monkey,32,8,upper,134,134
monkey,32,8,lower,-213,213
monkey,32,8,midpoint,-86,86
monkey,32,8,upper,41,41
monkey,32,8,lower,-140,140
monkey,32,8,midpoint,-13,13
monkey,32,8,upper,114,114
monkey,32,8,lower,-178,178
monkey,32,8,midpoint,-51,51
monkey,32,8,upper,76,76
monkey,32,8,lower,-149,149
monkey,32,8,midpoint,-22,22
monkey,32,8,upper,105,105
monkey,32,8,lower,-152,152
monkey,32,8,midpoint,-25,25
monkey,32,8,upper,102,102
monkey,32,8,lower,-153,153
monkey,32,8,midpoint,-26,26
monkey,32,8,upper,101,101
monkey,32,8,lower,-132,132
monkey,32,8,midpoint,-5,5
monkey,32,8,upper,122,122
monkey,32,8,lower,-222,222
monkey,32,8,midpoint,-95,95
monkey,32,8,upper,32,32
monkey,32,8,lower,-144,144
monkey,32,8,midpoint,-17,17
monkey,32,8,upper,110,110
monkey,32,8,lower,-124,124
monkey,32,8,midpoint,3,3
monkey,32,8,upper,130,130
monkey,32,8,lower,-204,204
monkey,32,8,midpoint,-77,77
monkey,32,8,upper,50,50
monkey,32,8,lower,-191,191
monkey,32,8,midpoint,-64,64
monkey,32,8,upper,63,63
monkey,32,8,lower,-181,181
monkey,32,8,midpoint,-54,54
monkey,32,8,upper,73,73
monkey,32,8,lower,-217,217
monkey,32,8,midpoint,-90,90
monkey,32,8,upper,37,37
monkey,32,8,lower,-215,215
monkey,32,8,midpoint,-88,88
monkey,32,8,upper,39,39
monkey,32,8,lower,-217,217
monkey,32,8,midpoint,-90,90
monkey,32,8,upper,37,37
monkey,32,8,lower,-173,173
monkey,32,8,midpoint,-46,46
monkey,32,8,upper,81,81
monkey,32,8,lower,-177,177
monkey,32,8,midpoint,-50,50
monkey,32,8,upper,77,77
monkey,32,8,lower,-172,172
monkey,32,8,midpoint,-45,45
monkey,32,8,upper,82,82
monkey,32,8,lower,-130,130
monkey,32,8,midpoint,-3,3
monkey,32,8,upper,124,124
monkey,32,8,lower,-219,219
monkey,32,8,midpoint,-92,92
monkey,32,8,upper,35,35
monkey,32,8,lower,-233,233
monkey,32,8,midpoint,-106,106
monkey,32,8,upper,21,21
monkey,32,8,lower,-233,233
monkey,32,8,midpoint,-106,106
monkey,32,8,upper,21,21
monkey,32,8,lower,-156,156
monkey,32,8,midpoint,-29,29
monkey,32,8,upper,98,98
monkey,32,8,lower,-143,143
monkey,32,8,midpoint,-16,16
monkey,32,8,upper,111,111
monkey,32,8,lower,-229,229
monkey,32,8,midpoint,-102,102
monkey,32,8,upper,25,25
monkey,32,8,lower,-221,221
monkey,32,8,midpoint,-94,94
monkey,32,8,upper,33,33
monkey,32,8,lower,-36,36
monkey,32,8,midpoint,92,92
monkey,32,8,upper,219,219
monkey,32,8,lower,-168,168
monkey,32,8,midpoint,-41,41
monkey,32,8,upper,86,86
monkey,32,8,lower,-190,190
monkey,32,8,midpoint,-63,63
monkey,32,8,upper,64,64
monkey,32,8,lower,-183,183
monkey,32,8,midpoint,-56,56
monkey,32,8,upper,71,71
monkey,32,8,lower,-144,144
monkey,32,8,midpoint,-17,17
monkey,32,8,upper,110,110
monkey,32,8,lower,-178,178
monkey,32,8,midpoint,-51,51
monkey,32,8,upper,76,76
monkey,32,8,lower,-201,201
monkey,32,8,midpoint,-74,74
monkey,32,8,upper,53,53
monkey,32,8,lower,-220,220
monkey,32,8,midpoint,-93,93
monkey,32,8,upper,34,34
monkey,32,8,lower,-185,185
monkey,32,8,midpoint,-58,58
monkey,32,8,upper,69,69
monkey,32,8,lower,-190,190
monkey,32,8,midpoint,-63,63
monkey,32,8,upper,64,64
monkey,32,8,lower,-184,184
monkey,32,8,midpoint,-57,57
monkey,32,8,upper,70,70
monkey,32,8,lower,-169,169
monkey,32,8,midpoint,-42,42
monkey,32,8,upper,85,85
monkey,32,8,lower,-149,149
monkey,32,8,midpoint,-22,22
monkey,32,8,upper,105,105
monkey,32,8,lower,-170,170
monkey,32,8,midpoint,-43,43
monkey,32,8,upper,84,84
monkey,32,8,lower,-152,152
monkey,32,8,midpoint,-25,25
monkey,32,8,upper,102,102
monkey,32,8,lower,-168,168
monkey,32,8,midpoint,-41,41
monkey,32,8,upper,86,86
monkey,32,8,lower,-155,155
monkey,32,8,midpoint,-28,28
monkey,32,8,upper,99,99
monkey,32,8,lower,-121,121
monkey,32,8,midpoint,6,6
monkey,32,8,upper,133,133
monkey,32,8,lower,-185,185
monkey,32,8,midpoint,-58,58
monkey,32,8,upper,69,69
monkey,32,8,lower,-82,82
monkey,32,8,midpoint,45,45
monkey,32,8,upper,172,172
monkey,32,8,lower,-178,178
monkey,32,8,midpoint,-51,51
monkey,32,8,upper,76,76
monkey,32,8,lower,-122,122
monkey,32,8,midpoint,5,5
monkey,32,8,upper,132,132
monkey,32,8,lower,-170,170
monkey,32,8,midpoint,-43,43
monkey,32,8,upper,84,84
monkey,32,8,lower,-180,180
monkey,32,8,midpoint,-53,53
monkey,32,8,upper,74,74
monkey,32,8,lower,-132,132
monkey,32,8,midpoint,-5,5
monkey,32,8,upper,122,122
monkey,32,8,lower,-152,152
monkey,32,8,midpoint,-25,25
monkey,32,8,upper,102,102
monkey,32,8,lower,-193,193
monkey,32,8,midpoint,-66,66
monkey,32,8,upper,61,61
monkey,32,8,lower,-208,208
monkey,32,8,midpoint,-81,81
monkey,32,8,upper,46,46
monkey,32,8,lower,-179,179
monkey,32,8,midpoint,-52,52
monkey,32,8,upper,75,75
monkey,32,8,lower,-194,194
monkey,32,8,midpoint,-67,67
monkey,32,8,upper,60,60
monkey,32,8,lower,-173,173
monkey,32,8,midpoint,-46,46
monkey,32,8,upper,81,81
monkey,32,8,lower,-169,169
monkey,32,8,midpoint,-42,42
monkey,32,8,upper,85,85
monkey,32,8,lower,-134,134
monkey,32,8,midpoint,-7,7
monkey,32,8,upper,120,120
monkey,32,8,lower,-99,99
monkey,32,8,midpoint,28,28
monkey,32,8,upper,155,155
monkey,32,8,lower,-31,31
monkey,32,8,midpoint,96,96
monkey,32,8,upper,223,223
monkey,32,8,lower,-113,113
monkey,32,8,midpoint,14,14
monkey,32,8,upper,141,141
monkey,32,8,lower,-54,54
monkey,32,8,midpoint,73,73
monkey,32,8,upper,200,200
monkey,32,8,lower,-44,44
monkey,32,8,midpoint,83,83
monkey,32,8,upper,210,210
monkey,32,8,lower,-79,79
monkey,32,8,midpoint,48,48
monkey,32,8,upper,175,175
monkey,32,8,lower,-38,38
monkey,32,8,midpoint,89,89
monkey,32,8,upper,216,216
monkey,32,8,lower,-59,59
monkey,32,8,midpoint,68,68
monkey,32,8,upper,195,195
monkey,32,8,lower,-100,100
monkey,32,8,midpoint,27,27
monkey,32,8,upper,154,154
monkey,32,8,lower,-131,131
monkey,32,8,midpoint,-4,4
monkey,32,8,upper,123,123
monkey,32,8,lower,-153,153
monkey,32,8,midpoint,-26,26
monkey,32,8,upper,101,101
monkey,32,8,lower,-131,131
monkey,32,8,midpoint,-4,4
monkey,32,8,upper,123,123
monkey,32,8,lower,-157,157
monkey,32,8,midpoint,-30,30
monkey,32,8,upper,97,97
monkey,32,8,lower,-170,170
monkey,32,8,midpoint,-43,43
monkey,32,8,upper,84,84
monkey,32,8,lower,-160,160
monkey,32,8,midpoint,-33,33
monkey,32,8,upper,94,94
monkey,32,8,lower,-178,178
monkey,32,8,midpoint,-51,51
monkey,32,8,upper,76,76
monkey,32,8,lower,-188,188
monkey,32,8,midpoint,-61,61
monkey,32,8,upper,66,66
monkey,32,8,lower,-160,160
monkey,32,8,midpoint,-33,33
monkey,32,8,upper,94,94
monkey,32,8,lower,-171,171
monkey,32,8,midpoint,-44,44
monkey,32,8,upper,83,83
monkey,32,8,lower,-140,140
monkey,32,8,midpoint,-13,13
monkey,32,8,upper,114,114
monkey,32,8,lower,-31,31
monkey,32,8,midpoint,96,96
monkey,32,8,upper,223,223
monkey,32,8,lower,-28,28
monkey,32,8,midpoint,99,99
monkey,32,8,upper,226,226
monkey,32,8,lower,-49,49
monkey,32,8,midpoint,78,78
monkey,32,8,upper,205,205
monkey,32,8,lower,-41,41
monkey,32,8,midpoint,86,86
monkey,32,8,upper,213,213
monkey,32,8,lower,-42,42
monkey,32,8,midpoint,85,85
monkey,32,8,upper,212,212
monkey,32,8,lower,-80,80
monkey,32,8,midpoint,47,47
monkey,32,8,upper,174,174
monkey,32,8,lower,-31,31
monkey,32,8,midpoint,96,96
monkey,32,8,upper,223,223
monkey,32,8,lower,-33,33
monkey,32,8,midpoint,94,94
monkey,32,8,upper,221,221
monkey,32,8,lower,-69,69
monkey,32,8,midpoint,58,58
monkey,32,8,upper,185,185
monkey,32,8,lower,-137,137
monkey,32,8,midpoint,-10,10
monkey,32,8,upper,117,117
monkey,32,8,lower,-130,130
monkey,32,8,midpoint,-3,3
monkey,32,8,upper,124,124
monkey,32,8,lower,-139,139
monkey,32,8,midpoint,-12,12
monkey,32,8,upper,115,115
monkey,32,8,lower,-149,149
monkey,32,8,midpoint,-22,22
monkey,32,8,upper,105,105
monkey,32,8,lower,-151,151
monkey,32,8,midpoint,-24,24
monkey,32,8,upper,103,103
monkey,32,8,lower,-173,173
monkey,32,8,midpoint,-46,46
monkey,32,8,upper,81,81
monkey,32,8,lower,-178,178
monkey,32,8,midpoint,-51,51
monkey,32,8,upper,76,76
monkey,32,8,lower,-164,164
monkey,32,8,midpoint,-37,37
monkey,32,8,upper,90,90
monkey,32,8,lower,-181,181
monkey,32,8,midpoint,-54,54
monkey,32,8,upper,73,73
monkey,32,8,lower,-170,170
monkey,32,8,midpoint,-43,43
monkey,32,8,upper,84,84
monkey,32,8,lower,-109,109
monkey,32,8,midpoint,18,18
monkey,32,8,upper,145,145
monkey,32,8,lower,-84,84
monkey,32,8,midpoint,43,43
monkey,32,8,upper,170,170
monkey,32,8,lower,-34,34
monkey,32,8,midpoint,93,93
monkey,32,8,upper,220,220
monkey,32,8,lower,-66,66
monkey,32,8,midpoint,61,61
monkey,32,8,upper,188,188
monkey,32,8,lower,-63,63
monkey,32,8,midpoint,64,64
monkey,32,8,upper,191,191
monkey,32,8,lower,-45,45
monkey,32,8,midpoint,82,82
monkey,32,8,upper,209,209
monkey,32,8,lower,-68,68
monkey,32,8,midpoint,59,59
monkey,32,8,upper,186,186
monkey,32,8,lower,-40,40
monkey,32,8,midpoint,87,87
monkey,32,8,upper,214,214
monkey,32,8,lower,-67,67
monkey,32,8,midpoint,60,60
monkey,32,8,upper,187,187
monkey,32,8,lower,-79,79
monkey,32,8,midpoint,48,48
monkey,32,8,upper,175,175
monkey,32,8,lower,-140,140
monkey,32,8,midpoint,-13,13
monkey,32,8,upper,114,114
monkey,32,8,lower,-160,160
monkey,32,8,midpoint,-33,33
monkey,32,8,upper,94,94
monkey,32,8,lower,-140,140
monkey,32,8,midpoint,-13,13
monkey,32,8,upper,114,114
monkey,32,8,lower,-143,143
monkey,32,8,midpoint,-16,16
monkey,32,8,upper,111,111
monkey,32,8,lower,-115,115
monkey,32,8,midpoint,12,12
monkey,32,8,upper,139,139
monkey,32,8,lower,-128,128
monkey,32,8,midpoint,-1,1
monkey,32,8,upper,126,126
monkey,32,8,lower,-133,133
monkey,32,8,midpoint,-6,6
monkey,32,8,upper,121,121
monkey,32,8,lower,-147,147
monkey,32,8,midpoint,-20,20
monkey,32,8,upper,107,107
monkey,32,8,lower,-151,151
monkey,32,8,midpoint,-24,24
monkey,32,8,upper,103,103
monkey,32,8,lower,-124,124
monkey,32,8,midpoint,3,3
monkey,32,8,upper,130,130
monkey,32,8,lower,-139,139
monkey,32,8,midpoint,-12,12
monkey,32,8,upper,115,115
monkey,32,8,lower,-52,52
monkey,32,8,midpoint,75,75
monkey,32,8,upper,202,202
monkey,32,8,lower,-47,47
monkey,32,8,midpoint,80,80
monkey,32,8,upper,207,207
monkey,32,8,lower,-39,39
monkey,32,8,midpoint,88,88
monkey,32,8,upper,215,215
monkey,32,8,lower,-77,77
monkey,32,8,midpoint,50,50
monkey,32,8,upper,177,177
monkey,32,8,lower,-68,68
monkey,32,8,midpoint,59,59
monkey,32,8,upper,186,186
monkey,32,8,lower,-64,64
monkey,32,8,midpoint,63,63
monkey,32,8,upper,190,190
monkey,32,8,lower,-50,50
monkey,32,8,midpoint,77,77
monkey,32,8,upper,204,204
monkey,32,8,lower,-66,66
monkey,32,8,midpoint,61,61
monkey,32,8,upper,188,188
monkey,32,8,lower,-104,104
monkey,32,8,midpoint,23,23
monkey,32,8,upper,150,150
monkey,32,8,lower,-126,126
monkey,32,8,midpoint,1,1
monkey,32,8,upper,128,128
monkey,32,8,lower,-123,123
monkey,32,8,midpoint,4,4
monkey,32,8,upper,131,131
monkey,32,8,lower,-126,126
monkey,32,8,midpoint,1,1
monkey,32,8,upper,128,128
monkey,32,8,lower,-113,113
monkey,32,8,midpoint,14,14
monkey,32,8,upper,141,141
monkey,32,8,lower,-96,96
monkey,32,8,midpoint,31,31
monkey,32,8,upper,158,158
monkey,32,8,lower,-81,81
monkey,32,8,midpoint,46,46
monkey,32,8,upper,173,173
monkey,32,8,lower,-95,95
monkey,32,8,midpoint,32,32
monkey,32,8,upper,159,159
monkey,32,8,lower,-159,159
monkey,32,8,midpoint,-32,32
monkey,32,8,upper,95,95
monkey,32,8,lower,-106,106
monkey,32,8,midpoint,21,21
monkey,32,8,upper,148,148
monkey,32,8,lower,-110,110
monkey,32,8,midpoint,17,17
monkey,32,8,upper,144,144
monkey,32,8,lower,-185,185
monkey,32,8,midpoint,-58,58
monkey,32,8,upper,69,69
monkey,32,8,lower,-102,102
monkey,32,8,midpoint,25,25
monkey,32,8,upper,152,152
monkey,32,8,lower,-76,76
monkey,32,8,midpoint,51,51
monkey,32,8,upper,178,178
monkey,32,8,lower,-79,79
monkey,32,8,midpoint,48,48
monkey,32,8,upper,175,175
monkey,32,8,lower,-75,75
monkey,32,8,midpoint,52,52
monkey,32,8,upper,179,179
monkey,32,8,lower,-60,60
monkey,32,8,midpoint,67,67
monkey,32,8,upper,194,194
monkey,32,8,lower,-113,113
monkey,32,8,midpoint,14,14
monkey,32,8,upper,141,141
monkey,32,8,lower,-83,83
monkey,32,8,midpoint,44,44
monkey,32,8,upper,171,171
monkey,32,8,lower,-119,119
monkey,32,8,midpoint,8,8
monkey,32,8,upper,135,135
monkey,32,8,lower,-138,138
monkey,32,8,midpoint,-11,11
monkey,32,8,upper,116,116
monkey,32,8,lower,-115,115
monkey,32,8,midpoint,12,12
monkey,32,8,upper,139,139
monkey,32,8,lower,-131,131
monkey,32,8,midpoint,-4,4
monkey,32,8,upper,123,123
monkey,32,8,lower,-113,113
monkey,32,8,midpoint,14,14
monkey,32,8,upper,141,141
monkey,32,8,lower,-80,80
monkey,32,8,midpoint,47,47
monkey,32,8,upper,174,174
monkey,32,8,lower,-57,57
monkey,32,8,midpoint,70,70
monkey,32,8,upper,197,197
monkey,32,8,lower,-67,67
monkey,32,8,midpoint,60,60
monkey,32,8,upper,187,187
monkey,32,8,lower,-85,85
monkey,32,8,midpoint,42,42
monkey,32,8,upper,169,169
monkey,32,8,lower,-133,133
monkey,32,8,midpoint,-6,6
monkey,32,8,upper,121,121
monkey,32,8,lower,-8,8
monkey,32,8,midpoint,120,120
monkey,32,8,upper,247,247
monkey,32,8,lower,-227,227
monkey,32,8,midpoint,-100,100
monkey,32,8,upper,27,27
monkey,32,8,lower,-178,178
monkey,32,8,midpoint,-51,51
monkey,32,8,upper,76,76
monkey,32,8,lower,-169,169
monkey,32,8,midpoint,-42,42
monkey,32,8,upper,85,85
monkey,32,8,lower,-114,114
monkey,32,8,midpoint,13,13
monkey,32,8,upper,140,140
monkey,32,8,lower,-85,85
monkey,32,8,midpoint,42,42
monkey,32,8,upper,169,169
monkey,32,8,lower,-46,46
monkey,32,8,midpoint,81,81
monkey,32,8,upper,208,208
monkey,32,8,lower,-41,41
monkey,32,8,midpoint,86,86
monkey,32,8,upper,213,213
monkey,32,8,lower,-177,177
monkey,32,8,midpoint,-50,50
monkey,32,8,upper,77,77
monkey,32,8,lower,-154,154
monkey,32,8,midpoint,-27,27
monkey,32,8,upper,100,100
monkey,32,8,lower,-186,186
monkey,32,8,midpoint,-59,59
monkey,32,8,upper,68,68
monkey,32,8,lower,-138,138
monkey,32,8,midpoint,-11,11
monkey,32,8,upper,116,116
monkey,32,8,lower,-193,193
monkey,32,8,midpoint,-66,66
monkey,32,8,upper,61,61
monkey,32,8,lower,-145,145
monkey,32,8,midpoint,-18,18
monkey,32,8,upper,109,109
monkey,32,8,lower,-105,105
monkey,32,8,midpoint,22,22
monkey,32,8,upper,149,149
monkey,32,8,lower,-80,80
monkey,32,8,midpoint,47,47
monkey,32,8,upper,174,174
monkey,32,8,lower,-62,62
monkey,32,8,midpoint,65,65
monkey,32,8,upper,192,192
monkey,32,8,lower,-44,44
monkey,32,8,midpoint,83,83
monkey,32,8,upper,210,210
monkey,32,8,lower,-51,51
monkey,32,8,midpoint,76,76
monkey,32,8,upper,203,203
monkey,32,8,lower,-167,167
monkey,32,8,midpoint,-40,40
monkey,32,8,upper,87,87
monkey,32,8,lower,-214,214
monkey,32,8,midpoint,-87,87
monkey,32,8,upper,40,40
monkey,32,8,lower,-181,181
monkey,32,8,midpoint,-54,54
monkey,32,8,upper,73,73
monkey,32,8,lower,-208,208
monkey,32,8,midpoint,-81,81
monkey,32,8,upper,46,46
monkey,32,8,lower,-110,110
monkey,32,8,midpoint,17,17
monkey,32,8,upper,144,144
monkey,32,8,lower,-123,123
monkey,32,8,midpoint,4,4
monkey,32,8,upper,131,131
monkey,32,8,lower,-44,44
monkey,32,8,midpoint,83,83
monkey,32,8,upper,210,210
monkey,32,8,lower,-40,40
monkey,32,8,midpoint,87,87
monkey,32,8,upper,214,214
monkey,32,8,lower,-51,51
monkey,32,8,midpoint,76,76
monkey,32,8,upper,203,203
monkey,32,8,lower,-115,115
monkey,32,8,midpoint,12,12
monkey,32,8,upper,139,139
monkey,32,8,lower,-123,123
monkey,32,8,midpoint,4,4
monkey,32,8,upper,131,131
monkey,32,8,lower,-129,129
monkey,32,8,midpoint,-2,2
monkey,32,8,upper,125,125
monkey,32,8,lower,-183,183
monkey,32,8,midpoint,-56,56
monkey,32,8,upper,71,71
monkey,32,8,lower,-169,169
monkey,32,8,midpoint,-42,42
monkey,32,8,upper,85,85
monkey,32,8,lower,-181,181
monkey,32,8,midpoint,-54,54
monkey,32,8,upper,73,73
monkey,32,8,lower,-162,162
monkey,32,8,midpoint,-35,35
monkey,32,8,upper,92,92
monkey,32,8,lower,-65,65
monkey,32,8,midpoint,62,62
monkey,32,8,upper,189,189
monkey,32,8,lower,-44,44
monkey,32,8,midpoint,83,83
monkey,32,8,upper,210,210
monkey,32,8,lower,-41,41
monkey,32,8,midpoint,86,86
monkey,32,8,upper,213,213
monkey,32,8,lower,-55,55
monkey,32,8,midpoint,72,72
monkey,32,8,upper,199,199
monkey,32,8,lower,-145,145
monkey,32,8,midpoint,-18,18
monkey,32,8,upper,109,109
monkey,32,8,lower,-157,157
monkey,32,8,midpoint,-30,30
monkey,32,8,upper,97,97
monkey,32,8,lower,-137,137
monkey,32,8,midpoint,-10,10
monkey,32,8,upper,117,117
monkey,32,8,lower,-243,243
monkey,32,8,midpoint,-116,116
monkey,32,8,upper,11,11
monkey,32,8,lower,-68,68
monkey,32,8,midpoint,59,59
monkey,32,8,upper,186,186
monkey,32,8,lower,-64,64
monkey,32,8,midpoint,63,63
monkey,32,8,upper,190,190
monkey,32,8,lower,-108,108
monkey,32,8,midpoint,19,19
monkey,32,8,upper,146,146
monkey,32,8,lower,-59,59
monkey,32,8,midpoint,68,68
monkey,32,8,upper,195,195
monkey,32,8,lower,-104,104
monkey,32,8,midpoint,23,23
monkey,32,8,upper,150,150
monkey,32,8,lower,-46,46
monkey,32,8,midpoint,81,81
monkey,32,8,upper,208,208
monkey,32,8,lower,-34,34
monkey,32,8,midpoint,93,93
monkey,32,8,upper,220,220
monkey,32,8,lower,-191,191
monkey,32,8,midpoint,-64,64
monkey,32,8,upper,63,63
monkey,32,8,lower,-235,235
monkey,32,8,midpoint,-108,108
monkey,32,8,upper,19,19
monkey,32,8,lower,-233,233
monkey,32,8,midpoint,-106,106
monkey,32,8,upper,21,21
monkey,32,8,lower,-95,95
monkey,32,8,midpoint,32,32
monkey,32,8,upper,159,159
monkey,32,8,lower,-112,112
monkey,32,8,midpoint,15,15
monkey,32,8,upper,142,142
monkey,32,8,lower,-119,119
monkey,32,8,midpoint,8,8
monkey,32,8,upper,135,135
monkey,32,8,lower,-43,43
monkey,32,8,midpoint,84,84
monkey,32,8,upper,211,211
monkey,32,8,lower,-43,43
monkey,32,8,midpoint,84,84
monkey,32,8,upper,211,211
monkey,32,8,lower,-45,45
monkey,32,8,midpoint,82,82
monkey,32,8,upper,209,209
monkey,32,8,lower,-96,96
monkey,32,8,midpoint,31,31
monkey,32,8,upper,158,158
monkey,32,8,lower,-149,149
monkey,32,8,midpoint,-22,22
monkey,32,8,upper,105,105
monkey,32,8,lower,-150,150
monkey,32,8,midpoint,-23,23
monkey,32,8,upper,104,104
monkey,32,8,lower,-5,5
monkey,32,8,midpoint,123,123
monkey,32,8,upper,250,250
monkey,32,8,lower,-185,185
monkey,32,8,midpoint,-58,58
monkey,32,8,upper,69,69
monkey,32,8,lower,-128,128
monkey,32,8,midpoint,-1,1
monkey,32,8,upper,126,126
monkey,32,8,lower,-83,83
monkey,32,8,midpoint,44,44
monkey,32,8,upper,171,171
monkey,32,8,lower,-83,83
monkey,32,8,midpoint,44,44
monkey,32,8,upper,171,171
monkey,32,8,lower,-42,42
monkey,32,8,midpoint,85,85
monkey,32,8,upper,212,212
monkey,32,8,lower,-69,69
monkey,32,8,midpoint,58,58
monkey,32,8,upper,185,185
monkey,32,8,lower,-210,210
monkey,32,8,midpoint,-83,83
monkey,32,8,upper,44,44
monkey,32,8,lower,-241,241
monkey,32,8,midpoint,-114,114
monkey,32,8,upper,13,13
monkey,32,8,lower,-4,4
monkey,32,8,midpoint,124,124
monkey,32,8,upper,251,251
monkey,32,8,lower,-194,194
monkey,32,8,midpoint,-67,67
monkey,32,8,upper,60,60
monkey,32,8,lower,-88,88
monkey,32,8,midpoint,39,39
monkey,32,8,upper,166,166
monkey,32,8,lower,-90,90
monkey,32,8,midpoint,37,37
monkey,32,8,upper,164,164
monkey,32,8,lower,-48,48
monkey,32,8,midpoint,79,79
monkey,32,8,upper,206,206
monkey,32,8,lower,-53,53
monkey,32,8,midpoint,74,74
monkey,32,8,upper,201,201
monkey,32,8,lower,-61,61
monkey,32,8,midpoint,66,66
monkey,32,8,upper,193,193
monkey,32,8,lower,-58,58
monkey,32,8,midpoint,69,69
monkey,32,8,upper,196,196
monkey,32,8,lower,-76,76
monkey,32,8,midpoint,51,51
monkey,32,8,upper,178,178
monkey,32,8,lower,-98,98
monkey,32,8,midpoint,29,29
monkey,32,8,upper,156,156
monkey,32,8,lower,-166,166
monkey,32,8,midpoint,-39,39
monkey,32,8,upper,88,88
monkey,32,8,lower,-146,146
monkey,32,8,midpoint,-19,19
monkey,32,8,upper,108,108
monkey,32,8,lower,-186,186
monkey,32,8,midpoint,-59,59
monkey,32,8,upper,68,68
monkey,32,8,lower,-162,162
monkey,32,8,midpoint,-35,35
monkey,32,8,upper,92,92
monkey,32,8,lower,-156,156
monkey,32,8,midpoint,-29,29
monkey,32,8,upper,98,98
monkey,32,8,lower,-135,135
monkey,32,8,midpoint,-8,8
monkey,32,8,upper,119,119
monkey,32,8,lower,-146,146
monkey,32,8,midpoint,-19,19
monkey,32,8,upper,108,108
monkey,32,8,lower,-169,169
monkey,32,8,midpoint,-42,42
monkey,32,8,upper,85,85
monkey,32,8,lower,-195,195
monkey,32,8,midpoint,-68,68
monkey,32,8,upper,59,59
monkey,32,8,lower,-245,245
monkey,32,8,midpoint,-118,118
monkey,32,8,upper,9,9
monkey,32,8,lower,-234,234
monkey,32,8,midpoint,-107,107
monkey,32,8,upper,20,20
monkey,32,8,lower,-113,113
monkey,32,8,midpoint,14,14
monkey,32,8,upper,141,141
monkey,32,8,lower,-103,103
monkey,32,8,midpoint,24,24
monkey,32,8,upper,151,151
monkey,32,8,lower,-75,75
monkey,32,8,midpoint,52,52
monkey,32,8,upper,179,179
monkey,32,8,lower,-49,49
monkey,32,8,midpoint,78,78
monkey,32,8,upper,205,205
monkey,32,8,lower,-44,44
monkey,32,8,midpoint,83,83
monkey,32,8,upper,210,210
monkey,32,8,lower,-73,73
monkey,32,8,midpoint,54,54
monkey,32,8,upper,181,181
monkey,32,8,lower,-42,42
monkey,32,8,midpoint,85,85
monkey,32,8,upper,212,212
monkey,32,8,lower,-49,49
monkey,32,8,midpoint,78,78
monkey,32,8,upper,205,205
monkey,32,8,lower,-69,69
monkey,32,8,midpoint,58,58
monkey,32,8,upper,185,185
monkey,32,8,lower,-139,139
monkey,32,8,midpoint,-12,12
monkey,32,8,upper,115,115
monkey,32,8,lower,-158,158
monkey,32,8,midpoint,-31,31
monkey,32,8,upper,96,96
monkey,32,8,lower,-62,62
monkey,32,8,midpoint,65,65
monkey,32,8,upper,192,192
monkey,32,8,lower,-86,86
monkey,32,8,midpoint,41,41
monkey,32,8,upper,168,168
monkey,32,8,lower,-116,116
monkey,32,8,midpoint,11,11
monkey,32,8,upper,138,138
monkey,32,8,lower,-115,115
monkey,32,8,midpoint,12,12
monkey,32,8,upper,139,139
monkey,32,8,lower,-102,102
monkey,32,8,midpoint,25,25
monkey,32,8,upper,152,152
monkey,32,8,lower,-148,148
monkey,32,8,midpoint,-21,21
monkey,32,8,upper,106,106
monkey,32,8,lower,-179,179
monkey,32,8,midpoint,-52,52
monkey,32,8,upper,75,75
monkey,32,8,lower,-146,146
monkey,32,8,midpoint,-19,19
monkey,32,8,upper,108,108
monkey,32,8,lower,-101,101
monkey,32,8,midpoint,26,26
monkey,32,8,upper,153,153
monkey,32,8,lower,-103,103
monkey,32,8,midpoint,24,24
monkey,32,8,upper,151,151
monkey,32,8,lower,-77,77
monkey,32,8,midpoint,50,50
monkey,32,8,upper,177,177
monkey,32,8,lower,-62,62
monkey,32,8,midpoint,65,65
monkey,32,8,upper,192,192
monkey,32,8,lower,-77,77
monkey,32,8,midpoint,50,50
monkey,32,8,upper,177,177
monkey,32,8,lower,-58,58
monkey,32,8,midpoint,69,69
monkey,32,8,upper,196,196
monkey,32,16,lower,-98,98
monkey,32,16,midpoint,-34,34
monkey,32,16,upper,29,29
monkey,32,16,lower,-91,91
monkey,32,16,midpoint,-27,27
monkey,32,16,upper,36,36
monkey,32,16,lower,-89,89
monkey,32,16,midpoint,-25,25
monkey,32,16,upper,38,38
monkey,32,16,lower,-96,96
monkey,32,16,midpoint,-32,32
monkey,32,16,upper,31,31
monkey,32,16,lower,-102,102
monkey,32,16,midpoint,-38,38
monkey,32,16,upper,25,25
monkey,32,16,lower,-66,66
monkey,32,16,midpoint,-2,2
monkey,32,16,upper,61,61
monkey,32,16,lower,-102,102
monkey,32,16,midpoint,-38,38
monkey,32,16,upper,25,25
monkey,32,16,lower,-82,82
monkey,32,16,midpoint,-18,18
monkey,32,16,upper,45,45
monkey,32,16,lower,-65,65
monkey,32,16,midpoint,-1,1
monkey,32,16,upper,62,62
monkey,32,16,lower,-81,81
monkey,32,16,midpoint,-17,17
monkey,32,16,upper,46,46
monkey,32,16,lower,-65,65
monkey,32,16,midpoint,-1,1
monkey,32,16,upper,62,62
monkey,32,16,lower,-73,73
monkey,32,16,midpoint,-9,9
monkey,32,16,upper,54,54
monkey,32,16,lower,-69,69
monkey,32,16,midpoint,-5,5
monkey,32,16,upper,58,58
monkey,32,16,lower,-82,82
monkey,32,16,midpoint,-18,18
monkey,32,16,upper,45,45
monkey,32,16,lower,-62,62
monkey,32,16,midpoint,2,2
monkey,32,16,upper,65,65
monkey,32,16,lower,-105,105
monkey,32,16,midpoint,-41,41
monkey,32,16,upper,22,22
monkey,32,16,lower,-127,127
monkey,32,16,midpoint,-63,63
monkey,32,16,upper,0,0
monkey,32,16,lower,-97,97
monkey,32,16,midpoint,-33,33
monkey,32,16,upper,30,30
monkey,32,16,lower,-57,57
monkey,32,16,midpoint,7,7
monkey,32,16,upper,70,70
monkey,32,16,lower,-105,105
monkey,32,16,midpoint,-41,41
monkey,32,16,upper,22,22
monkey,32,16,lower,-96,96
monkey,32,16,midpoint,-32,32
monkey,32,16,upper,31,31
monkey,32,16,lower,-92,92
monkey,32,16,midpoint,-28,28
monkey,32,16,upper,35,35
monkey,32,16,lower,-57,57
monkey,32,16,midpoint,7,7
monkey,32,16,upper,70,70
monkey,32,16,lower,-60,60
monkey,32,16,midpoint,4,4
monkey,32,16,upper,67,67
monkey,32,16,lower,-34,34
monkey,32,16,midpoint,30,30
monkey,32,16,upper,93,93
monkey,32,16,lower,-120,120
monkey,32,16,midpoint,-57,57
monkey,32,16,upper,6,6
monkey,32,16,lower,-86,86
monkey,32,16,midpoint,-22,22
monkey,32,16,upper,41,41
monkey,32,16,lower,-13,13
monkey,32,16,midpoint,51,51
monkey,32,16,upper,114,114
monkey,32,16,lower,-51,51
monkey,32,16,midpoint,13,13
monkey,32,16,upper,76,76
monkey,32,16,lower,-22,22
monkey,32,16,midpoint,42,42
monkey,32,16,upper,105,105
monkey,32,16,lower,-25,25
monkey,32,16,midpoint,39,39
monkey,32,16,upper,102,102
monkey,32,16,lower,-26,26
monkey,32,16,midpoint,38,38
monkey,32,16,upper,101,101
monkey,32,16,lower,-5,5
monkey,32,16,midpoint,59,59
monkey,32,16,upper,122,122
monkey,32,16,lower,-95,95
monkey,32,16,midpoint,-31,31
monkey,32,16,upper,32,32
monkey,32,16,lower,-17,17
monkey,32,16,midpoint,47,47
monkey,32,16,upper,110,110
monkey,32,16,lower,-124,124
monkey,32,16,midpoint,-61,61
monkey,32,16,upper,2,2
monkey,32,16,lower,-77,77
monkey,32,16,midpoint,-13,13
monkey,32,16,upper,50,50
monkey,32,16,lower,-64,64
monkey,32,16,midpoint,0,0
monkey,32,16,upper,63,63
monkey,32,16,lower,-54,54
monkey,32,16,midpoint,10,10
monkey,32,16,upper,73,73
monkey,32,16,lower,-90,90
monkey,32,16,midpoint,-26,26
monkey,32,16,upper,37,37
monkey,32,16,lower,-88,88
monkey,32,16,midpoint,-24,24
monkey,32,16,upper,39,39
monkey,32,16,lower,-90,90
monkey,32,16,midpoint,-26,26
monkey,32,16,upper,37,37
monkey,32,16,lower,-46,46
monkey,32,16,midpoint,18,18
monkey,32,16,upper,81,81
monkey,32,16,lower,-50,50
monkey,32,16,midpoint,14,14
monkey,32,16,upper,77,77
monkey,32,16,lower,-45,45
monkey,32,16,midpoint,19,19
monkey,32,16,upper,82,82
monkey,32,16,lower,-3,3
monkey,32,16,midpoint,61,61
monkey,32,16,upper,124,124
monkey,32,16,lower,-92,92
monkey,32,16,midpoint,-28,28
monkey,32,16,upper,35,35
monkey,32,16,lower,-106,106
monkey,32,16,midpoint,-42,42
monkey,32,16,upper,21,21
monkey,32,16,lower,-106,106
monkey,32,16,midpoint,-42,42
monkey,32,16,upper,21,21
monkey,32,16,lower,-29,29
monkey,32,16,midpoint,35,35
monkey,32,16,upper,98,98
monkey,32,16,lower,-16,16
monkey,32,16,midpoint,48,48
monkey,32,16,upper,111,111
monkey,32,16,lower,-102,102
monkey,32,16,midpoint,-38,38
monkey,32,16,upper,25,25
monkey,32,16,lower,-94,94
monkey,32,16,midpoint,-30,30
monkey,32,16,upper,33,33
monkey,32,16,lower,-36,36
monkey,32,16,midpoint,28,28
monkey,32,16,upper,91,91
monkey,32,16,lower,-41,41
monkey,32,16,midpoint,23,23
monkey,32,16,upper,86,86
monkey,32,16,lower,-63,63
monkey,32,16,midpoint,1,1
monkey,32,16,upper,64,64
monkey,32,16,lower,-56,56
monkey,32,16,midpoint,8,8
monkey,32,16,upper,71,71
monkey,32,16,lower,-17,17
monkey,32,16,midpoint,47,47
monkey,32,16,upper,110,110
monkey,32,16,lower,-51,51
monkey,32,16,midpoint,13,13
monkey,32,16,upper,76,76
monkey,32,16,lower,-74,74
monkey,32,16,midpoint,-10,10
monkey,32,16,upper,53,53
monkey,32,16,lower,-93,93
monkey,32,16,midpoint,-29,29
monkey,32,16,upper,34,34
monkey,32,16,lower,-58,58
monkey,32,16,midpoint,6,6
monkey,32,16,upper,69,69
monkey,32,16,lower,-63,63
monkey,32,16,midpoint,1,1
monkey,32,16,upper,64,64
monkey,32,16,lower,-57,57
monkey,32,16,midpoint,7,7
monkey,32,16,upper,70,70
monkey,32,16,lower,-42,42
monkey,32,16,midpoint,22,22
monkey,32,16,upper,85,85
monkey,32,16,lower,-22,22
monkey,32,16,midpoint,42,42
monkey,32,16,upper,105,105
monkey,32,16,lower,-43,43
monkey,32,16,midpoint,21,21
monkey,32,16,upper,84,84
monkey,32,16,lower,-25,25
monkey,32,16,midpoint,39,39
monkey,32,16,upper,102,102
monkey,32,16,lower,-41,41
monkey,32,16,midpoint,23,23
monkey,32,16,upper,86,86
monkey,32,16,lower,-28,28
monkey,32,16,midpoint,36,36
monkey,32,16,upper,99,99
monkey,32,16,lower,-121,121
monkey,32,16,midpoint,-58,58
monkey,32,16,upper,5,5
monkey,32,16,lower,-58,58
monkey,32,16,midpoint,6,6
monkey,32,16,upper,69,69
monkey,32,16,lower,-82,82
monkey,32,16,midpoint,-19,19
monkey,32,16,upper,44,44
monkey,32,16,lower,-51,51
monkey,32,16,midpoint,13,13
monkey,32,16,upper,76,76
monkey,32,16,lower,-122,122
monkey,32,16,midpoint,-59,59
monkey,32,16,upper,4,4
monkey,32,16,lower,-43,43
monkey,32,16,midpoint,21,21
monkey,32,16,upper,84,84
monkey,32,16,lower,-53,53
monkey,32,16,midpoint,11,11
monkey,32,16,upper,74,74
monkey,32,16,lower,-5,5
monkey,32,16,midpoint,59,59
monkey,32,16,upper,122,122
monkey,32,16,lower,-25,25
monkey,32,16,midpoint,39,39
monkey,32,16,upper,102,102
monkey,32,16,lower,-66,66
monkey,32,16,midpoint,-2,2
monkey,32,16,upper,61,61
monkey,32,16,lower,-81,81
monkey,32,16,midpoint,-17,17
monkey,32,16,upper,46,46
monkey,32,16,lower,-52,52
monkey,32,16,midpoint,12,12
monkey,32,16,upper,75,75
monkey,32,16,lower,-67,67
monkey,32,16,midpoint,-3,3
monkey,32,16,upper,60,60
monkey,32,16,lower,-46,46
monkey,32,16,midpoint,18,18
monkey,32,16,upper,81,81
monkey,32,16,lower,-42,42
monkey,32,16,midpoint,22,22
monkey,32,16,upper,85,85
monkey,32,16,lower,-7,7
monkey,32,16,midpoint,57,57
monkey,32,16,upper,120,120
monkey,32,16,lower,-99,99
monkey,32,16,midpoint,-36,36
monkey,32,16,upper,27,27
monkey,32,16,lower,-31,31
monkey,32,16,midpoint,32,32
monkey,32,16,upper,95,95
monkey,32,16,lower,-113,113
monkey,32,16,midpoint,-50,50
monkey,32,16,upper,13,13
monkey,32,16,lower,-54,54
monkey,32,16,midpoint,9,9
monkey,32,16,upper,72,72
monkey,32,16,lower,-44,44
monkey,32,16,midpoint,19,19
monkey,32,16,upper,82,82
monkey,32,16,lower,-79,79
monkey,32,16,midpoint,-16,16
monkey,32,16,upper,47,47
monkey,32,16,lower,-38,38
monkey,32,16,midpoint,25,25
monkey,32,16,upper,88,88
monkey,32,16,lower,-59,59
monkey,32,16,midpoint,4,4
monkey,32,16,upper,67,67
monkey,32,16,lower,-100,100
monkey,32,16,midpoint,-37,37
monkey,32,16,upper,26,26
monkey,32,16,lower,-4,4
monkey,32,16,midpoint,60,60
monkey,32,16,upper,123,123
monkey,32,16,lower,-26,26
monkey,32,16,midpoint,38,38
monkey,32,16,upper,101,101
monkey,32,16,lower,-4,4
monkey,32,16,midpoint,60,60
monkey,32,16,upper,123,123
monkey,32,16,lower,-30,30
monkey,32,16,midpoint,34,34
monkey,32,16,upper,97,97
monkey,32,16,lower,-43,43
monkey,32,16,midpoint,21,21
monkey,32,16,upper,84,84
monkey,32,16,lower,-33,33
monkey,32,16,midpoint,31,31
monkey,32,16,upper,94,94
monkey,32,16,lower,-51,51
monkey,32,16,midpoint,13,13
monkey,32,16,upper,76,76
monkey,32,16,lower,-61,61
monkey,32,16,midpoint,3,3
monkey,32,16,upper,66,66
monkey,32,16,lower,-33,33
monkey,32,16,midpoint,31,31
monkey,32,16,upper,94,94
monkey,32,16,lower,-44,44
monkey,32,16,midpoint,20,20
monkey,32,16,upper,83,83
monkey,32,16,lower,-13,13
monkey,32,16,midpoint,51,51
monkey,32,16,upper,114,114
monkey,32,16,lower,-31,31
monkey,32,16,midpoint,32,32
monkey,32,16,upper,95,95
monkey,32,16,lower,-28,28
monkey,32,16,midpoint,35,35
monkey,32,16,upper,98,98
monkey,32,16,lower,-49,49
monkey,32,16,midpoint,14,14
monkey,32,16,upper,77,77
monkey,32,16,lower,-41,41
monkey,32,16,midpoint,22,22
monkey,32,16,upper,85,85
monkey,32,16,lower,-42,42
monkey,32,16,midpoint,21,21
monkey,32,16,upper,84,84
monkey,32,16,lower,-80,80
monkey,32,16,midpoint,-17,17
monkey,32,16,upper,46,46
monkey,32,16,lower,-31,31
monkey,32,16,midpoint,32,32
monkey,32,16,upper,95,95
monkey,32,16,lower,-33,33
monkey,32,16,midpoint,30,30
monkey,32,16,upper,93,93
monkey,32,16,lower,-69,69
monkey,32,16,midpoint,-6,6
monkey,32,16,upper,57,57
monkey,32,16,lower,-10,10
monkey,32,16,midpoint,54,54
monkey,32,16,upper,117,117
monkey,32,16,lower,-3,3
monkey,32,16,midpoint,61,61
monkey,32,16,upper,124,124
monkey,32,16,lower,-12,12
monkey,32,16,midpoint,52,52
monkey,32,16,upper,115,115
monkey,32,16,lower,-22,22
monkey,32,16,midpoint,42,42
monkey,32,16,upper,105,105
monkey,32,16,lower,-24,24
monkey,32,16,midpoint,40,40
monkey,32,16,upper,103,103
monkey,32,16,lower,-46,46
monkey,32,16,midpoint,18,18
monkey,32,16,upper,81,81
monkey,32,16,lower,-51,51
monkey,32,16,midpoint,13,13
monkey,32,16,upper,76,76
monkey,32,16,lower,-37,37
monkey,32,16,midpoint,27,27
monkey,32,16,upper,90,90
monkey,32,16,lower,-54,54
monkey,32,16,midpoint,10,10
monkey,32,16,upper,73,73
monkey,32,16,lower,-43,43
monkey,32,16,midpoint,21,21
monkey,32,16,upper,84,84
monkey,32,16,lower,-109,109
monkey,32,16,midpoint,-46,46
monkey,32,16,upper,17,17
monkey,32,16,lower,-84,84
monkey,32,16,midpoint,-21,21
monkey,32,16,upper,42,42
monkey,32,16,lower,-34,34
monkey,32,16,midpoint,29,29
monkey,32,16,upper,92,92
monkey,32,16,lower,-66,66
monkey,32,16,midpoint,-3,3
monkey,32,16,upper,60,60
monkey,32,16,lower,-63,63
monkey,32,16,midpoint,0,0
monkey,32,16,upper,63,63
monkey,32,16,lower,-45,45
monkey,32,16,midpoint,18,18
monkey,32,16,upper,81,81
monkey,32,16,lower,-68,68
monkey,32,16,midpoint,-5,5
monkey,32,16,upper,58,58
monkey,32,16,lower,-40,40
monkey,32,16,midpoint,23,23
monkey,32,16,upper,86,86
monkey,32,16,lower,-67,67
monkey,32,16,midpoint,-4,4
monkey,32,16,upper,59,59
monkey,32,16,lower,-79,79
monkey,32,16,midpoint,-16,16
monkey,32,16,upper,47,47
monkey,32,16,lower,-13,13
monkey,32,16,midpoint,51,51
monkey,32,16,upper,114,114
monkey,32,16,lower,-33,33
monkey,32,16,midpoint,31,31
monkey,32,16,upper,94,94
monkey,32,16,lower,-13,13
monkey,32,16,midpoint,51,51
monkey,32,16,upper,114,114
monkey,32,16,lower,-16,16
monkey,32,16,midpoint,48,48
monkey,32,16,upper,111,111
monkey,32,16,lower,-115,115
monkey,32,16,midpoint,-52,52
monkey,32,16,upper,11,11
monkey,32,16,lower,-1,1
monkey,32,16,midpoint,63,63
monkey,32,16,upper,126,126
monkey,32,16,lower,-6,6
monkey,32,16,midpoint,58,58
monkey,32,16,upper,121,121
monkey,32,16,lower,-20,20
monkey,32,16,midpoint,44,44
monkey,32,16,upper,107,107
monkey,32,16,lower,-24,24
monkey,32,16,midpoint,40,40
monkey,32,16,upper,103,103
monkey,32,16,lower,-124,124
monkey,32,16,midpoint,-61,61
monkey,32,16,upper,2,2
monkey,32,16,lower,-12,12
monkey,32,16,midpoint,52,52
monkey,32,16,upper,115,115
monkey,32,16,lower,-52,52
monkey,32,16,midpoint,11,11
monkey,32,16,upper,74,74
monkey,32,16,lower,-47,47
monkey,32,16,midpoint,16,16
monkey,32,16,upper,79,79
monkey,32,16,lower,-39,39
monkey,32,16,midpoint,24,24
monkey,32,16,upper,87,87
monkey,32,16,lower,-77,77
monkey,32,16,midpoint,-14,14
monkey,32,16,upper,49,49
monkey,32,16,lower,-68,68
monkey,32,16,midpoint,-5,5
monkey,32,16,upper,58,58
monkey,32,16,lower,-64,64
monkey,32,16,midpoint,-1,1
monkey,32,16,upper,62,62
monkey,32,16,lower,-50,50
monkey,32,16,midpoint,13,13
monkey,32,16,upper,76,76
monkey,32,16,lower,-66,66
monkey,32,16,midpoint,-3,3
monkey,32,16,upper,60,60
monkey,32,16,lower,-104,104
monkey,32,16,midpoint,-41,41
monkey,32,16,upper,22,22
monkey,32,16,lower,-126,126
monkey,32,16,midpoint,-63,63
monkey,32,16,upper,0,0
monkey,32,16,lower,-123,123
monkey,32,16,midpoint,-60,60
monkey,32,16,upper,3,3
monkey,32,16,lower,-126,126
monkey,32,16,midpoint,-63,63
monkey,32,16,upper,0,0
monkey,32,16,lower,-113,113
monkey,32,16,midpoint,-50,50
monkey,32,16,upper,13,13
monkey,32,16,lower,-96,96
monkey,32,16,midpoint,-33,33
monkey,32,16,upper,30,30
monkey,32,16,lower,-81,81
monkey,32,16,midpoint,-18,18
monkey,32,16,upper,45,45
monkey,32,16,lower,-95,95
monkey,32,16,midpoint,-32,32
monkey,32,16,upper,31,31
monkey,32,16,lower,-32,32
monkey,32,16,midpoint,32,32
monkey,32,16,upper,95,95
monkey,32,16,lower,-106,106
monkey,32,16,midpoint,-43,43
monkey,32,16,upper,20,20
monkey,32,16,lower,-110,110
monkey,32,16,midpoint,-47,47
monkey,32,16,upper,16,16
monkey,32,16,lower,-58,58
monkey,32,16,midpoint,6,6
monkey,32,16,upper,69,69
monkey,32,16,lower,-102,102
monkey,32,16,midpoint,-39,39
monkey,32,16,upper,24,24
monkey,32,16,lower,-76,76
monkey,32,16,midpoint,-13,13
monkey,32,16,upper,50,50
monkey,32,16,lower,-79,79
monkey,32,16,midpoint,-16,16
monkey,32,16,upper,47,47
monkey,32,16,lower,-75,75
monkey,32,16,midpoint,-12,12
monkey,32,16,upper,51,51
monkey,32,16,lower,-60,60
monkey,32,16,midpoint,3,3
monkey,32,16,upper,66,66
monkey,32,16,lower,-113,113
monkey,32,16,midpoint,-50,50
monkey,32,16,upper,13,13
monkey,32,16,lower,-83,83
monkey,32,16,midpoint,-20,20
monkey,32,16,upper,43,43
monkey,32,16,lower,-119,119
monkey,32,16,midpoint,-56,56
monkey,32,16,upper,7,7
monkey,32,16,lower,-11,11
monkey,32,16,midpoint,53,53
monkey,32,16,upper,116,116
monkey,32,16,lower,-115,115
monkey,32,16,midpoint,-52,52
monkey,32,16,upper,11,11
monkey,32,16,lower,-4,4
monkey,32,16,midpoint,60,60
monkey,32,16,upper,123,123
monkey,32,16,lower,-113,113
monkey,32,16,midpoint,-50,50
monkey,32,16,upper,13,13
monkey,32,16,lower,-80,80
monkey,32,16,midpoint,-17,17
monkey,32,16,upper,46,46
monkey,32,16,lower,-57,57
monkey,32,16,midpoint,6,6
monkey,32,16,upper,69,69
monkey,32,16,lower,-67,67
monkey,32,16,midpoint,-4,4
monkey,32,16,upper,59,59
monkey,32,16,lower,-85,85
monkey,32,16,midpoint,-22,22
monkey,32,16,upper,41,41
monkey,32,16,lower,-6,6
monkey,32,16,midpoint,58,58
monkey,32,16,upper,121,121
monkey,32,16,lower,-8,8
monkey,32,16,midpoint,56,56
monkey,32,16,upper,119,119
monkey,32,16,lower,-100,100
monkey,32,16,midpoint,-36,36
monkey,32,16,upper,27,27
monkey,32,16,lower,-51,51
monkey,32,16,midpoint,13,13
monkey,32,16,upper,76,76
monkey,32,16,lower,-42,42
monkey,32,16,midpoint,22,22
monkey,32,16,upper,85,85
monkey,32,16,lower,-114,114
monkey,32,16,midpoint,-51,51
monkey,32,16,upper,12,12
monkey,32,16,lower,-85,85
monkey,32,16,midpoint,-22,22
monkey,32,16,upper,41,41
monkey,32,16,lower,-46,46
monkey,32,16,midpoint,17,17
monkey,32,16,upper,80,80
monkey,32,16,lower,-41,41
monkey,32,16,midpoint,22,22
monkey,32,16,upper,85,85
monkey,32,16,lower,-50,50
monkey,32,16,midpoint,14,14
monkey,32,16,upper,77,77
monkey,32,16,lower,-27,27
monkey,32,16,midpoint,37,37
monkey,32,16,upper,100,100
monkey,32,16,lower,-59,59
monkey,32,16,midpoint,5,5
monkey,32,16,upper,68,68
monkey,32,16,lower,-11,11
monkey,32,16,midpoint,53,53
monkey,32,16,upper,116,116
monkey,32,16,lower,-66,66
monkey,32,16,midpoint,-2,2
monkey,32,16,upper,61,61
monkey,32,16,lower,-18,18
monkey,32,16,midpoint,46,46
monkey,32,16,upper,109,109
monkey,32,16,lower,-105,105
monkey,32,16,midpoint,-42,42
monkey,32,16,upper,21,21
monkey,32,16,lower,-80,80
monkey,32,16,midpoint,-17,17
monkey,32,16,upper,46,46
monkey,32,16,lower,-62,62
monkey,32,16,midpoint,1,1
monkey,32,16,upper,64,64
monkey,32,16,lower,-44,44
monkey,32,16,midpoint,19,19
monkey,32,16,upper,82,82
monkey,32,16,lower,-51,51
monkey,32,16,midpoint,12,12
monkey,32,16,upper,75,75
monkey,32,16,lower,-40,40
monkey,32,16,midpoint,24,24
monkey,32,16,upper,87,87
monkey,32,16,lower,-87,87
monkey,32,16,midpoint,-23,23
monkey,32,16,upper,40,40
monkey,32,16,lower,-54,54
monkey,32,16,midpoint,10,10
monkey,32,16,upper,73,73
monkey,32,16,lower,-81,81
monkey,32,16,midpoint,-17,17
monkey,32,16,upper,46,46
monkey,32,16,lower,-110,110
monkey,32,16,midpoint,-47,47
monkey,32,16,upper,16,16
monkey,32,16,lower,-123,123
monkey,32,16,midpoint,-60,60
monkey,32,16,upper,3,3
monkey,32,16,lower,-44,44
monkey,32,16,midpoint,19,19
monkey,32,16,upper,82,82
monkey,32,16,lower,-40,40
monkey,32,16,midpoint,23,23
monkey,32,16,upper,86,86
monkey,32,16,lower,-51,51
monkey,32,16,midpoint,12,12
monkey,32,16,upper,75,75
monkey,32,16,lower,-115,115
monkey,32,16,midpoint,-52,52
monkey,32,16,upper,11,11
monkey,32,16,lower,-123,123
monkey,32,16,midpoint,-60,60
monkey,32,16,upper,3,3
monkey,32,16,lower,-2,2
monkey,32,16,midpoint,62,62
monkey,32,16,upper,125,125
monkey,32,16,lower,-56,56
monkey,32,16,midpoint,8,8
monkey,32,16,upper,71,71
monkey,32,16,lower,-42,42
monkey,32,16,midpoint,22,22
monkey,32,16,upper,85,85
monkey,32,16,lower,-54,54
monkey,32,16,midpoint,10,10
monkey,32,16,upper,73,73
monkey,32,16,lower,-35,35
monkey,32,16,midpoint,29,29
monkey,32,16,upper,92,92
monkey,32,16,lower,-65,65
monkey,32,16,midpoint,-2,2
monkey,32,16,upper,61,61
monkey,32,16,lower,-44,44
monkey,32,16,midpoint,19,19
monkey,32,16,upper,82,82
monkey,32,16,lower,-41,41
monkey,32,16,midpoint,22,22
monkey,32,16,upper,85,85
monkey,32,16,lower,-55,55
monkey,32,16,midpoint,8,8
monkey,32,16,upper,71,71
monkey,32,16,lower,-18,18
monkey,32,16,midpoint,46,46
monkey,32,16,upper,109,109
monkey,32,16,lower,-30,30
monkey,32,16,midpoint,34,34
monkey,32,16,upper,97,97
monkey,32,16,lower,-10,10
monkey,32,16,midpoint,54,54
monkey,32,16,upper,117,117
monkey,32,16,lower,-116,116
monkey,32,16,midpoint,-52,52
monkey,32,16,upper,11,11
monkey,32,16,lower,-68,68
monkey,32,16,midpoint,-5,5
monkey,32,16,upper,58,58
monkey,32,16,lower,-64,64
monkey,32,16,midpoint,-1,1
monkey,32,16,upper,62,62
monkey,32,16,lower,-108,108
monkey,32,16,midpoint,-45,45
monkey,32,16,upper,18,18
monkey,32,16,lower,-59,59
monkey,32,16,midpoint,4,4
monkey,32,16,upper,67,67
monkey,32,16,lower,-104,104
monkey,32,16,midpoint,-41,41
monkey,32,16,upper,22,22
monkey,32,16,lower,-46,46
monkey,32,16,midpoint,17,17
monkey,32,16,upper,80,80
monkey,32,16,lower,-34,34
monkey,32,16,midpoint,29,29
monkey,32,16,upper,92,92
monkey,32,16,lower,-64,64
monkey,32,16,midpoint,0,0
monkey,32,16,upper,63,63
monkey,32,16,lower,-108,108
monkey,32,16,midpoint,-44,44
monkey,32,16,upper,19,19
monkey,32,16,lower,-106,106
monkey,32,16,midpoint,-42,42
monkey,32,16,upper,21,21
monkey,32,16,lower,-95,95
monkey,32,16,midpoint,-32,32
monkey,32,16,upper,31,31
monkey,32,16,lower,-112,112
monkey,32,16,midpoint,-49,49
monkey,32,16,upper,14,14
monkey,32,16,lower,-119,119
monkey,32,16,midpoint,-56,56
monkey,32,16,upper,7,7
monkey,32,16,lower,-43,43
monkey,32,16,midpoint,20,20
monkey,32,16,upper,83,83
monkey,32,16,lower,-43,43
monkey,32,16,midpoint,20,20
monkey,32,16,upper,83,83
monkey,32,16,lower,-45,45
monkey,32,16,midpoint,18,18
monkey,32,16,upper,81,81
monkey,32,16,lower,-96,96
monkey,32,16,midpoint,-33,33
monkey,32,16,upper,30,30
monkey,32,16,lower,-22,22
monkey,32,16,midpoint,42,42
monkey,32,16,upper,105,105
monkey,32,16,lower,-23,23
monkey,32,16,midpoint,41,41
monkey,32,16,upper,104,104
monkey,32,16,lower,-5,5
monkey,32,16,midpoint,59,59
monkey,32,16,upper,122,122
monkey,32,16,lower,-58,58
monkey,32,16,midpoint,6,6
monkey,32,16,upper,69,69
monkey,32,16,lower,-1,1
monkey,32,16,midpoint,63,63
monkey,32,16,upper,126,126
monkey,32,16,lower,-83,83
monkey,32,16,midpoint,-20,20
monkey,32,16,upper,43,43
monkey,32,16,lower,-83,83
monkey,32,16,midpoint,-20,20
monkey,32,16,upper,43,43
monkey,32,16,lower,-42,42
monkey,32,16,midpoint,21,21
monkey,32,16,upper,84,84
monkey,32,16,lower,-69,69
monkey,32,16,midpoint,-6,6
monkey,32,16,upper,57,57
monkey,32,16,lower,-83,83
monkey,32,16,midpoint,-19,19
monkey,32,16,upper,44,44
monkey,32,16,lower,-114,114
monkey,32,16,midpoint,-50,50
monkey,32,16,upper,13,13
monkey,32,16,lower,-4,4
monkey,32,16,midpoint,60,60
monkey,32,16,upper,123,123
monkey,32,16,lower,-67,67
monkey,32,16,midpoint,-3,3
monkey,32,16,upper,60,60
monkey,32,16,lower,-88,88
monkey,32,16,midpoint,-25,25
monkey,32,16,upper,38,38
monkey,32,16,lower,-90,90
monkey,32,16,midpoint,-27,27
monkey,32,16,upper,36,36
monkey,32,16,lower,-48,48
monkey,32,16,midpoint,15,15
monkey,32,16,upper,78,78
monkey,32,16,lower,-53,53
monkey,32,16,midpoint,10,10
monkey,32,16,upper,73,73
monkey,32,16,lower,-61,61
monkey,32,16,midpoint,2,2
monkey,32,16,upper,65,65
monkey,32,16,lower,-58,58
monkey,32,16,midpoint,5,5
monkey,32,16,upper,68,68
monkey,32,16,lower,-76,76
monkey,32,16,midpoint,-13,13
monkey,32,16,upper,50,50
monkey,32,16,lower,-98,98
monkey,32,16,midpoint,-35,35
monkey,32,16,upper,28,28
monkey,32,16,lower,-39,39
monkey,32,16,midpoint,25,25
monkey,32,16,upper,88,88
monkey,32,16,lower,-19,19
monkey,32,16,midpoint,45,45
monkey,32,16,upper,108,108
monkey,32,16,lower,-59,59
monkey,32,16,midpoint,5,5
monkey,32,16,upper,68,68
monkey,32,16,lower,-35,35
monkey,32,16,midpoint,29,29
monkey,32,16,upper,92,92
monkey,32,16,lower,-29,29
monkey,32,16,midpoint,35,35
monkey,32,16,upper,98,98
monkey,32,16,lower,-8,8
monkey,32,16,midpoint,56,56
monkey,32,16,upper,119,119
monkey,32,16,lower,-19,19
monkey,32,16,midpoint,45,45
monkey,32,16,upper,108,108
monkey,32,16,lower,-42,42
monkey,32,16,midpoint,22,22
monkey,32,16,upper,85,85
monkey,32,16,lower,-68,68
monkey,32,16,midpoint,-4,4
monkey,32,16,upper,59,59
monkey,32,16,lower,-118,118
monkey,32,16,midpoint,-54,54
monkey,32,16,upper,9,9
monkey,32,16,lower,-107,107
monkey,32,16,midpoint,-43,43
monkey,32,16,upper,20,20
monkey,32,16,lower,-113,113
monkey,32,16,midpoint,-50,50
monkey,32,16,upper,13,13
monkey,32,16,lower,-103,103
monkey,32,16,midpoint,-40,40
monkey,32,16,upper,23,23
monkey,32,16,lower,-75,75
monkey,32,16,midpoint,-12,12
monkey,32,16,upper,51,51
monkey,32,16,lower,-49,49
monkey,32,16,midpoint,14,14
monkey,32,16,upper,77,77
monkey,32,16,lower,-44,44
monkey,32,16,midpoint,19,19
monkey,32,16,upper,82,82
monkey,32,16,lower,-73,73
monkey,32,16,midpoint,-10,10
monkey,32,16,upper,53,53
monkey,32,16,lower,-42,42
monkey,32,16,midpoint,21,21
monkey,32,16,upper,84,84
monkey,32,16,lower,-49,49
monkey,32,16,midpoint,14,14
monkey,32,16,upper,77,77
monkey,32,16,lower,-69,69
monkey,32,16,midpoint,-6,6
monkey,32,16,upper,57,57
monkey,32,16,lower,-12,12
monkey,32,16,midpoint,52,52
monkey,32,16,upper,115,115
monkey,32,16,lower,-31,31
monkey,32,16,midpoint,33,33
monkey,32,16,upper,96,96
monkey,32,16,lower,-62,62
monkey,32,16,midpoint,1,1
monkey,32,16,upper,64,64
monkey,32,16,lower,-86,86
monkey,32,16,midpoint,-23,23
monkey,32,16,upper,40,40
monkey,32,16,lower,-116,116
monkey,32,16,midpoint,-53,53
monkey,32,16,upper,10,10
monkey,32,16,lower,-115,115
monkey,32,16,midpoint,-52,52
monkey,32,16,upper,11,11
monkey,32,16,lower,-102,102
monkey,32,16,midpoint,-39,39
monkey,32,16,upper,24,24
monkey,32,16,lower,-21,21
monkey,32,16,midpoint,43,43
monkey,32,16,upper,106,106
monkey,32,16,lower,-52,52
monkey,32,16,midpoint,12,12
monkey,32,16,upper,75,75
monkey,32,16,lower,-19,19
monkey,32,16,midpoint,45,45
monkey,32,16,upper,108,108
monkey,32,16,lower,-101,101
monkey,32,16,midpoint,-38,38
monkey,32,16,upper,25,25
monkey,32,16,lower,-103,103
monkey,32,16,midpoint,-40,40
monkey,32,16,upper,23,23
monkey,32,16,lower,-77,77
monkey,32,16,midpoint,-14,14
monkey,32,16,upper,49,49
monkey,32,16,lower,-62,62
monkey,32,16,midpoint,1,1
monkey,32,16,upper,64,64
monkey,32,16,lower,-77,77
monkey,32,16,midpoint,-14,14
monkey,32,16,upper,49,49
monkey,32,16,lower,-58,58
monkey,32,16,midpoint,5,5
monkey,32,16,upper,68,68
monkey,32,32,lower,-34,34
monkey,32,32,midpoint,-2,2
monkey,32,32,upper,29,29
monkey,32,32,lower,-27,27
monkey,32,32,midpoint,5,5
monkey,32,32,upper,36,36
monkey,32,32,lower,-25,25
monkey,32,32,midpoint,7,7
monkey,32,32,upper,38,38
monkey,32,32,lower,-32,32
monkey,32,32,midpoint,0,0
monkey,32,32,upper,31,31
monkey,32,32,lower,-38,38
monkey,32,32,midpoint,-6,6
monkey,32,32,upper,25,25
monkey,32,32,lower,-2,2
monkey,32,32,midpoint,30,30
monkey,32,32,upper,61,61
monkey,32,32,lower,-38,38
monkey,32,32,midpoint,-6,6
monkey,32,32,upper,25,25
monkey,32,32,lower,-18,18
monkey,32,32,midpoint,14,14
monkey,32,32,upper,45,45
monkey,32,32,lower,-1,1
monkey,32,32,midpoint,31,31
monkey,32,32,upper,62,62
monkey,32,32,lower,-17,17
monkey,32,32,midpoint,15,15
monkey,32,32,upper,46,46
monkey,32,32,lower,-1,1
monkey,32,32,midpoint,31,31
monkey,32,32,upper,62,62
monkey,32,32,lower,-9,9
monkey,32,32,midpoint,23,23
monkey,32,32,upper,54,54
monkey,32,32,lower,-5,5
monkey,32,32,midpoint,27,27
monkey,32,32,upper,58,58
monkey,32,32,lower,-18,18
monkey,32,32,midpoint,14,14
monkey,32,32,upper,45,45
monkey,32,32,lower,-62,62
monkey,32,32,midpoint,-30,30
monkey,32,32,upper,1,1
monkey,32,32,lower,-41,41
monkey,32,32,midpoint,-9,9
monkey,32,32,upper,22,22
monkey,32,32,lower,-63,63
monkey,32,32,midpoint,-31,31
monkey,32,32,upper,0,0
monkey,32,32,lower,-33,33
monkey,32,32,midpoint,-1,1
monkey,32,32,upper,30,30
monkey,32,32,lower,-57,57
monkey,32,32,midpoint,-25,25
monkey,32,32,upper,6,6
monkey,32,32,lower,-41,41
monkey,32,32,midpoint,-9,9
monkey,32,32,upper,22,22
monkey,32,32,lower,-32,32
monkey,32,32,midpoint,0,0
monkey,32,32,upper,31,31
monkey,32,32,lower,-28,28
monkey,32,32,midpoint,4,4
monkey,32,32,upper,35,35
monkey,32,32,lower,-57,57
monkey,32,32,midpoint,-25,25
monkey,32,32,upper,6,6
monkey,32,32,lower,-60,60
monkey,32,32,midpoint,-28,28
monkey,32,32,upper,3,3
monkey,32,32,lower,-34,34
monkey,32,32,midpoint,-2,2
monkey,32,32,upper,29,29
monkey,32,32,lower,-57,57
monkey,32,32,midpoint,-25,25
monkey,32,32,upper,6,6
monkey,32,32,lower,-22,22
monkey,32,32,midpoint,10,10
monkey,32,32,upper,41,41
monkey,32,32,lower,-13,13
monkey,32,32,midpoint,19,19
monkey,32,32,upper,50,50
monkey,32,32,lower,-51,51
monkey,32,32,midpoint,-19,19
monkey,32,32,upper,12,12
monkey,32,32,lower,-22,22
monkey,32,32,midpoint,10,10
monkey,32,32,upper,41,41
monkey,32,32,lower,-25,25
monkey,32,32,midpoint,7,7
monkey,32,32,upper,38,38
monkey,32,32,lower,-26,26
monkey,32,32,midpoint,6,6
monkey,32,32,upper,37,37
monkey,32,32,lower,-5,5
monkey,32,32,midpoint,27,27
monkey,32,32,upper,58,58
monkey,32,32,lower,-31,31
monkey,32,32,midpoint,1,1
monkey,32,32,upper,32,32
monkey,32,32,lower,-17,17
monkey,32,32,midpoint,15,15
monkey,32,32,upper,46,46
monkey,32,32,lower,-61,61
monkey,32,32,midpoint,-29,29
monkey,32,32,upper,2,2
monkey,32,32,lower,-13,13
monkey,32,32,midpoint,19,19
monkey,32,32,upper,50,50
monkey,32,32,lower,0,0
monkey,32,32,midpoint,32,32
monkey,32,32,upper,63,63
monkey,32,32,lower,-54,54
monkey,32,32,midpoint,-22,22
monkey,32,32,upper,9,9
monkey,32,32,lower,-26,26
monkey,32,32,midpoint,6,6
monkey,32,32,upper,37,37
monkey,32,32,lower,-24,24
monkey,32,32,midpoint,8,8
monkey,32,32,upper,39,39
monkey,32,32,lower,-26,26
monkey,32,32,midpoint,6,6
monkey,32,32,upper,37,37
monkey,32,32,lower,-46,46
monkey,32,32,midpoint,-14,14
monkey,32,32,upper,17,17
monkey,32,32,lower,-50,50
monkey,32,32,midpoint,-18,18
monkey,32,32,upper,13,13
monkey,32,32,lower,-45,45
monkey,32,32,midpoint,-13,13
monkey,32,32,upper,18,18
monkey,32,32,lower,-3,3
monkey,32,32,midpoint,29,29
monkey,32,32,upper,60,60
monkey,32,32,lower,-28,28
monkey,32,32,midpoint,4,4
monkey,32,32,upper,35,35
monkey,32,32,lower,-42,42
monkey,32,32,midpoint,-10,10
monkey,32,32,upper,21,21
monkey,32,32,lower,-42,42
monkey,32,32,midpoint,-10,10
monkey,32,32,upper,21,21
monkey,32,32,lower,-29,29
monkey,32,32,midpoint,3,3
monkey,32,32,upper,34,34
monkey,32,32,lower,-16,16
monkey,32,32,midpoint,16,16
monkey,32,32,upper,47,47
monkey,32,32,lower,-38,38
monkey,32,32,midpoint,-6,6
monkey,32,32,upper,25,25
monkey,32,32,lower,-30,30
monkey,32,32,midpoint,2,2
monkey,32,32,upper,33,33
monkey,32,32,lower,-36,36
monkey,32,32,midpoint,-4,4
monkey,32,32,upper,27,27
monkey,32,32,lower,-41,41
monkey,32,32,midpoint,-9,9
monkey,32,32,upper,22,22
monkey,32,32,lower,-63,63
monkey,32,32,midpoint,-31,31
monkey,32,32,upper,0,0
monkey,32,32,lower,-56,56
monkey,32,32,midpoint,-24,24
monkey,32,32,upper,7,7
monkey,32,32,lower,-17,17
monkey,32,32,midpoint,15,15
monkey,32,32,upper,46,46
monkey,32,32,lower,-51,51
monkey,32,32,midpoint,-19,19
monkey,32,32,upper,12,12
monkey,32,32,lower,-10,10
monkey,32,32,midpoint,22,22
monkey,32,32,upper,53,53
monkey,32,32,lower,-29,29
monkey,32,32,midpoint,3,3
monkey,32,32,upper,34,34
monkey,32,32,lower,-58,58
monkey,32,32,midpoint,-26,26
monkey,32,32,upper,5,5
monkey,32,32,lower,-63,63
monkey,32,32,midpoint,-31,31
monkey,32,32,upper,0,0
monkey,32,32,lower,-57,57
monkey,32,32,midpoint,-25,25
monkey,32,32,upper,6,6
monkey,32,32,lower,-42,42
monkey,32,32,midpoint,-10,10
monkey,32,32,upper,21,21
monkey,32,32,lower,-22,22
monkey,32,32,midpoint,10,10
monkey,32,32,upper,41,41
monkey,32,32,lower,-43,43
monkey,32,32,midpoint,-11,11
monkey,32,32,upper,20,20
monkey,32,32,lower,-25,25
monkey,32,32,midpoint,7,7
monkey,32,32,upper,38,38
monkey,32,32,lower,-41,41
monkey,32,32,midpoint,-9,9
monkey,32,32,upper,22,22
monkey,32,32,lower,-28,28
monkey,32,32,midpoint,4,4
monkey,32,32,upper,35,35
monkey,32,32,lower,-58,58
monkey,32,32,midpoint,-26,26
monkey,32,32,upper,5,5
monkey,32,32,lower,-58,58
monkey,32,32,midpoint,-26,26
monkey,32,32,upper,5,5
monkey,32,32,lower,-19,19
monkey,32,32,midpoint,13,13
monkey,32,32,upper,44,44
monkey,32,32,lower,-51,51
monkey,32,32,midpoint,-19,19
monkey,32,32,upper,12,12
monkey,32,32,lower,-59,59
monkey,32,32,midpoint,-27,27
monkey,32,32,upper,4,4
monkey,32,32,lower,-43,43
monkey,32,32,midpoint,-11,11
monkey,32,32,upper,20,20
monkey,32,32,lower,-53,53
monkey,32,32,midpoint,-21,21
monkey,32,32,upper,10,10
monkey,32,32,lower,-5,5
monkey,32,32,midpoint,27,27
monkey,32,32,upper,58,58
monkey,32,32,lower,-25,25
monkey,32,32,midpoint,7,7
monkey,32,32,upper,38,38
monkey,32,32,lower,-2,2
monkey,32,32,midpoint,30,30
monkey,32,32,upper,61,61
monkey,32,32,lower,-17,17
monkey,32,32,midpoint,15,15
monkey,32,32,upper,46,46
monkey,32,32,lower,-52,52
monkey,32,32,midpoint,-20,20
monkey,32,32,upper,11,11
monkey,32,32,lower,-3,3
monkey,32,32,midpoint,29,29
monkey,32,32,upper,60,60
monkey,32,32,lower,-46,46
monkey,32,32,midpoint,-14,14
monkey,32,32,upper,17,17
monkey,32,32,lower,-42,42
monkey,32,32,midpoint,-10,10
monkey,32,32,upper,21,21
monkey,32,32,lower,-7,7
monkey,32,32,midpoint,25,25
monkey,32,32,upper,56,56
monkey,32,32,lower,-36,36
monkey,32,32,midpoint,-4,4
monkey,32,32,upper,27,27
monkey,32,32,lower,-31,31
monkey,32,32,midpoint,0,0
monkey,32,32,upper,31,31
monkey,32,32,lower,-50,50
monkey,32,32,midpoint,-18,18
monkey,32,32,upper,13,13
monkey,32,32,lower,-54,54
monkey,32,32,midpoint,-23,23
monkey,32,32,upper,8,8
monkey,32,32,lower,-44,44
monkey,32,32,midpoint,-13,13
monkey,32,32,upper,18,18
monkey,32,32,lower,-16,16
monkey,32,32,midpoint,16,16
monkey,32,32,upper,47,47
monkey,32,32,lower,-38,38
monkey,32,32,midpoint,-7,7
monkey,32,32,upper,24,24
monkey,32,32,lower,-59,59
monkey,32,32,midpoint,-28,28
monkey,32,32,upper,3,3
monkey,32,32,lower,-37,37
monkey,32,32,midpoint,-5,5
monkey,32,32,upper,26,26
monkey,32,32,lower,-4,4
monkey,32,32,midpoint,28,28
monkey,32,32,upper,59,59
monkey,32,32,lower,-26,26
monkey,32,32,midpoint,6,6
monkey,32,32,upper,37,37
monkey,32,32,lower,-4,4
monkey,32,32,midpoint,28,28
monkey,32,32,upper,59,59
monkey,32,32,lower,-30,30
monkey,32,32,midpoint,2,2
monkey,32,32,upper,33,33
monkey,32,32,lower,-43,43
monkey,32,32,midpoint,-11,11
monkey,32,32,upper,20,20
monkey,32,32,lower,-33,33
monkey,32,32,midpoint,-1,1
monkey,32,32,upper,30,30
monkey,32,32,lower,-51,51
monkey,32,32,midpoint,-19,19
monkey,32,32,upper,12,12
monkey,32,32,lower,-61,61
monkey,32,32,midpoint,-29,29
monkey,32,32,upper,2,2
monkey,32,32,lower,-33,33
monkey,32,32,midpoint,-1,1
monkey,32,32,upper,30,30
monkey,32,32,lower,-44,44
monkey,32,32,midpoint,-12,12
monkey,32,32,upper,19,19
monkey,32,32,lower,-13,13
monkey,32,32,midpoint,19,19
monkey,32,32,upper,50,50
monkey,32,32,lower,-31,31
monkey,32,32,midpoint,0,0
monkey,32,32,upper,31,31
monkey,32,32,lower,-28,28
monkey,32,32,midpoint,3,3
monkey,32,32,upper,34,34
monkey,32,32,lower,-49,49
monkey,32,32,midpoint,-18,18
monkey,32,32,upper,13,13
monkey,32,32,lower,-41,41
monkey,32,32,midpoint,-10,10
monkey,32,32,upper,21,21
monkey,32,32,lower,-42,42
monkey,32,32,midpoint,-11,11
monkey,32,32,upper,20,20
monkey,32,32,lower,-17,17
monkey,32,32,midpoint,15,15
monkey,32,32,upper,46,46
monkey,32,32,lower,-31,31
monkey,32,32,midpoint,0,0
monkey,32,32,upper,31,31
monkey,32,32,lower,-33,33
monkey,32,32,midpoint,-2,2
monkey,32,32,upper,29,29
monkey,32,32,lower,-6,6
monkey,32,32,midpoint,26,26
monkey,32,32,upper,57,57
monkey,32,32,lower,-10,10
monkey,32,32,midpoint,22,22
monkey,32,32,upper,53,53
monkey,32,32,lower,-3,3
monkey,32,32,midpoint,29,29
monkey,32,32,upper,60,60
monkey,32,32,lower,-12,12
monkey,32,32,midpoint,20,20
monkey,32,32,upper,51,51
monkey,32,32,lower,-22,22
monkey,32,32,midpoint,10,10
monkey,32,32,upper,41,41
monkey,32,32,lower,-24,24
monkey,32,32,midpoint,8,8
monkey,32,32,upper,39,39
monkey,32,32,lower,-46,46
monkey,32,32,midpoint,-14,14
monkey,32,32,upper,17,17
monkey,32,32,lower,-51,51
monkey,32,32,midpoint,-19,19
monkey,32,32,upper,12,12
monkey,32,32,lower,-37,37
monkey,32,32,midpoint,-5,5
monkey,32,32,upper,26,26
monkey,32,32,lower,-54,54
monkey,32,32,midpoint,-22,22
monkey,32,32,upper,9,9
monkey,32,32,lower,-43,43
monkey,32,32,midpoint,-11,11
monkey,32,32,upper,20,20
monkey,32,32,lower,-46,46
monkey,32,32,midpoint,-14,14
monkey,32,32,upper,17,17
monkey,32,32,lower,-21,21
monkey,32,32,midpoint,11,11
monkey,32,32,upper,42,42
monkey,32,32,lower,-34,34
monkey,32,32,midpoint,-3,3
monkey,32,32,upper,28,28
monkey,32,32,lower,-3,3
monkey,32,32,midpoint,29,29
monkey,32,32,upper,60,60
monkey,32,32,lower,0,0
monkey,32,32,midpoint,32,32
monkey,32,32,upper,63,63
monkey,32,32,lower,-45,45
monkey,32,32,midpoint,-14,14
monkey,32,32,upper,17,17
monkey,32,32,lower,-5,5
monkey,32,32,midpoint,27,27
monkey,32,32,upper,58,58
monkey,32,32,lower,-40,40
monkey,32,32,midpoint,-9,9
monkey,32,32,upper,22,22
monkey,32,32,lower,-4,4
monkey,32,32,midpoint,28,28
monkey,32,32,upper,59,59
monkey,32,32,lower,-16,16
monkey,32,32,midpoint,16,16
monkey,32,32,upper,47,47
monkey,32,32,lower,-13,13
monkey,32,32,midpoint,19,19
monkey,32,32,upper,50,50
monkey,32,32,lower,-33,33
monkey,32,32,midpoint,-1,1
monkey,32,32,upper,30,30
monkey,32,32,lower,-13,13
monkey,32,32,midpoint,19,19
monkey,32,32,upper,50,50
monkey,32,32,lower,-16,16
monkey,32,32,midpoint,16,16
monkey,32,32,upper,47,47
monkey,32,32,lower,-52,52
monkey,32,32,midpoint,-20,20
monkey,32,32,upper,11,11
monkey,32,32,lower,-1,1
monkey,32,32,midpoint,31,31
monkey,32,32,upper,62,62
monkey,32,32,lower,-6,6
monkey,32,32,midpoint,26,26
monkey,32,32,upper,57,57
monkey,32,32,lower,-20,20
monkey,32,32,midpoint,12,12
monkey,32,32,upper,43,43
monkey,32,32,lower,-24,24
monkey,32,32,midpoint,8,8
monkey,32,32,upper,39,39
monkey,32,32,lower,-61,61
monkey,32,32,midpoint,-29,29
monkey,32,32,upper,2,2
monkey,32,32,lower,-12,12
monkey,32,32,midpoint,20,20
monkey,32,32,upper,51,51
monkey,32,32,lower,-52,52
monkey,32,32,midpoint,-21,21
monkey,32,32,upper,10,10
monkey,32,32,lower,-47,47
monkey,32,32,midpoint,-16,16
monkey,32,32,upper,15,15
monkey,32,32,lower,-39,39
monkey,32,32,midpoint,-8,8
monkey,32,32,upper,23,23
monkey,32,32,lower,-14,14
monkey,32,32,midpoint,18,18
monkey,32,32,upper,49,49
monkey,32,32,lower,-5,5
monkey,32,32,midpoint,27,27
monkey,32,32,upper,58,58
monkey,32,32,lower,-1,1
monkey,32,32,midpoint,31,31
monkey,32,32,upper,62,62
monkey,32,32,lower,-50,50
monkey,32,32,midpoint,-19,19
monkey,32,32,upper,12,12
monkey,32,32,lower,-3,3
monkey,32,32,midpoint,29,29
monkey,32,32,upper,60,60
monkey,32,32,lower,-41,41
monkey,32,32,midpoint,-9,9
monkey,32,32,upper,22,22
monkey,32,32,lower,-63,63
monkey,32,32,midpoint,-31,31
monkey,32,32,upper,0,0
monkey,32,32,lower,-60,60
monkey,32,32,midpoint,-28,28
monkey,32,32,upper,3,3
monkey,32,32,lower,-63,63
monkey,32,32,midpoint,-31,31
monkey,32,32,upper,0,0
monkey,32,32,lower,-50,50
monkey,32,32,midpoint,-18,18
monkey,32,32,upper,13,13
monkey,32,32,lower,-33,33
monkey,32,32,midpoint,-1,1
monkey,32,32,upper,30,30
monkey,32,32,lower,-18,18
monkey,32,32,midpoint,14,14
monkey,32,32,upper,45,45
monkey,32,32,lower,-32,32
monkey,32,32,midpoint,0,0
monkey,32,32,upper,31,31
monkey,32,32,lower,-32,32
monkey,32,32,midpoint,0,0
monkey,32,32,upper,31,31
monkey,32,32,lower,-43,43
monkey,32,32,midpoint,-11,11
monkey,32,32,upper,20,20
monkey,32,32,lower,-47,47
monkey,32,32,midpoint,-15,15
monkey,32,32,upper,16,16
monkey,32,32,lower,-58,58
monkey,32,32,midpoint,-26,26
monkey,32,32,upper,5,5
monkey,32,32,lower,-39,39
monkey,32,32,midpoint,-7,7
monkey,32,32,upper,24,24
monkey,32,32,lower,-13,13
monkey,32,32,midpoint,19,19
monkey,32,32,upper,50,50
monkey,32,32,lower,-16,16
monkey,32,32,midpoint,16,16
monkey,32,32,upper,47,47
monkey,32,32,lower,-12,12
monkey,32,32,midpoint,20,20
monkey,32,32,upper,51,51
monkey,32,32,lower,-60,60
monkey,32,32,midpoint,-29,29
monkey,32,32,upper,2,2
monkey,32,32,lower,-50,50
monkey,32,32,midpoint,-18,18
monkey,32,32,upper,13,13
monkey,32,32,lower,-20,20
monkey,32,32,midpoint,12,12
monkey,32,32,upper,43,43
monkey,32,32,lower,-56,56
monkey,32,32,midpoint,-24,24
monkey,32,32,upper,7,7
monkey,32,32,lower,-11,11
monkey,32,32,midpoint,21,21
monkey,32,32,upper,52,52
monkey,32,32,lower,-52,52
monkey,32,32,midpoint,-20,20
monkey,32,32,upper,11,11
monkey,32,32,lower,-4,4
monkey,32,32,midpoint,28,28
monkey,32,32,upper,59,59
monkey,32,32,lower,-50,50
monkey,32,32,midpoint,-18,18
monkey,32,32,upper,13,13
monkey,32,32,lower,-17,17
monkey,32,32,midpoint,15,15
monkey,32,32,upper,46,46
monkey,32,32,lower,-57,57
monkey,32,32,midpoint,-26,26
monkey,32,32,upper,5,5
monkey,32,32,lower,-4,4
monkey,32,32,midpoint,28,28
monkey,32,32,upper,59,59
monkey,32,32,lower,-22,22
monkey,32,32,midpoint,10,10
monkey,32,32,upper,41,41
monkey,32,32,lower,-6,6
monkey,32,32,midpoint,26,26
monkey,32,32,upper,57,57
monkey,32,32,lower,-8,8
monkey,32,32,midpoint,24,24
monkey,32,32,upper,55,55
monkey,32,32,lower,-36,36
monkey,32,32,midpoint,-4,4
monkey,32,32,upper,27,27
monkey,32,32,lower,-51,51
monkey,32,32,midpoint,-19,19
monkey,32,32,upper,12,12
monkey,32,32,lower,-42,42
monkey,32,32,midpoint,-10,10
monkey,32,32,upper,21,21
monkey,32,32,lower,-51,51
monkey,32,32,midpoint,-19,19
monkey,32,32,upper,12,12
monkey,32,32,lower,-22,22
monkey,32,32,midpoint,10,10
monkey,32,32,upper,41,41
monkey,32,32,lower,-46,46
monkey,32,32,midpoint,-15,15
monkey,32,32,upper,16,16
monkey,32,32,lower,-41,41
monkey,32,32,midpoint,-10,10
monkey,32,32,upper,21,21
monkey,32,32,lower,-50,50
monkey,32,32,midpoint,-18,18
monkey,32,32,upper,13,13
monkey,32,32,lower,-27,27
monkey,32,32,midpoint,5,5
monkey,32,32,upper,36,36
monkey,32,32,lower,-59,59
monkey,32,32,midpoint,-27,27
monkey,32,32,upper,4,4
monkey,32,32,lower,-11,11
monkey,32,32,midpoint,21,21
monkey,32,32,upper,52,52
monkey,32,32,lower,-2,2
monkey,32,32,midpoint,30,30
monkey,32,32,upper,61,61
monkey,32,32,lower,-18,18
monkey,32,32,midpoint,14,14
monkey,32,32,upper,45,45
monkey,32,32,lower,-42,42
monkey,32,32,midpoint,-10,10
monkey,32,32,upper,21,21
monkey,32,32,lower,-17,17
monkey,32,32,midpoint,15,15
monkey,32,32,upper,46,46
monkey,32,32,lower,-62,62
monkey,32,32,midpoint,-31,31
monkey,32,32,upper,0,0
monkey,32,32,lower,-44,44
monkey,32,32,midpoint,-13,13
monkey,32,32,upper,18,18
monkey,32,32,lower,-51,51
monkey,32,32,midpoint,-20,20
monkey,32,32,upper,11,11
monkey,32,32,lower,-40,40
monkey,32,32,midpoint,-8,8
monkey,32,32,upper,23,23
monkey,32,32,lower,-23,23
monkey,32,32,midpoint,9,9
monkey,32,32,upper,40,40
monkey,32,32,lower,-54,54
monkey,32,32,midpoint,-22,22
monkey,32,32,upper,9,9
monkey,32,32,lower,-17,17
monkey,32,32,midpoint,15,15
monkey,32,32,upper,46,46
monkey,32,32,lower,-47,47
monkey,32,32,midpoint,-15,15
monkey,32,32,upper,16,16
monkey,32,32,lower,-60,60
monkey,32,32,midpoint,-28,28
monkey,32,32,upper,3,3
monkey,32,32,lower,-44,44
monkey,32,32,midpoint,-13,13
monkey,32,32,upper,18,18
monkey,32,32,lower,-40,40
monkey,32,32,midpoint,-9,9
monkey,32,32,upper,22,22
monkey,32,32,lower,-51,51
monkey,32,32,midpoint,-20,20
monkey,32,32,upper,11,11
monkey,32,32,lower,-52,52
monkey,32,32,midpoint,-20,20
monkey,32,32,upper,11,11
monkey,32,32,lower,-60,60
monkey,32,32,midpoint,-28,28
monkey,32,32,upper,3,3
monkey,32,32,lower,-2,2
monkey,32,32,midpoint,30,30
monkey,32,32,upper,61,61
monkey,32,32,lower,-56,56
monkey,32,32,midpoint,-24,24
monkey,32,32,upper,7,7
monkey,32,32,lower,-42,42
monkey,32,32,midpoint,-10,10
monkey,32,32,upper,21,21
monkey,32,32,lower,-54,54
monkey,32,32,midpoint,-22,22
monkey,32,32,upper,9,9
monkey,32,32,lower,-35,35
monkey,32,32,midpoint,-3,3
monkey,32,32,upper,28,28
monkey,32,32,lower,-2,2
monkey,32,32,midpoint,30,30
monkey,32,32,upper,61,61
monkey,32,32,lower,-44,44
monkey,32,32,midpoint,-13,13
monkey,32,32,upper,18,18
monkey,32,32,lower,-41,41
monkey,32,32,midpoint,-10,10
monkey,32,32,upper,21,21
monkey,32,32,lower,-55,55
monkey,32,32,midpoint,-24,24
monkey,32,32,upper,7,7
monkey,32,32,lower,-18,18
monkey,32,32,midpoint,14,14
monkey,32,32,upper,45,45
monkey,32,32,lower,-30,30
monkey,32,32,midpoint,2,2
monkey,32,32,upper,33,33
monkey,32,32,lower,-10,10
monkey,32,32,midpoint,22,22
monkey,32,32,upper,53,53
monkey,32,32,lower,-52,52
monkey,32,32,midpoint,-20,20
monkey,32,32,upper,11,11
monkey,32,32,lower,-5,5
monkey,32,32,midpoint,27,27
monkey,32,32,upper,58,58
monkey,32,32,lower,-1,1
monkey,32,32,midpoint,31,31
monkey,32,32,upper,62,62
monkey,32,32,lower,-45,45
monkey,32,32,midpoint,-13,13
monkey,32,32,upper,18,18
monkey,32,32,lower,-59,59
monkey,32,32,midpoint,-28,28
monkey,32,32,upper,3,3
monkey,32,32,lower,-41,41
monkey,32,32,midpoint,-9,9
monkey,32,32,upper,22,22
monkey,32,32,lower,-46,46
monkey,32,32,midpoint,-15,15
monkey,32,32,upper,16,16
monkey,32,32,lower,-34,34
monkey,32,32,midpoint,-3,3
monkey,32,32,upper,28,28
monkey,32,32,lower,0,0
monkey,32,32,midpoint,32,32
monkey,32,32,upper,63,63
monkey,32,32,lower,-44,44
monkey,32,32,midpoint,-12,12
monkey,32,32,upper,19,19
monkey,32,32,lower,-42,42
monkey,32,32,midpoint,-10,10
monkey,32,32,upper,21,21
monkey,32,32,lower,-32,32
monkey,32,32,midpoint,0,0
monkey,32,32,upper,31,31
monkey,32,32,lower,-49,49
monkey,32,32,midpoint,-17,17
monkey,32,32,upper,14,14
monkey,32,32,lower,-56,56
monkey,32,32,midpoint,-24,24
monkey,32,32,upper,7,7
monkey,32,32,lower,-43,43
monkey,32,32,midpoint,-12,12
monkey,32,32,upper,19,19
monkey,32,32,lower,-43,43
monkey,32,32,midpoint,-12,12
monkey,32,32,upper,19,19
monkey,32,32,lower,-45,45
monkey,32,32,midpoint,-14,14
monkey,32,32,upper,17,17
monkey,32,32,lower,-33,33
monkey,32,32,midpoint,-1,1
monkey,32,32,upper,30,30
monkey,32,32,lower,-22,22
monkey,32,32,midpoint,10,10
monkey,32,32,upper,41,41
monkey,32,32,lower,-23,23
monkey,32,32,midpoint,9,9
monkey,32,32,upper,40,40
monkey,32,32,lower,-5,5
monkey,32,32,midpoint,27,27
monkey,32,32,upper,58,58
monkey,32,32,lower,-58,58
monkey,32,32,midpoint,-26,26
monkey,32,32,upper,5,5
monkey,32,32,lower,-1,1
monkey,32,32,midpoint,31,31
monkey,32,32,upper,62,62
monkey,32,32,lower,-20,20
monkey,32,32,midpoint,12,12
monkey,32,32,upper,43,43
monkey,32,32,lower,-20,20
monkey,32,32,midpoint,12,12
monkey,32,32,upper,43,43
monkey,32,32,lower,-42,42
monkey,32,32,midpoint,-11,11
monkey,32,32,upper,20,20
monkey,32,32,lower,-6,6
monkey,32,32,midpoint,26,26
monkey,32,32,upper,57,57
monkey,32,32,lower,-19,19
monkey,32,32,midpoint,13,13
monkey,32,32,upper,44,44
monkey,32,32,lower,-50,50
monkey,32,32,midpoint,-18,18
monkey,32,32,upper,13,13
monkey,32,32,lower,-4,4
monkey,32,32,midpoint,28,28
monkey,32,32,upper,59,59
monkey,32,32,lower,-3,3
monkey,32,32,midpoint,29,29
monkey,32,32,upper,60,60
monkey,32,32,lower,-25,25
monkey,32,32,midpoint,7,7
monkey,32,32,upper,38,38
monkey,32,32,lower,-27,27
monkey,32,32,midpoint,5,5
monkey,32,32,upper,36,36
monkey,32,32,lower,-48,48
monkey,32,32,midpoint,-17,17
monkey,32,32,upper,14,14
monkey,32,32,lower,-53,53
monkey,32,32,midpoint,-22,22
monkey,32,32,upper,9,9
monkey,32,32,lower,-61,61
monkey,32,32,midpoint,-30,30
monkey,32,32,upper,1,1
monkey,32,32,lower,-58,58
monkey,32,32,midpoint,-27,27
monkey,32,32,upper,4,4
monkey,32,32,lower,-13,13
monkey,32,32,midpoint,19,19
monkey,32,32,upper,50,50
monkey,32,32,lower,-35,35
monkey,32,32,midpoint,-3,3
monkey,32,32,upper,28,28
monkey,32,32,lower,-39,39
monkey,32,32,midpoint,-7,7
monkey,32,32,upper,24,24
monkey,32,32,lower,-19,19
monkey,32,32,midpoint,13,13
monkey,32,32,upper,44,44
monkey,32,32,lower,-59,59
monkey,32,32,midpoint,-27,27
monkey,32,32,upper,4,4
monkey,32,32,lower,-35,35
monkey,32,32,midpoint,-3,3
monkey,32,32,upper,28,28
monkey,32,32,lower,-29,29
monkey,32,32,midpoint,3,3
monkey,32,32,upper,34,34
monkey,32,32,lower,-8,8
monkey,32,32,midpoint,24,24
monkey,32,32,upper,55,55
monkey,32,32,lower,-19,19
monkey,32,32,midpoint,13,13
monkey,32,32,upper,44,44
monkey,32,32,lower,-42,42
monkey,32,32,midpoint,-10,10
monkey,32,32,upper,21,21
monkey,32,32,lower,-4,4
monkey,32,32,midpoint,28,28
monkey,32,32,upper,59,59
monkey,32,32,lower,-54,54
monkey,32,32,midpoint,-22,22
monkey,32,32,upper,9,9
monkey,32,32,lower,-43,43
monkey,32,32,midpoint,-11,11
monkey,32,32,upper,20,20
monkey,32,32,lower,-50,50
monkey,32,32,midpoint,-18,18
monkey,32,32,upper,13,13
monkey,32,32,lower,-40,40
monkey,32,32,midpoint,-8,8
monkey,32,32,upper,23,23
monkey,32,32,lower,-12,12
monkey,32,32,midpoint,20,20
monkey,32,32,upper,51,51
monkey,32,32,lower,-49,49
monkey,32,32,midpoint,-18,18
monkey,32,32,upper,13,13
monkey,32,32,lower,-44,44
monkey,32,32,midpoint,-13,13
monkey,32,32,upper,18,18
monkey,32,32,lower,-10,10
monkey,32,32,midpoint,22,22
monkey,32,32,upper,53,53
monkey,32,32,lower,-42,42
monkey,32,32,midpoint,-11,11
monkey,32,32,upper,20,20
monkey,32,32,lower,-49,49
monkey,32,32,midpoint,-18,18
monkey,32,32,upper,13,13
monkey,32,32,lower,-6,6
monkey,32,32,midpoint,26,26
monkey,32,32,upper,57,57
monkey,32,32,lower,-12,12
monkey,32,32,midpoint,20,20
monkey,32,32,upper,51,51
monkey,32,32,lower,-31,31
monkey,32,32,midpoint,1,1
monkey,32,32,upper,32,32
monkey,32,32,lower,-62,62
monkey,32,32,midpoint,-31,31
monkey,32,32,upper,0,0
monkey,32,32,lower,-23,23
monkey,32,32,midpoint,9,9
monkey,32,32,upper,40,40
monkey,32,32,lower,-53,53
monkey,32,32,midpoint,-21,21
monkey,32,32,upper,10,10
monkey,32,32,lower,-52,52
monkey,32,32,midpoint,-20,20
monkey,32,32,upper,11,11
monkey,32,32,lower,-39,39
monkey,32,32,midpoint,-7,7
monkey,32,32,upper,24,24
monkey,32,32,lower,-21,21
monkey,32,32,midpoint,11,11
monkey,32,32,upper,42,42
monkey,32,32,lower,-52,52
monkey,32,32,midpoint,-20,20
monkey,32,32,upper,11,11
monkey,32,32,lower,-19,19
monkey,32,32,midpoint,13,13
monkey,32,32,upper,44,44
monkey,32,32,lower,-38,38
monkey,32,32,midpoint,-6,6
monkey,32,32,upper,25,25
monkey,32,32,lower,-40,40
monkey,32,32,midpoint,-8,8
monkey,32,32,upper,23,23
monkey,32,32,lower,-14,14
monkey,32,32,midpoint,18,18
monkey,32,32,upper,49,49
monkey,32,32,lower,-62,62
monkey,32,32,midpoint,-31,31
monkey,32,32,upper,0,0
monkey,32,32,lower,-14,14
monkey,32,32,midpoint,18,18
monkey,32,32,upper,49,49
monkey,32,32,lower,-58,58
monkey,32,32,midpoint,-27,27
monkey,32,32,upper,4,4
monkey,64,8,lower,-221,221
monkey,64,8,midpoint,-94,94
monkey,64,8,upper,33,33
monkey,64,8,lower,-201,201
monkey,64,8,midpoint,-74,74
monkey,64,8,upper,53,53
monkey,64,8,lower,-188,188
monkey,64,8,midpoint,-61,61
monkey,64,8,upper,66,66
monkey,64,8,lower,-209,209
monkey,64,8,midpoint,-82,82
monkey,64,8,upper,45,45
monkey,64,8,lower,-188,188
monkey,64,8,midpoint,-61,61
monkey,64,8,upper,66,66
monkey,64,8,lower,-176,176
monkey,64,8,midpoint,-49,49
monkey,64,8,upper,78,78
monkey,64,8,lower,-196,196
monkey,64,8,midpoint,-69,69
monkey,64,8,upper,58,58
monkey,64,8,lower,-177,177
monkey,64,8,midpoint,-50,50
monkey,64,8,upper,77,77
monkey,64,8,lower,-216,216
monkey,64,8,midpoint,-89,89
monkey,64,8,upper,38,38
monkey,64,8,lower,-205,205
monkey,64,8,midpoint,-78,78
monkey,64,8,upper,49,49
monkey,64,8,lower,-210,210
monkey,64,8,midpoint,-83,83
monkey,64,8,upper,44,44
monkey,64,8,lower,-183,183
monkey,64,8,midpoint,-56,56
monkey,64,8,upper,71,71
monkey,64,8,lower,-157,157
monkey,64,8,midpoint,-30,30
monkey,64,8,upper,97,97
monkey,64,8,lower,-189,189
monkey,64,8,midpoint,-62,62
monkey,64,8,upper,65,65
monkey,64,8,lower,-182,182
monkey,64,8,midpoint,-55,55
monkey,64,8,upper,72,72
monkey,64,8,lower,-175,175
monkey,64,8,midpoint,-48,48
monkey,64,8,upper,79,79
monkey,64,8,lower,-220,220
monkey,64,8,midpoint,-93,93
monkey,64,8,upper,34,34
monkey,64,8,lower,-167,167
monkey,64,8,midpoint,-40,40
monkey,64,8,upper,87,87
monkey,64,8,lower,-161,161
monkey,64,8,midpoint,-34,34
monkey,64,8,upper,93,93
monkey,64,8,lower,-183,183
monkey,64,8,midpoint,-56,56
monkey,64,8,upper,71,71
monkey,64,8,lower,-182,182
monkey,64,8,midpoint,-55,55
monkey,64,8,upper,72,72
monkey,64,8,lower,-177,177
monkey,64,8,midpoint,-50,50
monkey,64,8,upper,77,77
monkey,64,8,lower,-153,153
monkey,64,8,midpoint,-26,26
monkey,64,8,upper,101,101
monkey,64,8,lower,-33,33
monkey,64,8,midpoint,94,94
monkey,64,8,upper,221,221
monkey,64,8,lower,-56,56
monkey,64,8,midpoint,71,71
monkey,64,8,upper,198,198
monkey,64,8,lower,-55,55
monkey,64,8,midpoint,72,72
monkey,64,8,upper,199,199
monkey,64,8,lower,-37,37
monkey,64,8,midpoint,90,90
monkey,64,8,upper,217,217
monkey,64,8,lower,-116,116
monkey,64,8,midpoint,11,11
monkey,64,8,upper,138,138
monkey,64,8,lower,-139,139
monkey,64,8,midpoint,-12,12
monkey,64,8,upper,115,115
monkey,64,8,lower,-155,155
monkey,64,8,midpoint,-28,28
monkey,64,8,upper,99,99
monkey,64,8,lower,-157,157
monkey,64,8,midpoint,-30,30
monkey,64,8,upper,97,97
monkey,64,8,lower,-162,162
monkey,64,8,midpoint,-35,35
monkey,64,8,upper,92,92
monkey,64,8,lower,-139,139
monkey,64,8,midpoint,-12,12
monkey,64,8,upper,115,115
monkey,64,8,lower,-49,49
monkey,64,8,midpoint,78,78
monkey,64,8,upper,205,205
monkey,64,8,lower,-65,65
monkey,64,8,midpoint,62,62
monkey,64,8,upper,189,189
monkey,64,8,lower,-61,61
monkey,64,8,midpoint,66,66
monkey,64,8,upper,193,193
monkey,64,8,lower,-53,53
monkey,64,8,midpoint,74,74
monkey,64,8,upper,201,201
monkey,64,8,lower,-118,118
monkey,64,8,midpoint,9,9
monkey,64,8,upper,136,136
monkey,64,8,lower,-139,139
monkey,64,8,midpoint,-12,12
monkey,64,8,upper,115,115
monkey,64,8,lower,-116,116
monkey,64,8,midpoint,11,11
monkey,64,8,upper,138,138
monkey,64,8,lower,-83,83
monkey,64,8,midpoint,44,44
monkey,64,8,upper,171,171
monkey,64,8,lower,-157,157
monkey,64,8,midpoint,-30,30
monkey,64,8,upper,97,97
monkey,64,8,lower,-193,193
monkey,64,8,midpoint,-66,66
monkey,64,8,upper,61,61
monkey,64,8,lower,-119,119
monkey,64,8,midpoint,8,8
monkey,64,8,upper,135,135
monkey,64,8,lower,-70,70
monkey,64,8,midpoint,57,57
monkey,64,8,upper,184,184
monkey,64,8,lower,-89,89
monkey,64,8,midpoint,38,38
monkey,64,8,upper,165,165
monkey,64,8,lower,-150,150
monkey,64,8,midpoint,-23,23
monkey,64,8,upper,104,104
monkey,64,8,lower,-134,134
monkey,64,8,midpoint,-7,7
monkey,64,8,upper,120,120
monkey,64,8,lower,-122,122
monkey,64,8,midpoint,5,5
monkey,64,8,upper,132,132
monkey,64,8,lower,-72,72
monkey,64,8,midpoint,55,55
monkey,64,8,upper,182,182
monkey,64,8,lower,-49,49
monkey,64,8,midpoint,78,78
monkey,64,8,upper,205,205
monkey,64,8,lower,-172,172
monkey,64,8,midpoint,-45,45
monkey,64,8,upper,82,82
monkey,64,8,lower,-194,194
monkey,64,8,midpoint,-67,67
monkey,64,8,upper,60,60
monkey,64,8,lower,-91,91
monkey,64,8,midpoint,36,36
monkey,64,8,upper,163,163
monkey,64,8,lower,-53,53
monkey,64,8,midpoint,74,74
monkey,64,8,upper,201,201
monkey,64,8,lower,-73,73
monkey,64,8,midpoint,54,54
monkey,64,8,upper,181,181
monkey,64,8,lower,-129,129
monkey,64,8,midpoint,-2,2
monkey,64,8,upper,125,125
monkey,64,8,lower,-209,209
monkey,64,8,midpoint,-82,82
monkey,64,8,upper,45,45
monkey,64,8,lower,-142,142
monkey,64,8,midpoint,-15,15
monkey,64,8,upper,112,112
monkey,64,8,lower,-63,63
monkey,64,8,midpoint,64,64
monkey,64,8,upper,191,191
monkey,64,8,lower,-52,52
monkey,64,8,midpoint,75,75
monkey,64,8,upper,202,202
monkey,64,8,lower,-103,103
monkey,64,8,midpoint,24,24
monkey,64,8,upper,151,151
monkey,64,8,lower,-174,174
monkey,64,8,midpoint,-47,47
monkey,64,8,upper,80,80
monkey,64,8,lower,-165,165
monkey,64,8,midpoint,-38,38
monkey,64,8,upper,89,89
monkey,64,8,lower,-121,121
monkey,64,8,midpoint,6,6
monkey,64,8,upper,133,133
monkey,64,8,lower,-133,133
monkey,64,8,midpoint,-6,6
monkey,64,8,upper,121,121
monkey,64,8,lower,-224,224
monkey,64,8,midpoint,-97,97
monkey,64,8,upper,30,30
monkey,64,8,lower,-205,205
monkey,64,8,midpoint,-78,78
monkey,64,8,upper,49,49
monkey,64,8,lower,-91,91
monkey,64,8,midpoint,36,36
monkey,64,8,upper,163,163
monkey,64,8,lower,-48,48
monkey,64,8,midpoint,79,79
monkey,64,8,upper,206,206
monkey,64,8,lower,-55,55
monkey,64,8,midpoint,72,72
monkey,64,8,upper,199,199
monkey,64,8,lower,-61,61
monkey,64,8,midpoint,66,66
monkey,64,8,upper,193,193
monkey,64,8,lower,-146,146
monkey,64,8,midpoint,-19,19
monkey,64,8,upper,108,108
monkey,64,8,lower,-71,71
monkey,64,8,midpoint,56,56
monkey,64,8,upper,183,183
monkey,64,8,lower,-116,116
monkey,64,8,midpoint,11,11
monkey,64,8,upper,138,138
monkey,64,8,lower,-126,126
monkey,64,8,midpoint,1,1
monkey,64,8,upper,128,128
monkey,64,8,lower,-168,168
monkey,64,8,midpoint,-41,41
monkey,64,8,upper,86,86
monkey,64,8,lower,-101,101
monkey,64,8,midpoint,26,26
monkey,64,8,upper,153,153
monkey,64,8,lower,-70,70
monkey,64,8,midpoint,57,57
monkey,64,8,upper,184,184
monkey,64,8,lower,-66,66
monkey,64,8,midpoint,61,61
monkey,64,8,upper,188,188
monkey,64,16,lower,-94,94
monkey,64,16,midpoint,-30,30
monkey,64,16,upper,33,33
monkey,64,16,lower,-74,74
monkey,64,16,midpoint,-10,10
monkey,64,16,upper,53,53
monkey,64,16,lower,-61,61
monkey,64,16,midpoint,3,3
monkey,64,16,upper,66,66
monkey,64,16,lower,-82,82
monkey,64,16,midpoint,-18,18
monkey,64,16,upper,45,45
monkey,64,16,lower,-61,61
monkey,64,16,midpoint,3,3
monkey,64,16,upper,66,66
monkey,64,16,lower,-49,49
monkey,64,16,midpoint,15,15
monkey,64,16,upper,78,78
monkey,64,16,lower,-69,69
monkey,64,16,midpoint,-5,5
monkey,64,16,upper,58,58
monkey,64,16,lower,-50,50
monkey,64,16,midpoint,14,14
monkey,64,16,upper,77,77
monkey,64,16,lower,-89,89
monkey,64,16,midpoint,-25,25
monkey,64,16,upper,38,38
monkey,64,16,lower,-78,78
monkey,64,16,midpoint,-14,14
monkey,64,16,upper,49,49
monkey,64,16,lower,-83,83
monkey,64,16,midpoint,-19,19
monkey,64,16,upper,44,44
monkey,64,16,lower,-56,56
monkey,64,16,midpoint,8,8
monkey,64,16,upper,71,71
monkey,64,16,lower,-30,30
monkey,64,16,midpoint,34,34
monkey,64,16,upper,97,97
monkey,64,16,lower,-62,62
monkey,64,16,midpoint,2,2
monkey,64,16,upper,65,65
monkey,64,16,lower,-55,55
monkey,64,16,midpoint,9,9
monkey,64,16,upper,72,72
monkey,64,16,lower,-48,48
monkey,64,16,midpoint,16,16
monkey,64,16,upper,79,79
monkey,64,16,lower,-93,93
monkey,64,16,midpoint,-29,29
monkey,64,16,upper,34,34
monkey,64,16,lower,-40,40
monkey,64,16,midpoint,24,24
monkey,64,16,upper,87,87
monkey,64,16,lower,-34,34
monkey,64,16,midpoint,30,30
monkey,64,16,upper,93,93
monkey,64,16,lower,-56,56
monkey,64,16,midpoint,8,8
monkey,64,16,upper,71,71
monkey,64,16,lower,-55,55
monkey,64,16,midpoint,9,9
monkey,64,16,upper,72,72
monkey,64,16,lower,-50,50
monkey,64,16,midpoint,14,14
monkey,64,16,upper,77,77
monkey,64,16,lower,-26,26
monkey,64,16,midpoint,38,38
monkey,64,16,upper,101,101
monkey,64,16,lower,-33,33
monkey,64,16,midpoint,30,30
monkey,64,16,upper,93,93
monkey,64,16,lower,-56,56
monkey,64,16,midpoint,7,7
monkey,64,16,upper,70,70
monkey,64,16,lower,-55,55
monkey,64,16,midpoint,8,8
monkey,64,16,upper,71,71
monkey,64,16,lower,-37,37
monkey,64,16,midpoint,26,26
monkey,64,16,upper,89,89
monkey,64,16,lower,-116,116
monkey,64,16,midpoint,-53,53
monkey,64,16,upper,10,10
monkey,64,16,lower,-12,12
monkey,64,16,midpoint,52,52
monkey,64,16,upper,115,115
monkey,64,16,lower,-28,28
monkey,64,16,midpoint,36,36
monkey,64,16,upper,99,99
monkey,64,16,lower,-30,30
monkey,64,16,midpoint,34,34
monkey,64,16,upper,97,97
monkey,64,16,lower,-35,35
monkey,64,16,midpoint,29,29
monkey,64,16,upper,92,92
monkey,64,16,lower,-12,12
monkey,64,16,midpoint,52,52
monkey,64,16,upper,115,115
monkey,64,16,lower,-49,49
monkey,64,16,midpoint,14,14
monkey,64,16,upper,77,77
monkey,64,16,lower,-65,65
monkey,64,16,midpoint,-2,2
monkey,64,16,upper,61,61
monkey,64,16,lower,-61,61
monkey,64,16,midpoint,2,2
monkey,64,16,upper,65,65
monkey,64,16,lower,-53,53
monkey,64,16,midpoint,10,10
monkey,64,16,upper,73,73
monkey,64,16,lower,-118,118
monkey,64,16,midpoint,-55,55
monkey,64,16,upper,8,8
monkey,64,16,lower,-12,12
monkey,64,16,midpoint,52,52
monkey,64,16,upper,115,115
monkey,64,16,lower,-116,116
monkey,64,16,midpoint,-53,53
monkey,64,16,upper,10,10
monkey,64,16,lower,-83,83
monkey,64,16,midpoint,-20,20
monkey,64,16,upper,43,43
monkey,64,16,lower,-30,30
monkey,64,16,midpoint,34,34
monkey,64,16,upper,97,97
monkey,64,16,lower,-66,66
monkey,64,16,midpoint,-2,2
monkey,64,16,upper,61,61
monkey,64,16,lower,-119,119
monkey,64,16,midpoint,-56,56
monkey,64,16,upper,7,7
monkey,64,16,lower,-70,70
monkey,64,16,midpoint,-7,7
monkey,64,16,upper,56,56
monkey,64,16,lower,-89,89
monkey,64,16,midpoint,-26,26
monkey,64,16,upper,37,37
monkey,64,16,lower,-23,23
monkey,64,16,midpoint,41,41
monkey,64,16,upper,104,104
monkey,64,16,lower,-7,7
monkey,64,16,midpoint,57,57
monkey,64,16,upper,120,120
monkey,64,16,lower,-122,122
monkey,64,16,midpoint,-59,59
monkey,64,16,upper,4,4
monkey,64,16,lower,-72,72
monkey,64,16,midpoint,-9,9
monkey,64,16,upper,54,54
monkey,64,16,lower,-49,49
monkey,64,16,midpoint,14,14
monkey,64,16,upper,77,77
monkey,64,16,lower,-45,45
monkey,64,16,midpoint,19,19
monkey,64,16,upper,82,82
monkey,64,16,lower,-67,67
monkey,64,16,midpoint,-3,3
monkey,64,16,upper,60,60
monkey,64,16,lower,-91,91
monkey,64,16,midpoint,-28,28
monkey,64,16,upper,35,35
monkey,64,16,lower,-53,53
monkey,64,16,midpoint,10,10
monkey,64,16,upper,73,73
monkey,64,16,lower,-73,73
monkey,64,16,midpoint,-10,10
monkey,64,16,upper,53,53
monkey,64,16,lower,-2,2
monkey,64,16,midpoint,62,62
monkey,64,16,upper,125,125
monkey,64,16,lower,-82,82
monkey,64,16,midpoint,-18,18
monkey,64,16,upper,45,45
monkey,64,16,lower,-15,15
monkey,64,16,midpoint,49,49
monkey,64,16,upper,112,112
monkey,64,16,lower,-63,63
monkey,64,16,midpoint,0,0
monkey,64,16,upper,63,63
monkey,64,16,lower,-52,52
monkey,64,16,midpoint,11,11
monkey,64,16,upper,74,74
monkey,64,16,lower,-103,103
monkey,64,16,midpoint,-40,40
monkey,64,16,upper,23,23
monkey,64,16,lower,-47,47
monkey,64,16,midpoint,17,17
monkey,64,16,upper,80,80
monkey,64,16,lower,-38,38
monkey,64,16,midpoint,26,26
monkey,64,16,upper,89,89
monkey,64,16,lower,-121,121
monkey,64,16,midpoint,-58,58
monkey,64,16,upper,5,5
monkey,64,16,lower,-6,6
monkey,64,16,midpoint,58,58
monkey,64,16,upper,121,121
monkey,64,16,lower,-97,97
monkey,64,16,midpoint,-33,33
monkey,64,16,upper,30,30
monkey,64,16,lower,-78,78
monkey,64,16,midpoint,-14,14
monkey,64,16,upper,49,49
monkey,64,16,lower,-91,91
monkey,64,16,midpoint,-28,28
monkey,64,16,upper,35,35
monkey,64,16,lower,-48,48
monkey,64,16,midpoint,15,15
monkey,64,16,upper,78,78
monkey,64,16,lower,-55,55
monkey,64,16,midpoint,8,8
monkey,64,16,upper,71,71
monkey,64,16,lower,-61,61
monkey,64,16,midpoint,2,2
monkey,64,16,upper,65,65
monkey,64,16,lower,-19,19
monkey,64,16,midpoint,45,45
monkey,64,16,upper,108,108
monkey,64,16,lower,-71,71
monkey,64,16,midpoint,-8,8
monkey,64,16,upper,55,55
monkey,64,16,lower,-116,116
monkey,64,16,midpoint,-53,53
monkey,64,16,upper,10,10
monkey,64,16,lower,-126,126
monkey,64,16,midpoint,-63,63
monkey,64,16,upper,0,0
monkey,64,16,lower,-41,41
monkey,64,16,midpoint,23,23
monkey,64,16,upper,86,86
monkey,64,16,lower,-101,101
monkey,64,16,midpoint,-38,38
monkey,64,16,upper,25,25
monkey,64,16,lower,-70,70
monkey,64,16,midpoint,-7,7
monkey,64,16,upper,56,56
monkey,64,16,lower,-66,66
monkey,64,16,midpoint,-3,3
monkey,64,16,upper,60,60
monkey,64,32,lower,-30,30
monkey,64,32,midpoint,2,2
monkey,64,32,upper,33,33
monkey,64,32,lower,-10,10
monkey,64,32,midpoint,22,22
monkey,64,32,upper,53,53
monkey,64,32,lower,-61,61
monkey,64,32,midpoint,-29,29
monkey,64,32,upper,2,2
monkey,64,32,lower,-18,18
monkey,64,32,midpoint,14,14
monkey,64,32,upper,45,45
monkey,64,32,lower,-61,61
monkey,64,32,midpoint,-29,29
monkey,64,32,upper,2,2
monkey,64,32,lower,-49,49
monkey,64,32,midpoint,-17,17
monkey,64,32,upper,14,14
monkey,64,32,lower,-5,5
monkey,64,32,midpoint,27,27
monkey,64,32,upper,58,58
monkey,64,32,lower,-50,50
monkey,64,32,midpoint,-18,18
monkey,64,32,upper,13,13
monkey,64,32,lower,-25,25
monkey,64,32,midpoint,7,7
monkey,64,32,upper,38,38
monkey,64,32,lower,-14,14
monkey,64,32,midpoint,18,18
monkey,64,32,upper,49,49
monkey,64,32,lower,-19,19
monkey,64,32,midpoint,13,13
monkey,64,32,upper,44,44
monkey,64,32,lower,-56,56
monkey,64,32,midpoint,-24,24
monkey,64,32,upper,7,7
monkey,64,32,lower,-30,30
monkey,64,32,midpoint,2,2
monkey,64,32,upper,33,33
monkey,64,32,lower,-62,62
monkey,64,32,midpoint,-30,30
monkey,64,32,upper,1,1
monkey,64,32,lower,-55,55
monkey,64,32,midpoint,-23,23
monkey,64,32,upper,8,8
monkey,64,32,lower,-48,48
monkey,64,32,midpoint,-16,16
monkey,64,32,upper,15,15
monkey,64,32,lower,-29,29
monkey,64,32,midpoint,3,3
monkey,64,32,upper,34,34
monkey,64,32,lower,-40,40
monkey,64,32,midpoint,-8,8
monkey,64,32,upper,23,23
monkey,64,32,lower,-34,34
monkey,64,32,midpoint,-2,2
monkey,64,32,upper,29,29
monkey,64,32,lower,-56,56
monkey,64,32,midpoint,-24,24
monkey,64,32,upper,7,7
monkey,64,32,lower,-55,55
monkey,64,32,midpoint,-23,23
monkey,64,32,upper,8,8
monkey,64,32,lower,-50,50
monkey,64,32,midpoint,-18,18
monkey,64,32,upper,13,13
monkey,64,32,lower,-26,26
monkey,64,32,midpoint,6,6
monkey,64,32,upper,37,37
monkey,64,32,lower,-33,33
monkey,64,32,midpoint,-2,2
monkey,64,32,upper,29,29
monkey,64,32,lower,-56,56
monkey,64,32,midpoint,-25,25
monkey,64,32,upper,6,6
monkey,64,32,lower,-55,55
monkey,64,32,midpoint,-24,24
monkey,64,32,upper,7,7
monkey,64,32,lower,-37,37
monkey,64,32,midpoint,-6,6
monkey,64,32,upper,25,25
monkey,64,32,lower,-53,53
monkey,64,32,midpoint,-21,21
monkey,64,32,upper,10,10
monkey,64,32,lower,-12,12
monkey,64,32,midpoint,20,20
monkey,64,32,upper,51,51
monkey,64,32,lower,-28,28
monkey,64,32,midpoint,4,4
monkey,64,32,upper,35,35
monkey,64,32,lower,-30,30
monkey,64,32,midpoint,2,2
monkey,64,32,upper,33,33
monkey,64,32,lower,-35,35
monkey,64,32,midpoint,-3,3
monkey,64,32,upper,28,28
monkey,64,32,lower,-12,12
monkey,64,32,midpoint,20,20
monkey,64,32,upper,51,51
monkey,64,32,lower,-49,49
monkey,64,32,midpoint,-18,18
monkey,64,32,upper,13,13
monkey,64,32,lower,-2,2
monkey,64,32,midpoint,30,30
monkey,64,32,upper,61,61
monkey,64,32,lower,-61,61
monkey,64,32,midpoint,-30,30
monkey,64,32,upper,1,1
monkey,64,32,lower,-53,53
monkey,64,32,midpoint,-22,22
monkey,64,32,upper,9,9
monkey,64,32,lower,-55,55
monkey,64,32,midpoint,-23,23
monkey,64,32,upper,8,8
monkey,64,32,lower,-12,12
monkey,64,32,midpoint,20,20
monkey,64,32,upper,51,51
monkey,64,32,lower,-53,53
monkey,64,32,midpoint,-21,21
monkey,64,32,upper,10,10
monkey,64,32,lower,-20,20
monkey,64,32,midpoint,12,12
monkey,64,32,upper,43,43
monkey,64,32,lower,-30,30
monkey,64,32,midpoint,2,2
monkey,64,32,upper,33,33
monkey,64,32,lower,-2,2
monkey,64,32,midpoint,30,30
monkey,64,32,upper,61,61
monkey,64,32,lower,-56,56
monkey,64,32,midpoint,-24,24
monkey,64,32,upper,7,7
monkey,64,32,lower,-7,7
monkey,64,32,midpoint,25,25
monkey,64,32,upper,56,56
monkey,64,32,lower,-26,26
monkey,64,32,midpoint,6,6
monkey,64,32,upper,37,37
monkey,64,32,lower,-23,23
monkey,64,32,midpoint,9,9
monkey,64,32,upper,40,40
monkey,64,32,lower,-7,7
monkey,64,32,midpoint,25,25
monkey,64,32,upper,56,56
monkey,64,32,lower,-59,59
monkey,64,32,midpoint,-27,27
monkey,64,32,upper,4,4
monkey,64,32,lower,-9,9
monkey,64,32,midpoint,23,23
monkey,64,32,upper,54,54
monkey,64,32,lower,-49,49
monkey,64,32,midpoint,-18,18
monkey,64,32,upper,13,13
monkey,64,32,lower,-45,45
monkey,64,32,midpoint,-13,13
monkey,64,32,upper,18,18
monkey,64,32,lower,-3,3
monkey,64,32,midpoint,29,29
monkey,64,32,upper,60,60
monkey,64,32,lower,-28,28
monkey,64,32,midpoint,4,4
monkey,64,32,upper,35,35
monkey,64,32,lower,-53,53
monkey,64,32,midpoint,-22,22
monkey,64,32,upper,9,9
monkey,64,32,lower,-10,10
monkey,64,32,midpoint,22,22
monkey,64,32,upper,53,53
monkey,64,32,lower,-2,2
monkey,64,32,midpoint,30,30
monkey,64,32,upper,61,61
monkey,64,32,lower,-18,18
monkey,64,32,midpoint,14,14
monkey,64,32,upper,45,45
monkey,64,32,lower,-15,15
monkey,64,32,midpoint,17,17
monkey,64,32,upper,48,48
monkey,64,32,lower,0,0
monkey,64,32,midpoint,32,32
monkey,64,32,upper,63,63
monkey,64,32,lower,-52,52
monkey,64,32,midpoint,-21,21
monkey,64,32,upper,10,10
monkey,64,32,lower,-40,40
monkey,64,32,midpoint,-8,8
monkey,64,32,upper,23,23
monkey,64,32,lower,-47,47
monkey,64,32,midpoint,-15,15
monkey,64,32,upper,16,16
monkey,64,32,lower,-38,38
monkey,64,32,midpoint,-6,6
monkey,64,32,upper,25,25
monkey,64,32,lower,-58,58
monkey,64,32,midpoint,-26,26
monkey,64,32,upper,5,5
monkey,64,32,lower,-6,6
monkey,64,32,midpoint,26,26
monkey,64,32,upper,57,57
monkey,64,32,lower,-33,33
monkey,64,32,midpoint,-1,1
monkey,64,32,upper,30,30
monkey,64,32,lower,-14,14
monkey,64,32,midpoint,18,18
monkey,64,32,upper,49,49
monkey,64,32,lower,-28,28
monkey,64,32,midpoint,4,4
monkey,64,32,upper,35,35
monkey,64,32,lower,-48,48
monkey,64,32,midpoint,-17,17
monkey,64,32,upper,14,14
monkey,64,32,lower,-55,55
monkey,64,32,midpoint,-24,24
monkey,64,32,upper,7,7
monkey,64,32,lower,-61,61
monkey,64,32,midpoint,-30,30
monkey,64,32,upper,1,1
monkey,64,32,lower,-19,19
monkey,64,32,midpoint,13,13
monkey,64,32,upper,44,44
monkey,64,32,lower,-8,8
monkey,64,32,midpoint,24,24
monkey,64,32,upper,55,55
monkey,64,32,lower,-53,53
monkey,64,32,midpoint,-21,21
monkey,64,32,upper,10,10
monkey,64,32,lower,-63,63
monkey,64,32,midpoint,-31,31
monkey,64,32,upper,0,0
monkey,64,32,lower,-41,41
monkey,64,32,midpoint,-9,9
monkey,64,32,upper,22,22
monkey,64,32,lower,-38,38
monkey,64,32,midpoint,-6,6
monkey,64,32,upper,25,25
monkey,64,32,lower,-7,7
monkey,64,32,midpoint,25,25
monkey,64,32,upper,56,56
monkey,64,32,lower,-3,3
monkey,64,32,midpoint,29,29
monkey,64,32,upper,60,60
