Copyright 1986-2022 Xilinx, Inc. All Rights Reserved. Copyright 2022-2026 Advanced Micro Devices, Inc. All Rights Reserved.
---------------------------------------------------------------------------------------------------------------------------------------------
| Tool Version : Vivado v.2026.1 (win64) Build 6511674 Tue Jun 16 11:02:23 MDT 2026
| Date         : Tue Oct  6 04:16:35 2026
| Host         : Kiyopon running 64-bit major release  (build 9200)
| Command      : report_timing_summary -delay_type min_max -report_unconstrained -max_paths 10 -file reports/phase11v/timing_summary.rpt
| Design       : canny_nexys_a7_phase11_top
| Device       : 7a100t-csg324
| Speed File   : -1  PRODUCTION 1.23 2018-06-13
| Design State : Routed
---------------------------------------------------------------------------------------------------------------------------------------------

Timing Summary Report

------------------------------------------------------------------------------------------------
| Timer Settings
| --------------
------------------------------------------------------------------------------------------------

  Enable Multi Corner Analysis               :  Yes
  Enable Pessimism Removal                   :  Yes
  Pessimism Removal Resolution               :  Nearest Common Node
  Enable Input Delay Default Clock           :  No
  Enable Preset / Clear Arcs                 :  No
  Disable Flight Delays                      :  No
  Ignore I/O Paths                           :  No
  Timing Early Launch at Borrowing Latches   :  No
  Borrow Time for Max Delay Exceptions       :  Yes
  Merge Timing Exceptions                    :  Yes
  Inter-SLR Compensation                     :  Conservative

  Corner  Analyze    Analyze    
  Name    Max Paths  Min Paths  
  ------  ---------  ---------  
  Slow    Yes        Yes        
  Fast    Yes        Yes        


------------------------------------------------------------------------------------------------
| Report Methodology
| ------------------
------------------------------------------------------------------------------------------------

Rule       Severity  Description                                 Violations  
---------  --------  ------------------------------------------  ----------  
SYNTH-6    Warning   Timing of a RAM block might be sub-optimal  78          
TIMING-18  Warning   Missing input or output delay               10          

Note: This report is based on the most recent report_methodology run and may not be up-to-date. Run report_methodology on the current design for the latest report.



check_timing report

Table of Contents
-----------------
1. checking no_clock (0)
2. checking constant_clock (0)
3. checking pulse_width_clock (0)
4. checking unconstrained_internal_endpoints (0)
5. checking no_input_delay (5)
6. checking no_output_delay (5)
7. checking multiple_clock (0)
8. checking generated_clocks (0)
9. checking loops (0)
10. checking partial_input_delay (0)
11. checking partial_output_delay (0)
12. checking latch_loops (0)

1. checking no_clock (0)
------------------------
 There are 0 register/latch pins with no clock.


2. checking constant_clock (0)
------------------------------
 There are 0 register/latch pins with constant_clock.


3. checking pulse_width_clock (0)
---------------------------------
 There are 0 register/latch pins which need pulse_width check


4. checking unconstrained_internal_endpoints (0)
------------------------------------------------
 There are 0 pins that are not constrained for maximum delay.

 There are 0 pins that are not constrained for maximum delay due to constant clock.


5. checking no_input_delay (5)
------------------------------
 There are 5 input ports with no input delay specified. (HIGH)

 There are 0 input ports with no input delay but user has a false path constraint.


6. checking no_output_delay (5)
-------------------------------
 There are 5 ports with no output delay specified. (HIGH)

 There are 0 ports with no output delay but user has a false path constraint

 There are 0 ports with no output delay but with a timing clock defined on it or propagating through it


7. checking multiple_clock (0)
------------------------------
 There are 0 register/latch pins with multiple clocks.


8. checking generated_clocks (0)
--------------------------------
 There are 0 generated clocks that are not connected to a clock source.


9. checking loops (0)
---------------------
 There are 0 combinational loops in the design.


10. checking partial_input_delay (0)
------------------------------------
 There are 0 input ports with partial input delay specified.


11. checking partial_output_delay (0)
-------------------------------------
 There are 0 ports with partial output delay specified.


12. checking latch_loops (0)
----------------------------
 There are 0 combinational latch loops in the design through latch input



------------------------------------------------------------------------------------------------
| Design Timing Summary
| ---------------------
------------------------------------------------------------------------------------------------

    WNS(ns)      TNS(ns)  TNS Failing Endpoints  TNS Total Endpoints      WHS(ns)      THS(ns)  THS Failing Endpoints  THS Total Endpoints     WPWS(ns)     TPWS(ns)  TPWS Failing Endpoints  TPWS Total Endpoints  
    -------      -------  ---------------------  -------------------      -------      -------  ---------------------  -------------------     --------     --------  ----------------------  --------------------  
      0.436        0.000                      0                15799        0.034        0.000                      0                15799        3.750        0.000                       0                  4116  


All user specified timing constraints are met.


------------------------------------------------------------------------------------------------
| Clock Summary
| -------------
------------------------------------------------------------------------------------------------

Clock        Waveform(ns)       Period(ns)      Frequency(MHz)
-----        ------------       ----------      --------------
sys_clk_pin  {0.000 5.000}      10.000          100.000         


------------------------------------------------------------------------------------------------
| Intra Clock Table
| -----------------
------------------------------------------------------------------------------------------------

Clock             WNS(ns)      TNS(ns)  TNS Failing Endpoints  TNS Total Endpoints      WHS(ns)      THS(ns)  THS Failing Endpoints  THS Total Endpoints     WPWS(ns)     TPWS(ns)  TPWS Failing Endpoints  TPWS Total Endpoints  
-----             -------      -------  ---------------------  -------------------      -------      -------  ---------------------  -------------------     --------     --------  ----------------------  --------------------  
sys_clk_pin         0.436        0.000                      0                15775        0.034        0.000                      0                15775        3.750        0.000                       0                  4116  


------------------------------------------------------------------------------------------------
| Inter Clock Table
| -----------------
------------------------------------------------------------------------------------------------

From Clock    To Clock          WNS(ns)      TNS(ns)  TNS Failing Endpoints  TNS Total Endpoints      WHS(ns)      THS(ns)  THS Failing Endpoints  THS Total Endpoints  
----------    --------          -------      -------  ---------------------  -------------------      -------      -------  ---------------------  -------------------  


------------------------------------------------------------------------------------------------
| Other Path Groups Table
| -----------------------
------------------------------------------------------------------------------------------------

Path Group         From Clock         To Clock               WNS(ns)      TNS(ns)  TNS Failing Endpoints  TNS Total Endpoints      WHS(ns)      THS(ns)  THS Failing Endpoints  THS Total Endpoints  
----------         ----------         --------               -------      -------  ---------------------  -------------------      -------      -------  ---------------------  -------------------  
**async_default**  sys_clk_pin        sys_clk_pin              2.393        0.000                      0                   24        2.488        0.000                      0                   24  


------------------------------------------------------------------------------------------------
| User Ignored Path Table
| -----------------------
------------------------------------------------------------------------------------------------

Path Group    From Clock    To Clock    
----------    ----------    --------    


------------------------------------------------------------------------------------------------
| Unconstrained Path Table
| ------------------------
------------------------------------------------------------------------------------------------

Path Group    From Clock    To Clock    
----------    ----------    --------    
(none)        sys_clk_pin                 
(none)                      sys_clk_pin   


------------------------------------------------------------------------------------------------
| Timing Details
| --------------
------------------------------------------------------------------------------------------------


---------------------------------------------------------------------------------------------------
From Clock:  sys_clk_pin
  To Clock:  sys_clk_pin

Setup :            0  Failing Endpoints,  Worst Slack        0.436ns,  Total Violation        0.000ns
Hold  :            0  Failing Endpoints,  Worst Slack        0.034ns,  Total Violation        0.000ns
PW    :            0  Failing Endpoints,  Worst Slack        3.750ns,  Total Violation        0.000ns
---------------------------------------------------------------------------------------------------


Max Delay Paths
--------------------------------------------------------------------------------------
Slack (MET) :             0.436ns  (required time - arrival time)
  Source:                 u_core/g_engine[0].u_engine/scan_first_pipe_reg/C
                            (rising edge-triggered cell FDRE clocked by sys_clk_pin  {rise@0.000ns fall@5.000ns period=10.000ns})
  Destination:            u_core/g_engine[0].u_engine/block_high_reg[1][0][6]/CE
                            (rising edge-triggered cell FDRE clocked by sys_clk_pin  {rise@0.000ns fall@5.000ns period=10.000ns})
  Path Group:             sys_clk_pin
  Path Type:              Setup (Max at Slow Process Corner)
  Requirement:            10.000ns  (sys_clk_pin rise@10.000ns - sys_clk_pin rise@0.000ns)
  Data Path Delay:        9.101ns  (logic 3.858ns (42.389%)  route 5.243ns (57.611%))
  Logic Levels:           10  (CARRY4=5 LUT2=1 LUT3=2 LUT4=1 LUT5=1)
  Clock Path Skew:        -0.034ns (DCD - SCD + CPR)
    Destination Clock Delay (DCD):    4.912ns = ( 14.912 - 10.000 ) 
    Source Clock Delay      (SCD):    5.205ns
    Clock Pessimism Removal (CPR):    0.259ns
  Clock Uncertainty:      0.035ns  ((TSJ^2 + TIJ^2)^1/2 + DJ) / 2 + PE
    Total System Jitter     (TSJ):    0.071ns
    Total Input Jitter      (TIJ):    0.000ns
    Discrete Jitter          (DJ):    0.000ns
    Phase Error              (PE):    0.000ns

    Location             Delay type                Incr(ns)  Path(ns)    Netlist Resource(s)
  -------------------------------------------------------------------    -------------------
                         (clock sys_clk_pin rise edge)
                                                      0.000     0.000 r  <hidden>
    E3                                                0.000     0.000 r  clk100mhz
                         net (fo=0)                   0.000     0.000    clk100mhz
    E3                   IBUF (Prop_ibuf_I_O)         1.482     1.482 r  clk100mhz_IBUF_inst/O
                         net (fo=1, routed)           2.025     3.506    clk100mhz_IBUF
    BUFGCTRL_X0Y16       BUFG (Prop_bufg_I_O)         0.096     3.602 r  clk100mhz_IBUF_BUFG_inst/O
                         net (fo=4115, routed)        1.603     5.205    u_core/g_engine[0].u_engine/clk100mhz_IBUF_BUFG
    SLICE_X65Y121        FDRE                                         r  u_core/g_engine[0].u_engine/scan_first_pipe_reg/C
  -------------------------------------------------------------------    -------------------
    SLICE_X65Y121        FDRE (Prop_fdre_C_Q)         0.456     5.661 r  u_core/g_engine[0].u_engine/scan_first_pipe_reg/Q
                         net (fo=106, routed)         0.694     6.356    u_core/g_engine[0].u_engine/scan_first_pipe
    SLICE_X63Y121        LUT3 (Prop_lut3_I0_O)        0.124     6.480 r  u_core/g_engine[0].u_engine/cumulative[3]_i_9/O
                         net (fo=1, routed)           0.000     6.480    u_core/g_engine[0].u_engine/cumulative[3]_i_9_n_0
    SLICE_X63Y121        CARRY4 (Prop_carry4_S[1]_CO[3])
                                                      0.550     7.030 r  u_core/g_engine[0].u_engine/cumulative_reg[3]_i_2/CO[3]
                         net (fo=1, routed)           0.000     7.030    u_core/g_engine[0].u_engine/cumulative_reg[3]_i_2_n_0
    SLICE_X63Y122        CARRY4 (Prop_carry4_CI_O[2])
                                                      0.239     7.269 r  u_core/g_engine[0].u_engine/cumulative_reg[7]_i_2/O[2]
                         net (fo=4, routed)           0.612     7.881    u_core/g_engine[0].u_engine/cumulative_next[6]
    SLICE_X65Y122        LUT2 (Prop_lut2_I1_O)        0.302     8.183 r  u_core/g_engine[0].u_engine/block_high[1][0][10]_i_33/O
                         net (fo=1, routed)           0.000     8.183    u_core/g_engine[0].u_engine/block_high[1][0][10]_i_33_n_0
    SLICE_X65Y122        CARRY4 (Prop_carry4_S[1]_CO[3])
                                                      0.550     8.733 r  u_core/g_engine[0].u_engine/block_high_reg[1][0][10]_i_27/CO[3]
                         net (fo=1, routed)           0.000     8.733    u_core/g_engine[0].u_engine/block_high_reg[1][0][10]_i_27_n_0
    SLICE_X65Y123        CARRY4 (Prop_carry4_CI_O[1])
                                                      0.334     9.067 r  u_core/g_engine[0].u_engine/block_high_reg[1][0][10]_i_25/O[1]
                         net (fo=2, routed)           0.840     9.906    u_core/g_engine[0].u_engine/u_step/five_cumulative[10]
    SLICE_X64Y125        LUT3 (Prop_lut3_I0_O)        0.303    10.209 r  u_core/g_engine[0].u_engine/block_high[1][0][10]_i_13/O
                         net (fo=1, routed)           0.000    10.209    u_core/g_engine[0].u_engine/block_high[1][0][10]_i_13_n_0
    SLICE_X64Y125        CARRY4 (Prop_carry4_S[1]_CO[2])
                                                      0.570    10.779 r  u_core/g_engine[0].u_engine/block_high_reg[1][0][10]_i_6/CO[2]
                         net (fo=3, routed)           0.719    11.498    u_core/g_engine[0].u_engine/block_high_reg[1][0][10]_i_6_n_1
    SLICE_X64Y130        LUT4 (Prop_lut4_I0_O)        0.313    11.811 r  u_core/g_engine[0].u_engine/block_high[1][0][10]_i_5/O
                         net (fo=107, routed)         1.371    13.182    u_core/g_engine[0].u_engine/selected0
    SLICE_X54Y140        LUT5 (Prop_lut5_I4_O)        0.117    13.299 r  u_core/g_engine[0].u_engine/block_high[1][0][10]_i_1/O
                         net (fo=13, routed)          1.007    14.307    u_core/g_engine[0].u_engine/block_high[1][0][10]_i_1_n_0
    SLICE_X62Y136        FDRE                                         r  u_core/g_engine[0].u_engine/block_high_reg[1][0][6]/CE
  -------------------------------------------------------------------    -------------------

                         (clock sys_clk_pin rise edge)
                                                     10.000    10.000 r  <hidden>
    E3                                                0.000    10.000 r  clk100mhz
                         net (fo=0)                   0.000    10.000    clk100mhz
    E3                   IBUF (Prop_ibuf_I_O)         1.411    11.411 r  clk100mhz_IBUF_inst/O
                         net (fo=1, routed)           1.920    13.331    clk100mhz_IBUF
    BUFGCTRL_X0Y16       BUFG (Prop_bufg_I_O)         0.091    13.422 r  clk100mhz_IBUF_BUFG_inst/O
                         net (fo=4115, routed)        1.490    14.912    u_core/g_engine[0].u_engine/clk100mhz_IBUF_BUFG
    SLICE_X62Y136        FDRE                                         r  u_core/g_engine[0].u_engine/block_high_reg[1][0][6]/C
                         clock pessimism              0.259    15.171    <hidden>
                         clock uncertainty           -0.035    15.136    <hidden>
    SLICE_X62Y136        FDRE (Setup_fdre_C_CE)      -0.393    14.743    u_core/g_engine[0].u_engine/block_high_reg[1][0][6]
  -------------------------------------------------------------------
                         required time                         14.743    <hidden>
                         arrival time                         -14.307    <hidden>
  -------------------------------------------------------------------
                         slack                                  0.436    <hidden>

Slack (MET) :             0.436ns  (required time - arrival time)
  Source:                 u_core/g_engine[0].u_engine/scan_first_pipe_reg/C
                            (rising edge-triggered cell FDRE clocked by sys_clk_pin  {rise@0.000ns fall@5.000ns period=10.000ns})
  Destination:            u_core/g_engine[0].u_engine/block_high_reg[1][0][7]/CE
                            (rising edge-triggered cell FDRE clocked by sys_clk_pin  {rise@0.000ns fall@5.000ns period=10.000ns})
  Path Group:             sys_clk_pin
  Path Type:              Setup (Max at Slow Process Corner)
  Requirement:            10.000ns  (sys_clk_pin rise@10.000ns - sys_clk_pin rise@0.000ns)
  Data Path Delay:        9.101ns  (logic 3.858ns (42.389%)  route 5.243ns (57.611%))
  Logic Levels:           10  (CARRY4=5 LUT2=1 LUT3=2 LUT4=1 LUT5=1)
  Clock Path Skew:        -0.034ns (DCD - SCD + CPR)
    Destination Clock Delay (DCD):    4.912ns = ( 14.912 - 10.000 ) 
    Source Clock Delay      (SCD):    5.205ns
    Clock Pessimism Removal (CPR):    0.259ns
  Clock Uncertainty:      0.035ns  ((TSJ^2 + TIJ^2)^1/2 + DJ) / 2 + PE
    Total System Jitter     (TSJ):    0.071ns
    Total Input Jitter      (TIJ):    0.000ns
    Discrete Jitter          (DJ):    0.000ns
    Phase Error              (PE):    0.000ns

    Location             Delay type                Incr(ns)  Path(ns)    Netlist Resource(s)
  -------------------------------------------------------------------    -------------------
                         (clock sys_clk_pin rise edge)
                                                      0.000     0.000 r  <hidden>
    E3                                                0.000     0.000 r  clk100mhz
                         net (fo=0)                   0.000     0.000    clk100mhz
    E3                   IBUF (Prop_ibuf_I_O)         1.482     1.482 r  clk100mhz_IBUF_inst/O
                         net (fo=1, routed)           2.025     3.506    clk100mhz_IBUF
    BUFGCTRL_X0Y16       BUFG (Prop_bufg_I_O)         0.096     3.602 r  clk100mhz_IBUF_BUFG_inst/O
                         net (fo=4115, routed)        1.603     5.205    u_core/g_engine[0].u_engine/clk100mhz_IBUF_BUFG
    SLICE_X65Y121        FDRE                                         r  u_core/g_engine[0].u_engine/scan_first_pipe_reg/C
  -------------------------------------------------------------------    -------------------
    SLICE_X65Y121        FDRE (Prop_fdre_C_Q)         0.456     5.661 r  u_core/g_engine[0].u_engine/scan_first_pipe_reg/Q
                         net (fo=106, routed)         0.694     6.356    u_core/g_engine[0].u_engine/scan_first_pipe
    SLICE_X63Y121        LUT3 (Prop_lut3_I0_O)        0.124     6.480 r  u_core/g_engine[0].u_engine/cumulative[3]_i_9/O
                         net (fo=1, routed)           0.000     6.480    u_core/g_engine[0].u_engine/cumulative[3]_i_9_n_0
    SLICE_X63Y121        CARRY4 (Prop_carry4_S[1]_CO[3])
                                                      0.550     7.030 r  u_core/g_engine[0].u_engine/cumulative_reg[3]_i_2/CO[3]
                         net (fo=1, routed)           0.000     7.030    u_core/g_engine[0].u_engine/cumulative_reg[3]_i_2_n_0
    SLICE_X63Y122        CARRY4 (Prop_carry4_CI_O[2])
                                                      0.239     7.269 r  u_core/g_engine[0].u_engine/cumulative_reg[7]_i_2/O[2]
                         net (fo=4, routed)           0.612     7.881    u_core/g_engine[0].u_engine/cumulative_next[6]
    SLICE_X65Y122        LUT2 (Prop_lut2_I1_O)        0.302     8.183 r  u_core/g_engine[0].u_engine/block_high[1][0][10]_i_33/O
                         net (fo=1, routed)           0.000     8.183    u_core/g_engine[0].u_engine/block_high[1][0][10]_i_33_n_0
    SLICE_X65Y122        CARRY4 (Prop_carry4_S[1]_CO[3])
                                                      0.550     8.733 r  u_core/g_engine[0].u_engine/block_high_reg[1][0][10]_i_27/CO[3]
                         net (fo=1, routed)           0.000     8.733    u_core/g_engine[0].u_engine/block_high_reg[1][0][10]_i_27_n_0
    SLICE_X65Y123        CARRY4 (Prop_carry4_CI_O[1])
                                                      0.334     9.067 r  u_core/g_engine[0].u_engine/block_high_reg[1][0][10]_i_25/O[1]
                         net (fo=2, routed)           0.840     9.906    u_core/g_engine[0].u_engine/u_step/five_cumulative[10]
    SLICE_X64Y125        LUT3 (Prop_lut3_I0_O)        0.303    10.209 r  u_core/g_engine[0].u_engine/block_high[1][0][10]_i_13/O
                         net (fo=1, routed)           0.000    10.209    u_core/g_engine[0].u_engine/block_high[1][0][10]_i_13_n_0
    SLICE_X64Y125        CARRY4 (Prop_carry4_S[1]_CO[2])
                                                      0.570    10.779 r  u_core/g_engine[0].u_engine/block_high_reg[1][0][10]_i_6/CO[2]
                         net (fo=3, routed)           0.719    11.498    u_core/g_engine[0].u_engine/block_high_reg[1][0][10]_i_6_n_1
    SLICE_X64Y130        LUT4 (Prop_lut4_I0_O)        0.313    11.811 r  u_core/g_engine[0].u_engine/block_high[1][0][10]_i_5/O
                         net (fo=107, routed)         1.371    13.182    u_core/g_engine[0].u_engine/selected0
    SLICE_X54Y140        LUT5 (Prop_lut5_I4_O)        0.117    13.299 r  u_core/g_engine[0].u_engine/block_high[1][0][10]_i_1/O
                         net (fo=13, routed)          1.007    14.307    u_core/g_engine[0].u_engine/block_high[1][0][10]_i_1_n_0
    SLICE_X62Y136        FDRE                                         r  u_core/g_engine[0].u_engine/block_high_reg[1][0][7]/CE
  -------------------------------------------------------------------    -------------------

                         (clock sys_clk_pin rise edge)
                                                     10.000    10.000 r  <hidden>
    E3                                                0.000    10.000 r  clk100mhz
                         net (fo=0)                   0.000    10.000    clk100mhz
    E3                   IBUF (Prop_ibuf_I_O)         1.411    11.411 r  clk100mhz_IBUF_inst/O
                         net (fo=1, routed)           1.920    13.331    clk100mhz_IBUF
    BUFGCTRL_X0Y16       BUFG (Prop_bufg_I_O)         0.091    13.422 r  clk100mhz_IBUF_BUFG_inst/O
                         net (fo=4115, routed)        1.490    14.912    u_core/g_engine[0].u_engine/clk100mhz_IBUF_BUFG
    SLICE_X62Y136        FDRE                                         r  u_core/g_engine[0].u_engine/block_high_reg[1][0][7]/C
                         clock pessimism              0.259    15.171    <hidden>
                         clock uncertainty           -0.035    15.136    <hidden>
    SLICE_X62Y136        FDRE (Setup_fdre_C_CE)      -0.393    14.743    u_core/g_engine[0].u_engine/block_high_reg[1][0][7]
  -------------------------------------------------------------------
                         required time                         14.743    <hidden>
                         arrival time                         -14.307    <hidden>
  -------------------------------------------------------------------
                         slack                                  0.436    <hidden>

Slack (MET) :             0.436ns  (required time - arrival time)
  Source:                 u_core/g_engine[0].u_engine/scan_first_pipe_reg/C
                            (rising edge-triggered cell FDRE clocked by sys_clk_pin  {rise@0.000ns fall@5.000ns period=10.000ns})
  Destination:            u_core/g_engine[0].u_engine/block_high_reg[1][0][8]/CE
                            (rising edge-triggered cell FDRE clocked by sys_clk_pin  {rise@0.000ns fall@5.000ns period=10.000ns})
  Path Group:             sys_clk_pin
  Path Type:              Setup (Max at Slow Process Corner)
  Requirement:            10.000ns  (sys_clk_pin rise@10.000ns - sys_clk_pin rise@0.000ns)
  Data Path Delay:        9.101ns  (logic 3.858ns (42.389%)  route 5.243ns (57.611%))
  Logic Levels:           10  (CARRY4=5 LUT2=1 LUT3=2 LUT4=1 LUT5=1)
  Clock Path Skew:        -0.034ns (DCD - SCD + CPR)
    Destination Clock Delay (DCD):    4.912ns = ( 14.912 - 10.000 ) 
    Source Clock Delay      (SCD):    5.205ns
    Clock Pessimism Removal (CPR):    0.259ns
  Clock Uncertainty:      0.035ns  ((TSJ^2 + TIJ^2)^1/2 + DJ) / 2 + PE
    Total System Jitter     (TSJ):    0.071ns
    Total Input Jitter      (TIJ):    0.000ns
    Discrete Jitter          (DJ):    0.000ns
    Phase Error              (PE):    0.000ns

    Location             Delay type                Incr(ns)  Path(ns)    Netlist Resource(s)
  -------------------------------------------------------------------    -------------------
                         (clock sys_clk_pin rise edge)
                                                      0.000     0.000 r  <hidden>
    E3                                                0.000     0.000 r  clk100mhz
                         net (fo=0)                   0.000     0.000    clk100mhz
    E3                   IBUF (Prop_ibuf_I_O)         1.482     1.482 r  clk100mhz_IBUF_inst/O
                         net (fo=1, routed)           2.025     3.506    clk100mhz_IBUF
    BUFGCTRL_X0Y16       BUFG (Prop_bufg_I_O)         0.096     3.602 r  clk100mhz_IBUF_BUFG_inst/O
                         net (fo=4115, routed)        1.603     5.205    u_core/g_engine[0].u_engine/clk100mhz_IBUF_BUFG
    SLICE_X65Y121        FDRE                                         r  u_core/g_engine[0].u_engine/scan_first_pipe_reg/C
  -------------------------------------------------------------------    -------------------
    SLICE_X65Y121        FDRE (Prop_fdre_C_Q)         0.456     5.661 r  u_core/g_engine[0].u_engine/scan_first_pipe_reg/Q
                         net (fo=106, routed)         0.694     6.356    u_core/g_engine[0].u_engine/scan_first_pipe
    SLICE_X63Y121        LUT3 (Prop_lut3_I0_O)        0.124     6.480 r  u_core/g_engine[0].u_engine/cumulative[3]_i_9/O
                         net (fo=1, routed)           0.000     6.480    u_core/g_engine[0].u_engine/cumulative[3]_i_9_n_0
    SLICE_X63Y121        CARRY4 (Prop_carry4_S[1]_CO[3])
                                                      0.550     7.030 r  u_core/g_engine[0].u_engine/cumulative_reg[3]_i_2/CO[3]
                         net (fo=1, routed)           0.000     7.030    u_core/g_engine[0].u_engine/cumulative_reg[3]_i_2_n_0
    SLICE_X63Y122        CARRY4 (Prop_carry4_CI_O[2])
                                                      0.239     7.269 r  u_core/g_engine[0].u_engine/cumulative_reg[7]_i_2/O[2]
                         net (fo=4, routed)           0.612     7.881    u_core/g_engine[0].u_engine/cumulative_next[6]
    SLICE_X65Y122        LUT2 (Prop_lut2_I1_O)        0.302     8.183 r  u_core/g_engine[0].u_engine/block_high[1][0][10]_i_33/O
                         net (fo=1, routed)           0.000     8.183    u_core/g_engine[0].u_engine/block_high[1][0][10]_i_33_n_0
    SLICE_X65Y122        CARRY4 (Prop_carry4_S[1]_CO[3])
                                                      0.550     8.733 r  u_core/g_engine[0].u_engine/block_high_reg[1][0][10]_i_27/CO[3]
                         net (fo=1, routed)           0.000     8.733    u_core/g_engine[0].u_engine/block_high_reg[1][0][10]_i_27_n_0
    SLICE_X65Y123        CARRY4 (Prop_carry4_CI_O[1])
                                                      0.334     9.067 r  u_core/g_engine[0].u_engine/block_high_reg[1][0][10]_i_25/O[1]
                         net (fo=2, routed)           0.840     9.906    u_core/g_engine[0].u_engine/u_step/five_cumulative[10]
    SLICE_X64Y125        LUT3 (Prop_lut3_I0_O)        0.303    10.209 r  u_core/g_engine[0].u_engine/block_high[1][0][10]_i_13/O
                         net (fo=1, routed)           0.000    10.209    u_core/g_engine[0].u_engine/block_high[1][0][10]_i_13_n_0
    SLICE_X64Y125        CARRY4 (Prop_carry4_S[1]_CO[2])
                                                      0.570    10.779 r  u_core/g_engine[0].u_engine/block_high_reg[1][0][10]_i_6/CO[2]
                         net (fo=3, routed)           0.719    11.498    u_core/g_engine[0].u_engine/block_high_reg[1][0][10]_i_6_n_1
    SLICE_X64Y130        LUT4 (Prop_lut4_I0_O)        0.313    11.811 r  u_core/g_engine[0].u_engine/block_high[1][0][10]_i_5/O
                         net (fo=107, routed)         1.371    13.182    u_core/g_engine[0].u_engine/selected0
    SLICE_X54Y140        LUT5 (Prop_lut5_I4_O)        0.117    13.299 r  u_core/g_engine[0].u_engine/block_high[1][0][10]_i_1/O
                         net (fo=13, routed)          1.007    14.307    u_core/g_engine[0].u_engine/block_high[1][0][10]_i_1_n_0
    SLICE_X62Y136        FDRE                                         r  u_core/g_engine[0].u_engine/block_high_reg[1][0][8]/CE
  -------------------------------------------------------------------    -------------------

                         (clock sys_clk_pin rise edge)
                                                     10.000    10.000 r  <hidden>
    E3                                                0.000    10.000 r  clk100mhz
                         net (fo=0)                   0.000    10.000    clk100mhz
    E3                   IBUF (Prop_ibuf_I_O)         1.411    11.411 r  clk100mhz_IBUF_inst/O
                         net (fo=1, routed)           1.920    13.331    clk100mhz_IBUF
    BUFGCTRL_X0Y16       BUFG (Prop_bufg_I_O)         0.091    13.422 r  clk100mhz_IBUF_BUFG_inst/O
                         net (fo=4115, routed)        1.490    14.912    u_core/g_engine[0].u_engine/clk100mhz_IBUF_BUFG
    SLICE_X62Y136        FDRE                                         r  u_core/g_engine[0].u_engine/block_high_reg[1][0][8]/C
                         clock pessimism              0.259    15.171    <hidden>
                         clock uncertainty           -0.035    15.136    <hidden>
    SLICE_X62Y136        FDRE (Setup_fdre_C_CE)      -0.393    14.743    u_core/g_engine[0].u_engine/block_high_reg[1][0][8]
  -------------------------------------------------------------------
                         required time                         14.743    <hidden>
                         arrival time                         -14.307    <hidden>
  -------------------------------------------------------------------
                         slack                                  0.436    <hidden>

Slack (MET) :             0.459ns  (required time - arrival time)
  Source:                 u_core/g_engine[0].u_engine/scan_first_pipe_reg/C
                            (rising edge-triggered cell FDRE clocked by sys_clk_pin  {rise@0.000ns fall@5.000ns period=10.000ns})
  Destination:            u_core/g_engine[0].u_engine/block_high_reg[1][2][6]/CE
                            (rising edge-triggered cell FDRE clocked by sys_clk_pin  {rise@0.000ns fall@5.000ns period=10.000ns})
  Path Group:             sys_clk_pin
  Path Type:              Setup (Max at Slow Process Corner)
  Requirement:            10.000ns  (sys_clk_pin rise@10.000ns - sys_clk_pin rise@0.000ns)
  Data Path Delay:        9.060ns  (logic 3.860ns (42.605%)  route 5.200ns (57.395%))
  Logic Levels:           10  (CARRY4=5 LUT2=1 LUT3=2 LUT4=1 LUT5=1)
  Clock Path Skew:        -0.033ns (DCD - SCD + CPR)
    Destination Clock Delay (DCD):    4.913ns = ( 14.913 - 10.000 ) 
    Source Clock Delay      (SCD):    5.205ns
    Clock Pessimism Removal (CPR):    0.259ns
  Clock Uncertainty:      0.035ns  ((TSJ^2 + TIJ^2)^1/2 + DJ) / 2 + PE
    Total System Jitter     (TSJ):    0.071ns
    Total Input Jitter      (TIJ):    0.000ns
    Discrete Jitter          (DJ):    0.000ns
    Phase Error              (PE):    0.000ns

    Location             Delay type                Incr(ns)  Path(ns)    Netlist Resource(s)
  -------------------------------------------------------------------    -------------------
                         (clock sys_clk_pin rise edge)
                                                      0.000     0.000 r  <hidden>
    E3                                                0.000     0.000 r  clk100mhz
                         net (fo=0)                   0.000     0.000    clk100mhz
    E3                   IBUF (Prop_ibuf_I_O)         1.482     1.482 r  clk100mhz_IBUF_inst/O
                         net (fo=1, routed)           2.025     3.506    clk100mhz_IBUF
    BUFGCTRL_X0Y16       BUFG (Prop_bufg_I_O)         0.096     3.602 r  clk100mhz_IBUF_BUFG_inst/O
                         net (fo=4115, routed)        1.603     5.205    u_core/g_engine[0].u_engine/clk100mhz_IBUF_BUFG
    SLICE_X65Y121        FDRE                                         r  u_core/g_engine[0].u_engine/scan_first_pipe_reg/C
  -------------------------------------------------------------------    -------------------
    SLICE_X65Y121        FDRE (Prop_fdre_C_Q)         0.456     5.661 r  u_core/g_engine[0].u_engine/scan_first_pipe_reg/Q
                         net (fo=106, routed)         0.694     6.356    u_core/g_engine[0].u_engine/scan_first_pipe
    SLICE_X63Y121        LUT3 (Prop_lut3_I0_O)        0.124     6.480 r  u_core/g_engine[0].u_engine/cumulative[3]_i_9/O
                         net (fo=1, routed)           0.000     6.480    u_core/g_engine[0].u_engine/cumulative[3]_i_9_n_0
    SLICE_X63Y121        CARRY4 (Prop_carry4_S[1]_CO[3])
                                                      0.550     7.030 r  u_core/g_engine[0].u_engine/cumulative_reg[3]_i_2/CO[3]
                         net (fo=1, routed)           0.000     7.030    u_core/g_engine[0].u_engine/cumulative_reg[3]_i_2_n_0
    SLICE_X63Y122        CARRY4 (Prop_carry4_CI_O[2])
                                                      0.239     7.269 r  u_core/g_engine[0].u_engine/cumulative_reg[7]_i_2/O[2]
                         net (fo=4, routed)           0.612     7.881    u_core/g_engine[0].u_engine/cumulative_next[6]
    SLICE_X65Y122        LUT2 (Prop_lut2_I1_O)        0.302     8.183 r  u_core/g_engine[0].u_engine/block_high[1][0][10]_i_33/O
                         net (fo=1, routed)           0.000     8.183    u_core/g_engine[0].u_engine/block_high[1][0][10]_i_33_n_0
    SLICE_X65Y122        CARRY4 (Prop_carry4_S[1]_CO[3])
                                                      0.550     8.733 r  u_core/g_engine[0].u_engine/block_high_reg[1][0][10]_i_27/CO[3]
                         net (fo=1, routed)           0.000     8.733    u_core/g_engine[0].u_engine/block_high_reg[1][0][10]_i_27_n_0
    SLICE_X65Y123        CARRY4 (Prop_carry4_CI_O[1])
                                                      0.334     9.067 r  u_core/g_engine[0].u_engine/block_high_reg[1][0][10]_i_25/O[1]
                         net (fo=2, routed)           0.840     9.906    u_core/g_engine[0].u_engine/u_step/five_cumulative[10]
    SLICE_X64Y125        LUT3 (Prop_lut3_I0_O)        0.303    10.209 r  u_core/g_engine[0].u_engine/block_high[1][0][10]_i_13/O
                         net (fo=1, routed)           0.000    10.209    u_core/g_engine[0].u_engine/block_high[1][0][10]_i_13_n_0
    SLICE_X64Y125        CARRY4 (Prop_carry4_S[1]_CO[2])
                                                      0.570    10.779 r  u_core/g_engine[0].u_engine/block_high_reg[1][0][10]_i_6/CO[2]
                         net (fo=3, routed)           0.719    11.498    u_core/g_engine[0].u_engine/block_high_reg[1][0][10]_i_6_n_1
    SLICE_X64Y130        LUT4 (Prop_lut4_I0_O)        0.313    11.811 r  u_core/g_engine[0].u_engine/block_high[1][0][10]_i_5/O
                         net (fo=107, routed)         1.312    13.123    u_core/g_engine[0].u_engine/selected0
    SLICE_X57Y139        LUT5 (Prop_lut5_I4_O)        0.119    13.242 r  u_core/g_engine[0].u_engine/block_high[1][2][10]_i_1/O
                         net (fo=13, routed)          1.023    14.265    u_core/g_engine[0].u_engine/block_high[1][2][10]_i_1_n_0
    SLICE_X64Y135        FDRE                                         r  u_core/g_engine[0].u_engine/block_high_reg[1][2][6]/CE
  -------------------------------------------------------------------    -------------------

                         (clock sys_clk_pin rise edge)
                                                     10.000    10.000 r  <hidden>
    E3                                                0.000    10.000 r  clk100mhz
                         net (fo=0)                   0.000    10.000    clk100mhz
    E3                   IBUF (Prop_ibuf_I_O)         1.411    11.411 r  clk100mhz_IBUF_inst/O
                         net (fo=1, routed)           1.920    13.331    clk100mhz_IBUF
    BUFGCTRL_X0Y16       BUFG (Prop_bufg_I_O)         0.091    13.422 r  clk100mhz_IBUF_BUFG_inst/O
                         net (fo=4115, routed)        1.491    14.913    u_core/g_engine[0].u_engine/clk100mhz_IBUF_BUFG
    SLICE_X64Y135        FDRE                                         r  u_core/g_engine[0].u_engine/block_high_reg[1][2][6]/C
                         clock pessimism              0.259    15.172    <hidden>
                         clock uncertainty           -0.035    15.137    <hidden>
    SLICE_X64Y135        FDRE (Setup_fdre_C_CE)      -0.413    14.724    u_core/g_engine[0].u_engine/block_high_reg[1][2][6]
  -------------------------------------------------------------------
                         required time                         14.724    <hidden>
                         arrival time                         -14.265    <hidden>
  -------------------------------------------------------------------
                         slack                                  0.459    <hidden>

Slack (MET) :             0.501ns  (required time - arrival time)
  Source:                 u_core/g_engine[0].u_engine/scan_first_pipe_reg/C
                            (rising edge-triggered cell FDRE clocked by sys_clk_pin  {rise@0.000ns fall@5.000ns period=10.000ns})
  Destination:            u_core/g_engine[0].u_engine/block_high_reg[1][1][6]/CE
                            (rising edge-triggered cell FDRE clocked by sys_clk_pin  {rise@0.000ns fall@5.000ns period=10.000ns})
  Path Group:             sys_clk_pin
  Path Type:              Setup (Max at Slow Process Corner)
  Requirement:            10.000ns  (sys_clk_pin rise@10.000ns - sys_clk_pin rise@0.000ns)
  Data Path Delay:        9.016ns  (logic 3.860ns (42.815%)  route 5.156ns (57.185%))
  Logic Levels:           10  (CARRY4=5 LUT2=1 LUT3=2 LUT4=1 LUT5=1)
  Clock Path Skew:        -0.035ns (DCD - SCD + CPR)
    Destination Clock Delay (DCD):    4.911ns = ( 14.911 - 10.000 ) 
    Source Clock Delay      (SCD):    5.205ns
    Clock Pessimism Removal (CPR):    0.259ns
  Clock Uncertainty:      0.035ns  ((TSJ^2 + TIJ^2)^1/2 + DJ) / 2 + PE
    Total System Jitter     (TSJ):    0.071ns
    Total Input Jitter      (TIJ):    0.000ns
    Discrete Jitter          (DJ):    0.000ns
    Phase Error              (PE):    0.000ns

    Location             Delay type                Incr(ns)  Path(ns)    Netlist Resource(s)
  -------------------------------------------------------------------    -------------------
                         (clock sys_clk_pin rise edge)
                                                      0.000     0.000 r  <hidden>
    E3                                                0.000     0.000 r  clk100mhz
                         net (fo=0)                   0.000     0.000    clk100mhz
    E3                   IBUF (Prop_ibuf_I_O)         1.482     1.482 r  clk100mhz_IBUF_inst/O
                         net (fo=1, routed)           2.025     3.506    clk100mhz_IBUF
    BUFGCTRL_X0Y16       BUFG (Prop_bufg_I_O)         0.096     3.602 r  clk100mhz_IBUF_BUFG_inst/O
                         net (fo=4115, routed)        1.603     5.205    u_core/g_engine[0].u_engine/clk100mhz_IBUF_BUFG
    SLICE_X65Y121        FDRE                                         r  u_core/g_engine[0].u_engine/scan_first_pipe_reg/C
  -------------------------------------------------------------------    -------------------
    SLICE_X65Y121        FDRE (Prop_fdre_C_Q)         0.456     5.661 r  u_core/g_engine[0].u_engine/scan_first_pipe_reg/Q
                         net (fo=106, routed)         0.694     6.356    u_core/g_engine[0].u_engine/scan_first_pipe
    SLICE_X63Y121        LUT3 (Prop_lut3_I0_O)        0.124     6.480 r  u_core/g_engine[0].u_engine/cumulative[3]_i_9/O
                         net (fo=1, routed)           0.000     6.480    u_core/g_engine[0].u_engine/cumulative[3]_i_9_n_0
    SLICE_X63Y121        CARRY4 (Prop_carry4_S[1]_CO[3])
                                                      0.550     7.030 r  u_core/g_engine[0].u_engine/cumulative_reg[3]_i_2/CO[3]
                         net (fo=1, routed)           0.000     7.030    u_core/g_engine[0].u_engine/cumulative_reg[3]_i_2_n_0
    SLICE_X63Y122        CARRY4 (Prop_carry4_CI_O[2])
                                                      0.239     7.269 r  u_core/g_engine[0].u_engine/cumulative_reg[7]_i_2/O[2]
                         net (fo=4, routed)           0.612     7.881    u_core/g_engine[0].u_engine/cumulative_next[6]
    SLICE_X65Y122        LUT2 (Prop_lut2_I1_O)        0.302     8.183 r  u_core/g_engine[0].u_engine/block_high[1][0][10]_i_33/O
                         net (fo=1, routed)           0.000     8.183    u_core/g_engine[0].u_engine/block_high[1][0][10]_i_33_n_0
    SLICE_X65Y122        CARRY4 (Prop_carry4_S[1]_CO[3])
                                                      0.550     8.733 r  u_core/g_engine[0].u_engine/block_high_reg[1][0][10]_i_27/CO[3]
                         net (fo=1, routed)           0.000     8.733    u_core/g_engine[0].u_engine/block_high_reg[1][0][10]_i_27_n_0
    SLICE_X65Y123        CARRY4 (Prop_carry4_CI_O[1])
                                                      0.334     9.067 r  u_core/g_engine[0].u_engine/block_high_reg[1][0][10]_i_25/O[1]
                         net (fo=2, routed)           0.840     9.906    u_core/g_engine[0].u_engine/u_step/five_cumulative[10]
    SLICE_X64Y125        LUT3 (Prop_lut3_I0_O)        0.303    10.209 r  u_core/g_engine[0].u_engine/block_high[1][0][10]_i_13/O
                         net (fo=1, routed)           0.000    10.209    u_core/g_engine[0].u_engine/block_high[1][0][10]_i_13_n_0
    SLICE_X64Y125        CARRY4 (Prop_carry4_S[1]_CO[2])
                                                      0.570    10.779 r  u_core/g_engine[0].u_engine/block_high_reg[1][0][10]_i_6/CO[2]
                         net (fo=3, routed)           0.719    11.498    u_core/g_engine[0].u_engine/block_high_reg[1][0][10]_i_6_n_1
    SLICE_X64Y130        LUT4 (Prop_lut4_I0_O)        0.313    11.811 r  u_core/g_engine[0].u_engine/block_high[1][0][10]_i_5/O
                         net (fo=107, routed)         1.290    13.101    u_core/g_engine[0].u_engine/selected0
    SLICE_X57Y140        LUT5 (Prop_lut5_I4_O)        0.119    13.220 r  u_core/g_engine[0].u_engine/block_high[1][1][10]_i_1/O
                         net (fo=13, routed)          1.001    14.221    u_core/g_engine[0].u_engine/block_high[1][1][10]_i_1_n_0
    SLICE_X63Y134        FDRE                                         r  u_core/g_engine[0].u_engine/block_high_reg[1][1][6]/CE
  -------------------------------------------------------------------    -------------------

                         (clock sys_clk_pin rise edge)
                                                     10.000    10.000 r  <hidden>
    E3                                                0.000    10.000 r  clk100mhz
                         net (fo=0)                   0.000    10.000    clk100mhz
    E3                   IBUF (Prop_ibuf_I_O)         1.411    11.411 r  clk100mhz_IBUF_inst/O
                         net (fo=1, routed)           1.920    13.331    clk100mhz_IBUF
    BUFGCTRL_X0Y16       BUFG (Prop_bufg_I_O)         0.091    13.422 r  clk100mhz_IBUF_BUFG_inst/O
                         net (fo=4115, routed)        1.489    14.911    u_core/g_engine[0].u_engine/clk100mhz_IBUF_BUFG
    SLICE_X63Y134        FDRE                                         r  u_core/g_engine[0].u_engine/block_high_reg[1][1][6]/C
                         clock pessimism              0.259    15.170    <hidden>
                         clock uncertainty           -0.035    15.135    <hidden>
    SLICE_X63Y134        FDRE (Setup_fdre_C_CE)      -0.413    14.722    u_core/g_engine[0].u_engine/block_high_reg[1][1][6]
  -------------------------------------------------------------------
                         required time                         14.722    <hidden>
                         arrival time                         -14.221    <hidden>
  -------------------------------------------------------------------
                         slack                                  0.501    <hidden>

Slack (MET) :             0.501ns  (required time - arrival time)
  Source:                 u_core/g_engine[0].u_engine/scan_first_pipe_reg/C
                            (rising edge-triggered cell FDRE clocked by sys_clk_pin  {rise@0.000ns fall@5.000ns period=10.000ns})
  Destination:            u_core/g_engine[0].u_engine/block_high_reg[1][1][8]/CE
                            (rising edge-triggered cell FDRE clocked by sys_clk_pin  {rise@0.000ns fall@5.000ns period=10.000ns})
  Path Group:             sys_clk_pin
  Path Type:              Setup (Max at Slow Process Corner)
  Requirement:            10.000ns  (sys_clk_pin rise@10.000ns - sys_clk_pin rise@0.000ns)
  Data Path Delay:        9.016ns  (logic 3.860ns (42.815%)  route 5.156ns (57.185%))
  Logic Levels:           10  (CARRY4=5 LUT2=1 LUT3=2 LUT4=1 LUT5=1)
  Clock Path Skew:        -0.035ns (DCD - SCD + CPR)
    Destination Clock Delay (DCD):    4.911ns = ( 14.911 - 10.000 ) 
    Source Clock Delay      (SCD):    5.205ns
    Clock Pessimism Removal (CPR):    0.259ns
  Clock Uncertainty:      0.035ns  ((TSJ^2 + TIJ^2)^1/2 + DJ) / 2 + PE
    Total System Jitter     (TSJ):    0.071ns
    Total Input Jitter      (TIJ):    0.000ns
    Discrete Jitter          (DJ):    0.000ns
    Phase Error              (PE):    0.000ns

    Location             Delay type                Incr(ns)  Path(ns)    Netlist Resource(s)
  -------------------------------------------------------------------    -------------------
                         (clock sys_clk_pin rise edge)
                                                      0.000     0.000 r  <hidden>
    E3                                                0.000     0.000 r  clk100mhz
                         net (fo=0)                   0.000     0.000    clk100mhz
    E3                   IBUF (Prop_ibuf_I_O)         1.482     1.482 r  clk100mhz_IBUF_inst/O
                         net (fo=1, routed)           2.025     3.506    clk100mhz_IBUF
    BUFGCTRL_X0Y16       BUFG (Prop_bufg_I_O)         0.096     3.602 r  clk100mhz_IBUF_BUFG_inst/O
                         net (fo=4115, routed)        1.603     5.205    u_core/g_engine[0].u_engine/clk100mhz_IBUF_BUFG
    SLICE_X65Y121        FDRE                                         r  u_core/g_engine[0].u_engine/scan_first_pipe_reg/C
  -------------------------------------------------------------------    -------------------
    SLICE_X65Y121        FDRE (Prop_fdre_C_Q)         0.456     5.661 r  u_core/g_engine[0].u_engine/scan_first_pipe_reg/Q
                         net (fo=106, routed)         0.694     6.356    u_core/g_engine[0].u_engine/scan_first_pipe
    SLICE_X63Y121        LUT3 (Prop_lut3_I0_O)        0.124     6.480 r  u_core/g_engine[0].u_engine/cumulative[3]_i_9/O
                         net (fo=1, routed)           0.000     6.480    u_core/g_engine[0].u_engine/cumulative[3]_i_9_n_0
    SLICE_X63Y121        CARRY4 (Prop_carry4_S[1]_CO[3])
                                                      0.550     7.030 r  u_core/g_engine[0].u_engine/cumulative_reg[3]_i_2/CO[3]
                         net (fo=1, routed)           0.000     7.030    u_core/g_engine[0].u_engine/cumulative_reg[3]_i_2_n_0
    SLICE_X63Y122        CARRY4 (Prop_carry4_CI_O[2])
                                                      0.239     7.269 r  u_core/g_engine[0].u_engine/cumulative_reg[7]_i_2/O[2]
                         net (fo=4, routed)           0.612     7.881    u_core/g_engine[0].u_engine/cumulative_next[6]
    SLICE_X65Y122        LUT2 (Prop_lut2_I1_O)        0.302     8.183 r  u_core/g_engine[0].u_engine/block_high[1][0][10]_i_33/O
                         net (fo=1, routed)           0.000     8.183    u_core/g_engine[0].u_engine/block_high[1][0][10]_i_33_n_0
    SLICE_X65Y122        CARRY4 (Prop_carry4_S[1]_CO[3])
                                                      0.550     8.733 r  u_core/g_engine[0].u_engine/block_high_reg[1][0][10]_i_27/CO[3]
                         net (fo=1, routed)           0.000     8.733    u_core/g_engine[0].u_engine/block_high_reg[1][0][10]_i_27_n_0
    SLICE_X65Y123        CARRY4 (Prop_carry4_CI_O[1])
                                                      0.334     9.067 r  u_core/g_engine[0].u_engine/block_high_reg[1][0][10]_i_25/O[1]
                         net (fo=2, routed)           0.840     9.906    u_core/g_engine[0].u_engine/u_step/five_cumulative[10]
    SLICE_X64Y125        LUT3 (Prop_lut3_I0_O)        0.303    10.209 r  u_core/g_engine[0].u_engine/block_high[1][0][10]_i_13/O
                         net (fo=1, routed)           0.000    10.209    u_core/g_engine[0].u_engine/block_high[1][0][10]_i_13_n_0
    SLICE_X64Y125        CARRY4 (Prop_carry4_S[1]_CO[2])
                                                      0.570    10.779 r  u_core/g_engine[0].u_engine/block_high_reg[1][0][10]_i_6/CO[2]
                         net (fo=3, routed)           0.719    11.498    u_core/g_engine[0].u_engine/block_high_reg[1][0][10]_i_6_n_1
    SLICE_X64Y130        LUT4 (Prop_lut4_I0_O)        0.313    11.811 r  u_core/g_engine[0].u_engine/block_high[1][0][10]_i_5/O
                         net (fo=107, routed)         1.290    13.101    u_core/g_engine[0].u_engine/selected0
    SLICE_X57Y140        LUT5 (Prop_lut5_I4_O)        0.119    13.220 r  u_core/g_engine[0].u_engine/block_high[1][1][10]_i_1/O
                         net (fo=13, routed)          1.001    14.221    u_core/g_engine[0].u_engine/block_high[1][1][10]_i_1_n_0
    SLICE_X63Y134        FDRE                                         r  u_core/g_engine[0].u_engine/block_high_reg[1][1][8]/CE
  -------------------------------------------------------------------    -------------------

                         (clock sys_clk_pin rise edge)
                                                     10.000    10.000 r  <hidden>
    E3                                                0.000    10.000 r  clk100mhz
                         net (fo=0)                   0.000    10.000    clk100mhz
    E3                   IBUF (Prop_ibuf_I_O)         1.411    11.411 r  clk100mhz_IBUF_inst/O
                         net (fo=1, routed)           1.920    13.331    clk100mhz_IBUF
    BUFGCTRL_X0Y16       BUFG (Prop_bufg_I_O)         0.091    13.422 r  clk100mhz_IBUF_BUFG_inst/O
                         net (fo=4115, routed)        1.489    14.911    u_core/g_engine[0].u_engine/clk100mhz_IBUF_BUFG
    SLICE_X63Y134        FDRE                                         r  u_core/g_engine[0].u_engine/block_high_reg[1][1][8]/C
                         clock pessimism              0.259    15.170    <hidden>
                         clock uncertainty           -0.035    15.135    <hidden>
    SLICE_X63Y134        FDRE (Setup_fdre_C_CE)      -0.413    14.722    u_core/g_engine[0].u_engine/block_high_reg[1][1][8]
  -------------------------------------------------------------------
                         required time                         14.722    <hidden>
                         arrival time                         -14.221    <hidden>
  -------------------------------------------------------------------
                         slack                                  0.501    <hidden>

Slack (MET) :             0.502ns  (required time - arrival time)
  Source:                 u_core/g_engine[0].u_engine/scan_first_pipe_reg/C
                            (rising edge-triggered cell FDRE clocked by sys_clk_pin  {rise@0.000ns fall@5.000ns period=10.000ns})
  Destination:            u_core/g_engine[0].u_engine/block_high_reg[0][9][7]/D
                            (rising edge-triggered cell FDRE clocked by sys_clk_pin  {rise@0.000ns fall@5.000ns period=10.000ns})
  Path Group:             sys_clk_pin
  Path Type:              Setup (Max at Slow Process Corner)
  Requirement:            10.000ns  (sys_clk_pin rise@10.000ns - sys_clk_pin rise@0.000ns)
  Data Path Delay:        9.185ns  (logic 4.087ns (44.498%)  route 5.098ns (55.502%))
  Logic Levels:           10  (CARRY4=5 LUT2=1 LUT3=2 LUT4=1 LUT5=1)
  Clock Path Skew:        -0.031ns (DCD - SCD + CPR)
    Destination Clock Delay (DCD):    4.915ns = ( 14.915 - 10.000 ) 
    Source Clock Delay      (SCD):    5.205ns
    Clock Pessimism Removal (CPR):    0.259ns
  Clock Uncertainty:      0.035ns  ((TSJ^2 + TIJ^2)^1/2 + DJ) / 2 + PE
    Total System Jitter     (TSJ):    0.071ns
    Total Input Jitter      (TIJ):    0.000ns
    Discrete Jitter          (DJ):    0.000ns
    Phase Error              (PE):    0.000ns

    Location             Delay type                Incr(ns)  Path(ns)    Netlist Resource(s)
  -------------------------------------------------------------------    -------------------
                         (clock sys_clk_pin rise edge)
                                                      0.000     0.000 r  <hidden>
    E3                                                0.000     0.000 r  clk100mhz
                         net (fo=0)                   0.000     0.000    clk100mhz
    E3                   IBUF (Prop_ibuf_I_O)         1.482     1.482 r  clk100mhz_IBUF_inst/O
                         net (fo=1, routed)           2.025     3.506    clk100mhz_IBUF
    BUFGCTRL_X0Y16       BUFG (Prop_bufg_I_O)         0.096     3.602 r  clk100mhz_IBUF_BUFG_inst/O
                         net (fo=4115, routed)        1.603     5.205    u_core/g_engine[0].u_engine/clk100mhz_IBUF_BUFG
    SLICE_X65Y121        FDRE                                         r  u_core/g_engine[0].u_engine/scan_first_pipe_reg/C
  -------------------------------------------------------------------    -------------------
    SLICE_X65Y121        FDRE (Prop_fdre_C_Q)         0.456     5.661 r  u_core/g_engine[0].u_engine/scan_first_pipe_reg/Q
                         net (fo=106, routed)         0.694     6.356    u_core/g_engine[0].u_engine/scan_first_pipe
    SLICE_X63Y121        LUT3 (Prop_lut3_I0_O)        0.124     6.480 r  u_core/g_engine[0].u_engine/cumulative[3]_i_9/O
                         net (fo=1, routed)           0.000     6.480    u_core/g_engine[0].u_engine/cumulative[3]_i_9_n_0
    SLICE_X63Y121        CARRY4 (Prop_carry4_S[1]_CO[3])
                                                      0.550     7.030 r  u_core/g_engine[0].u_engine/cumulative_reg[3]_i_2/CO[3]
                         net (fo=1, routed)           0.000     7.030    u_core/g_engine[0].u_engine/cumulative_reg[3]_i_2_n_0
    SLICE_X63Y122        CARRY4 (Prop_carry4_CI_O[2])
                                                      0.239     7.269 r  u_core/g_engine[0].u_engine/cumulative_reg[7]_i_2/O[2]
                         net (fo=4, routed)           0.612     7.881    u_core/g_engine[0].u_engine/cumulative_next[6]
    SLICE_X65Y122        LUT2 (Prop_lut2_I1_O)        0.302     8.183 r  u_core/g_engine[0].u_engine/block_high[1][0][10]_i_33/O
                         net (fo=1, routed)           0.000     8.183    u_core/g_engine[0].u_engine/block_high[1][0][10]_i_33_n_0
    SLICE_X65Y122        CARRY4 (Prop_carry4_S[1]_CO[3])
                                                      0.550     8.733 r  u_core/g_engine[0].u_engine/block_high_reg[1][0][10]_i_27/CO[3]
                         net (fo=1, routed)           0.000     8.733    u_core/g_engine[0].u_engine/block_high_reg[1][0][10]_i_27_n_0
    SLICE_X65Y123        CARRY4 (Prop_carry4_CI_O[1])
                                                      0.334     9.067 r  u_core/g_engine[0].u_engine/block_high_reg[1][0][10]_i_25/O[1]
                         net (fo=2, routed)           0.840     9.906    u_core/g_engine[0].u_engine/u_step/five_cumulative[10]
    SLICE_X64Y125        LUT3 (Prop_lut3_I0_O)        0.303    10.209 r  u_core/g_engine[0].u_engine/block_high[1][0][10]_i_13/O
                         net (fo=1, routed)           0.000    10.209    u_core/g_engine[0].u_engine/block_high[1][0][10]_i_13_n_0
    SLICE_X64Y125        CARRY4 (Prop_carry4_S[1]_CO[2])
                                                      0.570    10.779 r  u_core/g_engine[0].u_engine/block_high_reg[1][0][10]_i_6/CO[2]
                         net (fo=3, routed)           0.715    11.494    u_core/g_engine[0].u_engine/block_high_reg[1][0][10]_i_6_n_1
    SLICE_X64Y130        LUT4 (Prop_lut4_I0_O)        0.307    11.801 r  u_core/g_engine[0].u_engine/block_high[1][8][10]_i_4/O
                         net (fo=120, routed)         1.606    13.408    u_core/g_engine[0].u_engine/block_high[1][8][10]_i_4_n_0
    SLICE_X59Y144        LUT5 (Prop_lut5_I0_O)        0.352    13.760 r  u_core/g_engine[0].u_engine/block_high[1][9][7]_i_1/O
                         net (fo=2, routed)           0.630    14.390    u_core/g_engine[0].u_engine/block_high[1][9][7]_i_1_n_0
    SLICE_X58Y144        FDRE                                         r  u_core/g_engine[0].u_engine/block_high_reg[0][9][7]/D
  -------------------------------------------------------------------    -------------------

                         (clock sys_clk_pin rise edge)
                                                     10.000    10.000 r  <hidden>
    E3                                                0.000    10.000 r  clk100mhz
                         net (fo=0)                   0.000    10.000    clk100mhz
    E3                   IBUF (Prop_ibuf_I_O)         1.411    11.411 r  clk100mhz_IBUF_inst/O
                         net (fo=1, routed)           1.920    13.331    clk100mhz_IBUF
    BUFGCTRL_X0Y16       BUFG (Prop_bufg_I_O)         0.091    13.422 r  clk100mhz_IBUF_BUFG_inst/O
                         net (fo=4115, routed)        1.493    14.915    u_core/g_engine[0].u_engine/clk100mhz_IBUF_BUFG
    SLICE_X58Y144        FDRE                                         r  u_core/g_engine[0].u_engine/block_high_reg[0][9][7]/C
                         clock pessimism              0.259    15.174    <hidden>
                         clock uncertainty           -0.035    15.139    <hidden>
    SLICE_X58Y144        FDRE (Setup_fdre_C_D)       -0.247    14.892    u_core/g_engine[0].u_engine/block_high_reg[0][9][7]
  -------------------------------------------------------------------
                         required time                         14.892    <hidden>
                         arrival time                         -14.390    <hidden>
  -------------------------------------------------------------------
                         slack                                  0.502    <hidden>

Slack (MET) :             0.533ns  (required time - arrival time)
  Source:                 u_core/g_engine[0].u_engine/scan_first_pipe_reg/C
                            (rising edge-triggered cell FDRE clocked by sys_clk_pin  {rise@0.000ns fall@5.000ns period=10.000ns})
  Destination:            u_core/g_engine[0].u_engine/block_high_reg[1][2][7]/CE
                            (rising edge-triggered cell FDRE clocked by sys_clk_pin  {rise@0.000ns fall@5.000ns period=10.000ns})
  Path Group:             sys_clk_pin
  Path Type:              Setup (Max at Slow Process Corner)
  Requirement:            10.000ns  (sys_clk_pin rise@10.000ns - sys_clk_pin rise@0.000ns)
  Data Path Delay:        9.022ns  (logic 3.860ns (42.785%)  route 5.162ns (57.215%))
  Logic Levels:           10  (CARRY4=5 LUT2=1 LUT3=2 LUT4=1 LUT5=1)
  Clock Path Skew:        -0.033ns (DCD - SCD + CPR)
    Destination Clock Delay (DCD):    4.913ns = ( 14.913 - 10.000 ) 
    Source Clock Delay      (SCD):    5.205ns
    Clock Pessimism Removal (CPR):    0.259ns
  Clock Uncertainty:      0.035ns  ((TSJ^2 + TIJ^2)^1/2 + DJ) / 2 + PE
    Total System Jitter     (TSJ):    0.071ns
    Total Input Jitter      (TIJ):    0.000ns
    Discrete Jitter          (DJ):    0.000ns
    Phase Error              (PE):    0.000ns

    Location             Delay type                Incr(ns)  Path(ns)    Netlist Resource(s)
  -------------------------------------------------------------------    -------------------
                         (clock sys_clk_pin rise edge)
                                                      0.000     0.000 r  <hidden>
    E3                                                0.000     0.000 r  clk100mhz
                         net (fo=0)                   0.000     0.000    clk100mhz
    E3                   IBUF (Prop_ibuf_I_O)         1.482     1.482 r  clk100mhz_IBUF_inst/O
                         net (fo=1, routed)           2.025     3.506    clk100mhz_IBUF
    BUFGCTRL_X0Y16       BUFG (Prop_bufg_I_O)         0.096     3.602 r  clk100mhz_IBUF_BUFG_inst/O
                         net (fo=4115, routed)        1.603     5.205    u_core/g_engine[0].u_engine/clk100mhz_IBUF_BUFG
    SLICE_X65Y121        FDRE                                         r  u_core/g_engine[0].u_engine/scan_first_pipe_reg/C
  -------------------------------------------------------------------    -------------------
    SLICE_X65Y121        FDRE (Prop_fdre_C_Q)         0.456     5.661 r  u_core/g_engine[0].u_engine/scan_first_pipe_reg/Q
                         net (fo=106, routed)         0.694     6.356    u_core/g_engine[0].u_engine/scan_first_pipe
    SLICE_X63Y121        LUT3 (Prop_lut3_I0_O)        0.124     6.480 r  u_core/g_engine[0].u_engine/cumulative[3]_i_9/O
                         net (fo=1, routed)           0.000     6.480    u_core/g_engine[0].u_engine/cumulative[3]_i_9_n_0
    SLICE_X63Y121        CARRY4 (Prop_carry4_S[1]_CO[3])
                                                      0.550     7.030 r  u_core/g_engine[0].u_engine/cumulative_reg[3]_i_2/CO[3]
                         net (fo=1, routed)           0.000     7.030    u_core/g_engine[0].u_engine/cumulative_reg[3]_i_2_n_0
    SLICE_X63Y122        CARRY4 (Prop_carry4_CI_O[2])
                                                      0.239     7.269 r  u_core/g_engine[0].u_engine/cumulative_reg[7]_i_2/O[2]
                         net (fo=4, routed)           0.612     7.881    u_core/g_engine[0].u_engine/cumulative_next[6]
    SLICE_X65Y122        LUT2 (Prop_lut2_I1_O)        0.302     8.183 r  u_core/g_engine[0].u_engine/block_high[1][0][10]_i_33/O
                         net (fo=1, routed)           0.000     8.183    u_core/g_engine[0].u_engine/block_high[1][0][10]_i_33_n_0
    SLICE_X65Y122        CARRY4 (Prop_carry4_S[1]_CO[3])
                                                      0.550     8.733 r  u_core/g_engine[0].u_engine/block_high_reg[1][0][10]_i_27/CO[3]
                         net (fo=1, routed)           0.000     8.733    u_core/g_engine[0].u_engine/block_high_reg[1][0][10]_i_27_n_0
    SLICE_X65Y123        CARRY4 (Prop_carry4_CI_O[1])
                                                      0.334     9.067 r  u_core/g_engine[0].u_engine/block_high_reg[1][0][10]_i_25/O[1]
                         net (fo=2, routed)           0.840     9.906    u_core/g_engine[0].u_engine/u_step/five_cumulative[10]
    SLICE_X64Y125        LUT3 (Prop_lut3_I0_O)        0.303    10.209 r  u_core/g_engine[0].u_engine/block_high[1][0][10]_i_13/O
                         net (fo=1, routed)           0.000    10.209    u_core/g_engine[0].u_engine/block_high[1][0][10]_i_13_n_0
    SLICE_X64Y125        CARRY4 (Prop_carry4_S[1]_CO[2])
                                                      0.570    10.779 r  u_core/g_engine[0].u_engine/block_high_reg[1][0][10]_i_6/CO[2]
                         net (fo=3, routed)           0.719    11.498    u_core/g_engine[0].u_engine/block_high_reg[1][0][10]_i_6_n_1
    SLICE_X64Y130        LUT4 (Prop_lut4_I0_O)        0.313    11.811 r  u_core/g_engine[0].u_engine/block_high[1][0][10]_i_5/O
                         net (fo=107, routed)         1.312    13.123    u_core/g_engine[0].u_engine/selected0
    SLICE_X57Y139        LUT5 (Prop_lut5_I4_O)        0.119    13.242 r  u_core/g_engine[0].u_engine/block_high[1][2][10]_i_1/O
                         net (fo=13, routed)          0.985    14.227    u_core/g_engine[0].u_engine/block_high[1][2][10]_i_1_n_0
    SLICE_X66Y136        FDRE                                         r  u_core/g_engine[0].u_engine/block_high_reg[1][2][7]/CE
  -------------------------------------------------------------------    -------------------

                         (clock sys_clk_pin rise edge)
                                                     10.000    10.000 r  <hidden>
    E3                                                0.000    10.000 r  clk100mhz
                         net (fo=0)                   0.000    10.000    clk100mhz
    E3                   IBUF (Prop_ibuf_I_O)         1.411    11.411 r  clk100mhz_IBUF_inst/O
                         net (fo=1, routed)           1.920    13.331    clk100mhz_IBUF
    BUFGCTRL_X0Y16       BUFG (Prop_bufg_I_O)         0.091    13.422 r  clk100mhz_IBUF_BUFG_inst/O
                         net (fo=4115, routed)        1.491    14.913    u_core/g_engine[0].u_engine/clk100mhz_IBUF_BUFG
    SLICE_X66Y136        FDRE                                         r  u_core/g_engine[0].u_engine/block_high_reg[1][2][7]/C
                         clock pessimism              0.259    15.172    <hidden>
                         clock uncertainty           -0.035    15.137    <hidden>
    SLICE_X66Y136        FDRE (Setup_fdre_C_CE)      -0.377    14.760    u_core/g_engine[0].u_engine/block_high_reg[1][2][7]
  -------------------------------------------------------------------
                         required time                         14.760    <hidden>
                         arrival time                         -14.227    <hidden>
  -------------------------------------------------------------------
                         slack                                  0.533    <hidden>

Slack (MET) :             0.533ns  (required time - arrival time)
  Source:                 u_core/g_engine[0].u_engine/scan_first_pipe_reg/C
                            (rising edge-triggered cell FDRE clocked by sys_clk_pin  {rise@0.000ns fall@5.000ns period=10.000ns})
  Destination:            u_core/g_engine[0].u_engine/block_high_reg[1][2][8]/CE
                            (rising edge-triggered cell FDRE clocked by sys_clk_pin  {rise@0.000ns fall@5.000ns period=10.000ns})
  Path Group:             sys_clk_pin
  Path Type:              Setup (Max at Slow Process Corner)
  Requirement:            10.000ns  (sys_clk_pin rise@10.000ns - sys_clk_pin rise@0.000ns)
  Data Path Delay:        9.022ns  (logic 3.860ns (42.785%)  route 5.162ns (57.215%))
  Logic Levels:           10  (CARRY4=5 LUT2=1 LUT3=2 LUT4=1 LUT5=1)
  Clock Path Skew:        -0.033ns (DCD - SCD + CPR)
    Destination Clock Delay (DCD):    4.913ns = ( 14.913 - 10.000 ) 
    Source Clock Delay      (SCD):    5.205ns
    Clock Pessimism Removal (CPR):    0.259ns
  Clock Uncertainty:      0.035ns  ((TSJ^2 + TIJ^2)^1/2 + DJ) / 2 + PE
    Total System Jitter     (TSJ):    0.071ns
    Total Input Jitter      (TIJ):    0.000ns
    Discrete Jitter          (DJ):    0.000ns
    Phase Error              (PE):    0.000ns

    Location             Delay type                Incr(ns)  Path(ns)    Netlist Resource(s)
  -------------------------------------------------------------------    -------------------
                         (clock sys_clk_pin rise edge)
                                                      0.000     0.000 r  <hidden>
    E3                                                0.000     0.000 r  clk100mhz
                         net (fo=0)                   0.000     0.000    clk100mhz
    E3                   IBUF (Prop_ibuf_I_O)         1.482     1.482 r  clk100mhz_IBUF_inst/O
                         net (fo=1, routed)           2.025     3.506    clk100mhz_IBUF
    BUFGCTRL_X0Y16       BUFG (Prop_bufg_I_O)         0.096     3.602 r  clk100mhz_IBUF_BUFG_inst/O
                         net (fo=4115, routed)        1.603     5.205    u_core/g_engine[0].u_engine/clk100mhz_IBUF_BUFG
    SLICE_X65Y121        FDRE                                         r  u_core/g_engine[0].u_engine/scan_first_pipe_reg/C
  -------------------------------------------------------------------    -------------------
    SLICE_X65Y121        FDRE (Prop_fdre_C_Q)         0.456     5.661 r  u_core/g_engine[0].u_engine/scan_first_pipe_reg/Q
                         net (fo=106, routed)         0.694     6.356    u_core/g_engine[0].u_engine/scan_first_pipe
    SLICE_X63Y121        LUT3 (Prop_lut3_I0_O)        0.124     6.480 r  u_core/g_engine[0].u_engine/cumulative[3]_i_9/O
                         net (fo=1, routed)           0.000     6.480    u_core/g_engine[0].u_engine/cumulative[3]_i_9_n_0
    SLICE_X63Y121        CARRY4 (Prop_carry4_S[1]_CO[3])
                                                      0.550     7.030 r  u_core/g_engine[0].u_engine/cumulative_reg[3]_i_2/CO[3]
                         net (fo=1, routed)           0.000     7.030    u_core/g_engine[0].u_engine/cumulative_reg[3]_i_2_n_0
    SLICE_X63Y122        CARRY4 (Prop_carry4_CI_O[2])
                                                      0.239     7.269 r  u_core/g_engine[0].u_engine/cumulative_reg[7]_i_2/O[2]
                         net (fo=4, routed)           0.612     7.881    u_core/g_engine[0].u_engine/cumulative_next[6]
    SLICE_X65Y122        LUT2 (Prop_lut2_I1_O)        0.302     8.183 r  u_core/g_engine[0].u_engine/block_high[1][0][10]_i_33/O
                         net (fo=1, routed)           0.000     8.183    u_core/g_engine[0].u_engine/block_high[1][0][10]_i_33_n_0
    SLICE_X65Y122        CARRY4 (Prop_carry4_S[1]_CO[3])
                                                      0.550     8.733 r  u_core/g_engine[0].u_engine/block_high_reg[1][0][10]_i_27/CO[3]
                         net (fo=1, routed)           0.000     8.733    u_core/g_engine[0].u_engine/block_high_reg[1][0][10]_i_27_n_0
    SLICE_X65Y123        CARRY4 (Prop_carry4_CI_O[1])
                                                      0.334     9.067 r  u_core/g_engine[0].u_engine/block_high_reg[1][0][10]_i_25/O[1]
                         net (fo=2, routed)           0.840     9.906    u_core/g_engine[0].u_engine/u_step/five_cumulative[10]
    SLICE_X64Y125        LUT3 (Prop_lut3_I0_O)        0.303    10.209 r  u_core/g_engine[0].u_engine/block_high[1][0][10]_i_13/O
                         net (fo=1, routed)           0.000    10.209    u_core/g_engine[0].u_engine/block_high[1][0][10]_i_13_n_0
    SLICE_X64Y125        CARRY4 (Prop_carry4_S[1]_CO[2])
                                                      0.570    10.779 r  u_core/g_engine[0].u_engine/block_high_reg[1][0][10]_i_6/CO[2]
                         net (fo=3, routed)           0.719    11.498    u_core/g_engine[0].u_engine/block_high_reg[1][0][10]_i_6_n_1
    SLICE_X64Y130        LUT4 (Prop_lut4_I0_O)        0.313    11.811 r  u_core/g_engine[0].u_engine/block_high[1][0][10]_i_5/O
                         net (fo=107, routed)         1.312    13.123    u_core/g_engine[0].u_engine/selected0
    SLICE_X57Y139        LUT5 (Prop_lut5_I4_O)        0.119    13.242 r  u_core/g_engine[0].u_engine/block_high[1][2][10]_i_1/O
                         net (fo=13, routed)          0.985    14.227    u_core/g_engine[0].u_engine/block_high[1][2][10]_i_1_n_0
    SLICE_X66Y136        FDRE                                         r  u_core/g_engine[0].u_engine/block_high_reg[1][2][8]/CE
  -------------------------------------------------------------------    -------------------

                         (clock sys_clk_pin rise edge)
                                                     10.000    10.000 r  <hidden>
    E3                                                0.000    10.000 r  clk100mhz
                         net (fo=0)                   0.000    10.000    clk100mhz
    E3                   IBUF (Prop_ibuf_I_O)         1.411    11.411 r  clk100mhz_IBUF_inst/O
                         net (fo=1, routed)           1.920    13.331    clk100mhz_IBUF
    BUFGCTRL_X0Y16       BUFG (Prop_bufg_I_O)         0.091    13.422 r  clk100mhz_IBUF_BUFG_inst/O
                         net (fo=4115, routed)        1.491    14.913    u_core/g_engine[0].u_engine/clk100mhz_IBUF_BUFG
    SLICE_X66Y136        FDRE                                         r  u_core/g_engine[0].u_engine/block_high_reg[1][2][8]/C
                         clock pessimism              0.259    15.172    <hidden>
                         clock uncertainty           -0.035    15.137    <hidden>
    SLICE_X66Y136        FDRE (Setup_fdre_C_CE)      -0.377    14.760    u_core/g_engine[0].u_engine/block_high_reg[1][2][8]
  -------------------------------------------------------------------
                         required time                         14.760    <hidden>
                         arrival time                         -14.227    <hidden>
  -------------------------------------------------------------------
                         slack                                  0.533    <hidden>

Slack (MET) :             0.608ns  (required time - arrival time)
  Source:                 u_core/g_engine[0].u_engine/scan_first_pipe_reg/C
                            (rising edge-triggered cell FDRE clocked by sys_clk_pin  {rise@0.000ns fall@5.000ns period=10.000ns})
  Destination:            u_core/g_engine[0].u_engine/block_high_reg[1][9][10]/D
                            (rising edge-triggered cell FDRE clocked by sys_clk_pin  {rise@0.000ns fall@5.000ns period=10.000ns})
  Path Group:             sys_clk_pin
  Path Type:              Setup (Max at Slow Process Corner)
  Requirement:            10.000ns  (sys_clk_pin rise@10.000ns - sys_clk_pin rise@0.000ns)
  Data Path Delay:        9.091ns  (logic 4.087ns (44.959%)  route 5.004ns (55.041%))
  Logic Levels:           10  (CARRY4=5 LUT2=1 LUT3=2 LUT4=1 LUT5=1)
  Clock Path Skew:        -0.031ns (DCD - SCD + CPR)
    Destination Clock Delay (DCD):    4.915ns = ( 14.915 - 10.000 ) 
    Source Clock Delay      (SCD):    5.205ns
    Clock Pessimism Removal (CPR):    0.259ns
  Clock Uncertainty:      0.035ns  ((TSJ^2 + TIJ^2)^1/2 + DJ) / 2 + PE
    Total System Jitter     (TSJ):    0.071ns
    Total Input Jitter      (TIJ):    0.000ns
    Discrete Jitter          (DJ):    0.000ns
    Phase Error              (PE):    0.000ns

    Location             Delay type                Incr(ns)  Path(ns)    Netlist Resource(s)
  -------------------------------------------------------------------    -------------------
                         (clock sys_clk_pin rise edge)
                                                      0.000     0.000 r  <hidden>
    E3                                                0.000     0.000 r  clk100mhz
                         net (fo=0)                   0.000     0.000    clk100mhz
    E3                   IBUF (Prop_ibuf_I_O)         1.482     1.482 r  clk100mhz_IBUF_inst/O
                         net (fo=1, routed)           2.025     3.506    clk100mhz_IBUF
    BUFGCTRL_X0Y16       BUFG (Prop_bufg_I_O)         0.096     3.602 r  clk100mhz_IBUF_BUFG_inst/O
                         net (fo=4115, routed)        1.603     5.205    u_core/g_engine[0].u_engine/clk100mhz_IBUF_BUFG
    SLICE_X65Y121        FDRE                                         r  u_core/g_engine[0].u_engine/scan_first_pipe_reg/C
  -------------------------------------------------------------------    -------------------
    SLICE_X65Y121        FDRE (Prop_fdre_C_Q)         0.456     5.661 r  u_core/g_engine[0].u_engine/scan_first_pipe_reg/Q
                         net (fo=106, routed)         0.694     6.356    u_core/g_engine[0].u_engine/scan_first_pipe
    SLICE_X63Y121        LUT3 (Prop_lut3_I0_O)        0.124     6.480 r  u_core/g_engine[0].u_engine/cumulative[3]_i_9/O
                         net (fo=1, routed)           0.000     6.480    u_core/g_engine[0].u_engine/cumulative[3]_i_9_n_0
    SLICE_X63Y121        CARRY4 (Prop_carry4_S[1]_CO[3])
                                                      0.550     7.030 r  u_core/g_engine[0].u_engine/cumulative_reg[3]_i_2/CO[3]
                         net (fo=1, routed)           0.000     7.030    u_core/g_engine[0].u_engine/cumulative_reg[3]_i_2_n_0
    SLICE_X63Y122        CARRY4 (Prop_carry4_CI_O[2])
                                                      0.239     7.269 r  u_core/g_engine[0].u_engine/cumulative_reg[7]_i_2/O[2]
                         net (fo=4, routed)           0.612     7.881    u_core/g_engine[0].u_engine/cumulative_next[6]
    SLICE_X65Y122        LUT2 (Prop_lut2_I1_O)        0.302     8.183 r  u_core/g_engine[0].u_engine/block_high[1][0][10]_i_33/O
                         net (fo=1, routed)           0.000     8.183    u_core/g_engine[0].u_engine/block_high[1][0][10]_i_33_n_0
    SLICE_X65Y122        CARRY4 (Prop_carry4_S[1]_CO[3])
                                                      0.550     8.733 r  u_core/g_engine[0].u_engine/block_high_reg[1][0][10]_i_27/CO[3]
                         net (fo=1, routed)           0.000     8.733    u_core/g_engine[0].u_engine/block_high_reg[1][0][10]_i_27_n_0
    SLICE_X65Y123        CARRY4 (Prop_carry4_CI_O[1])
                                                      0.334     9.067 r  u_core/g_engine[0].u_engine/block_high_reg[1][0][10]_i_25/O[1]
                         net (fo=2, routed)           0.840     9.906    u_core/g_engine[0].u_engine/u_step/five_cumulative[10]
    SLICE_X64Y125        LUT3 (Prop_lut3_I0_O)        0.303    10.209 r  u_core/g_engine[0].u_engine/block_high[1][0][10]_i_13/O
                         net (fo=1, routed)           0.000    10.209    u_core/g_engine[0].u_engine/block_high[1][0][10]_i_13_n_0
    SLICE_X64Y125        CARRY4 (Prop_carry4_S[1]_CO[2])
                                                      0.570    10.779 r  u_core/g_engine[0].u_engine/block_high_reg[1][0][10]_i_6/CO[2]
                         net (fo=3, routed)           0.715    11.494    u_core/g_engine[0].u_engine/block_high_reg[1][0][10]_i_6_n_1
    SLICE_X64Y130        LUT4 (Prop_lut4_I0_O)        0.307    11.801 r  u_core/g_engine[0].u_engine/block_high[1][8][10]_i_4/O
                         net (fo=120, routed)         1.285    13.086    u_core/g_engine[0].u_engine/block_high[1][8][10]_i_4_n_0
    SLICE_X62Y142        LUT5 (Prop_lut5_I0_O)        0.352    13.438 r  u_core/g_engine[0].u_engine/block_high[1][9][10]_i_2/O
                         net (fo=2, routed)           0.858    14.296    u_core/g_engine[0].u_engine/block_high[1][9][10]_i_2_n_0
    SLICE_X58Y145        FDRE                                         r  u_core/g_engine[0].u_engine/block_high_reg[1][9][10]/D
  -------------------------------------------------------------------    -------------------

                         (clock sys_clk_pin rise edge)
                                                     10.000    10.000 r  <hidden>
    E3                                                0.000    10.000 r  clk100mhz
                         net (fo=0)                   0.000    10.000    clk100mhz
    E3                   IBUF (Prop_ibuf_I_O)         1.411    11.411 r  clk100mhz_IBUF_inst/O
                         net (fo=1, routed)           1.920    13.331    clk100mhz_IBUF
    BUFGCTRL_X0Y16       BUFG (Prop_bufg_I_O)         0.091    13.422 r  clk100mhz_IBUF_BUFG_inst/O
                         net (fo=4115, routed)        1.493    14.915    u_core/g_engine[0].u_engine/clk100mhz_IBUF_BUFG
    SLICE_X58Y145        FDRE                                         r  u_core/g_engine[0].u_engine/block_high_reg[1][9][10]/C
                         clock pessimism              0.259    15.174    <hidden>
                         clock uncertainty           -0.035    15.139    <hidden>
    SLICE_X58Y145        FDRE (Setup_fdre_C_D)       -0.235    14.904    u_core/g_engine[0].u_engine/block_high_reg[1][9][10]
  -------------------------------------------------------------------
                         required time                         14.904    <hidden>
                         arrival time                         -14.296    <hidden>
  -------------------------------------------------------------------
                         slack                                  0.608    <hidden>





Min Delay Paths
--------------------------------------------------------------------------------------
Slack (MET) :             0.034ns  (arrival time - required time)
  Source:                 u_core/u_nms/u_matrix/u_one_column_ram/shiftin_d1_reg[1]/C
                            (rising edge-triggered cell FDRE clocked by sys_clk_pin  {rise@0.000ns fall@5.000ns period=10.000ns})
  Destination:            u_core/u_nms/u_matrix/u_one_column_ram/shiftin_d2_reg[1]/D
                            (rising edge-triggered cell FDRE clocked by sys_clk_pin  {rise@0.000ns fall@5.000ns period=10.000ns})
  Path Group:             sys_clk_pin
  Path Type:              Hold (Min at Fast Process Corner)
  Requirement:            0.000ns  (sys_clk_pin rise@0.000ns - sys_clk_pin rise@0.000ns)
  Data Path Delay:        0.350ns  (logic 0.141ns (40.242%)  route 0.209ns (59.758%))
  Logic Levels:           0  
  Clock Path Skew:        0.265ns (DCD - SCD - CPR)
    Destination Clock Delay (DCD):    1.993ns
    Source Clock Delay      (SCD):    1.477ns
    Clock Pessimism Removal (CPR):    0.250ns

    Location             Delay type                Incr(ns)  Path(ns)    Netlist Resource(s)
  -------------------------------------------------------------------    -------------------
                         (clock sys_clk_pin rise edge)
                                                      0.000     0.000 r  <hidden>
    E3                                                0.000     0.000 r  clk100mhz
                         net (fo=0)                   0.000     0.000    clk100mhz
    E3                   IBUF (Prop_ibuf_I_O)         0.250     0.250 r  clk100mhz_IBUF_inst/O
                         net (fo=1, routed)           0.644     0.894    clk100mhz_IBUF
    BUFGCTRL_X0Y16       BUFG (Prop_bufg_I_O)         0.026     0.920 r  clk100mhz_IBUF_BUFG_inst/O
                         net (fo=4115, routed)        0.558     1.477    u_core/u_nms/u_matrix/u_one_column_ram/clk100mhz_IBUF_BUFG
    SLICE_X51Y108        FDRE                                         r  u_core/u_nms/u_matrix/u_one_column_ram/shiftin_d1_reg[1]/C
  -------------------------------------------------------------------    -------------------
    SLICE_X51Y108        FDRE (Prop_fdre_C_Q)         0.141     1.618 r  u_core/u_nms/u_matrix/u_one_column_ram/shiftin_d1_reg[1]/Q
                         net (fo=2, routed)           0.209     1.828    u_core/u_nms/u_matrix/u_one_column_ram/shiftin_d1[1]
    SLICE_X54Y106        FDRE                                         r  u_core/u_nms/u_matrix/u_one_column_ram/shiftin_d2_reg[1]/D
  -------------------------------------------------------------------    -------------------

                         (clock sys_clk_pin rise edge)
                                                      0.000     0.000 r  <hidden>
    E3                                                0.000     0.000 r  clk100mhz
                         net (fo=0)                   0.000     0.000    clk100mhz
    E3                   IBUF (Prop_ibuf_I_O)         0.438     0.438 r  clk100mhz_IBUF_inst/O
                         net (fo=1, routed)           0.699     1.136    clk100mhz_IBUF
    BUFGCTRL_X0Y16       BUFG (Prop_bufg_I_O)         0.029     1.165 r  clk100mhz_IBUF_BUFG_inst/O
                         net (fo=4115, routed)        0.827     1.993    u_core/u_nms/u_matrix/u_one_column_ram/clk100mhz_IBUF_BUFG
    SLICE_X54Y106        FDRE                                         r  u_core/u_nms/u_matrix/u_one_column_ram/shiftin_d2_reg[1]/C
                         clock pessimism             -0.250     1.742    <hidden>
    SLICE_X54Y106        FDRE (Hold_fdre_C_D)         0.052     1.794    u_core/u_nms/u_matrix/u_one_column_ram/shiftin_d2_reg[1]
  -------------------------------------------------------------------
                         required time                         -1.794    <hidden>
                         arrival time                           1.828    <hidden>
  -------------------------------------------------------------------
                         slack                                  0.034    <hidden>

Slack (MET) :             0.047ns  (arrival time - required time)
  Source:                 payload_addr_reg_rep[11]/C
                            (rising edge-triggered cell FDRE clocked by sys_clk_pin  {rise@0.000ns fall@5.000ns period=10.000ns})
  Destination:            edge_mem_reg_1_4/ADDRBWRADDR[11]
                            (rising edge-triggered cell RAMB36E1 clocked by sys_clk_pin  {rise@0.000ns fall@5.000ns period=10.000ns})
  Path Group:             sys_clk_pin
  Path Type:              Hold (Min at Fast Process Corner)
  Requirement:            0.000ns  (sys_clk_pin rise@0.000ns - sys_clk_pin rise@0.000ns)
  Data Path Delay:        0.539ns  (logic 0.164ns (30.432%)  route 0.375ns (69.568%))
  Logic Levels:           0  
  Clock Path Skew:        0.309ns (DCD - SCD - CPR)
    Destination Clock Delay (DCD):    2.041ns
    Source Clock Delay      (SCD):    1.486ns
    Clock Pessimism Removal (CPR):    0.245ns

    Location             Delay type                Incr(ns)  Path(ns)    Netlist Resource(s)
  -------------------------------------------------------------------    -------------------
                         (clock sys_clk_pin rise edge)
                                                      0.000     0.000 r  <hidden>
    E3                                                0.000     0.000 r  clk100mhz
                         net (fo=0)                   0.000     0.000    clk100mhz
    E3                   IBUF (Prop_ibuf_I_O)         0.250     0.250 r  clk100mhz_IBUF_inst/O
                         net (fo=1, routed)           0.644     0.894    clk100mhz_IBUF
    BUFGCTRL_X0Y16       BUFG (Prop_bufg_I_O)         0.026     0.920 r  clk100mhz_IBUF_BUFG_inst/O
                         net (fo=4115, routed)        0.567     1.486    clk100mhz_IBUF_BUFG
    SLICE_X62Y90         FDRE                                         r  payload_addr_reg_rep[11]/C
  -------------------------------------------------------------------    -------------------
    SLICE_X62Y90         FDRE (Prop_fdre_C_Q)         0.164     1.650 r  payload_addr_reg_rep[11]/Q
                         net (fo=16, routed)          0.375     2.025    payload_addr[11]
    RAMB36_X1Y20         RAMB36E1                                     r  edge_mem_reg_1_4/ADDRBWRADDR[11]
  -------------------------------------------------------------------    -------------------

                         (clock sys_clk_pin rise edge)
                                                      0.000     0.000 r  <hidden>
    E3                                                0.000     0.000 r  clk100mhz
                         net (fo=0)                   0.000     0.000    clk100mhz
    E3                   IBUF (Prop_ibuf_I_O)         0.438     0.438 r  clk100mhz_IBUF_inst/O
                         net (fo=1, routed)           0.699     1.136    clk100mhz_IBUF
    BUFGCTRL_X0Y16       BUFG (Prop_bufg_I_O)         0.029     1.165 r  clk100mhz_IBUF_BUFG_inst/O
                         net (fo=4115, routed)        0.876     2.041    clk100mhz_IBUF_BUFG
    RAMB36_X1Y20         RAMB36E1                                     r  edge_mem_reg_1_4/CLKBWRCLK
                         clock pessimism             -0.245     1.796    <hidden>
    RAMB36_X1Y20         RAMB36E1 (Hold_ramb36e1_CLKBWRCLK_ADDRBWRADDR[11])
                                                      0.183     1.979    edge_mem_reg_1_4
  -------------------------------------------------------------------
                         required time                         -1.979    <hidden>
                         arrival time                           2.025    <hidden>
  -------------------------------------------------------------------
                         slack                                  0.047    <hidden>

Slack (MET) :             0.048ns  (arrival time - required time)
  Source:                 u_core/u_gradient/u_cordic/g_stage[14].angle_reg_reg[10]/C
                            (rising edge-triggered cell FDRE clocked by sys_clk_pin  {rise@0.000ns fall@5.000ns period=10.000ns})
  Destination:            u_core/u_gradient/u_cordic/g_stage[15].angle_reg_reg[13]/D
                            (rising edge-triggered cell FDRE clocked by sys_clk_pin  {rise@0.000ns fall@5.000ns period=10.000ns})
  Path Group:             sys_clk_pin
  Path Type:              Hold (Min at Fast Process Corner)
  Requirement:            0.000ns  (sys_clk_pin rise@0.000ns - sys_clk_pin rise@0.000ns)
  Data Path Delay:        0.445ns  (logic 0.313ns (70.389%)  route 0.132ns (29.611%))
  Logic Levels:           2  (CARRY4=2)
  Clock Path Skew:        0.263ns (DCD - SCD - CPR)
    Destination Clock Delay (DCD):    1.995ns
    Source Clock Delay      (SCD):    1.486ns
    Clock Pessimism Removal (CPR):    0.245ns

    Location             Delay type                Incr(ns)  Path(ns)    Netlist Resource(s)
  -------------------------------------------------------------------    -------------------
                         (clock sys_clk_pin rise edge)
                                                      0.000     0.000 r  <hidden>
    E3                                                0.000     0.000 r  clk100mhz
                         net (fo=0)                   0.000     0.000    clk100mhz
    E3                   IBUF (Prop_ibuf_I_O)         0.250     0.250 r  clk100mhz_IBUF_inst/O
                         net (fo=1, routed)           0.644     0.894    clk100mhz_IBUF
    BUFGCTRL_X0Y16       BUFG (Prop_bufg_I_O)         0.026     0.920 r  clk100mhz_IBUF_BUFG_inst/O
                         net (fo=4115, routed)        0.567     1.486    u_core/u_gradient/u_cordic/clk100mhz_IBUF_BUFG
    SLICE_X49Y99         FDRE                                         r  u_core/u_gradient/u_cordic/g_stage[14].angle_reg_reg[10]/C
  -------------------------------------------------------------------    -------------------
    SLICE_X49Y99         FDRE (Prop_fdre_C_Q)         0.141     1.627 r  u_core/u_gradient/u_cordic/g_stage[14].angle_reg_reg[10]/Q
                         net (fo=3, routed)           0.131     1.758    u_core/u_gradient/u_cordic/g_stage[14].angle_reg[10]
    SLICE_X50Y99         CARRY4 (Prop_carry4_DI[2]_CO[3])
                                                      0.119     1.877 r  u_core/u_gradient/u_cordic/p_0_out_inferred__28/i__carry__1/CO[3]
                         net (fo=1, routed)           0.001     1.878    u_core/u_gradient/u_cordic/p_0_out_inferred__28/i__carry__1_n_0
    SLICE_X50Y100        CARRY4 (Prop_carry4_CI_O[0])
                                                      0.053     1.931 r  u_core/u_gradient/u_cordic/p_0_out_inferred__28/i__carry__2/O[0]
                         net (fo=1, routed)           0.000     1.931    u_core/u_gradient/u_cordic/p_0_out_inferred__28/i__carry__2_n_7
    SLICE_X50Y100        FDRE                                         r  u_core/u_gradient/u_cordic/g_stage[15].angle_reg_reg[13]/D
  -------------------------------------------------------------------    -------------------

                         (clock sys_clk_pin rise edge)
                                                      0.000     0.000 r  <hidden>
    E3                                                0.000     0.000 r  clk100mhz
                         net (fo=0)                   0.000     0.000    clk100mhz
    E3                   IBUF (Prop_ibuf_I_O)         0.438     0.438 r  clk100mhz_IBUF_inst/O
                         net (fo=1, routed)           0.699     1.136    clk100mhz_IBUF
    BUFGCTRL_X0Y16       BUFG (Prop_bufg_I_O)         0.029     1.165 r  clk100mhz_IBUF_BUFG_inst/O
                         net (fo=4115, routed)        0.830     1.995    u_core/u_gradient/u_cordic/clk100mhz_IBUF_BUFG
    SLICE_X50Y100        FDRE                                         r  u_core/u_gradient/u_cordic/g_stage[15].angle_reg_reg[13]/C
                         clock pessimism             -0.245     1.749    <hidden>
    SLICE_X50Y100        FDRE (Hold_fdre_C_D)         0.134     1.883    u_core/u_gradient/u_cordic/g_stage[15].angle_reg_reg[13]
  -------------------------------------------------------------------
                         required time                         -1.883    <hidden>
                         arrival time                           1.931    <hidden>
  -------------------------------------------------------------------
                         slack                                  0.048    <hidden>

Slack (MET) :             0.049ns  (arrival time - required time)
  Source:                 u_core/u_gradient/vs_delay_reg_r/C
                            (rising edge-triggered cell FDRE clocked by sys_clk_pin  {rise@0.000ns fall@5.000ns period=10.000ns})
  Destination:            u_core/u_gradient/vs_delay_reg_r_0/D
                            (rising edge-triggered cell FDRE clocked by sys_clk_pin  {rise@0.000ns fall@5.000ns period=10.000ns})
  Path Group:             sys_clk_pin
  Path Type:              Hold (Min at Fast Process Corner)
  Requirement:            0.000ns  (sys_clk_pin rise@0.000ns - sys_clk_pin rise@0.000ns)
  Data Path Delay:        0.383ns  (logic 0.141ns (36.860%)  route 0.242ns (63.140%))
  Logic Levels:           0  
  Clock Path Skew:        0.268ns (DCD - SCD - CPR)
    Destination Clock Delay (DCD):    1.996ns
    Source Clock Delay      (SCD):    1.477ns
    Clock Pessimism Removal (CPR):    0.250ns

    Location             Delay type                Incr(ns)  Path(ns)    Netlist Resource(s)
  -------------------------------------------------------------------    -------------------
                         (clock sys_clk_pin rise edge)
                                                      0.000     0.000 r  <hidden>
    E3                                                0.000     0.000 r  clk100mhz
                         net (fo=0)                   0.000     0.000    clk100mhz
    E3                   IBUF (Prop_ibuf_I_O)         0.250     0.250 r  clk100mhz_IBUF_inst/O
                         net (fo=1, routed)           0.644     0.894    clk100mhz_IBUF
    BUFGCTRL_X0Y16       BUFG (Prop_bufg_I_O)         0.026     0.920 r  clk100mhz_IBUF_BUFG_inst/O
                         net (fo=4115, routed)        0.558     1.477    u_core/u_gradient/clk100mhz_IBUF_BUFG
    SLICE_X52Y103        FDRE                                         r  u_core/u_gradient/vs_delay_reg_r/C
  -------------------------------------------------------------------    -------------------
    SLICE_X52Y103        FDRE (Prop_fdre_C_Q)         0.141     1.618 r  u_core/u_gradient/vs_delay_reg_r/Q
                         net (fo=1, routed)           0.242     1.860    u_core/u_gradient/vs_delay_reg_r_n_0
    SLICE_X49Y103        FDRE                                         r  u_core/u_gradient/vs_delay_reg_r_0/D
  -------------------------------------------------------------------    -------------------

                         (clock sys_clk_pin rise edge)
                                                      0.000     0.000 r  <hidden>
    E3                                                0.000     0.000 r  clk100mhz
                         net (fo=0)                   0.000     0.000    clk100mhz
    E3                   IBUF (Prop_ibuf_I_O)         0.438     0.438 r  clk100mhz_IBUF_inst/O
                         net (fo=1, routed)           0.699     1.136    clk100mhz_IBUF
    BUFGCTRL_X0Y16       BUFG (Prop_bufg_I_O)         0.029     1.165 r  clk100mhz_IBUF_BUFG_inst/O
                         net (fo=4115, routed)        0.831     1.996    u_core/u_gradient/clk100mhz_IBUF_BUFG
    SLICE_X49Y103        FDRE                                         r  u_core/u_gradient/vs_delay_reg_r_0/C
                         clock pessimism             -0.250     1.745    <hidden>
    SLICE_X49Y103        FDRE (Hold_fdre_C_D)         0.066     1.811    u_core/u_gradient/vs_delay_reg_r_0
  -------------------------------------------------------------------
                         required time                         -1.811    <hidden>
                         arrival time                           1.860    <hidden>
  -------------------------------------------------------------------
                         slack                                  0.049    <hidden>

Slack (MET) :             0.052ns  (arrival time - required time)
  Source:                 u_core/u_gradient/u_cordic/vsync_pipe_reg_r_7/C
                            (rising edge-triggered cell FDRE clocked by sys_clk_pin  {rise@0.000ns fall@5.000ns period=10.000ns})
  Destination:            u_core/u_gradient/u_cordic/vsync_pipe_reg_r_8/D
                            (rising edge-triggered cell FDRE clocked by sys_clk_pin  {rise@0.000ns fall@5.000ns period=10.000ns})
  Path Group:             sys_clk_pin
  Path Type:              Hold (Min at Fast Process Corner)
  Requirement:            0.000ns  (sys_clk_pin rise@0.000ns - sys_clk_pin rise@0.000ns)
  Data Path Delay:        0.385ns  (logic 0.141ns (36.669%)  route 0.244ns (63.331%))
  Logic Levels:           0  
  Clock Path Skew:        0.267ns (DCD - SCD - CPR)
    Destination Clock Delay (DCD):    1.996ns
    Source Clock Delay      (SCD):    1.478ns
    Clock Pessimism Removal (CPR):    0.250ns

    Location             Delay type                Incr(ns)  Path(ns)    Netlist Resource(s)
  -------------------------------------------------------------------    -------------------
                         (clock sys_clk_pin rise edge)
                                                      0.000     0.000 r  <hidden>
    E3                                                0.000     0.000 r  clk100mhz
                         net (fo=0)                   0.000     0.000    clk100mhz
    E3                   IBUF (Prop_ibuf_I_O)         0.250     0.250 r  clk100mhz_IBUF_inst/O
                         net (fo=1, routed)           0.644     0.894    clk100mhz_IBUF
    BUFGCTRL_X0Y16       BUFG (Prop_bufg_I_O)         0.026     0.920 r  clk100mhz_IBUF_BUFG_inst/O
                         net (fo=4115, routed)        0.559     1.478    u_core/u_gradient/u_cordic/clk100mhz_IBUF_BUFG
    SLICE_X53Y102        FDRE                                         r  u_core/u_gradient/u_cordic/vsync_pipe_reg_r_7/C
  -------------------------------------------------------------------    -------------------
    SLICE_X53Y102        FDRE (Prop_fdre_C_Q)         0.141     1.619 r  u_core/u_gradient/u_cordic/vsync_pipe_reg_r_7/Q
                         net (fo=1, routed)           0.244     1.863    u_core/u_gradient/u_cordic/vsync_pipe_reg_r_7_n_0
    SLICE_X49Y105        FDRE                                         r  u_core/u_gradient/u_cordic/vsync_pipe_reg_r_8/D
  -------------------------------------------------------------------    -------------------

                         (clock sys_clk_pin rise edge)
                                                      0.000     0.000 r  <hidden>
    E3                                                0.000     0.000 r  clk100mhz
                         net (fo=0)                   0.000     0.000    clk100mhz
    E3                   IBUF (Prop_ibuf_I_O)         0.438     0.438 r  clk100mhz_IBUF_inst/O
                         net (fo=1, routed)           0.699     1.136    clk100mhz_IBUF
    BUFGCTRL_X0Y16       BUFG (Prop_bufg_I_O)         0.029     1.165 r  clk100mhz_IBUF_BUFG_inst/O
                         net (fo=4115, routed)        0.831     1.996    u_core/u_gradient/u_cordic/clk100mhz_IBUF_BUFG
    SLICE_X49Y105        FDRE                                         r  u_core/u_gradient/u_cordic/vsync_pipe_reg_r_8/C
                         clock pessimism             -0.250     1.745    <hidden>
    SLICE_X49Y105        FDRE (Hold_fdre_C_D)         0.066     1.811    u_core/u_gradient/u_cordic/vsync_pipe_reg_r_8
  -------------------------------------------------------------------
                         required time                         -1.811    <hidden>
                         arrival time                           1.863    <hidden>
  -------------------------------------------------------------------
                         slack                                  0.052    <hidden>

Slack (MET) :             0.057ns  (arrival time - required time)
  Source:                 u_core/u_nms/u_matrix/u_one_column_ram/fifo_rd_data0_d1_reg[12]/C
                            (rising edge-triggered cell FDRE clocked by sys_clk_pin  {rise@0.000ns fall@5.000ns period=10.000ns})
  Destination:            u_core/u_nms/u_matrix/u_one_column_ram/u_fifo_ram1/fifo_buffer_reg/DIADI[12]
                            (rising edge-triggered cell RAMB18E1 clocked by sys_clk_pin  {rise@0.000ns fall@5.000ns period=10.000ns})
  Path Group:             sys_clk_pin
  Path Type:              Hold (Min at Fast Process Corner)
  Requirement:            0.000ns  (sys_clk_pin rise@0.000ns - sys_clk_pin rise@0.000ns)
  Data Path Delay:        0.270ns  (logic 0.164ns (60.728%)  route 0.106ns (39.272%))
  Logic Levels:           0  
  Clock Path Skew:        0.058ns (DCD - SCD - CPR)
    Destination Clock Delay (DCD):    2.039ns
    Source Clock Delay      (SCD):    1.480ns
    Clock Pessimism Removal (CPR):    0.500ns

    Location             Delay type                Incr(ns)  Path(ns)    Netlist Resource(s)
  -------------------------------------------------------------------    -------------------
                         (clock sys_clk_pin rise edge)
                                                      0.000     0.000 r  <hidden>
    E3                                                0.000     0.000 r  clk100mhz
                         net (fo=0)                   0.000     0.000    clk100mhz
    E3                   IBUF (Prop_ibuf_I_O)         0.250     0.250 r  clk100mhz_IBUF_inst/O
                         net (fo=1, routed)           0.644     0.894    clk100mhz_IBUF
    BUFGCTRL_X0Y16       BUFG (Prop_bufg_I_O)         0.026     0.920 r  clk100mhz_IBUF_BUFG_inst/O
                         net (fo=4115, routed)        0.561     1.480    u_core/u_nms/u_matrix/u_one_column_ram/clk100mhz_IBUF_BUFG
    SLICE_X62Y108        FDRE                                         r  u_core/u_nms/u_matrix/u_one_column_ram/fifo_rd_data0_d1_reg[12]/C
  -------------------------------------------------------------------    -------------------
    SLICE_X62Y108        FDRE (Prop_fdre_C_Q)         0.164     1.644 r  u_core/u_nms/u_matrix/u_one_column_ram/fifo_rd_data0_d1_reg[12]/Q
                         net (fo=1, routed)           0.106     1.750    u_core/u_nms/u_matrix/u_one_column_ram/u_fifo_ram1/Q[12]
    RAMB18_X1Y43         RAMB18E1                                     r  u_core/u_nms/u_matrix/u_one_column_ram/u_fifo_ram1/fifo_buffer_reg/DIADI[12]
  -------------------------------------------------------------------    -------------------

                         (clock sys_clk_pin rise edge)
                                                      0.000     0.000 r  <hidden>
    E3                                                0.000     0.000 r  clk100mhz
                         net (fo=0)                   0.000     0.000    clk100mhz
    E3                   IBUF (Prop_ibuf_I_O)         0.438     0.438 r  clk100mhz_IBUF_inst/O
                         net (fo=1, routed)           0.699     1.136    clk100mhz_IBUF
    BUFGCTRL_X0Y16       BUFG (Prop_bufg_I_O)         0.029     1.165 r  clk100mhz_IBUF_BUFG_inst/O
                         net (fo=4115, routed)        0.874     2.039    u_core/u_nms/u_matrix/u_one_column_ram/u_fifo_ram1/clk100mhz_IBUF_BUFG
    RAMB18_X1Y43         RAMB18E1                                     r  u_core/u_nms/u_matrix/u_one_column_ram/u_fifo_ram1/fifo_buffer_reg/CLKARDCLK
                         clock pessimism             -0.500     1.539    <hidden>
    RAMB18_X1Y43         RAMB18E1 (Hold_ramb18e1_CLKARDCLK_DIADI[12])
                                                      0.155     1.694    u_core/u_nms/u_matrix/u_one_column_ram/u_fifo_ram1/fifo_buffer_reg
  -------------------------------------------------------------------
                         required time                         -1.694    <hidden>
                         arrival time                           1.750    <hidden>
  -------------------------------------------------------------------
                         slack                                  0.057    <hidden>

Slack (MET) :             0.057ns  (arrival time - required time)
  Source:                 u_core/u_nms/u_matrix/u_one_column_ram/fifo_rd_data0_d1_reg[9]/C
                            (rising edge-triggered cell FDRE clocked by sys_clk_pin  {rise@0.000ns fall@5.000ns period=10.000ns})
  Destination:            u_core/u_nms/u_matrix/u_one_column_ram/u_fifo_ram1/fifo_buffer_reg/DIADI[9]
                            (rising edge-triggered cell RAMB18E1 clocked by sys_clk_pin  {rise@0.000ns fall@5.000ns period=10.000ns})
  Path Group:             sys_clk_pin
  Path Type:              Hold (Min at Fast Process Corner)
  Requirement:            0.000ns  (sys_clk_pin rise@0.000ns - sys_clk_pin rise@0.000ns)
  Data Path Delay:        0.270ns  (logic 0.164ns (60.728%)  route 0.106ns (39.272%))
  Logic Levels:           0  
  Clock Path Skew:        0.058ns (DCD - SCD - CPR)
    Destination Clock Delay (DCD):    2.039ns
    Source Clock Delay      (SCD):    1.480ns
    Clock Pessimism Removal (CPR):    0.500ns

    Location             Delay type                Incr(ns)  Path(ns)    Netlist Resource(s)
  -------------------------------------------------------------------    -------------------
                         (clock sys_clk_pin rise edge)
                                                      0.000     0.000 r  <hidden>
    E3                                                0.000     0.000 r  clk100mhz
                         net (fo=0)                   0.000     0.000    clk100mhz
    E3                   IBUF (Prop_ibuf_I_O)         0.250     0.250 r  clk100mhz_IBUF_inst/O
                         net (fo=1, routed)           0.644     0.894    clk100mhz_IBUF
    BUFGCTRL_X0Y16       BUFG (Prop_bufg_I_O)         0.026     0.920 r  clk100mhz_IBUF_BUFG_inst/O
                         net (fo=4115, routed)        0.561     1.480    u_core/u_nms/u_matrix/u_one_column_ram/clk100mhz_IBUF_BUFG
    SLICE_X62Y109        FDRE                                         r  u_core/u_nms/u_matrix/u_one_column_ram/fifo_rd_data0_d1_reg[9]/C
  -------------------------------------------------------------------    -------------------
    SLICE_X62Y109        FDRE (Prop_fdre_C_Q)         0.164     1.644 r  u_core/u_nms/u_matrix/u_one_column_ram/fifo_rd_data0_d1_reg[9]/Q
                         net (fo=1, routed)           0.106     1.750    u_core/u_nms/u_matrix/u_one_column_ram/u_fifo_ram1/Q[9]
    RAMB18_X1Y43         RAMB18E1                                     r  u_core/u_nms/u_matrix/u_one_column_ram/u_fifo_ram1/fifo_buffer_reg/DIADI[9]
  -------------------------------------------------------------------    -------------------

                         (clock sys_clk_pin rise edge)
                                                      0.000     0.000 r  <hidden>
    E3                                                0.000     0.000 r  clk100mhz
                         net (fo=0)                   0.000     0.000    clk100mhz
    E3                   IBUF (Prop_ibuf_I_O)         0.438     0.438 r  clk100mhz_IBUF_inst/O
                         net (fo=1, routed)           0.699     1.136    clk100mhz_IBUF
    BUFGCTRL_X0Y16       BUFG (Prop_bufg_I_O)         0.029     1.165 r  clk100mhz_IBUF_BUFG_inst/O
                         net (fo=4115, routed)        0.874     2.039    u_core/u_nms/u_matrix/u_one_column_ram/u_fifo_ram1/clk100mhz_IBUF_BUFG
    RAMB18_X1Y43         RAMB18E1                                     r  u_core/u_nms/u_matrix/u_one_column_ram/u_fifo_ram1/fifo_buffer_reg/CLKARDCLK
                         clock pessimism             -0.500     1.539    <hidden>
    RAMB18_X1Y43         RAMB18E1 (Hold_ramb18e1_CLKARDCLK_DIADI[9])
                                                      0.155     1.694    u_core/u_nms/u_matrix/u_one_column_ram/u_fifo_ram1/fifo_buffer_reg
  -------------------------------------------------------------------
                         required time                         -1.694    <hidden>
                         arrival time                           1.750    <hidden>
  -------------------------------------------------------------------
                         slack                                  0.057    <hidden>

Slack (MET) :             0.058ns  (arrival time - required time)
  Source:                 u_core/u_gaussian/u_matrix_generate_3x3_phase5b/u_one_column_ram/fifo_rd_data0_d1_reg[4]/C
                            (rising edge-triggered cell FDRE clocked by sys_clk_pin  {rise@0.000ns fall@5.000ns period=10.000ns})
  Destination:            u_core/u_gaussian/u_matrix_generate_3x3_phase5b/u_one_column_ram/u_fifo_ram1/fifo_buffer_reg/DIADI[4]
                            (rising edge-triggered cell RAMB18E1 clocked by sys_clk_pin  {rise@0.000ns fall@5.000ns period=10.000ns})
  Path Group:             sys_clk_pin
  Path Type:              Hold (Min at Fast Process Corner)
  Requirement:            0.000ns  (sys_clk_pin rise@0.000ns - sys_clk_pin rise@0.000ns)
  Data Path Delay:        0.271ns  (logic 0.164ns (60.558%)  route 0.107ns (39.442%))
  Logic Levels:           0  
  Clock Path Skew:        0.057ns (DCD - SCD - CPR)
    Destination Clock Delay (DCD):    2.134ns
    Source Clock Delay      (SCD):    1.572ns
    Clock Pessimism Removal (CPR):    0.504ns

    Location             Delay type                Incr(ns)  Path(ns)    Netlist Resource(s)
  -------------------------------------------------------------------    -------------------
                         (clock sys_clk_pin rise edge)
                                                      0.000     0.000 r  <hidden>
    E3                                                0.000     0.000 r  clk100mhz
                         net (fo=0)                   0.000     0.000    clk100mhz
    E3                   IBUF (Prop_ibuf_I_O)         0.250     0.250 r  clk100mhz_IBUF_inst/O
                         net (fo=1, routed)           0.644     0.894    clk100mhz_IBUF
    BUFGCTRL_X0Y16       BUFG (Prop_bufg_I_O)         0.026     0.920 r  clk100mhz_IBUF_BUFG_inst/O
                         net (fo=4115, routed)        0.652     1.572    u_core/u_gaussian/u_matrix_generate_3x3_phase5b/u_one_column_ram/clk100mhz_IBUF_BUFG
    SLICE_X8Y151         FDRE                                         r  u_core/u_gaussian/u_matrix_generate_3x3_phase5b/u_one_column_ram/fifo_rd_data0_d1_reg[4]/C
  -------------------------------------------------------------------    -------------------
    SLICE_X8Y151         FDRE (Prop_fdre_C_Q)         0.164     1.736 r  u_core/u_gaussian/u_matrix_generate_3x3_phase5b/u_one_column_ram/fifo_rd_data0_d1_reg[4]/Q
                         net (fo=1, routed)           0.107     1.843    u_core/u_gaussian/u_matrix_generate_3x3_phase5b/u_one_column_ram/u_fifo_ram1/Q[4]
    RAMB18_X0Y60         RAMB18E1                                     r  u_core/u_gaussian/u_matrix_generate_3x3_phase5b/u_one_column_ram/u_fifo_ram1/fifo_buffer_reg/DIADI[4]
  -------------------------------------------------------------------    -------------------

                         (clock sys_clk_pin rise edge)
                                                      0.000     0.000 r  <hidden>
    E3                                                0.000     0.000 r  clk100mhz
                         net (fo=0)                   0.000     0.000    clk100mhz
    E3                   IBUF (Prop_ibuf_I_O)         0.438     0.438 r  clk100mhz_IBUF_inst/O
                         net (fo=1, routed)           0.699     1.136    clk100mhz_IBUF
    BUFGCTRL_X0Y16       BUFG (Prop_bufg_I_O)         0.029     1.165 r  clk100mhz_IBUF_BUFG_inst/O
                         net (fo=4115, routed)        0.969     2.134    u_core/u_gaussian/u_matrix_generate_3x3_phase5b/u_one_column_ram/u_fifo_ram1/clk100mhz_IBUF_BUFG
    RAMB18_X0Y60         RAMB18E1                                     r  u_core/u_gaussian/u_matrix_generate_3x3_phase5b/u_one_column_ram/u_fifo_ram1/fifo_buffer_reg/CLKARDCLK
                         clock pessimism             -0.504     1.629    <hidden>
    RAMB18_X0Y60         RAMB18E1 (Hold_ramb18e1_CLKARDCLK_DIADI[4])
                                                      0.155     1.784    u_core/u_gaussian/u_matrix_generate_3x3_phase5b/u_one_column_ram/u_fifo_ram1/fifo_buffer_reg
  -------------------------------------------------------------------
                         required time                         -1.784    <hidden>
                         arrival time                           1.843    <hidden>
  -------------------------------------------------------------------
                         slack                                  0.058    <hidden>

Slack (MET) :             0.058ns  (arrival time - required time)
  Source:                 u_core/u_gaussian/u_matrix_generate_3x3_phase5b/u_one_column_ram/fifo_rd_data0_d1_reg[5]/C
                            (rising edge-triggered cell FDRE clocked by sys_clk_pin  {rise@0.000ns fall@5.000ns period=10.000ns})
  Destination:            u_core/u_gaussian/u_matrix_generate_3x3_phase5b/u_one_column_ram/u_fifo_ram1/fifo_buffer_reg/DIADI[5]
                            (rising edge-triggered cell RAMB18E1 clocked by sys_clk_pin  {rise@0.000ns fall@5.000ns period=10.000ns})
  Path Group:             sys_clk_pin
  Path Type:              Hold (Min at Fast Process Corner)
  Requirement:            0.000ns  (sys_clk_pin rise@0.000ns - sys_clk_pin rise@0.000ns)
  Data Path Delay:        0.271ns  (logic 0.164ns (60.558%)  route 0.107ns (39.442%))
  Logic Levels:           0  
  Clock Path Skew:        0.057ns (DCD - SCD - CPR)
    Destination Clock Delay (DCD):    2.134ns
    Source Clock Delay      (SCD):    1.572ns
    Clock Pessimism Removal (CPR):    0.504ns

    Location             Delay type                Incr(ns)  Path(ns)    Netlist Resource(s)
  -------------------------------------------------------------------    -------------------
                         (clock sys_clk_pin rise edge)
                                                      0.000     0.000 r  <hidden>
    E3                                                0.000     0.000 r  clk100mhz
                         net (fo=0)                   0.000     0.000    clk100mhz
    E3                   IBUF (Prop_ibuf_I_O)         0.250     0.250 r  clk100mhz_IBUF_inst/O
                         net (fo=1, routed)           0.644     0.894    clk100mhz_IBUF
    BUFGCTRL_X0Y16       BUFG (Prop_bufg_I_O)         0.026     0.920 r  clk100mhz_IBUF_BUFG_inst/O
                         net (fo=4115, routed)        0.652     1.572    u_core/u_gaussian/u_matrix_generate_3x3_phase5b/u_one_column_ram/clk100mhz_IBUF_BUFG
    SLICE_X8Y151         FDRE                                         r  u_core/u_gaussian/u_matrix_generate_3x3_phase5b/u_one_column_ram/fifo_rd_data0_d1_reg[5]/C
  -------------------------------------------------------------------    -------------------
    SLICE_X8Y151         FDRE (Prop_fdre_C_Q)         0.164     1.736 r  u_core/u_gaussian/u_matrix_generate_3x3_phase5b/u_one_column_ram/fifo_rd_data0_d1_reg[5]/Q
                         net (fo=1, routed)           0.107     1.843    u_core/u_gaussian/u_matrix_generate_3x3_phase5b/u_one_column_ram/u_fifo_ram1/Q[5]
    RAMB18_X0Y60         RAMB18E1                                     r  u_core/u_gaussian/u_matrix_generate_3x3_phase5b/u_one_column_ram/u_fifo_ram1/fifo_buffer_reg/DIADI[5]
  -------------------------------------------------------------------    -------------------

                         (clock sys_clk_pin rise edge)
                                                      0.000     0.000 r  <hidden>
    E3                                                0.000     0.000 r  clk100mhz
                         net (fo=0)                   0.000     0.000    clk100mhz
    E3                   IBUF (Prop_ibuf_I_O)         0.438     0.438 r  clk100mhz_IBUF_inst/O
                         net (fo=1, routed)           0.699     1.136    clk100mhz_IBUF
    BUFGCTRL_X0Y16       BUFG (Prop_bufg_I_O)         0.029     1.165 r  clk100mhz_IBUF_BUFG_inst/O
                         net (fo=4115, routed)        0.969     2.134    u_core/u_gaussian/u_matrix_generate_3x3_phase5b/u_one_column_ram/u_fifo_ram1/clk100mhz_IBUF_BUFG
    RAMB18_X0Y60         RAMB18E1                                     r  u_core/u_gaussian/u_matrix_generate_3x3_phase5b/u_one_column_ram/u_fifo_ram1/fifo_buffer_reg/CLKARDCLK
                         clock pessimism             -0.504     1.629    <hidden>
    RAMB18_X0Y60         RAMB18E1 (Hold_ramb18e1_CLKARDCLK_DIADI[5])
                                                      0.155     1.784    u_core/u_gaussian/u_matrix_generate_3x3_phase5b/u_one_column_ram/u_fifo_ram1/fifo_buffer_reg
  -------------------------------------------------------------------
                         required time                         -1.784    <hidden>
                         arrival time                           1.843    <hidden>
  -------------------------------------------------------------------
                         slack                                  0.058    <hidden>

Slack (MET) :             0.058ns  (arrival time - required time)
  Source:                 u_core/u_gaussian/u_matrix_generate_3x3_phase5b/u_one_column_ram/fifo_rd_data0_d1_reg[6]/C
                            (rising edge-triggered cell FDRE clocked by sys_clk_pin  {rise@0.000ns fall@5.000ns period=10.000ns})
  Destination:            u_core/u_gaussian/u_matrix_generate_3x3_phase5b/u_one_column_ram/u_fifo_ram1/fifo_buffer_reg/DIADI[6]
                            (rising edge-triggered cell RAMB18E1 clocked by sys_clk_pin  {rise@0.000ns fall@5.000ns period=10.000ns})
  Path Group:             sys_clk_pin
  Path Type:              Hold (Min at Fast Process Corner)
  Requirement:            0.000ns  (sys_clk_pin rise@0.000ns - sys_clk_pin rise@0.000ns)
  Data Path Delay:        0.271ns  (logic 0.164ns (60.558%)  route 0.107ns (39.442%))
  Logic Levels:           0  
  Clock Path Skew:        0.057ns (DCD - SCD - CPR)
    Destination Clock Delay (DCD):    2.134ns
    Source Clock Delay      (SCD):    1.572ns
    Clock Pessimism Removal (CPR):    0.504ns

    Location             Delay type                Incr(ns)  Path(ns)    Netlist Resource(s)
  -------------------------------------------------------------------    -------------------
                         (clock sys_clk_pin rise edge)
                                                      0.000     0.000 r  <hidden>
    E3                                                0.000     0.000 r  clk100mhz
                         net (fo=0)                   0.000     0.000    clk100mhz
    E3                   IBUF (Prop_ibuf_I_O)         0.250     0.250 r  clk100mhz_IBUF_inst/O
                         net (fo=1, routed)           0.644     0.894    clk100mhz_IBUF
    BUFGCTRL_X0Y16       BUFG (Prop_bufg_I_O)         0.026     0.920 r  clk100mhz_IBUF_BUFG_inst/O
                         net (fo=4115, routed)        0.652     1.572    u_core/u_gaussian/u_matrix_generate_3x3_phase5b/u_one_column_ram/clk100mhz_IBUF_BUFG
    SLICE_X8Y151         FDRE                                         r  u_core/u_gaussian/u_matrix_generate_3x3_phase5b/u_one_column_ram/fifo_rd_data0_d1_reg[6]/C
  -------------------------------------------------------------------    -------------------
    SLICE_X8Y151         FDRE (Prop_fdre_C_Q)         0.164     1.736 r  u_core/u_gaussian/u_matrix_generate_3x3_phase5b/u_one_column_ram/fifo_rd_data0_d1_reg[6]/Q
                         net (fo=1, routed)           0.107     1.843    u_core/u_gaussian/u_matrix_generate_3x3_phase5b/u_one_column_ram/u_fifo_ram1/Q[6]
    RAMB18_X0Y60         RAMB18E1                                     r  u_core/u_gaussian/u_matrix_generate_3x3_phase5b/u_one_column_ram/u_fifo_ram1/fifo_buffer_reg/DIADI[6]
  -------------------------------------------------------------------    -------------------

                         (clock sys_clk_pin rise edge)
                                                      0.000     0.000 r  <hidden>
    E3                                                0.000     0.000 r  clk100mhz
                         net (fo=0)                   0.000     0.000    clk100mhz
    E3                   IBUF (Prop_ibuf_I_O)         0.438     0.438 r  clk100mhz_IBUF_inst/O
                         net (fo=1, routed)           0.699     1.136    clk100mhz_IBUF
    BUFGCTRL_X0Y16       BUFG (Prop_bufg_I_O)         0.029     1.165 r  clk100mhz_IBUF_BUFG_inst/O
                         net (fo=4115, routed)        0.969     2.134    u_core/u_gaussian/u_matrix_generate_3x3_phase5b/u_one_column_ram/u_fifo_ram1/clk100mhz_IBUF_BUFG
    RAMB18_X0Y60         RAMB18E1                                     r  u_core/u_gaussian/u_matrix_generate_3x3_phase5b/u_one_column_ram/u_fifo_ram1/fifo_buffer_reg/CLKARDCLK
                         clock pessimism             -0.504     1.629    <hidden>
    RAMB18_X0Y60         RAMB18E1 (Hold_ramb18e1_CLKARDCLK_DIADI[6])
                                                      0.155     1.784    u_core/u_gaussian/u_matrix_generate_3x3_phase5b/u_one_column_ram/u_fifo_ram1/fifo_buffer_reg
  -------------------------------------------------------------------
                         required time                         -1.784    <hidden>
                         arrival time                           1.843    <hidden>
  -------------------------------------------------------------------
                         slack                                  0.058    <hidden>





Pulse Width Checks
--------------------------------------------------------------------------------------
Clock Name:         sys_clk_pin
Waveform(ns):       { 0.000 5.000 }
Period(ns):         10.000
Sources:            { clk100mhz }

Check Type        Corner  Lib Pin             Reference Pin  Required(ns)  Actual(ns)  Slack(ns)  Location       Pin
Min Period        n/a     RAMB36E1/CLKARDCLK  n/a            3.363         10.000      6.637      RAMB36_X2Y20   edge_mem_reg_0_0/CLKARDCLK
Min Period        n/a     RAMB36E1/CLKARDCLK  n/a            3.363         10.000      6.637      RAMB36_X1Y16   edge_mem_reg_0_1/CLKARDCLK
Min Period        n/a     RAMB36E1/CLKARDCLK  n/a            3.363         10.000      6.637      RAMB36_X2Y18   edge_mem_reg_0_2/CLKARDCLK
Min Period        n/a     RAMB36E1/CLKARDCLK  n/a            3.363         10.000      6.637      RAMB36_X2Y14   edge_mem_reg_0_3/CLKARDCLK
Min Period        n/a     RAMB36E1/CLKARDCLK  n/a            3.363         10.000      6.637      RAMB36_X1Y19   edge_mem_reg_0_4/CLKARDCLK
Min Period        n/a     RAMB36E1/CLKARDCLK  n/a            3.363         10.000      6.637      RAMB36_X1Y14   edge_mem_reg_0_5/CLKARDCLK
Min Period        n/a     RAMB36E1/CLKARDCLK  n/a            3.363         10.000      6.637      RAMB36_X3Y17   edge_mem_reg_0_6/CLKARDCLK
Min Period        n/a     RAMB36E1/CLKARDCLK  n/a            3.363         10.000      6.637      RAMB36_X2Y16   edge_mem_reg_0_7/CLKARDCLK
Min Period        n/a     RAMB36E1/CLKARDCLK  n/a            3.363         10.000      6.637      RAMB36_X2Y21   edge_mem_reg_1_0/CLKARDCLK
Min Period        n/a     RAMB36E1/CLKARDCLK  n/a            3.363         10.000      6.637      RAMB36_X1Y17   edge_mem_reg_1_1/CLKARDCLK
Low Pulse Width   Slow    RAMD64E/CLK         n/a            1.250         5.000       3.750      SLICE_X60Y122  u_core/g_engine[0].u_engine/g_bank[0].u_hist/hist_reg_r1_0_63_0_2/RAMA/CLK
Low Pulse Width   Fast    RAMD64E/CLK         n/a            1.250         5.000       3.750      SLICE_X60Y122  u_core/g_engine[0].u_engine/g_bank[0].u_hist/hist_reg_r1_0_63_0_2/RAMA/CLK
Low Pulse Width   Slow    RAMD64E/CLK         n/a            1.250         5.000       3.750      SLICE_X60Y122  u_core/g_engine[0].u_engine/g_bank[0].u_hist/hist_reg_r1_0_63_0_2/RAMB/CLK
Low Pulse Width   Fast    RAMD64E/CLK         n/a            1.250         5.000       3.750      SLICE_X60Y122  u_core/g_engine[0].u_engine/g_bank[0].u_hist/hist_reg_r1_0_63_0_2/RAMB/CLK
Low Pulse Width   Slow    RAMD64E/CLK         n/a            1.250         5.000       3.750      SLICE_X60Y122  u_core/g_engine[0].u_engine/g_bank[0].u_hist/hist_reg_r1_0_63_0_2/RAMC/CLK
Low Pulse Width   Fast    RAMD64E/CLK         n/a            1.250         5.000       3.750      SLICE_X60Y122  u_core/g_engine[0].u_engine/g_bank[0].u_hist/hist_reg_r1_0_63_0_2/RAMC/CLK
Low Pulse Width   Slow    RAMD64E/CLK         n/a            1.250         5.000       3.750      SLICE_X60Y122  u_core/g_engine[0].u_engine/g_bank[0].u_hist/hist_reg_r1_0_63_0_2/RAMD/CLK
Low Pulse Width   Fast    RAMD64E/CLK         n/a            1.250         5.000       3.750      SLICE_X60Y122  u_core/g_engine[0].u_engine/g_bank[0].u_hist/hist_reg_r1_0_63_0_2/RAMD/CLK
Low Pulse Width   Slow    RAMD64E/CLK         n/a            1.250         5.000       3.750      SLICE_X60Y128  u_core/g_engine[0].u_engine/g_bank[0].u_hist/hist_reg_r1_0_63_3_5/RAMA/CLK
Low Pulse Width   Fast    RAMD64E/CLK         n/a            1.250         5.000       3.750      SLICE_X60Y128  u_core/g_engine[0].u_engine/g_bank[0].u_hist/hist_reg_r1_0_63_3_5/RAMA/CLK
High Pulse Width  Slow    RAMD64E/CLK         n/a            1.250         5.000       3.750      SLICE_X60Y122  u_core/g_engine[0].u_engine/g_bank[0].u_hist/hist_reg_r1_0_63_0_2/RAMA/CLK
High Pulse Width  Fast    RAMD64E/CLK         n/a            1.250         5.000       3.750      SLICE_X60Y122  u_core/g_engine[0].u_engine/g_bank[0].u_hist/hist_reg_r1_0_63_0_2/RAMA/CLK
High Pulse Width  Slow    RAMD64E/CLK         n/a            1.250         5.000       3.750      SLICE_X60Y122  u_core/g_engine[0].u_engine/g_bank[0].u_hist/hist_reg_r1_0_63_0_2/RAMB/CLK
High Pulse Width  Fast    RAMD64E/CLK         n/a            1.250         5.000       3.750      SLICE_X60Y122  u_core/g_engine[0].u_engine/g_bank[0].u_hist/hist_reg_r1_0_63_0_2/RAMB/CLK
High Pulse Width  Slow    RAMD64E/CLK         n/a            1.250         5.000       3.750      SLICE_X60Y122  u_core/g_engine[0].u_engine/g_bank[0].u_hist/hist_reg_r1_0_63_0_2/RAMC/CLK
High Pulse Width  Fast    RAMD64E/CLK         n/a            1.250         5.000       3.750      SLICE_X60Y122  u_core/g_engine[0].u_engine/g_bank[0].u_hist/hist_reg_r1_0_63_0_2/RAMC/CLK
High Pulse Width  Slow    RAMD64E/CLK         n/a            1.250         5.000       3.750      SLICE_X60Y122  u_core/g_engine[0].u_engine/g_bank[0].u_hist/hist_reg_r1_0_63_0_2/RAMD/CLK
High Pulse Width  Fast    RAMD64E/CLK         n/a            1.250         5.000       3.750      SLICE_X60Y122  u_core/g_engine[0].u_engine/g_bank[0].u_hist/hist_reg_r1_0_63_0_2/RAMD/CLK
High Pulse Width  Slow    RAMD64E/CLK         n/a            1.250         5.000       3.750      SLICE_X60Y128  u_core/g_engine[0].u_engine/g_bank[0].u_hist/hist_reg_r1_0_63_3_5/RAMA/CLK
High Pulse Width  Fast    RAMD64E/CLK         n/a            1.250         5.000       3.750      SLICE_X60Y128  u_core/g_engine[0].u_engine/g_bank[0].u_hist/hist_reg_r1_0_63_3_5/RAMA/CLK



---------------------------------------------------------------------------------------------------
Path Group:  **async_default**
From Clock:  sys_clk_pin
  To Clock:  sys_clk_pin

Setup :            0  Failing Endpoints,  Worst Slack        2.393ns,  Total Violation        0.000ns
Hold  :            0  Failing Endpoints,  Worst Slack        2.488ns,  Total Violation        0.000ns
---------------------------------------------------------------------------------------------------


Max Delay Paths
--------------------------------------------------------------------------------------
Slack (MET) :             2.393ns  (required time - arrival time)
  Source:                 reset_pipe_reg[1]/C
                            (rising edge-triggered cell FDRE clocked by sys_clk_pin  {rise@0.000ns fall@5.000ns period=10.000ns})
  Destination:            u_uart/div_count_reg[0]/CLR
                            (recovery check against rising-edge clock sys_clk_pin  {rise@0.000ns fall@5.000ns period=10.000ns})
  Path Group:             **async_default**
  Path Type:              Recovery (Max at Slow Process Corner)
  Requirement:            10.000ns  (sys_clk_pin rise@10.000ns - sys_clk_pin rise@0.000ns)
  Data Path Delay:        7.135ns  (logic 0.642ns (8.998%)  route 6.493ns (91.002%))
  Logic Levels:           1  (LUT1=1)
  Clock Path Skew:        -0.032ns (DCD - SCD + CPR)
    Destination Clock Delay (DCD):    4.919ns = ( 14.919 - 10.000 ) 
    Source Clock Delay      (SCD):    5.210ns
    Clock Pessimism Removal (CPR):    0.259ns
  Clock Uncertainty:      0.035ns  ((TSJ^2 + TIJ^2)^1/2 + DJ) / 2 + PE
    Total System Jitter     (TSJ):    0.071ns
    Total Input Jitter      (TIJ):    0.000ns
    Discrete Jitter          (DJ):    0.000ns
    Phase Error              (PE):    0.000ns

    Location             Delay type                Incr(ns)  Path(ns)    Netlist Resource(s)
  -------------------------------------------------------------------    -------------------
                         (clock sys_clk_pin rise edge)
                                                      0.000     0.000 r  <hidden>
    E3                                                0.000     0.000 r  clk100mhz
                         net (fo=0)                   0.000     0.000    clk100mhz
    E3                   IBUF (Prop_ibuf_I_O)         1.482     1.482 r  clk100mhz_IBUF_inst/O
                         net (fo=1, routed)           2.025     3.506    clk100mhz_IBUF
    BUFGCTRL_X0Y16       BUFG (Prop_bufg_I_O)         0.096     3.602 r  clk100mhz_IBUF_BUFG_inst/O
                         net (fo=4115, routed)        1.608     5.210    clk100mhz_IBUF_BUFG
    SLICE_X54Y108        FDRE                                         r  reset_pipe_reg[1]/C
  -------------------------------------------------------------------    -------------------
    SLICE_X54Y108        FDRE (Prop_fdre_C_Q)         0.518     5.728 r  reset_pipe_reg[1]/Q
                         net (fo=84, routed)          1.848     7.576    u_core/u_gradient/u_cordic/rst_n
    SLICE_X48Y87         LUT1 (Prop_lut1_I0_O)        0.124     7.700 f  u_core/u_gradient/u_cordic/div_count[9]_i_3/O
                         net (fo=2359, routed)        4.645    12.345    u_uart/p_0_in
    SLICE_X68Y101        FDCE                                         f  u_uart/div_count_reg[0]/CLR
  -------------------------------------------------------------------    -------------------

                         (clock sys_clk_pin rise edge)
                                                     10.000    10.000 r  <hidden>
    E3                                                0.000    10.000 r  clk100mhz
                         net (fo=0)                   0.000    10.000    clk100mhz
    E3                   IBUF (Prop_ibuf_I_O)         1.411    11.411 r  clk100mhz_IBUF_inst/O
                         net (fo=1, routed)           1.920    13.331    clk100mhz_IBUF
    BUFGCTRL_X0Y16       BUFG (Prop_bufg_I_O)         0.091    13.422 r  clk100mhz_IBUF_BUFG_inst/O
                         net (fo=4115, routed)        1.497    14.919    u_uart/clk100mhz_IBUF_BUFG
    SLICE_X68Y101        FDCE                                         r  u_uart/div_count_reg[0]/C
                         clock pessimism              0.259    15.178    <hidden>
                         clock uncertainty           -0.035    15.143    <hidden>
    SLICE_X68Y101        FDCE (Recov_fdce_C_CLR)     -0.405    14.738    u_uart/div_count_reg[0]
  -------------------------------------------------------------------
                         required time                         14.738    <hidden>
                         arrival time                         -12.345    <hidden>
  -------------------------------------------------------------------
                         slack                                  2.393    <hidden>

Slack (MET) :             2.393ns  (required time - arrival time)
  Source:                 reset_pipe_reg[1]/C
                            (rising edge-triggered cell FDRE clocked by sys_clk_pin  {rise@0.000ns fall@5.000ns period=10.000ns})
  Destination:            u_uart/div_count_reg[1]/CLR
                            (recovery check against rising-edge clock sys_clk_pin  {rise@0.000ns fall@5.000ns period=10.000ns})
  Path Group:             **async_default**
  Path Type:              Recovery (Max at Slow Process Corner)
  Requirement:            10.000ns  (sys_clk_pin rise@10.000ns - sys_clk_pin rise@0.000ns)
  Data Path Delay:        7.135ns  (logic 0.642ns (8.998%)  route 6.493ns (91.002%))
  Logic Levels:           1  (LUT1=1)
  Clock Path Skew:        -0.032ns (DCD - SCD + CPR)
    Destination Clock Delay (DCD):    4.919ns = ( 14.919 - 10.000 ) 
    Source Clock Delay      (SCD):    5.210ns
    Clock Pessimism Removal (CPR):    0.259ns
  Clock Uncertainty:      0.035ns  ((TSJ^2 + TIJ^2)^1/2 + DJ) / 2 + PE
    Total System Jitter     (TSJ):    0.071ns
    Total Input Jitter      (TIJ):    0.000ns
    Discrete Jitter          (DJ):    0.000ns
    Phase Error              (PE):    0.000ns

    Location             Delay type                Incr(ns)  Path(ns)    Netlist Resource(s)
  -------------------------------------------------------------------    -------------------
                         (clock sys_clk_pin rise edge)
                                                      0.000     0.000 r  <hidden>
    E3                                                0.000     0.000 r  clk100mhz
                         net (fo=0)                   0.000     0.000    clk100mhz
    E3                   IBUF (Prop_ibuf_I_O)         1.482     1.482 r  clk100mhz_IBUF_inst/O
                         net (fo=1, routed)           2.025     3.506    clk100mhz_IBUF
    BUFGCTRL_X0Y16       BUFG (Prop_bufg_I_O)         0.096     3.602 r  clk100mhz_IBUF_BUFG_inst/O
                         net (fo=4115, routed)        1.608     5.210    clk100mhz_IBUF_BUFG
    SLICE_X54Y108        FDRE                                         r  reset_pipe_reg[1]/C
  -------------------------------------------------------------------    -------------------
    SLICE_X54Y108        FDRE (Prop_fdre_C_Q)         0.518     5.728 r  reset_pipe_reg[1]/Q
                         net (fo=84, routed)          1.848     7.576    u_core/u_gradient/u_cordic/rst_n
    SLICE_X48Y87         LUT1 (Prop_lut1_I0_O)        0.124     7.700 f  u_core/u_gradient/u_cordic/div_count[9]_i_3/O
                         net (fo=2359, routed)        4.645    12.345    u_uart/p_0_in
    SLICE_X68Y101        FDCE                                         f  u_uart/div_count_reg[1]/CLR
  -------------------------------------------------------------------    -------------------

                         (clock sys_clk_pin rise edge)
                                                     10.000    10.000 r  <hidden>
    E3                                                0.000    10.000 r  clk100mhz
                         net (fo=0)                   0.000    10.000    clk100mhz
    E3                   IBUF (Prop_ibuf_I_O)         1.411    11.411 r  clk100mhz_IBUF_inst/O
                         net (fo=1, routed)           1.920    13.331    clk100mhz_IBUF
    BUFGCTRL_X0Y16       BUFG (Prop_bufg_I_O)         0.091    13.422 r  clk100mhz_IBUF_BUFG_inst/O
                         net (fo=4115, routed)        1.497    14.919    u_uart/clk100mhz_IBUF_BUFG
    SLICE_X68Y101        FDCE                                         r  u_uart/div_count_reg[1]/C
                         clock pessimism              0.259    15.178    <hidden>
                         clock uncertainty           -0.035    15.143    <hidden>
    SLICE_X68Y101        FDCE (Recov_fdce_C_CLR)     -0.405    14.738    u_uart/div_count_reg[1]
  -------------------------------------------------------------------
                         required time                         14.738    <hidden>
                         arrival time                         -12.345    <hidden>
  -------------------------------------------------------------------
                         slack                                  2.393    <hidden>

Slack (MET) :             2.393ns  (required time - arrival time)
  Source:                 reset_pipe_reg[1]/C
                            (rising edge-triggered cell FDRE clocked by sys_clk_pin  {rise@0.000ns fall@5.000ns period=10.000ns})
  Destination:            u_uart/div_count_reg[5]/CLR
                            (recovery check against rising-edge clock sys_clk_pin  {rise@0.000ns fall@5.000ns period=10.000ns})
  Path Group:             **async_default**
  Path Type:              Recovery (Max at Slow Process Corner)
  Requirement:            10.000ns  (sys_clk_pin rise@10.000ns - sys_clk_pin rise@0.000ns)
  Data Path Delay:        7.135ns  (logic 0.642ns (8.998%)  route 6.493ns (91.002%))
  Logic Levels:           1  (LUT1=1)
  Clock Path Skew:        -0.032ns (DCD - SCD + CPR)
    Destination Clock Delay (DCD):    4.919ns = ( 14.919 - 10.000 ) 
    Source Clock Delay      (SCD):    5.210ns
    Clock Pessimism Removal (CPR):    0.259ns
  Clock Uncertainty:      0.035ns  ((TSJ^2 + TIJ^2)^1/2 + DJ) / 2 + PE
    Total System Jitter     (TSJ):    0.071ns
    Total Input Jitter      (TIJ):    0.000ns
    Discrete Jitter          (DJ):    0.000ns
    Phase Error              (PE):    0.000ns

    Location             Delay type                Incr(ns)  Path(ns)    Netlist Resource(s)
  -------------------------------------------------------------------    -------------------
                         (clock sys_clk_pin rise edge)
                                                      0.000     0.000 r  <hidden>
    E3                                                0.000     0.000 r  clk100mhz
                         net (fo=0)                   0.000     0.000    clk100mhz
    E3                   IBUF (Prop_ibuf_I_O)         1.482     1.482 r  clk100mhz_IBUF_inst/O
                         net (fo=1, routed)           2.025     3.506    clk100mhz_IBUF
    BUFGCTRL_X0Y16       BUFG (Prop_bufg_I_O)         0.096     3.602 r  clk100mhz_IBUF_BUFG_inst/O
                         net (fo=4115, routed)        1.608     5.210    clk100mhz_IBUF_BUFG
    SLICE_X54Y108        FDRE                                         r  reset_pipe_reg[1]/C
  -------------------------------------------------------------------    -------------------
    SLICE_X54Y108        FDRE (Prop_fdre_C_Q)         0.518     5.728 r  reset_pipe_reg[1]/Q
                         net (fo=84, routed)          1.848     7.576    u_core/u_gradient/u_cordic/rst_n
    SLICE_X48Y87         LUT1 (Prop_lut1_I0_O)        0.124     7.700 f  u_core/u_gradient/u_cordic/div_count[9]_i_3/O
                         net (fo=2359, routed)        4.645    12.345    u_uart/p_0_in
    SLICE_X68Y101        FDCE                                         f  u_uart/div_count_reg[5]/CLR
  -------------------------------------------------------------------    -------------------

                         (clock sys_clk_pin rise edge)
                                                     10.000    10.000 r  <hidden>
    E3                                                0.000    10.000 r  clk100mhz
                         net (fo=0)                   0.000    10.000    clk100mhz
    E3                   IBUF (Prop_ibuf_I_O)         1.411    11.411 r  clk100mhz_IBUF_inst/O
                         net (fo=1, routed)           1.920    13.331    clk100mhz_IBUF
    BUFGCTRL_X0Y16       BUFG (Prop_bufg_I_O)         0.091    13.422 r  clk100mhz_IBUF_BUFG_inst/O
                         net (fo=4115, routed)        1.497    14.919    u_uart/clk100mhz_IBUF_BUFG
    SLICE_X68Y101        FDCE                                         r  u_uart/div_count_reg[5]/C
                         clock pessimism              0.259    15.178    <hidden>
                         clock uncertainty           -0.035    15.143    <hidden>
    SLICE_X68Y101        FDCE (Recov_fdce_C_CLR)     -0.405    14.738    u_uart/div_count_reg[5]
  -------------------------------------------------------------------
                         required time                         14.738    <hidden>
                         arrival time                         -12.345    <hidden>
  -------------------------------------------------------------------
                         slack                                  2.393    <hidden>

Slack (MET) :             2.397ns  (required time - arrival time)
  Source:                 reset_pipe_reg[1]/C
                            (rising edge-triggered cell FDRE clocked by sys_clk_pin  {rise@0.000ns fall@5.000ns period=10.000ns})
  Destination:            u_uart/div_count_reg[2]/CLR
                            (recovery check against rising-edge clock sys_clk_pin  {rise@0.000ns fall@5.000ns period=10.000ns})
  Path Group:             **async_default**
  Path Type:              Recovery (Max at Slow Process Corner)
  Requirement:            10.000ns  (sys_clk_pin rise@10.000ns - sys_clk_pin rise@0.000ns)
  Data Path Delay:        7.130ns  (logic 0.642ns (9.004%)  route 6.488ns (90.996%))
  Logic Levels:           1  (LUT1=1)
  Clock Path Skew:        -0.032ns (DCD - SCD + CPR)
    Destination Clock Delay (DCD):    4.919ns = ( 14.919 - 10.000 ) 
    Source Clock Delay      (SCD):    5.210ns
    Clock Pessimism Removal (CPR):    0.259ns
  Clock Uncertainty:      0.035ns  ((TSJ^2 + TIJ^2)^1/2 + DJ) / 2 + PE
    Total System Jitter     (TSJ):    0.071ns
    Total Input Jitter      (TIJ):    0.000ns
    Discrete Jitter          (DJ):    0.000ns
    Phase Error              (PE):    0.000ns

    Location             Delay type                Incr(ns)  Path(ns)    Netlist Resource(s)
  -------------------------------------------------------------------    -------------------
                         (clock sys_clk_pin rise edge)
                                                      0.000     0.000 r  <hidden>
    E3                                                0.000     0.000 r  clk100mhz
                         net (fo=0)                   0.000     0.000    clk100mhz
    E3                   IBUF (Prop_ibuf_I_O)         1.482     1.482 r  clk100mhz_IBUF_inst/O
                         net (fo=1, routed)           2.025     3.506    clk100mhz_IBUF
    BUFGCTRL_X0Y16       BUFG (Prop_bufg_I_O)         0.096     3.602 r  clk100mhz_IBUF_BUFG_inst/O
                         net (fo=4115, routed)        1.608     5.210    clk100mhz_IBUF_BUFG
    SLICE_X54Y108        FDRE                                         r  reset_pipe_reg[1]/C
  -------------------------------------------------------------------    -------------------
    SLICE_X54Y108        FDRE (Prop_fdre_C_Q)         0.518     5.728 r  reset_pipe_reg[1]/Q
                         net (fo=84, routed)          1.848     7.576    u_core/u_gradient/u_cordic/rst_n
    SLICE_X48Y87         LUT1 (Prop_lut1_I0_O)        0.124     7.700 f  u_core/u_gradient/u_cordic/div_count[9]_i_3/O
                         net (fo=2359, routed)        4.640    12.341    u_uart/p_0_in
    SLICE_X69Y101        FDCE                                         f  u_uart/div_count_reg[2]/CLR
  -------------------------------------------------------------------    -------------------

                         (clock sys_clk_pin rise edge)
                                                     10.000    10.000 r  <hidden>
    E3                                                0.000    10.000 r  clk100mhz
                         net (fo=0)                   0.000    10.000    clk100mhz
    E3                   IBUF (Prop_ibuf_I_O)         1.411    11.411 r  clk100mhz_IBUF_inst/O
                         net (fo=1, routed)           1.920    13.331    clk100mhz_IBUF
    BUFGCTRL_X0Y16       BUFG (Prop_bufg_I_O)         0.091    13.422 r  clk100mhz_IBUF_BUFG_inst/O
                         net (fo=4115, routed)        1.497    14.919    u_uart/clk100mhz_IBUF_BUFG
    SLICE_X69Y101        FDCE                                         r  u_uart/div_count_reg[2]/C
                         clock pessimism              0.259    15.178    <hidden>
                         clock uncertainty           -0.035    15.143    <hidden>
    SLICE_X69Y101        FDCE (Recov_fdce_C_CLR)     -0.405    14.738    u_uart/div_count_reg[2]
  -------------------------------------------------------------------
                         required time                         14.738    <hidden>
                         arrival time                         -12.341    <hidden>
  -------------------------------------------------------------------
                         slack                                  2.397    <hidden>

Slack (MET) :             2.397ns  (required time - arrival time)
  Source:                 reset_pipe_reg[1]/C
                            (rising edge-triggered cell FDRE clocked by sys_clk_pin  {rise@0.000ns fall@5.000ns period=10.000ns})
  Destination:            u_uart/div_count_reg[3]/CLR
                            (recovery check against rising-edge clock sys_clk_pin  {rise@0.000ns fall@5.000ns period=10.000ns})
  Path Group:             **async_default**
  Path Type:              Recovery (Max at Slow Process Corner)
  Requirement:            10.000ns  (sys_clk_pin rise@10.000ns - sys_clk_pin rise@0.000ns)
  Data Path Delay:        7.130ns  (logic 0.642ns (9.004%)  route 6.488ns (90.996%))
  Logic Levels:           1  (LUT1=1)
  Clock Path Skew:        -0.032ns (DCD - SCD + CPR)
    Destination Clock Delay (DCD):    4.919ns = ( 14.919 - 10.000 ) 
    Source Clock Delay      (SCD):    5.210ns
    Clock Pessimism Removal (CPR):    0.259ns
  Clock Uncertainty:      0.035ns  ((TSJ^2 + TIJ^2)^1/2 + DJ) / 2 + PE
    Total System Jitter     (TSJ):    0.071ns
    Total Input Jitter      (TIJ):    0.000ns
    Discrete Jitter          (DJ):    0.000ns
    Phase Error              (PE):    0.000ns

    Location             Delay type                Incr(ns)  Path(ns)    Netlist Resource(s)
  -------------------------------------------------------------------    -------------------
                         (clock sys_clk_pin rise edge)
                                                      0.000     0.000 r  <hidden>
    E3                                                0.000     0.000 r  clk100mhz
                         net (fo=0)                   0.000     0.000    clk100mhz
    E3                   IBUF (Prop_ibuf_I_O)         1.482     1.482 r  clk100mhz_IBUF_inst/O
                         net (fo=1, routed)           2.025     3.506    clk100mhz_IBUF
    BUFGCTRL_X0Y16       BUFG (Prop_bufg_I_O)         0.096     3.602 r  clk100mhz_IBUF_BUFG_inst/O
                         net (fo=4115, routed)        1.608     5.210    clk100mhz_IBUF_BUFG
    SLICE_X54Y108        FDRE                                         r  reset_pipe_reg[1]/C
  -------------------------------------------------------------------    -------------------
    SLICE_X54Y108        FDRE (Prop_fdre_C_Q)         0.518     5.728 r  reset_pipe_reg[1]/Q
                         net (fo=84, routed)          1.848     7.576    u_core/u_gradient/u_cordic/rst_n
    SLICE_X48Y87         LUT1 (Prop_lut1_I0_O)        0.124     7.700 f  u_core/u_gradient/u_cordic/div_count[9]_i_3/O
                         net (fo=2359, routed)        4.640    12.341    u_uart/p_0_in
    SLICE_X69Y101        FDCE                                         f  u_uart/div_count_reg[3]/CLR
  -------------------------------------------------------------------    -------------------

                         (clock sys_clk_pin rise edge)
                                                     10.000    10.000 r  <hidden>
    E3                                                0.000    10.000 r  clk100mhz
                         net (fo=0)                   0.000    10.000    clk100mhz
    E3                   IBUF (Prop_ibuf_I_O)         1.411    11.411 r  clk100mhz_IBUF_inst/O
                         net (fo=1, routed)           1.920    13.331    clk100mhz_IBUF
    BUFGCTRL_X0Y16       BUFG (Prop_bufg_I_O)         0.091    13.422 r  clk100mhz_IBUF_BUFG_inst/O
                         net (fo=4115, routed)        1.497    14.919    u_uart/clk100mhz_IBUF_BUFG
    SLICE_X69Y101        FDCE                                         r  u_uart/div_count_reg[3]/C
                         clock pessimism              0.259    15.178    <hidden>
                         clock uncertainty           -0.035    15.143    <hidden>
    SLICE_X69Y101        FDCE (Recov_fdce_C_CLR)     -0.405    14.738    u_uart/div_count_reg[3]
  -------------------------------------------------------------------
                         required time                         14.738    <hidden>
                         arrival time                         -12.341    <hidden>
  -------------------------------------------------------------------
                         slack                                  2.397    <hidden>

Slack (MET) :             2.397ns  (required time - arrival time)
  Source:                 reset_pipe_reg[1]/C
                            (rising edge-triggered cell FDRE clocked by sys_clk_pin  {rise@0.000ns fall@5.000ns period=10.000ns})
  Destination:            u_uart/div_count_reg[4]/CLR
                            (recovery check against rising-edge clock sys_clk_pin  {rise@0.000ns fall@5.000ns period=10.000ns})
  Path Group:             **async_default**
  Path Type:              Recovery (Max at Slow Process Corner)
  Requirement:            10.000ns  (sys_clk_pin rise@10.000ns - sys_clk_pin rise@0.000ns)
  Data Path Delay:        7.130ns  (logic 0.642ns (9.004%)  route 6.488ns (90.996%))
  Logic Levels:           1  (LUT1=1)
  Clock Path Skew:        -0.032ns (DCD - SCD + CPR)
    Destination Clock Delay (DCD):    4.919ns = ( 14.919 - 10.000 ) 
    Source Clock Delay      (SCD):    5.210ns
    Clock Pessimism Removal (CPR):    0.259ns
  Clock Uncertainty:      0.035ns  ((TSJ^2 + TIJ^2)^1/2 + DJ) / 2 + PE
    Total System Jitter     (TSJ):    0.071ns
    Total Input Jitter      (TIJ):    0.000ns
    Discrete Jitter          (DJ):    0.000ns
    Phase Error              (PE):    0.000ns

    Location             Delay type                Incr(ns)  Path(ns)    Netlist Resource(s)
  -------------------------------------------------------------------    -------------------
                         (clock sys_clk_pin rise edge)
                                                      0.000     0.000 r  <hidden>
    E3                                                0.000     0.000 r  clk100mhz
                         net (fo=0)                   0.000     0.000    clk100mhz
    E3                   IBUF (Prop_ibuf_I_O)         1.482     1.482 r  clk100mhz_IBUF_inst/O
                         net (fo=1, routed)           2.025     3.506    clk100mhz_IBUF
    BUFGCTRL_X0Y16       BUFG (Prop_bufg_I_O)         0.096     3.602 r  clk100mhz_IBUF_BUFG_inst/O
                         net (fo=4115, routed)        1.608     5.210    clk100mhz_IBUF_BUFG
    SLICE_X54Y108        FDRE                                         r  reset_pipe_reg[1]/C
  -------------------------------------------------------------------    -------------------
    SLICE_X54Y108        FDRE (Prop_fdre_C_Q)         0.518     5.728 r  reset_pipe_reg[1]/Q
                         net (fo=84, routed)          1.848     7.576    u_core/u_gradient/u_cordic/rst_n
    SLICE_X48Y87         LUT1 (Prop_lut1_I0_O)        0.124     7.700 f  u_core/u_gradient/u_cordic/div_count[9]_i_3/O
                         net (fo=2359, routed)        4.640    12.341    u_uart/p_0_in
    SLICE_X69Y101        FDCE                                         f  u_uart/div_count_reg[4]/CLR
  -------------------------------------------------------------------    -------------------

                         (clock sys_clk_pin rise edge)
                                                     10.000    10.000 r  <hidden>
    E3                                                0.000    10.000 r  clk100mhz
                         net (fo=0)                   0.000    10.000    clk100mhz
    E3                   IBUF (Prop_ibuf_I_O)         1.411    11.411 r  clk100mhz_IBUF_inst/O
                         net (fo=1, routed)           1.920    13.331    clk100mhz_IBUF
    BUFGCTRL_X0Y16       BUFG (Prop_bufg_I_O)         0.091    13.422 r  clk100mhz_IBUF_BUFG_inst/O
                         net (fo=4115, routed)        1.497    14.919    u_uart/clk100mhz_IBUF_BUFG
    SLICE_X69Y101        FDCE                                         r  u_uart/div_count_reg[4]/C
                         clock pessimism              0.259    15.178    <hidden>
                         clock uncertainty           -0.035    15.143    <hidden>
    SLICE_X69Y101        FDCE (Recov_fdce_C_CLR)     -0.405    14.738    u_uart/div_count_reg[4]
  -------------------------------------------------------------------
                         required time                         14.738    <hidden>
                         arrival time                         -12.341    <hidden>
  -------------------------------------------------------------------
                         slack                                  2.397    <hidden>

Slack (MET) :             2.608ns  (required time - arrival time)
  Source:                 reset_pipe_reg[1]/C
                            (rising edge-triggered cell FDRE clocked by sys_clk_pin  {rise@0.000ns fall@5.000ns period=10.000ns})
  Destination:            u_uart/bits_left_reg[1]/CLR
                            (recovery check against rising-edge clock sys_clk_pin  {rise@0.000ns fall@5.000ns period=10.000ns})
  Path Group:             **async_default**
  Path Type:              Recovery (Max at Slow Process Corner)
  Requirement:            10.000ns  (sys_clk_pin rise@10.000ns - sys_clk_pin rise@0.000ns)
  Data Path Delay:        6.857ns  (logic 0.642ns (9.362%)  route 6.215ns (90.638%))
  Logic Levels:           1  (LUT1=1)
  Clock Path Skew:        -0.095ns (DCD - SCD + CPR)
    Destination Clock Delay (DCD):    4.936ns = ( 14.936 - 10.000 ) 
    Source Clock Delay      (SCD):    5.210ns
    Clock Pessimism Removal (CPR):    0.180ns
  Clock Uncertainty:      0.035ns  ((TSJ^2 + TIJ^2)^1/2 + DJ) / 2 + PE
    Total System Jitter     (TSJ):    0.071ns
    Total Input Jitter      (TIJ):    0.000ns
    Discrete Jitter          (DJ):    0.000ns
    Phase Error              (PE):    0.000ns

    Location             Delay type                Incr(ns)  Path(ns)    Netlist Resource(s)
  -------------------------------------------------------------------    -------------------
                         (clock sys_clk_pin rise edge)
                                                      0.000     0.000 r  <hidden>
    E3                                                0.000     0.000 r  clk100mhz
                         net (fo=0)                   0.000     0.000    clk100mhz
    E3                   IBUF (Prop_ibuf_I_O)         1.482     1.482 r  clk100mhz_IBUF_inst/O
                         net (fo=1, routed)           2.025     3.506    clk100mhz_IBUF
    BUFGCTRL_X0Y16       BUFG (Prop_bufg_I_O)         0.096     3.602 r  clk100mhz_IBUF_BUFG_inst/O
                         net (fo=4115, routed)        1.608     5.210    clk100mhz_IBUF_BUFG
    SLICE_X54Y108        FDRE                                         r  reset_pipe_reg[1]/C
  -------------------------------------------------------------------    -------------------
    SLICE_X54Y108        FDRE (Prop_fdre_C_Q)         0.518     5.728 r  reset_pipe_reg[1]/Q
                         net (fo=84, routed)          1.848     7.576    u_core/u_gradient/u_cordic/rst_n
    SLICE_X48Y87         LUT1 (Prop_lut1_I0_O)        0.124     7.700 f  u_core/u_gradient/u_cordic/div_count[9]_i_3/O
                         net (fo=2359, routed)        4.367    12.067    u_uart/p_0_in
    SLICE_X67Y99         FDCE                                         f  u_uart/bits_left_reg[1]/CLR
  -------------------------------------------------------------------    -------------------

                         (clock sys_clk_pin rise edge)
                                                     10.000    10.000 r  <hidden>
    E3                                                0.000    10.000 r  clk100mhz
                         net (fo=0)                   0.000    10.000    clk100mhz
    E3                   IBUF (Prop_ibuf_I_O)         1.411    11.411 r  clk100mhz_IBUF_inst/O
                         net (fo=1, routed)           1.920    13.331    clk100mhz_IBUF
    BUFGCTRL_X0Y16       BUFG (Prop_bufg_I_O)         0.091    13.422 r  clk100mhz_IBUF_BUFG_inst/O
                         net (fo=4115, routed)        1.513    14.936    u_uart/clk100mhz_IBUF_BUFG
    SLICE_X67Y99         FDCE                                         r  u_uart/bits_left_reg[1]/C
                         clock pessimism              0.180    15.116    <hidden>
                         clock uncertainty           -0.035    15.080    <hidden>
    SLICE_X67Y99         FDCE (Recov_fdce_C_CLR)     -0.405    14.675    u_uart/bits_left_reg[1]
  -------------------------------------------------------------------
                         required time                         14.675    <hidden>
                         arrival time                         -12.067    <hidden>
  -------------------------------------------------------------------
                         slack                                  2.608    <hidden>

Slack (MET) :             2.608ns  (required time - arrival time)
  Source:                 reset_pipe_reg[1]/C
                            (rising edge-triggered cell FDRE clocked by sys_clk_pin  {rise@0.000ns fall@5.000ns period=10.000ns})
  Destination:            u_uart/bits_left_reg[2]/CLR
                            (recovery check against rising-edge clock sys_clk_pin  {rise@0.000ns fall@5.000ns period=10.000ns})
  Path Group:             **async_default**
  Path Type:              Recovery (Max at Slow Process Corner)
  Requirement:            10.000ns  (sys_clk_pin rise@10.000ns - sys_clk_pin rise@0.000ns)
  Data Path Delay:        6.857ns  (logic 0.642ns (9.362%)  route 6.215ns (90.638%))
  Logic Levels:           1  (LUT1=1)
  Clock Path Skew:        -0.095ns (DCD - SCD + CPR)
    Destination Clock Delay (DCD):    4.936ns = ( 14.936 - 10.000 ) 
    Source Clock Delay      (SCD):    5.210ns
    Clock Pessimism Removal (CPR):    0.180ns
  Clock Uncertainty:      0.035ns  ((TSJ^2 + TIJ^2)^1/2 + DJ) / 2 + PE
    Total System Jitter     (TSJ):    0.071ns
    Total Input Jitter      (TIJ):    0.000ns
    Discrete Jitter          (DJ):    0.000ns
    Phase Error              (PE):    0.000ns

    Location             Delay type                Incr(ns)  Path(ns)    Netlist Resource(s)
  -------------------------------------------------------------------    -------------------
                         (clock sys_clk_pin rise edge)
                                                      0.000     0.000 r  <hidden>
    E3                                                0.000     0.000 r  clk100mhz
                         net (fo=0)                   0.000     0.000    clk100mhz
    E3                   IBUF (Prop_ibuf_I_O)         1.482     1.482 r  clk100mhz_IBUF_inst/O
                         net (fo=1, routed)           2.025     3.506    clk100mhz_IBUF
    BUFGCTRL_X0Y16       BUFG (Prop_bufg_I_O)         0.096     3.602 r  clk100mhz_IBUF_BUFG_inst/O
                         net (fo=4115, routed)        1.608     5.210    clk100mhz_IBUF_BUFG
    SLICE_X54Y108        FDRE                                         r  reset_pipe_reg[1]/C
  -------------------------------------------------------------------    -------------------
    SLICE_X54Y108        FDRE (Prop_fdre_C_Q)         0.518     5.728 r  reset_pipe_reg[1]/Q
                         net (fo=84, routed)          1.848     7.576    u_core/u_gradient/u_cordic/rst_n
    SLICE_X48Y87         LUT1 (Prop_lut1_I0_O)        0.124     7.700 f  u_core/u_gradient/u_cordic/div_count[9]_i_3/O
                         net (fo=2359, routed)        4.367    12.067    u_uart/p_0_in
    SLICE_X67Y99         FDCE                                         f  u_uart/bits_left_reg[2]/CLR
  -------------------------------------------------------------------    -------------------

                         (clock sys_clk_pin rise edge)
                                                     10.000    10.000 r  <hidden>
    E3                                                0.000    10.000 r  clk100mhz
                         net (fo=0)                   0.000    10.000    clk100mhz
    E3                   IBUF (Prop_ibuf_I_O)         1.411    11.411 r  clk100mhz_IBUF_inst/O
                         net (fo=1, routed)           1.920    13.331    clk100mhz_IBUF
    BUFGCTRL_X0Y16       BUFG (Prop_bufg_I_O)         0.091    13.422 r  clk100mhz_IBUF_BUFG_inst/O
                         net (fo=4115, routed)        1.513    14.936    u_uart/clk100mhz_IBUF_BUFG
    SLICE_X67Y99         FDCE                                         r  u_uart/bits_left_reg[2]/C
                         clock pessimism              0.180    15.116    <hidden>
                         clock uncertainty           -0.035    15.080    <hidden>
    SLICE_X67Y99         FDCE (Recov_fdce_C_CLR)     -0.405    14.675    u_uart/bits_left_reg[2]
  -------------------------------------------------------------------
                         required time                         14.675    <hidden>
                         arrival time                         -12.067    <hidden>
  -------------------------------------------------------------------
                         slack                                  2.608    <hidden>

Slack (MET) :             2.608ns  (required time - arrival time)
  Source:                 reset_pipe_reg[1]/C
                            (rising edge-triggered cell FDRE clocked by sys_clk_pin  {rise@0.000ns fall@5.000ns period=10.000ns})
  Destination:            u_uart/bits_left_reg[3]/CLR
                            (recovery check against rising-edge clock sys_clk_pin  {rise@0.000ns fall@5.000ns period=10.000ns})
  Path Group:             **async_default**
  Path Type:              Recovery (Max at Slow Process Corner)
  Requirement:            10.000ns  (sys_clk_pin rise@10.000ns - sys_clk_pin rise@0.000ns)
  Data Path Delay:        6.857ns  (logic 0.642ns (9.362%)  route 6.215ns (90.638%))
  Logic Levels:           1  (LUT1=1)
  Clock Path Skew:        -0.095ns (DCD - SCD + CPR)
    Destination Clock Delay (DCD):    4.936ns = ( 14.936 - 10.000 ) 
    Source Clock Delay      (SCD):    5.210ns
    Clock Pessimism Removal (CPR):    0.180ns
  Clock Uncertainty:      0.035ns  ((TSJ^2 + TIJ^2)^1/2 + DJ) / 2 + PE
    Total System Jitter     (TSJ):    0.071ns
    Total Input Jitter      (TIJ):    0.000ns
    Discrete Jitter          (DJ):    0.000ns
    Phase Error              (PE):    0.000ns

    Location             Delay type                Incr(ns)  Path(ns)    Netlist Resource(s)
  -------------------------------------------------------------------    -------------------
                         (clock sys_clk_pin rise edge)
                                                      0.000     0.000 r  <hidden>
    E3                                                0.000     0.000 r  clk100mhz
                         net (fo=0)                   0.000     0.000    clk100mhz
    E3                   IBUF (Prop_ibuf_I_O)         1.482     1.482 r  clk100mhz_IBUF_inst/O
                         net (fo=1, routed)           2.025     3.506    clk100mhz_IBUF
    BUFGCTRL_X0Y16       BUFG (Prop_bufg_I_O)         0.096     3.602 r  clk100mhz_IBUF_BUFG_inst/O
                         net (fo=4115, routed)        1.608     5.210    clk100mhz_IBUF_BUFG
    SLICE_X54Y108        FDRE                                         r  reset_pipe_reg[1]/C
  -------------------------------------------------------------------    -------------------
    SLICE_X54Y108        FDRE (Prop_fdre_C_Q)         0.518     5.728 r  reset_pipe_reg[1]/Q
                         net (fo=84, routed)          1.848     7.576    u_core/u_gradient/u_cordic/rst_n
    SLICE_X48Y87         LUT1 (Prop_lut1_I0_O)        0.124     7.700 f  u_core/u_gradient/u_cordic/div_count[9]_i_3/O
                         net (fo=2359, routed)        4.367    12.067    u_uart/p_0_in
    SLICE_X67Y99         FDCE                                         f  u_uart/bits_left_reg[3]/CLR
  -------------------------------------------------------------------    -------------------

                         (clock sys_clk_pin rise edge)
                                                     10.000    10.000 r  <hidden>
    E3                                                0.000    10.000 r  clk100mhz
                         net (fo=0)                   0.000    10.000    clk100mhz
    E3                   IBUF (Prop_ibuf_I_O)         1.411    11.411 r  clk100mhz_IBUF_inst/O
                         net (fo=1, routed)           1.920    13.331    clk100mhz_IBUF
    BUFGCTRL_X0Y16       BUFG (Prop_bufg_I_O)         0.091    13.422 r  clk100mhz_IBUF_BUFG_inst/O
                         net (fo=4115, routed)        1.513    14.936    u_uart/clk100mhz_IBUF_BUFG
    SLICE_X67Y99         FDCE                                         r  u_uart/bits_left_reg[3]/C
                         clock pessimism              0.180    15.116    <hidden>
                         clock uncertainty           -0.035    15.080    <hidden>
    SLICE_X67Y99         FDCE (Recov_fdce_C_CLR)     -0.405    14.675    u_uart/bits_left_reg[3]
  -------------------------------------------------------------------
                         required time                         14.675    <hidden>
                         arrival time                         -12.067    <hidden>
  -------------------------------------------------------------------
                         slack                                  2.608    <hidden>

Slack (MET) :             2.694ns  (required time - arrival time)
  Source:                 reset_pipe_reg[1]/C
                            (rising edge-triggered cell FDRE clocked by sys_clk_pin  {rise@0.000ns fall@5.000ns period=10.000ns})
  Destination:            u_uart/busy_reg/CLR
                            (recovery check against rising-edge clock sys_clk_pin  {rise@0.000ns fall@5.000ns period=10.000ns})
  Path Group:             **async_default**
  Path Type:              Recovery (Max at Slow Process Corner)
  Requirement:            10.000ns  (sys_clk_pin rise@10.000ns - sys_clk_pin rise@0.000ns)
  Data Path Delay:        6.857ns  (logic 0.642ns (9.362%)  route 6.215ns (90.638%))
  Logic Levels:           1  (LUT1=1)
  Clock Path Skew:        -0.095ns (DCD - SCD + CPR)
    Destination Clock Delay (DCD):    4.936ns = ( 14.936 - 10.000 ) 
    Source Clock Delay      (SCD):    5.210ns
    Clock Pessimism Removal (CPR):    0.180ns
  Clock Uncertainty:      0.035ns  ((TSJ^2 + TIJ^2)^1/2 + DJ) / 2 + PE
    Total System Jitter     (TSJ):    0.071ns
    Total Input Jitter      (TIJ):    0.000ns
    Discrete Jitter          (DJ):    0.000ns
    Phase Error              (PE):    0.000ns

    Location             Delay type                Incr(ns)  Path(ns)    Netlist Resource(s)
  -------------------------------------------------------------------    -------------------
                         (clock sys_clk_pin rise edge)
                                                      0.000     0.000 r  <hidden>
    E3                                                0.000     0.000 r  clk100mhz
                         net (fo=0)                   0.000     0.000    clk100mhz
    E3                   IBUF (Prop_ibuf_I_O)         1.482     1.482 r  clk100mhz_IBUF_inst/O
                         net (fo=1, routed)           2.025     3.506    clk100mhz_IBUF
    BUFGCTRL_X0Y16       BUFG (Prop_bufg_I_O)         0.096     3.602 r  clk100mhz_IBUF_BUFG_inst/O
                         net (fo=4115, routed)        1.608     5.210    clk100mhz_IBUF_BUFG
    SLICE_X54Y108        FDRE                                         r  reset_pipe_reg[1]/C
  -------------------------------------------------------------------    -------------------
    SLICE_X54Y108        FDRE (Prop_fdre_C_Q)         0.518     5.728 r  reset_pipe_reg[1]/Q
                         net (fo=84, routed)          1.848     7.576    u_core/u_gradient/u_cordic/rst_n
    SLICE_X48Y87         LUT1 (Prop_lut1_I0_O)        0.124     7.700 f  u_core/u_gradient/u_cordic/div_count[9]_i_3/O
                         net (fo=2359, routed)        4.367    12.067    u_uart/p_0_in
    SLICE_X66Y99         FDCE                                         f  u_uart/busy_reg/CLR
  -------------------------------------------------------------------    -------------------

                         (clock sys_clk_pin rise edge)
                                                     10.000    10.000 r  <hidden>
    E3                                                0.000    10.000 r  clk100mhz
                         net (fo=0)                   0.000    10.000    clk100mhz
    E3                   IBUF (Prop_ibuf_I_O)         1.411    11.411 r  clk100mhz_IBUF_inst/O
                         net (fo=1, routed)           1.920    13.331    clk100mhz_IBUF
    BUFGCTRL_X0Y16       BUFG (Prop_bufg_I_O)         0.091    13.422 r  clk100mhz_IBUF_BUFG_inst/O
                         net (fo=4115, routed)        1.513    14.936    u_uart/clk100mhz_IBUF_BUFG
    SLICE_X66Y99         FDCE                                         r  u_uart/busy_reg/C
                         clock pessimism              0.180    15.116    <hidden>
                         clock uncertainty           -0.035    15.080    <hidden>
    SLICE_X66Y99         FDCE (Recov_fdce_C_CLR)     -0.319    14.761    u_uart/busy_reg
  -------------------------------------------------------------------
                         required time                         14.761    <hidden>
                         arrival time                         -12.067    <hidden>
  -------------------------------------------------------------------
                         slack                                  2.694    <hidden>





Min Delay Paths
--------------------------------------------------------------------------------------
Slack (MET) :             2.488ns  (arrival time - required time)
  Source:                 reset_pipe_reg[1]/C
                            (rising edge-triggered cell FDRE clocked by sys_clk_pin  {rise@0.000ns fall@5.000ns period=10.000ns})
  Destination:            u_uart/shift_reg[4]/PRE
                            (removal check against rising-edge clock sys_clk_pin  {rise@0.000ns fall@5.000ns period=10.000ns})
  Path Group:             **async_default**
  Path Type:              Removal (Min at Fast Process Corner)
  Requirement:            0.000ns  (sys_clk_pin rise@0.000ns - sys_clk_pin rise@0.000ns)
  Data Path Delay:        2.677ns  (logic 0.209ns (7.809%)  route 2.468ns (92.191%))
  Logic Levels:           1  (LUT1=1)
  Clock Path Skew:        0.284ns (DCD - SCD - CPR)
    Destination Clock Delay (DCD):    2.006ns
    Source Clock Delay      (SCD):    1.476ns
    Clock Pessimism Removal (CPR):    0.245ns

    Location             Delay type                Incr(ns)  Path(ns)    Netlist Resource(s)
  -------------------------------------------------------------------    -------------------
                         (clock sys_clk_pin rise edge)
                                                      0.000     0.000 r  <hidden>
    E3                                                0.000     0.000 r  clk100mhz
                         net (fo=0)                   0.000     0.000    clk100mhz
    E3                   IBUF (Prop_ibuf_I_O)         0.250     0.250 r  clk100mhz_IBUF_inst/O
                         net (fo=1, routed)           0.644     0.894    clk100mhz_IBUF
    BUFGCTRL_X0Y16       BUFG (Prop_bufg_I_O)         0.026     0.920 r  clk100mhz_IBUF_BUFG_inst/O
                         net (fo=4115, routed)        0.557     1.476    clk100mhz_IBUF_BUFG
    SLICE_X54Y108        FDRE                                         r  reset_pipe_reg[1]/C
  -------------------------------------------------------------------    -------------------
    SLICE_X54Y108        FDRE (Prop_fdre_C_Q)         0.164     1.640 r  reset_pipe_reg[1]/Q
                         net (fo=84, routed)          0.753     2.393    u_core/u_gradient/u_cordic/rst_n
    SLICE_X48Y87         LUT1 (Prop_lut1_I0_O)        0.045     2.438 f  u_core/u_gradient/u_cordic/div_count[9]_i_3/O
                         net (fo=2359, routed)        1.714     4.153    u_uart/p_0_in
    SLICE_X69Y97         FDPE                                         f  u_uart/shift_reg[4]/PRE
  -------------------------------------------------------------------    -------------------

                         (clock sys_clk_pin rise edge)
                                                      0.000     0.000 r  <hidden>
    E3                                                0.000     0.000 r  clk100mhz
                         net (fo=0)                   0.000     0.000    clk100mhz
    E3                   IBUF (Prop_ibuf_I_O)         0.438     0.438 r  clk100mhz_IBUF_inst/O
                         net (fo=1, routed)           0.699     1.136    clk100mhz_IBUF
    BUFGCTRL_X0Y16       BUFG (Prop_bufg_I_O)         0.029     1.165 r  clk100mhz_IBUF_BUFG_inst/O
                         net (fo=4115, routed)        0.841     2.006    u_uart/clk100mhz_IBUF_BUFG
    SLICE_X69Y97         FDPE                                         r  u_uart/shift_reg[4]/C
                         clock pessimism             -0.245     1.760    <hidden>
    SLICE_X69Y97         FDPE (Remov_fdpe_C_PRE)     -0.095     1.665    u_uart/shift_reg[4]
  -------------------------------------------------------------------
                         required time                         -1.665    <hidden>
                         arrival time                           4.153    <hidden>
  -------------------------------------------------------------------
                         slack                                  2.488    <hidden>

Slack (MET) :             2.488ns  (arrival time - required time)
  Source:                 reset_pipe_reg[1]/C
                            (rising edge-triggered cell FDRE clocked by sys_clk_pin  {rise@0.000ns fall@5.000ns period=10.000ns})
  Destination:            u_uart/shift_reg[7]/PRE
                            (removal check against rising-edge clock sys_clk_pin  {rise@0.000ns fall@5.000ns period=10.000ns})
  Path Group:             **async_default**
  Path Type:              Removal (Min at Fast Process Corner)
  Requirement:            0.000ns  (sys_clk_pin rise@0.000ns - sys_clk_pin rise@0.000ns)
  Data Path Delay:        2.677ns  (logic 0.209ns (7.809%)  route 2.468ns (92.191%))
  Logic Levels:           1  (LUT1=1)
  Clock Path Skew:        0.284ns (DCD - SCD - CPR)
    Destination Clock Delay (DCD):    2.006ns
    Source Clock Delay      (SCD):    1.476ns
    Clock Pessimism Removal (CPR):    0.245ns

    Location             Delay type                Incr(ns)  Path(ns)    Netlist Resource(s)
  -------------------------------------------------------------------    -------------------
                         (clock sys_clk_pin rise edge)
                                                      0.000     0.000 r  <hidden>
    E3                                                0.000     0.000 r  clk100mhz
                         net (fo=0)                   0.000     0.000    clk100mhz
    E3                   IBUF (Prop_ibuf_I_O)         0.250     0.250 r  clk100mhz_IBUF_inst/O
                         net (fo=1, routed)           0.644     0.894    clk100mhz_IBUF
    BUFGCTRL_X0Y16       BUFG (Prop_bufg_I_O)         0.026     0.920 r  clk100mhz_IBUF_BUFG_inst/O
                         net (fo=4115, routed)        0.557     1.476    clk100mhz_IBUF_BUFG
    SLICE_X54Y108        FDRE                                         r  reset_pipe_reg[1]/C
  -------------------------------------------------------------------    -------------------
    SLICE_X54Y108        FDRE (Prop_fdre_C_Q)         0.164     1.640 r  reset_pipe_reg[1]/Q
                         net (fo=84, routed)          0.753     2.393    u_core/u_gradient/u_cordic/rst_n
    SLICE_X48Y87         LUT1 (Prop_lut1_I0_O)        0.045     2.438 f  u_core/u_gradient/u_cordic/div_count[9]_i_3/O
                         net (fo=2359, routed)        1.714     4.153    u_uart/p_0_in
    SLICE_X69Y97         FDPE                                         f  u_uart/shift_reg[7]/PRE
  -------------------------------------------------------------------    -------------------

                         (clock sys_clk_pin rise edge)
                                                      0.000     0.000 r  <hidden>
    E3                                                0.000     0.000 r  clk100mhz
                         net (fo=0)                   0.000     0.000    clk100mhz
    E3                   IBUF (Prop_ibuf_I_O)         0.438     0.438 r  clk100mhz_IBUF_inst/O
                         net (fo=1, routed)           0.699     1.136    clk100mhz_IBUF
    BUFGCTRL_X0Y16       BUFG (Prop_bufg_I_O)         0.029     1.165 r  clk100mhz_IBUF_BUFG_inst/O
                         net (fo=4115, routed)        0.841     2.006    u_uart/clk100mhz_IBUF_BUFG
    SLICE_X69Y97         FDPE                                         r  u_uart/shift_reg[7]/C
                         clock pessimism             -0.245     1.760    <hidden>
    SLICE_X69Y97         FDPE (Remov_fdpe_C_PRE)     -0.095     1.665    u_uart/shift_reg[7]
  -------------------------------------------------------------------
                         required time                         -1.665    <hidden>
                         arrival time                           4.153    <hidden>
  -------------------------------------------------------------------
                         slack                                  2.488    <hidden>

Slack (MET) :             2.488ns  (arrival time - required time)
  Source:                 reset_pipe_reg[1]/C
                            (rising edge-triggered cell FDRE clocked by sys_clk_pin  {rise@0.000ns fall@5.000ns period=10.000ns})
  Destination:            u_uart/shift_reg[8]/PRE
                            (removal check against rising-edge clock sys_clk_pin  {rise@0.000ns fall@5.000ns period=10.000ns})
  Path Group:             **async_default**
  Path Type:              Removal (Min at Fast Process Corner)
  Requirement:            0.000ns  (sys_clk_pin rise@0.000ns - sys_clk_pin rise@0.000ns)
  Data Path Delay:        2.677ns  (logic 0.209ns (7.809%)  route 2.468ns (92.191%))
  Logic Levels:           1  (LUT1=1)
  Clock Path Skew:        0.284ns (DCD - SCD - CPR)
    Destination Clock Delay (DCD):    2.006ns
    Source Clock Delay      (SCD):    1.476ns
    Clock Pessimism Removal (CPR):    0.245ns

    Location             Delay type                Incr(ns)  Path(ns)    Netlist Resource(s)
  -------------------------------------------------------------------    -------------------
                         (clock sys_clk_pin rise edge)
                                                      0.000     0.000 r  <hidden>
    E3                                                0.000     0.000 r  clk100mhz
                         net (fo=0)                   0.000     0.000    clk100mhz
    E3                   IBUF (Prop_ibuf_I_O)         0.250     0.250 r  clk100mhz_IBUF_inst/O
                         net (fo=1, routed)           0.644     0.894    clk100mhz_IBUF
    BUFGCTRL_X0Y16       BUFG (Prop_bufg_I_O)         0.026     0.920 r  clk100mhz_IBUF_BUFG_inst/O
                         net (fo=4115, routed)        0.557     1.476    clk100mhz_IBUF_BUFG
    SLICE_X54Y108        FDRE                                         r  reset_pipe_reg[1]/C
  -------------------------------------------------------------------    -------------------
    SLICE_X54Y108        FDRE (Prop_fdre_C_Q)         0.164     1.640 r  reset_pipe_reg[1]/Q
                         net (fo=84, routed)          0.753     2.393    u_core/u_gradient/u_cordic/rst_n
    SLICE_X48Y87         LUT1 (Prop_lut1_I0_O)        0.045     2.438 f  u_core/u_gradient/u_cordic/div_count[9]_i_3/O
                         net (fo=2359, routed)        1.714     4.153    u_uart/p_0_in
    SLICE_X69Y97         FDPE                                         f  u_uart/shift_reg[8]/PRE
  -------------------------------------------------------------------    -------------------

                         (clock sys_clk_pin rise edge)
                                                      0.000     0.000 r  <hidden>
    E3                                                0.000     0.000 r  clk100mhz
                         net (fo=0)                   0.000     0.000    clk100mhz
    E3                   IBUF (Prop_ibuf_I_O)         0.438     0.438 r  clk100mhz_IBUF_inst/O
                         net (fo=1, routed)           0.699     1.136    clk100mhz_IBUF
    BUFGCTRL_X0Y16       BUFG (Prop_bufg_I_O)         0.029     1.165 r  clk100mhz_IBUF_BUFG_inst/O
                         net (fo=4115, routed)        0.841     2.006    u_uart/clk100mhz_IBUF_BUFG
    SLICE_X69Y97         FDPE                                         r  u_uart/shift_reg[8]/C
                         clock pessimism             -0.245     1.760    <hidden>
    SLICE_X69Y97         FDPE (Remov_fdpe_C_PRE)     -0.095     1.665    u_uart/shift_reg[8]
  -------------------------------------------------------------------
                         required time                         -1.665    <hidden>
                         arrival time                           4.153    <hidden>
  -------------------------------------------------------------------
                         slack                                  2.488    <hidden>

Slack (MET) :             2.551ns  (arrival time - required time)
  Source:                 reset_pipe_reg[1]/C
                            (rising edge-triggered cell FDRE clocked by sys_clk_pin  {rise@0.000ns fall@5.000ns period=10.000ns})
  Destination:            u_uart/shift_reg[5]/PRE
                            (removal check against rising-edge clock sys_clk_pin  {rise@0.000ns fall@5.000ns period=10.000ns})
  Path Group:             **async_default**
  Path Type:              Removal (Min at Fast Process Corner)
  Requirement:            0.000ns  (sys_clk_pin rise@0.000ns - sys_clk_pin rise@0.000ns)
  Data Path Delay:        2.740ns  (logic 0.209ns (7.628%)  route 2.531ns (92.372%))
  Logic Levels:           1  (LUT1=1)
  Clock Path Skew:        0.284ns (DCD - SCD - CPR)
    Destination Clock Delay (DCD):    2.006ns
    Source Clock Delay      (SCD):    1.476ns
    Clock Pessimism Removal (CPR):    0.245ns

    Location             Delay type                Incr(ns)  Path(ns)    Netlist Resource(s)
  -------------------------------------------------------------------    -------------------
                         (clock sys_clk_pin rise edge)
                                                      0.000     0.000 r  <hidden>
    E3                                                0.000     0.000 r  clk100mhz
                         net (fo=0)                   0.000     0.000    clk100mhz
    E3                   IBUF (Prop_ibuf_I_O)         0.250     0.250 r  clk100mhz_IBUF_inst/O
                         net (fo=1, routed)           0.644     0.894    clk100mhz_IBUF
    BUFGCTRL_X0Y16       BUFG (Prop_bufg_I_O)         0.026     0.920 r  clk100mhz_IBUF_BUFG_inst/O
                         net (fo=4115, routed)        0.557     1.476    clk100mhz_IBUF_BUFG
    SLICE_X54Y108        FDRE                                         r  reset_pipe_reg[1]/C
  -------------------------------------------------------------------    -------------------
    SLICE_X54Y108        FDRE (Prop_fdre_C_Q)         0.164     1.640 r  reset_pipe_reg[1]/Q
                         net (fo=84, routed)          0.753     2.393    u_core/u_gradient/u_cordic/rst_n
    SLICE_X48Y87         LUT1 (Prop_lut1_I0_O)        0.045     2.438 f  u_core/u_gradient/u_cordic/div_count[9]_i_3/O
                         net (fo=2359, routed)        1.778     4.216    u_uart/p_0_in
    SLICE_X69Y98         FDPE                                         f  u_uart/shift_reg[5]/PRE
  -------------------------------------------------------------------    -------------------

                         (clock sys_clk_pin rise edge)
                                                      0.000     0.000 r  <hidden>
    E3                                                0.000     0.000 r  clk100mhz
                         net (fo=0)                   0.000     0.000    clk100mhz
    E3                   IBUF (Prop_ibuf_I_O)         0.438     0.438 r  clk100mhz_IBUF_inst/O
                         net (fo=1, routed)           0.699     1.136    clk100mhz_IBUF
    BUFGCTRL_X0Y16       BUFG (Prop_bufg_I_O)         0.029     1.165 r  clk100mhz_IBUF_BUFG_inst/O
                         net (fo=4115, routed)        0.841     2.006    u_uart/clk100mhz_IBUF_BUFG
    SLICE_X69Y98         FDPE                                         r  u_uart/shift_reg[5]/C
                         clock pessimism             -0.245     1.760    <hidden>
    SLICE_X69Y98         FDPE (Remov_fdpe_C_PRE)     -0.095     1.665    u_uart/shift_reg[5]
  -------------------------------------------------------------------
                         required time                         -1.665    <hidden>
                         arrival time                           4.216    <hidden>
  -------------------------------------------------------------------
                         slack                                  2.551    <hidden>

Slack (MET) :             2.551ns  (arrival time - required time)
  Source:                 reset_pipe_reg[1]/C
                            (rising edge-triggered cell FDRE clocked by sys_clk_pin  {rise@0.000ns fall@5.000ns period=10.000ns})
  Destination:            u_uart/shift_reg[6]/PRE
                            (removal check against rising-edge clock sys_clk_pin  {rise@0.000ns fall@5.000ns period=10.000ns})
  Path Group:             **async_default**
  Path Type:              Removal (Min at Fast Process Corner)
  Requirement:            0.000ns  (sys_clk_pin rise@0.000ns - sys_clk_pin rise@0.000ns)
  Data Path Delay:        2.740ns  (logic 0.209ns (7.628%)  route 2.531ns (92.372%))
  Logic Levels:           1  (LUT1=1)
  Clock Path Skew:        0.284ns (DCD - SCD - CPR)
    Destination Clock Delay (DCD):    2.006ns
    Source Clock Delay      (SCD):    1.476ns
    Clock Pessimism Removal (CPR):    0.245ns

    Location             Delay type                Incr(ns)  Path(ns)    Netlist Resource(s)
  -------------------------------------------------------------------    -------------------
                         (clock sys_clk_pin rise edge)
                                                      0.000     0.000 r  <hidden>
    E3                                                0.000     0.000 r  clk100mhz
                         net (fo=0)                   0.000     0.000    clk100mhz
    E3                   IBUF (Prop_ibuf_I_O)         0.250     0.250 r  clk100mhz_IBUF_inst/O
                         net (fo=1, routed)           0.644     0.894    clk100mhz_IBUF
    BUFGCTRL_X0Y16       BUFG (Prop_bufg_I_O)         0.026     0.920 r  clk100mhz_IBUF_BUFG_inst/O
                         net (fo=4115, routed)        0.557     1.476    clk100mhz_IBUF_BUFG
    SLICE_X54Y108        FDRE                                         r  reset_pipe_reg[1]/C
  -------------------------------------------------------------------    -------------------
    SLICE_X54Y108        FDRE (Prop_fdre_C_Q)         0.164     1.640 r  reset_pipe_reg[1]/Q
                         net (fo=84, routed)          0.753     2.393    u_core/u_gradient/u_cordic/rst_n
    SLICE_X48Y87         LUT1 (Prop_lut1_I0_O)        0.045     2.438 f  u_core/u_gradient/u_cordic/div_count[9]_i_3/O
                         net (fo=2359, routed)        1.778     4.216    u_uart/p_0_in
    SLICE_X69Y98         FDPE                                         f  u_uart/shift_reg[6]/PRE
  -------------------------------------------------------------------    -------------------

                         (clock sys_clk_pin rise edge)
                                                      0.000     0.000 r  <hidden>
    E3                                                0.000     0.000 r  clk100mhz
                         net (fo=0)                   0.000     0.000    clk100mhz
    E3                   IBUF (Prop_ibuf_I_O)         0.438     0.438 r  clk100mhz_IBUF_inst/O
                         net (fo=1, routed)           0.699     1.136    clk100mhz_IBUF
    BUFGCTRL_X0Y16       BUFG (Prop_bufg_I_O)         0.029     1.165 r  clk100mhz_IBUF_BUFG_inst/O
                         net (fo=4115, routed)        0.841     2.006    u_uart/clk100mhz_IBUF_BUFG
    SLICE_X69Y98         FDPE                                         r  u_uart/shift_reg[6]/C
                         clock pessimism             -0.245     1.760    <hidden>
    SLICE_X69Y98         FDPE (Remov_fdpe_C_PRE)     -0.095     1.665    u_uart/shift_reg[6]
  -------------------------------------------------------------------
                         required time                         -1.665    <hidden>
                         arrival time                           4.216    <hidden>
  -------------------------------------------------------------------
                         slack                                  2.551    <hidden>

Slack (MET) :             2.555ns  (arrival time - required time)
  Source:                 reset_pipe_reg[1]/C
                            (rising edge-triggered cell FDRE clocked by sys_clk_pin  {rise@0.000ns fall@5.000ns period=10.000ns})
  Destination:            u_uart/shift_reg[3]/PRE
                            (removal check against rising-edge clock sys_clk_pin  {rise@0.000ns fall@5.000ns period=10.000ns})
  Path Group:             **async_default**
  Path Type:              Removal (Min at Fast Process Corner)
  Requirement:            0.000ns  (sys_clk_pin rise@0.000ns - sys_clk_pin rise@0.000ns)
  Data Path Delay:        2.768ns  (logic 0.209ns (7.552%)  route 2.559ns (92.448%))
  Logic Levels:           1  (LUT1=1)
  Clock Path Skew:        0.284ns (DCD - SCD - CPR)
    Destination Clock Delay (DCD):    2.006ns
    Source Clock Delay      (SCD):    1.476ns
    Clock Pessimism Removal (CPR):    0.245ns

    Location             Delay type                Incr(ns)  Path(ns)    Netlist Resource(s)
  -------------------------------------------------------------------    -------------------
                         (clock sys_clk_pin rise edge)
                                                      0.000     0.000 r  <hidden>
    E3                                                0.000     0.000 r  clk100mhz
                         net (fo=0)                   0.000     0.000    clk100mhz
    E3                   IBUF (Prop_ibuf_I_O)         0.250     0.250 r  clk100mhz_IBUF_inst/O
                         net (fo=1, routed)           0.644     0.894    clk100mhz_IBUF
    BUFGCTRL_X0Y16       BUFG (Prop_bufg_I_O)         0.026     0.920 r  clk100mhz_IBUF_BUFG_inst/O
                         net (fo=4115, routed)        0.557     1.476    clk100mhz_IBUF_BUFG
    SLICE_X54Y108        FDRE                                         r  reset_pipe_reg[1]/C
  -------------------------------------------------------------------    -------------------
    SLICE_X54Y108        FDRE (Prop_fdre_C_Q)         0.164     1.640 r  reset_pipe_reg[1]/Q
                         net (fo=84, routed)          0.753     2.393    u_core/u_gradient/u_cordic/rst_n
    SLICE_X48Y87         LUT1 (Prop_lut1_I0_O)        0.045     2.438 f  u_core/u_gradient/u_cordic/div_count[9]_i_3/O
                         net (fo=2359, routed)        1.806     4.244    u_uart/p_0_in
    SLICE_X66Y97         FDPE                                         f  u_uart/shift_reg[3]/PRE
  -------------------------------------------------------------------    -------------------

                         (clock sys_clk_pin rise edge)
                                                      0.000     0.000 r  <hidden>
    E3                                                0.000     0.000 r  clk100mhz
                         net (fo=0)                   0.000     0.000    clk100mhz
    E3                   IBUF (Prop_ibuf_I_O)         0.438     0.438 r  clk100mhz_IBUF_inst/O
                         net (fo=1, routed)           0.699     1.136    clk100mhz_IBUF
    BUFGCTRL_X0Y16       BUFG (Prop_bufg_I_O)         0.029     1.165 r  clk100mhz_IBUF_BUFG_inst/O
                         net (fo=4115, routed)        0.841     2.006    u_uart/clk100mhz_IBUF_BUFG
    SLICE_X66Y97         FDPE                                         r  u_uart/shift_reg[3]/C
                         clock pessimism             -0.245     1.760    <hidden>
    SLICE_X66Y97         FDPE (Remov_fdpe_C_PRE)     -0.071     1.689    u_uart/shift_reg[3]
  -------------------------------------------------------------------
                         required time                         -1.689    <hidden>
                         arrival time                           4.244    <hidden>
  -------------------------------------------------------------------
                         slack                                  2.555    <hidden>

Slack (MET) :             2.604ns  (arrival time - required time)
  Source:                 reset_pipe_reg[1]/C
                            (rising edge-triggered cell FDRE clocked by sys_clk_pin  {rise@0.000ns fall@5.000ns period=10.000ns})
  Destination:            u_uart/tx_o_reg/PRE
                            (removal check against rising-edge clock sys_clk_pin  {rise@0.000ns fall@5.000ns period=10.000ns})
  Path Group:             **async_default**
  Path Type:              Removal (Min at Fast Process Corner)
  Requirement:            0.000ns  (sys_clk_pin rise@0.000ns - sys_clk_pin rise@0.000ns)
  Data Path Delay:        2.793ns  (logic 0.209ns (7.482%)  route 2.584ns (92.518%))
  Logic Levels:           1  (LUT1=1)
  Clock Path Skew:        0.284ns (DCD - SCD - CPR)
    Destination Clock Delay (DCD):    2.006ns
    Source Clock Delay      (SCD):    1.476ns
    Clock Pessimism Removal (CPR):    0.245ns

    Location             Delay type                Incr(ns)  Path(ns)    Netlist Resource(s)
  -------------------------------------------------------------------    -------------------
                         (clock sys_clk_pin rise edge)
                                                      0.000     0.000 r  <hidden>
    E3                                                0.000     0.000 r  clk100mhz
                         net (fo=0)                   0.000     0.000    clk100mhz
    E3                   IBUF (Prop_ibuf_I_O)         0.250     0.250 r  clk100mhz_IBUF_inst/O
                         net (fo=1, routed)           0.644     0.894    clk100mhz_IBUF
    BUFGCTRL_X0Y16       BUFG (Prop_bufg_I_O)         0.026     0.920 r  clk100mhz_IBUF_BUFG_inst/O
                         net (fo=4115, routed)        0.557     1.476    clk100mhz_IBUF_BUFG
    SLICE_X54Y108        FDRE                                         r  reset_pipe_reg[1]/C
  -------------------------------------------------------------------    -------------------
    SLICE_X54Y108        FDRE (Prop_fdre_C_Q)         0.164     1.640 r  reset_pipe_reg[1]/Q
                         net (fo=84, routed)          0.753     2.393    u_core/u_gradient/u_cordic/rst_n
    SLICE_X48Y87         LUT1 (Prop_lut1_I0_O)        0.045     2.438 f  u_core/u_gradient/u_cordic/div_count[9]_i_3/O
                         net (fo=2359, routed)        1.831     4.270    u_uart/p_0_in
    SLICE_X69Y99         FDPE                                         f  u_uart/tx_o_reg/PRE
  -------------------------------------------------------------------    -------------------

                         (clock sys_clk_pin rise edge)
                                                      0.000     0.000 r  <hidden>
    E3                                                0.000     0.000 r  clk100mhz
                         net (fo=0)                   0.000     0.000    clk100mhz
    E3                   IBUF (Prop_ibuf_I_O)         0.438     0.438 r  clk100mhz_IBUF_inst/O
                         net (fo=1, routed)           0.699     1.136    clk100mhz_IBUF
    BUFGCTRL_X0Y16       BUFG (Prop_bufg_I_O)         0.029     1.165 r  clk100mhz_IBUF_BUFG_inst/O
                         net (fo=4115, routed)        0.841     2.006    u_uart/clk100mhz_IBUF_BUFG
    SLICE_X69Y99         FDPE                                         r  u_uart/tx_o_reg/C
                         clock pessimism             -0.245     1.760    <hidden>
    SLICE_X69Y99         FDPE (Remov_fdpe_C_PRE)     -0.095     1.665    u_uart/tx_o_reg
  -------------------------------------------------------------------
                         required time                         -1.665    <hidden>
                         arrival time                           4.270    <hidden>
  -------------------------------------------------------------------
                         slack                                  2.604    <hidden>

Slack (MET) :             2.625ns  (arrival time - required time)
  Source:                 reset_pipe_reg[1]/C
                            (rising edge-triggered cell FDRE clocked by sys_clk_pin  {rise@0.000ns fall@5.000ns period=10.000ns})
  Destination:            u_uart/shift_reg[2]/PRE
                            (removal check against rising-edge clock sys_clk_pin  {rise@0.000ns fall@5.000ns period=10.000ns})
  Path Group:             **async_default**
  Path Type:              Removal (Min at Fast Process Corner)
  Requirement:            0.000ns  (sys_clk_pin rise@0.000ns - sys_clk_pin rise@0.000ns)
  Data Path Delay:        2.838ns  (logic 0.209ns (7.363%)  route 2.629ns (92.637%))
  Logic Levels:           1  (LUT1=1)
  Clock Path Skew:        0.284ns (DCD - SCD - CPR)
    Destination Clock Delay (DCD):    2.006ns
    Source Clock Delay      (SCD):    1.476ns
    Clock Pessimism Removal (CPR):    0.245ns

    Location             Delay type                Incr(ns)  Path(ns)    Netlist Resource(s)
  -------------------------------------------------------------------    -------------------
                         (clock sys_clk_pin rise edge)
                                                      0.000     0.000 r  <hidden>
    E3                                                0.000     0.000 r  clk100mhz
                         net (fo=0)                   0.000     0.000    clk100mhz
    E3                   IBUF (Prop_ibuf_I_O)         0.250     0.250 r  clk100mhz_IBUF_inst/O
                         net (fo=1, routed)           0.644     0.894    clk100mhz_IBUF
    BUFGCTRL_X0Y16       BUFG (Prop_bufg_I_O)         0.026     0.920 r  clk100mhz_IBUF_BUFG_inst/O
                         net (fo=4115, routed)        0.557     1.476    clk100mhz_IBUF_BUFG
    SLICE_X54Y108        FDRE                                         r  reset_pipe_reg[1]/C
  -------------------------------------------------------------------    -------------------
    SLICE_X54Y108        FDRE (Prop_fdre_C_Q)         0.164     1.640 r  reset_pipe_reg[1]/Q
                         net (fo=84, routed)          0.753     2.393    u_core/u_gradient/u_cordic/rst_n
    SLICE_X48Y87         LUT1 (Prop_lut1_I0_O)        0.045     2.438 f  u_core/u_gradient/u_cordic/div_count[9]_i_3/O
                         net (fo=2359, routed)        1.876     4.315    u_uart/p_0_in
    SLICE_X66Y98         FDPE                                         f  u_uart/shift_reg[2]/PRE
  -------------------------------------------------------------------    -------------------

                         (clock sys_clk_pin rise edge)
                                                      0.000     0.000 r  <hidden>
    E3                                                0.000     0.000 r  clk100mhz
                         net (fo=0)                   0.000     0.000    clk100mhz
    E3                   IBUF (Prop_ibuf_I_O)         0.438     0.438 r  clk100mhz_IBUF_inst/O
                         net (fo=1, routed)           0.699     1.136    clk100mhz_IBUF
    BUFGCTRL_X0Y16       BUFG (Prop_bufg_I_O)         0.029     1.165 r  clk100mhz_IBUF_BUFG_inst/O
                         net (fo=4115, routed)        0.841     2.006    u_uart/clk100mhz_IBUF_BUFG
    SLICE_X66Y98         FDPE                                         r  u_uart/shift_reg[2]/C
                         clock pessimism             -0.245     1.760    <hidden>
    SLICE_X66Y98         FDPE (Remov_fdpe_C_PRE)     -0.071     1.689    u_uart/shift_reg[2]
  -------------------------------------------------------------------
                         required time                         -1.689    <hidden>
                         arrival time                           4.315    <hidden>
  -------------------------------------------------------------------
                         slack                                  2.625    <hidden>

Slack (MET) :             2.646ns  (arrival time - required time)
  Source:                 reset_pipe_reg[1]/C
                            (rising edge-triggered cell FDRE clocked by sys_clk_pin  {rise@0.000ns fall@5.000ns period=10.000ns})
  Destination:            u_uart/bits_left_reg[0]/CLR
                            (removal check against rising-edge clock sys_clk_pin  {rise@0.000ns fall@5.000ns period=10.000ns})
  Path Group:             **async_default**
  Path Type:              Removal (Min at Fast Process Corner)
  Requirement:            0.000ns  (sys_clk_pin rise@0.000ns - sys_clk_pin rise@0.000ns)
  Data Path Delay:        2.838ns  (logic 0.209ns (7.363%)  route 2.629ns (92.637%))
  Logic Levels:           1  (LUT1=1)
  Clock Path Skew:        0.284ns (DCD - SCD - CPR)
    Destination Clock Delay (DCD):    2.006ns
    Source Clock Delay      (SCD):    1.476ns
    Clock Pessimism Removal (CPR):    0.245ns

    Location             Delay type                Incr(ns)  Path(ns)    Netlist Resource(s)
  -------------------------------------------------------------------    -------------------
                         (clock sys_clk_pin rise edge)
                                                      0.000     0.000 r  <hidden>
    E3                                                0.000     0.000 r  clk100mhz
                         net (fo=0)                   0.000     0.000    clk100mhz
    E3                   IBUF (Prop_ibuf_I_O)         0.250     0.250 r  clk100mhz_IBUF_inst/O
                         net (fo=1, routed)           0.644     0.894    clk100mhz_IBUF
    BUFGCTRL_X0Y16       BUFG (Prop_bufg_I_O)         0.026     0.920 r  clk100mhz_IBUF_BUFG_inst/O
                         net (fo=4115, routed)        0.557     1.476    clk100mhz_IBUF_BUFG
    SLICE_X54Y108        FDRE                                         r  reset_pipe_reg[1]/C
  -------------------------------------------------------------------    -------------------
    SLICE_X54Y108        FDRE (Prop_fdre_C_Q)         0.164     1.640 r  reset_pipe_reg[1]/Q
                         net (fo=84, routed)          0.753     2.393    u_core/u_gradient/u_cordic/rst_n
    SLICE_X48Y87         LUT1 (Prop_lut1_I0_O)        0.045     2.438 f  u_core/u_gradient/u_cordic/div_count[9]_i_3/O
                         net (fo=2359, routed)        1.876     4.315    u_uart/p_0_in
    SLICE_X67Y98         FDCE                                         f  u_uart/bits_left_reg[0]/CLR
  -------------------------------------------------------------------    -------------------

                         (clock sys_clk_pin rise edge)
                                                      0.000     0.000 r  <hidden>
    E3                                                0.000     0.000 r  clk100mhz
                         net (fo=0)                   0.000     0.000    clk100mhz
    E3                   IBUF (Prop_ibuf_I_O)         0.438     0.438 r  clk100mhz_IBUF_inst/O
                         net (fo=1, routed)           0.699     1.136    clk100mhz_IBUF
    BUFGCTRL_X0Y16       BUFG (Prop_bufg_I_O)         0.029     1.165 r  clk100mhz_IBUF_BUFG_inst/O
                         net (fo=4115, routed)        0.841     2.006    u_uart/clk100mhz_IBUF_BUFG
    SLICE_X67Y98         FDCE                                         r  u_uart/bits_left_reg[0]/C
                         clock pessimism             -0.245     1.760    <hidden>
    SLICE_X67Y98         FDCE (Remov_fdce_C_CLR)     -0.092     1.668    u_uart/bits_left_reg[0]
  -------------------------------------------------------------------
                         required time                         -1.668    <hidden>
                         arrival time                           4.315    <hidden>
  -------------------------------------------------------------------
                         slack                                  2.646    <hidden>

Slack (MET) :             2.649ns  (arrival time - required time)
  Source:                 reset_pipe_reg[1]/C
                            (rising edge-triggered cell FDRE clocked by sys_clk_pin  {rise@0.000ns fall@5.000ns period=10.000ns})
  Destination:            u_uart/shift_reg[1]/PRE
                            (removal check against rising-edge clock sys_clk_pin  {rise@0.000ns fall@5.000ns period=10.000ns})
  Path Group:             **async_default**
  Path Type:              Removal (Min at Fast Process Corner)
  Requirement:            0.000ns  (sys_clk_pin rise@0.000ns - sys_clk_pin rise@0.000ns)
  Data Path Delay:        2.838ns  (logic 0.209ns (7.363%)  route 2.629ns (92.637%))
  Logic Levels:           1  (LUT1=1)
  Clock Path Skew:        0.284ns (DCD - SCD - CPR)
    Destination Clock Delay (DCD):    2.006ns
    Source Clock Delay      (SCD):    1.476ns
    Clock Pessimism Removal (CPR):    0.245ns

    Location             Delay type                Incr(ns)  Path(ns)    Netlist Resource(s)
  -------------------------------------------------------------------    -------------------
                         (clock sys_clk_pin rise edge)
                                                      0.000     0.000 r  <hidden>
    E3                                                0.000     0.000 r  clk100mhz
                         net (fo=0)                   0.000     0.000    clk100mhz
    E3                   IBUF (Prop_ibuf_I_O)         0.250     0.250 r  clk100mhz_IBUF_inst/O
                         net (fo=1, routed)           0.644     0.894    clk100mhz_IBUF
    BUFGCTRL_X0Y16       BUFG (Prop_bufg_I_O)         0.026     0.920 r  clk100mhz_IBUF_BUFG_inst/O
                         net (fo=4115, routed)        0.557     1.476    clk100mhz_IBUF_BUFG
    SLICE_X54Y108        FDRE                                         r  reset_pipe_reg[1]/C
  -------------------------------------------------------------------    -------------------
    SLICE_X54Y108        FDRE (Prop_fdre_C_Q)         0.164     1.640 r  reset_pipe_reg[1]/Q
                         net (fo=84, routed)          0.753     2.393    u_core/u_gradient/u_cordic/rst_n
    SLICE_X48Y87         LUT1 (Prop_lut1_I0_O)        0.045     2.438 f  u_core/u_gradient/u_cordic/div_count[9]_i_3/O
                         net (fo=2359, routed)        1.876     4.315    u_uart/p_0_in
    SLICE_X67Y98         FDPE                                         f  u_uart/shift_reg[1]/PRE
  -------------------------------------------------------------------    -------------------

                         (clock sys_clk_pin rise edge)
                                                      0.000     0.000 r  <hidden>
    E3                                                0.000     0.000 r  clk100mhz
                         net (fo=0)                   0.000     0.000    clk100mhz
    E3                   IBUF (Prop_ibuf_I_O)         0.438     0.438 r  clk100mhz_IBUF_inst/O
                         net (fo=1, routed)           0.699     1.136    clk100mhz_IBUF
    BUFGCTRL_X0Y16       BUFG (Prop_bufg_I_O)         0.029     1.165 r  clk100mhz_IBUF_BUFG_inst/O
                         net (fo=4115, routed)        0.841     2.006    u_uart/clk100mhz_IBUF_BUFG
    SLICE_X67Y98         FDPE                                         r  u_uart/shift_reg[1]/C
                         clock pessimism             -0.245     1.760    <hidden>
    SLICE_X67Y98         FDPE (Remov_fdpe_C_PRE)     -0.095     1.665    u_uart/shift_reg[1]
  -------------------------------------------------------------------
                         required time                         -1.665    <hidden>
                         arrival time                           4.315    <hidden>
  -------------------------------------------------------------------
                         slack                                  2.649    <hidden>





--------------------------------------------------------------------------------------
Path Group:  (none)
From Clock:  sys_clk_pin
  To Clock:  

Max Delay             5 Endpoints
Min Delay             5 Endpoints
--------------------------------------------------------------------------------------


Max Delay Paths
--------------------------------------------------------------------------------------
Slack:                    inf
  Source:                 state_reg[1]/C
                            (rising edge-triggered cell FDRE clocked by sys_clk_pin  {rise@0.000ns fall@5.000ns period=10.000ns})
  Destination:            led[2]
                            (output port)
  Path Group:             (none)
  Path Type:              Max at Slow Process Corner
  Data Path Delay:        9.258ns  (logic 4.195ns (45.308%)  route 5.063ns (54.692%))
  Logic Levels:           2  (LUT4=1 OBUF=1)
  Clock Uncertainty:      0.025ns  ((TSJ^2 + TIJ^2)^1/2 + DJ) / 2 + PE
    Total System Jitter     (TSJ):    0.050ns
    Total Input Jitter      (TIJ):    0.000ns
    Discrete Jitter          (DJ):    0.000ns
    Phase Error              (PE):    0.000ns

    Location             Delay type                Incr(ns)  Path(ns)    Netlist Resource(s)
  -------------------------------------------------------------------    -------------------
                         (clock sys_clk_pin rise edge)
                                                      0.000     0.000 r  <hidden>
    E3                                                0.000     0.000 r  clk100mhz
                         net (fo=0)                   0.000     0.000    clk100mhz
    E3                   IBUF (Prop_ibuf_I_O)         1.482     1.482 r  clk100mhz_IBUF_inst/O
                         net (fo=1, routed)           2.025     3.506    clk100mhz_IBUF
    BUFGCTRL_X0Y16       BUFG (Prop_bufg_I_O)         0.096     3.602 r  clk100mhz_IBUF_BUFG_inst/O
                         net (fo=4115, routed)        1.626     5.229    clk100mhz_IBUF_BUFG
    SLICE_X56Y93         FDRE                                         r  state_reg[1]/C
  -------------------------------------------------------------------    -------------------
    SLICE_X56Y93         FDRE (Prop_fdre_C_Q)         0.518     5.747 r  state_reg[1]/Q
                         net (fo=114, routed)         1.383     7.130    u_uart/Q[1]
    SLICE_X57Y95         LUT4 (Prop_lut4_I0_O)        0.124     7.254 r  u_uart/led_OBUF[2]_inst_i_1/O
                         net (fo=2, routed)           3.680    10.934    led_OBUF[2]
    J13                  OBUF (Prop_obuf_I_O)         3.553    14.487 r  led_OBUF[2]_inst/O
                         net (fo=0)                   0.000    14.487    led[2]
    J13                                                               r  led[2]
  -------------------------------------------------------------------    -------------------

Slack:                    inf
  Source:                 state_reg[1]/C
                            (rising edge-triggered cell FDRE clocked by sys_clk_pin  {rise@0.000ns fall@5.000ns period=10.000ns})
  Destination:            led[0]
                            (output port)
  Path Group:             (none)
  Path Type:              Max at Slow Process Corner
  Data Path Delay:        9.211ns  (logic 4.392ns (47.685%)  route 4.819ns (52.315%))
  Logic Levels:           2  (LUT4=1 OBUF=1)
  Clock Uncertainty:      0.025ns  ((TSJ^2 + TIJ^2)^1/2 + DJ) / 2 + PE
    Total System Jitter     (TSJ):    0.050ns
    Total Input Jitter      (TIJ):    0.000ns
    Discrete Jitter          (DJ):    0.000ns
    Phase Error              (PE):    0.000ns

    Location             Delay type                Incr(ns)  Path(ns)    Netlist Resource(s)
  -------------------------------------------------------------------    -------------------
                         (clock sys_clk_pin rise edge)
                                                      0.000     0.000 r  <hidden>
    E3                                                0.000     0.000 r  clk100mhz
                         net (fo=0)                   0.000     0.000    clk100mhz
    E3                   IBUF (Prop_ibuf_I_O)         1.482     1.482 r  clk100mhz_IBUF_inst/O
                         net (fo=1, routed)           2.025     3.506    clk100mhz_IBUF
    BUFGCTRL_X0Y16       BUFG (Prop_bufg_I_O)         0.096     3.602 r  clk100mhz_IBUF_BUFG_inst/O
                         net (fo=4115, routed)        1.626     5.229    clk100mhz_IBUF_BUFG
    SLICE_X56Y93         FDRE                                         r  state_reg[1]/C
  -------------------------------------------------------------------    -------------------
    SLICE_X56Y93         FDRE (Prop_fdre_C_Q)         0.518     5.747 r  state_reg[1]/Q
                         net (fo=114, routed)         1.239     6.986    state_reg_n_0_[1]
    SLICE_X55Y95         LUT4 (Prop_lut4_I1_O)        0.152     7.138 r  led_OBUF[0]_inst_i_1/O
                         net (fo=1, routed)           3.580    10.718    led_OBUF[0]
    H17                  OBUF (Prop_obuf_I_O)         3.722    14.440 r  led_OBUF[0]_inst/O
                         net (fo=0)                   0.000    14.440    led[0]
    H17                                                               r  led[0]
  -------------------------------------------------------------------    -------------------

Slack:                    inf
  Source:                 state_reg[2]/C
                            (rising edge-triggered cell FDRE clocked by sys_clk_pin  {rise@0.000ns fall@5.000ns period=10.000ns})
  Destination:            led[1]
                            (output port)
  Path Group:             (none)
  Path Type:              Max at Slow Process Corner
  Data Path Delay:        8.137ns  (logic 4.177ns (51.340%)  route 3.959ns (48.660%))
  Logic Levels:           2  (LUT4=1 OBUF=1)
  Clock Uncertainty:      0.025ns  ((TSJ^2 + TIJ^2)^1/2 + DJ) / 2 + PE
    Total System Jitter     (TSJ):    0.050ns
    Total Input Jitter      (TIJ):    0.000ns
    Discrete Jitter          (DJ):    0.000ns
    Phase Error              (PE):    0.000ns

    Location             Delay type                Incr(ns)  Path(ns)    Netlist Resource(s)
  -------------------------------------------------------------------    -------------------
                         (clock sys_clk_pin rise edge)
                                                      0.000     0.000 r  <hidden>
    E3                                                0.000     0.000 r  clk100mhz
                         net (fo=0)                   0.000     0.000    clk100mhz
    E3                   IBUF (Prop_ibuf_I_O)         1.482     1.482 r  clk100mhz_IBUF_inst/O
                         net (fo=1, routed)           2.025     3.506    clk100mhz_IBUF
    BUFGCTRL_X0Y16       BUFG (Prop_bufg_I_O)         0.096     3.602 r  clk100mhz_IBUF_BUFG_inst/O
                         net (fo=4115, routed)        1.626     5.229    clk100mhz_IBUF_BUFG
    SLICE_X56Y93         FDRE                                         r  state_reg[2]/C
  -------------------------------------------------------------------    -------------------
    SLICE_X56Y93         FDRE (Prop_fdre_C_Q)         0.518     5.747 f  state_reg[2]/Q
                         net (fo=42, routed)          0.744     6.491    state_reg_n_0_[2]
    SLICE_X56Y93         LUT4 (Prop_lut4_I0_O)        0.124     6.615 r  led_OBUF[1]_inst_i_1/O
                         net (fo=1, routed)           3.215     9.830    led_OBUF[1]
    K15                  OBUF (Prop_obuf_I_O)         3.535    13.365 r  led_OBUF[1]_inst/O
                         net (fo=0)                   0.000    13.365    led[1]
    K15                                                               r  led[1]
  -------------------------------------------------------------------    -------------------

Slack:                    inf
  Source:                 u_uart/tx_o_reg/C
                            (rising edge-triggered cell FDPE clocked by sys_clk_pin  {rise@0.000ns fall@5.000ns period=10.000ns})
  Destination:            uart_tx_o
                            (output port)
  Path Group:             (none)
  Path Type:              Max at Slow Process Corner
  Data Path Delay:        7.146ns  (logic 4.011ns (56.133%)  route 3.135ns (43.867%))
  Logic Levels:           1  (OBUF=1)
  Clock Uncertainty:      0.025ns  ((TSJ^2 + TIJ^2)^1/2 + DJ) / 2 + PE
    Total System Jitter     (TSJ):    0.050ns
    Total Input Jitter      (TIJ):    0.000ns
    Discrete Jitter          (DJ):    0.000ns
    Phase Error              (PE):    0.000ns

    Location             Delay type                Incr(ns)  Path(ns)    Netlist Resource(s)
  -------------------------------------------------------------------    -------------------
                         (clock sys_clk_pin rise edge)
                                                      0.000     0.000 r  <hidden>
    E3                                                0.000     0.000 r  clk100mhz
                         net (fo=0)                   0.000     0.000    clk100mhz
    E3                   IBUF (Prop_ibuf_I_O)         1.482     1.482 r  clk100mhz_IBUF_inst/O
                         net (fo=1, routed)           2.025     3.506    clk100mhz_IBUF
    BUFGCTRL_X0Y16       BUFG (Prop_bufg_I_O)         0.096     3.602 r  clk100mhz_IBUF_BUFG_inst/O
                         net (fo=4115, routed)        1.634     5.237    u_uart/clk100mhz_IBUF_BUFG
    SLICE_X69Y99         FDPE                                         r  u_uart/tx_o_reg/C
  -------------------------------------------------------------------    -------------------
    SLICE_X69Y99         FDPE (Prop_fdpe_C_Q)         0.456     5.693 r  u_uart/tx_o_reg/Q
                         net (fo=1, routed)           3.135     8.827    uart_tx_o_OBUF
    D4                   OBUF (Prop_obuf_I_O)         3.555    12.383 r  uart_tx_o_OBUF_inst/O
                         net (fo=0)                   0.000    12.383    uart_tx_o
    D4                                                                r  uart_tx_o
  -------------------------------------------------------------------    -------------------

Slack:                    inf
  Source:                 error_flag_reg/C
                            (rising edge-triggered cell FDRE clocked by sys_clk_pin  {rise@0.000ns fall@5.000ns period=10.000ns})
  Destination:            led[3]
                            (output port)
  Path Group:             (none)
  Path Type:              Max at Slow Process Corner
  Data Path Delay:        7.122ns  (logic 4.069ns (57.126%)  route 3.054ns (42.874%))
  Logic Levels:           1  (OBUF=1)
  Clock Uncertainty:      0.025ns  ((TSJ^2 + TIJ^2)^1/2 + DJ) / 2 + PE
    Total System Jitter     (TSJ):    0.050ns
    Total Input Jitter      (TIJ):    0.000ns
    Discrete Jitter          (DJ):    0.000ns
    Phase Error              (PE):    0.000ns

    Location             Delay type                Incr(ns)  Path(ns)    Netlist Resource(s)
  -------------------------------------------------------------------    -------------------
                         (clock sys_clk_pin rise edge)
                                                      0.000     0.000 r  <hidden>
    E3                                                0.000     0.000 r  clk100mhz
                         net (fo=0)                   0.000     0.000    clk100mhz
    E3                   IBUF (Prop_ibuf_I_O)         1.482     1.482 r  clk100mhz_IBUF_inst/O
                         net (fo=1, routed)           2.025     3.506    clk100mhz_IBUF
    BUFGCTRL_X0Y16       BUFG (Prop_bufg_I_O)         0.096     3.602 r  clk100mhz_IBUF_BUFG_inst/O
                         net (fo=4115, routed)        1.631     5.234    clk100mhz_IBUF_BUFG
    SLICE_X66Y90         FDRE                                         r  error_flag_reg/C
  -------------------------------------------------------------------    -------------------
    SLICE_X66Y90         FDRE (Prop_fdre_C_Q)         0.518     5.752 r  error_flag_reg/Q
                         net (fo=3, routed)           3.054     8.805    led_OBUF[3]
    N14                  OBUF (Prop_obuf_I_O)         3.551    12.356 r  led_OBUF[3]_inst/O
                         net (fo=0)                   0.000    12.356    led[3]
    N14                                                               r  led[3]
  -------------------------------------------------------------------    -------------------





Min Delay Paths
--------------------------------------------------------------------------------------
Slack:                    inf
  Source:                 error_flag_reg/C
                            (rising edge-triggered cell FDRE clocked by sys_clk_pin  {rise@0.000ns fall@5.000ns period=10.000ns})
  Destination:            led[3]
                            (output port)
  Path Group:             (none)
  Path Type:              Min at Fast Process Corner
  Data Path Delay:        2.415ns  (logic 1.415ns (58.608%)  route 1.000ns (41.392%))
  Logic Levels:           1  (OBUF=1)
  Clock Uncertainty:      0.025ns  ((TSJ^2 + TIJ^2)^1/2 + DJ) / 2 + PE
    Total System Jitter     (TSJ):    0.050ns
    Total Input Jitter      (TIJ):    0.000ns
    Discrete Jitter          (DJ):    0.000ns
    Phase Error              (PE):    0.000ns

    Location             Delay type                Incr(ns)  Path(ns)    Netlist Resource(s)
  -------------------------------------------------------------------    -------------------
                         (clock sys_clk_pin rise edge)
                                                      0.000     0.000 r  <hidden>
    E3                                                0.000     0.000 r  clk100mhz
                         net (fo=0)                   0.000     0.000    clk100mhz
    E3                   IBUF (Prop_ibuf_I_O)         0.250     0.250 r  clk100mhz_IBUF_inst/O
                         net (fo=1, routed)           0.644     0.894    clk100mhz_IBUF
    BUFGCTRL_X0Y16       BUFG (Prop_bufg_I_O)         0.026     0.920 r  clk100mhz_IBUF_BUFG_inst/O
                         net (fo=4115, routed)        0.567     1.486    clk100mhz_IBUF_BUFG
    SLICE_X66Y90         FDRE                                         r  error_flag_reg/C
  -------------------------------------------------------------------    -------------------
    SLICE_X66Y90         FDRE (Prop_fdre_C_Q)         0.164     1.650 r  error_flag_reg/Q
                         net (fo=3, routed)           1.000     2.650    led_OBUF[3]
    N14                  OBUF (Prop_obuf_I_O)         1.251     3.901 r  led_OBUF[3]_inst/O
                         net (fo=0)                   0.000     3.901    led[3]
    N14                                                               r  led[3]
  -------------------------------------------------------------------    -------------------

Slack:                    inf
  Source:                 u_uart/tx_o_reg/C
                            (rising edge-triggered cell FDPE clocked by sys_clk_pin  {rise@0.000ns fall@5.000ns period=10.000ns})
  Destination:            uart_tx_o
                            (output port)
  Path Group:             (none)
  Path Type:              Min at Fast Process Corner
  Data Path Delay:        2.489ns  (logic 1.397ns (56.132%)  route 1.092ns (43.868%))
  Logic Levels:           1  (OBUF=1)
  Clock Uncertainty:      0.025ns  ((TSJ^2 + TIJ^2)^1/2 + DJ) / 2 + PE
    Total System Jitter     (TSJ):    0.050ns
    Total Input Jitter      (TIJ):    0.000ns
    Discrete Jitter          (DJ):    0.000ns
    Phase Error              (PE):    0.000ns

    Location             Delay type                Incr(ns)  Path(ns)    Netlist Resource(s)
  -------------------------------------------------------------------    -------------------
                         (clock sys_clk_pin rise edge)
                                                      0.000     0.000 r  <hidden>
    E3                                                0.000     0.000 r  clk100mhz
                         net (fo=0)                   0.000     0.000    clk100mhz
    E3                   IBUF (Prop_ibuf_I_O)         0.250     0.250 r  clk100mhz_IBUF_inst/O
                         net (fo=1, routed)           0.644     0.894    clk100mhz_IBUF
    BUFGCTRL_X0Y16       BUFG (Prop_bufg_I_O)         0.026     0.920 r  clk100mhz_IBUF_BUFG_inst/O
                         net (fo=4115, routed)        0.569     1.488    u_uart/clk100mhz_IBUF_BUFG
    SLICE_X69Y99         FDPE                                         r  u_uart/tx_o_reg/C
  -------------------------------------------------------------------    -------------------
    SLICE_X69Y99         FDPE (Prop_fdpe_C_Q)         0.141     1.629 r  u_uart/tx_o_reg/Q
                         net (fo=1, routed)           1.092     2.721    uart_tx_o_OBUF
    D4                   OBUF (Prop_obuf_I_O)         1.256     3.977 r  uart_tx_o_OBUF_inst/O
                         net (fo=0)                   0.000     3.977    uart_tx_o
    D4                                                                r  uart_tx_o
  -------------------------------------------------------------------    -------------------

Slack:                    inf
  Source:                 state_reg[0]/C
                            (rising edge-triggered cell FDRE clocked by sys_clk_pin  {rise@0.000ns fall@5.000ns period=10.000ns})
  Destination:            led[1]
                            (output port)
  Path Group:             (none)
  Path Type:              Min at Fast Process Corner
  Data Path Delay:        2.597ns  (logic 1.422ns (54.769%)  route 1.174ns (45.231%))
  Logic Levels:           2  (LUT4=1 OBUF=1)
  Clock Uncertainty:      0.025ns  ((TSJ^2 + TIJ^2)^1/2 + DJ) / 2 + PE
    Total System Jitter     (TSJ):    0.050ns
    Total Input Jitter      (TIJ):    0.000ns
    Discrete Jitter          (DJ):    0.000ns
    Phase Error              (PE):    0.000ns

    Location             Delay type                Incr(ns)  Path(ns)    Netlist Resource(s)
  -------------------------------------------------------------------    -------------------
                         (clock sys_clk_pin rise edge)
                                                      0.000     0.000 r  <hidden>
    E3                                                0.000     0.000 r  clk100mhz
                         net (fo=0)                   0.000     0.000    clk100mhz
    E3                   IBUF (Prop_ibuf_I_O)         0.250     0.250 r  clk100mhz_IBUF_inst/O
                         net (fo=1, routed)           0.644     0.894    clk100mhz_IBUF
    BUFGCTRL_X0Y16       BUFG (Prop_bufg_I_O)         0.026     0.920 r  clk100mhz_IBUF_BUFG_inst/O
                         net (fo=4115, routed)        0.565     1.484    clk100mhz_IBUF_BUFG
    SLICE_X57Y93         FDRE                                         r  state_reg[0]/C
  -------------------------------------------------------------------    -------------------
    SLICE_X57Y93         FDRE (Prop_fdre_C_Q)         0.141     1.625 f  state_reg[0]/Q
                         net (fo=78, routed)          0.169     1.794    state_reg_n_0_[0]
    SLICE_X56Y93         LUT4 (Prop_lut4_I3_O)        0.045     1.839 r  led_OBUF[1]_inst_i_1/O
                         net (fo=1, routed)           1.005     2.845    led_OBUF[1]
    K15                  OBUF (Prop_obuf_I_O)         1.236     4.081 r  led_OBUF[1]_inst/O
                         net (fo=0)                   0.000     4.081    led[1]
    K15                                                               r  led[1]
  -------------------------------------------------------------------    -------------------

Slack:                    inf
  Source:                 state_reg[3]/C
                            (rising edge-triggered cell FDRE clocked by sys_clk_pin  {rise@0.000ns fall@5.000ns period=10.000ns})
  Destination:            led[2]
                            (output port)
  Path Group:             (none)
  Path Type:              Min at Fast Process Corner
  Data Path Delay:        2.902ns  (logic 1.462ns (50.391%)  route 1.440ns (49.608%))
  Logic Levels:           2  (LUT4=1 OBUF=1)
  Clock Uncertainty:      0.025ns  ((TSJ^2 + TIJ^2)^1/2 + DJ) / 2 + PE
    Total System Jitter     (TSJ):    0.050ns
    Total Input Jitter      (TIJ):    0.000ns
    Discrete Jitter          (DJ):    0.000ns
    Phase Error              (PE):    0.000ns

    Location             Delay type                Incr(ns)  Path(ns)    Netlist Resource(s)
  -------------------------------------------------------------------    -------------------
                         (clock sys_clk_pin rise edge)
                                                      0.000     0.000 r  <hidden>
    E3                                                0.000     0.000 r  clk100mhz
                         net (fo=0)                   0.000     0.000    clk100mhz
    E3                   IBUF (Prop_ibuf_I_O)         0.250     0.250 r  clk100mhz_IBUF_inst/O
                         net (fo=1, routed)           0.644     0.894    clk100mhz_IBUF
    BUFGCTRL_X0Y16       BUFG (Prop_bufg_I_O)         0.026     0.920 r  clk100mhz_IBUF_BUFG_inst/O
                         net (fo=4115, routed)        0.565     1.484    clk100mhz_IBUF_BUFG
    SLICE_X56Y93         FDRE                                         r  state_reg[3]/C
  -------------------------------------------------------------------    -------------------
    SLICE_X56Y93         FDRE (Prop_fdre_C_Q)         0.164     1.648 f  state_reg[3]/Q
                         net (fo=17, routed)          0.190     1.839    u_uart/Q[3]
    SLICE_X57Y95         LUT4 (Prop_lut4_I3_O)        0.045     1.884 r  u_uart/led_OBUF[2]_inst_i_1/O
                         net (fo=2, routed)           1.249     3.133    led_OBUF[2]
    J13                  OBUF (Prop_obuf_I_O)         1.253     4.386 r  led_OBUF[2]_inst/O
                         net (fo=0)                   0.000     4.386    led[2]
    J13                                                               r  led[2]
  -------------------------------------------------------------------    -------------------

Slack:                    inf
  Source:                 state_reg[2]/C
                            (rising edge-triggered cell FDRE clocked by sys_clk_pin  {rise@0.000ns fall@5.000ns period=10.000ns})
  Destination:            led[0]
                            (output port)
  Path Group:             (none)
  Path Type:              Min at Fast Process Corner
  Data Path Delay:        3.031ns  (logic 1.489ns (49.145%)  route 1.541ns (50.855%))
  Logic Levels:           2  (LUT4=1 OBUF=1)
  Clock Uncertainty:      0.025ns  ((TSJ^2 + TIJ^2)^1/2 + DJ) / 2 + PE
    Total System Jitter     (TSJ):    0.050ns
    Total Input Jitter      (TIJ):    0.000ns
    Discrete Jitter          (DJ):    0.000ns
    Phase Error              (PE):    0.000ns

    Location             Delay type                Incr(ns)  Path(ns)    Netlist Resource(s)
  -------------------------------------------------------------------    -------------------
                         (clock sys_clk_pin rise edge)
                                                      0.000     0.000 r  <hidden>
    E3                                                0.000     0.000 r  clk100mhz
                         net (fo=0)                   0.000     0.000    clk100mhz
    E3                   IBUF (Prop_ibuf_I_O)         0.250     0.250 r  clk100mhz_IBUF_inst/O
                         net (fo=1, routed)           0.644     0.894    clk100mhz_IBUF
    BUFGCTRL_X0Y16       BUFG (Prop_bufg_I_O)         0.026     0.920 r  clk100mhz_IBUF_BUFG_inst/O
                         net (fo=4115, routed)        0.565     1.484    clk100mhz_IBUF_BUFG
    SLICE_X56Y93         FDRE                                         r  state_reg[2]/C
  -------------------------------------------------------------------    -------------------
    SLICE_X56Y93         FDRE (Prop_fdre_C_Q)         0.164     1.648 r  state_reg[2]/Q
                         net (fo=42, routed)          0.380     2.029    state_reg_n_0_[2]
    SLICE_X55Y95         LUT4 (Prop_lut4_I2_O)        0.042     2.071 r  led_OBUF[0]_inst_i_1/O
                         net (fo=1, routed)           1.161     3.231    led_OBUF[0]
    H17                  OBUF (Prop_obuf_I_O)         1.283     4.515 r  led_OBUF[0]_inst/O
                         net (fo=0)                   0.000     4.515    led[0]
    H17                                                               r  led[0]
  -------------------------------------------------------------------    -------------------





--------------------------------------------------------------------------------------
Path Group:  (none)
From Clock:  
  To Clock:  sys_clk_pin

Max Delay             6 Endpoints
Min Delay             6 Endpoints
--------------------------------------------------------------------------------------


Max Delay Paths
--------------------------------------------------------------------------------------
Slack:                    inf
  Source:                 cpu_resetn
                            (input port)
  Destination:            reset_pipe_reg[1]/D
                            (rising edge-triggered cell FDRE clocked by sys_clk_pin  {rise@0.000ns fall@5.000ns period=10.000ns})
  Path Group:             (none)
  Path Type:              Setup (Max at Slow Process Corner)
  Data Path Delay:        5.029ns  (logic 1.631ns (32.429%)  route 3.398ns (67.571%))
  Logic Levels:           2  (IBUF=1 LUT2=1)
  Clock Path Skew:        4.909ns (DCD - SCD + CPR)
    Destination Clock Delay (DCD):    4.909ns
    Source Clock Delay      (SCD):    0.000ns
    Clock Pessimism Removal (CPR):    0.000ns
  Clock Uncertainty:      0.025ns  ((TSJ^2 + TIJ^2)^1/2 + DJ) / 2 + PE
    Total System Jitter     (TSJ):    0.050ns
    Total Input Jitter      (TIJ):    0.000ns
    Discrete Jitter          (DJ):    0.000ns
    Phase Error              (PE):    0.000ns

    Location             Delay type                Incr(ns)  Path(ns)    Netlist Resource(s)
  -------------------------------------------------------------------    -------------------
    C12                                               0.000     0.000 r  cpu_resetn
                         net (fo=0)                   0.000     0.000    cpu_resetn
    C12                  IBUF (Prop_ibuf_I_O)         1.507     1.507 r  cpu_resetn_IBUF_inst/O
                         net (fo=2, routed)           3.398     4.905    cpu_resetn_IBUF
    SLICE_X54Y108        LUT2 (Prop_lut2_I1_O)        0.124     5.029 r  reset_pipe[1]_i_1/O
                         net (fo=1, routed)           0.000     5.029    reset_pipe[1]_i_1_n_0
    SLICE_X54Y108        FDRE                                         r  reset_pipe_reg[1]/D
  -------------------------------------------------------------------    -------------------

                         (clock sys_clk_pin rise edge)
                                                      0.000     0.000 r  <hidden>
    E3                                                0.000     0.000 r  clk100mhz
                         net (fo=0)                   0.000     0.000    clk100mhz
    E3                   IBUF (Prop_ibuf_I_O)         1.411     1.411 r  clk100mhz_IBUF_inst/O
                         net (fo=1, routed)           1.920     3.331    clk100mhz_IBUF
    BUFGCTRL_X0Y16       BUFG (Prop_bufg_I_O)         0.091     3.422 r  clk100mhz_IBUF_BUFG_inst/O
                         net (fo=4115, routed)        1.487     4.909    clk100mhz_IBUF_BUFG
    SLICE_X54Y108        FDRE                                         r  reset_pipe_reg[1]/C

Slack:                    inf
  Source:                 cpu_resetn
                            (input port)
  Destination:            reset_pipe_reg[0]/D
                            (rising edge-triggered cell FDRE clocked by sys_clk_pin  {rise@0.000ns fall@5.000ns period=10.000ns})
  Path Group:             (none)
  Path Type:              Setup (Max at Slow Process Corner)
  Data Path Delay:        4.808ns  (logic 1.507ns (31.345%)  route 3.301ns (68.655%))
  Logic Levels:           1  (IBUF=1)
  Clock Path Skew:        4.909ns (DCD - SCD + CPR)
    Destination Clock Delay (DCD):    4.909ns
    Source Clock Delay      (SCD):    0.000ns
    Clock Pessimism Removal (CPR):    0.000ns
  Clock Uncertainty:      0.025ns  ((TSJ^2 + TIJ^2)^1/2 + DJ) / 2 + PE
    Total System Jitter     (TSJ):    0.050ns
    Total Input Jitter      (TIJ):    0.000ns
    Discrete Jitter          (DJ):    0.000ns
    Phase Error              (PE):    0.000ns

    Location             Delay type                Incr(ns)  Path(ns)    Netlist Resource(s)
  -------------------------------------------------------------------    -------------------
    C12                                               0.000     0.000 r  cpu_resetn
                         net (fo=0)                   0.000     0.000    cpu_resetn
    C12                  IBUF (Prop_ibuf_I_O)         1.507     1.507 r  cpu_resetn_IBUF_inst/O
                         net (fo=2, routed)           3.301     4.808    cpu_resetn_IBUF
    SLICE_X54Y108        FDRE                                         r  reset_pipe_reg[0]/D
  -------------------------------------------------------------------    -------------------

                         (clock sys_clk_pin rise edge)
                                                      0.000     0.000 r  <hidden>
    E3                                                0.000     0.000 r  clk100mhz
                         net (fo=0)                   0.000     0.000    clk100mhz
    E3                   IBUF (Prop_ibuf_I_O)         1.411     1.411 r  clk100mhz_IBUF_inst/O
                         net (fo=1, routed)           1.920     3.331    clk100mhz_IBUF
    BUFGCTRL_X0Y16       BUFG (Prop_bufg_I_O)         0.091     3.422 r  clk100mhz_IBUF_BUFG_inst/O
                         net (fo=4115, routed)        1.487     4.909    clk100mhz_IBUF_BUFG
    SLICE_X54Y108        FDRE                                         r  reset_pipe_reg[0]/C

Slack:                    inf
  Source:                 test_sel[2]
                            (input port)
  Destination:            selected_test_reg[2]/D
                            (rising edge-triggered cell FDRE clocked by sys_clk_pin  {rise@0.000ns fall@5.000ns period=10.000ns})
  Path Group:             (none)
  Path Type:              Setup (Max at Slow Process Corner)
  Data Path Delay:        4.472ns  (logic 1.637ns (36.609%)  route 2.835ns (63.391%))
  Logic Levels:           2  (IBUF=1 LUT4=1)
  Clock Path Skew:        4.927ns (DCD - SCD + CPR)
    Destination Clock Delay (DCD):    4.927ns
    Source Clock Delay      (SCD):    0.000ns
    Clock Pessimism Removal (CPR):    0.000ns
  Clock Uncertainty:      0.025ns  ((TSJ^2 + TIJ^2)^1/2 + DJ) / 2 + PE
    Total System Jitter     (TSJ):    0.050ns
    Total Input Jitter      (TIJ):    0.000ns
    Discrete Jitter          (DJ):    0.000ns
    Phase Error              (PE):    0.000ns

    Location             Delay type                Incr(ns)  Path(ns)    Netlist Resource(s)
  -------------------------------------------------------------------    -------------------
    M13                                               0.000     0.000 r  test_sel[2]
                         net (fo=0)                   0.000     0.000    test_sel[2]
    M13                  IBUF (Prop_ibuf_I_O)         1.485     1.485 r  test_sel_IBUF[2]_inst/O
                         net (fo=3, routed)           2.835     4.320    test_sel_IBUF[2]
    SLICE_X53Y93         LUT4 (Prop_lut4_I1_O)        0.152     4.472 r  selected_test[2]_i_1/O
                         net (fo=1, routed)           0.000     4.472    selected_test[2]_i_1_n_0
    SLICE_X53Y93         FDRE                                         r  selected_test_reg[2]/D
  -------------------------------------------------------------------    -------------------

                         (clock sys_clk_pin rise edge)
                                                      0.000     0.000 r  <hidden>
    E3                                                0.000     0.000 r  clk100mhz
                         net (fo=0)                   0.000     0.000    clk100mhz
    E3                   IBUF (Prop_ibuf_I_O)         1.411     1.411 r  clk100mhz_IBUF_inst/O
                         net (fo=1, routed)           1.920     3.331    clk100mhz_IBUF
    BUFGCTRL_X0Y16       BUFG (Prop_bufg_I_O)         0.091     3.422 r  clk100mhz_IBUF_BUFG_inst/O
                         net (fo=4115, routed)        1.504     4.927    clk100mhz_IBUF_BUFG
    SLICE_X53Y93         FDRE                                         r  selected_test_reg[2]/C

Slack:                    inf
  Source:                 test_sel[2]
                            (input port)
  Destination:            selected_test_reg[0]/D
                            (rising edge-triggered cell FDRE clocked by sys_clk_pin  {rise@0.000ns fall@5.000ns period=10.000ns})
  Path Group:             (none)
  Path Type:              Setup (Max at Slow Process Corner)
  Data Path Delay:        4.446ns  (logic 1.609ns (36.193%)  route 2.837ns (63.807%))
  Logic Levels:           2  (IBUF=1 LUT5=1)
  Clock Path Skew:        4.927ns (DCD - SCD + CPR)
    Destination Clock Delay (DCD):    4.927ns
    Source Clock Delay      (SCD):    0.000ns
    Clock Pessimism Removal (CPR):    0.000ns
  Clock Uncertainty:      0.025ns  ((TSJ^2 + TIJ^2)^1/2 + DJ) / 2 + PE
    Total System Jitter     (TSJ):    0.050ns
    Total Input Jitter      (TIJ):    0.000ns
    Discrete Jitter          (DJ):    0.000ns
    Phase Error              (PE):    0.000ns

    Location             Delay type                Incr(ns)  Path(ns)    Netlist Resource(s)
  -------------------------------------------------------------------    -------------------
    M13                                               0.000     0.000 r  test_sel[2]
                         net (fo=0)                   0.000     0.000    test_sel[2]
    M13                  IBUF (Prop_ibuf_I_O)         1.485     1.485 r  test_sel_IBUF[2]_inst/O
                         net (fo=3, routed)           2.837     4.322    test_sel_IBUF[2]
    SLICE_X53Y93         LUT5 (Prop_lut5_I2_O)        0.124     4.446 r  selected_test[0]_i_1/O
                         net (fo=1, routed)           0.000     4.446    selected_test[0]_i_1_n_0
    SLICE_X53Y93         FDRE                                         r  selected_test_reg[0]/D
  -------------------------------------------------------------------    -------------------

                         (clock sys_clk_pin rise edge)
                                                      0.000     0.000 r  <hidden>
    E3                                                0.000     0.000 r  clk100mhz
                         net (fo=0)                   0.000     0.000    clk100mhz
    E3                   IBUF (Prop_ibuf_I_O)         1.411     1.411 r  clk100mhz_IBUF_inst/O
                         net (fo=1, routed)           1.920     3.331    clk100mhz_IBUF
    BUFGCTRL_X0Y16       BUFG (Prop_bufg_I_O)         0.091     3.422 r  clk100mhz_IBUF_BUFG_inst/O
                         net (fo=4115, routed)        1.504     4.927    clk100mhz_IBUF_BUFG
    SLICE_X53Y93         FDRE                                         r  selected_test_reg[0]/C

Slack:                    inf
  Source:                 test_sel[2]
                            (input port)
  Destination:            selected_test_reg[1]/D
                            (rising edge-triggered cell FDRE clocked by sys_clk_pin  {rise@0.000ns fall@5.000ns period=10.000ns})
  Path Group:             (none)
  Path Type:              Setup (Max at Slow Process Corner)
  Data Path Delay:        4.444ns  (logic 1.609ns (36.209%)  route 2.835ns (63.791%))
  Logic Levels:           2  (IBUF=1 LUT4=1)
  Clock Path Skew:        4.927ns (DCD - SCD + CPR)
    Destination Clock Delay (DCD):    4.927ns
    Source Clock Delay      (SCD):    0.000ns
    Clock Pessimism Removal (CPR):    0.000ns
  Clock Uncertainty:      0.025ns  ((TSJ^2 + TIJ^2)^1/2 + DJ) / 2 + PE
    Total System Jitter     (TSJ):    0.050ns
    Total Input Jitter      (TIJ):    0.000ns
    Discrete Jitter          (DJ):    0.000ns
    Phase Error              (PE):    0.000ns

    Location             Delay type                Incr(ns)  Path(ns)    Netlist Resource(s)
  -------------------------------------------------------------------    -------------------
    M13                                               0.000     0.000 f  test_sel[2]
                         net (fo=0)                   0.000     0.000    test_sel[2]
    M13                  IBUF (Prop_ibuf_I_O)         1.485     1.485 f  test_sel_IBUF[2]_inst/O
                         net (fo=3, routed)           2.835     4.320    test_sel_IBUF[2]
    SLICE_X53Y93         LUT4 (Prop_lut4_I1_O)        0.124     4.444 r  selected_test[1]_i_1/O
                         net (fo=1, routed)           0.000     4.444    selected_test[1]_i_1_n_0
    SLICE_X53Y93         FDRE                                         r  selected_test_reg[1]/D
  -------------------------------------------------------------------    -------------------

                         (clock sys_clk_pin rise edge)
                                                      0.000     0.000 r  <hidden>
    E3                                                0.000     0.000 r  clk100mhz
                         net (fo=0)                   0.000     0.000    clk100mhz
    E3                   IBUF (Prop_ibuf_I_O)         1.411     1.411 r  clk100mhz_IBUF_inst/O
                         net (fo=1, routed)           1.920     3.331    clk100mhz_IBUF
    BUFGCTRL_X0Y16       BUFG (Prop_bufg_I_O)         0.091     3.422 r  clk100mhz_IBUF_BUFG_inst/O
                         net (fo=4115, routed)        1.504     4.927    clk100mhz_IBUF_BUFG
    SLICE_X53Y93         FDRE                                         r  selected_test_reg[1]/C

Slack:                    inf
  Source:                 start_btn
                            (input port)
  Destination:            start_pipe_reg[0]/D
                            (rising edge-triggered cell FDRE clocked by sys_clk_pin  {rise@0.000ns fall@5.000ns period=10.000ns})
  Path Group:             (none)
  Path Type:              Setup (Max at Slow Process Corner)
  Data Path Delay:        4.209ns  (logic 1.477ns (35.084%)  route 2.732ns (64.916%))
  Logic Levels:           1  (IBUF=1)
  Clock Path Skew:        4.932ns (DCD - SCD + CPR)
    Destination Clock Delay (DCD):    4.932ns
    Source Clock Delay      (SCD):    0.000ns
    Clock Pessimism Removal (CPR):    0.000ns
  Clock Uncertainty:      0.025ns  ((TSJ^2 + TIJ^2)^1/2 + DJ) / 2 + PE
    Total System Jitter     (TSJ):    0.050ns
    Total Input Jitter      (TIJ):    0.000ns
    Discrete Jitter          (DJ):    0.000ns
    Phase Error              (PE):    0.000ns

    Location             Delay type                Incr(ns)  Path(ns)    Netlist Resource(s)
  -------------------------------------------------------------------    -------------------
    N17                                               0.000     0.000 r  start_btn
                         net (fo=0)                   0.000     0.000    start_btn
    N17                  IBUF (Prop_ibuf_I_O)         1.477     1.477 r  start_btn_IBUF_inst/O
                         net (fo=1, routed)           2.732     4.209    start_btn_IBUF
    SLICE_X58Y93         FDRE                                         r  start_pipe_reg[0]/D
  -------------------------------------------------------------------    -------------------

                         (clock sys_clk_pin rise edge)
                                                      0.000     0.000 r  <hidden>
    E3                                                0.000     0.000 r  clk100mhz
                         net (fo=0)                   0.000     0.000    clk100mhz
    E3                   IBUF (Prop_ibuf_I_O)         1.411     1.411 r  clk100mhz_IBUF_inst/O
                         net (fo=1, routed)           1.920     3.331    clk100mhz_IBUF
    BUFGCTRL_X0Y16       BUFG (Prop_bufg_I_O)         0.091     3.422 r  clk100mhz_IBUF_BUFG_inst/O
                         net (fo=4115, routed)        1.509     4.932    clk100mhz_IBUF_BUFG
    SLICE_X58Y93         FDRE                                         r  start_pipe_reg[0]/C





Min Delay Paths
--------------------------------------------------------------------------------------
Slack:                    inf
  Source:                 test_sel[1]
                            (input port)
  Destination:            selected_test_reg[1]/D
                            (rising edge-triggered cell FDRE clocked by sys_clk_pin  {rise@0.000ns fall@5.000ns period=10.000ns})
  Path Group:             (none)
  Path Type:              Hold (Min at Fast Process Corner)
  Data Path Delay:        1.293ns  (logic 0.292ns (22.624%)  route 1.000ns (77.376%))
  Logic Levels:           2  (IBUF=1 LUT4=1)
  Clock Path Skew:        1.999ns (DCD - SCD - CPR)
    Destination Clock Delay (DCD):    1.999ns
    Source Clock Delay      (SCD):    0.000ns
    Clock Pessimism Removal (CPR):    -0.000ns

    Location             Delay type                Incr(ns)  Path(ns)    Netlist Resource(s)
  -------------------------------------------------------------------    -------------------
    L16                                               0.000     0.000 r  test_sel[1]
                         net (fo=0)                   0.000     0.000    test_sel[1]
    L16                  IBUF (Prop_ibuf_I_O)         0.247     0.247 r  test_sel_IBUF[1]_inst/O
                         net (fo=3, routed)           1.000     1.248    test_sel_IBUF[1]
    SLICE_X53Y93         LUT4 (Prop_lut4_I0_O)        0.045     1.293 r  selected_test[1]_i_1/O
                         net (fo=1, routed)           0.000     1.293    selected_test[1]_i_1_n_0
    SLICE_X53Y93         FDRE                                         r  selected_test_reg[1]/D
  -------------------------------------------------------------------    -------------------

                         (clock sys_clk_pin rise edge)
                                                      0.000     0.000 r  <hidden>
    E3                                                0.000     0.000 r  clk100mhz
                         net (fo=0)                   0.000     0.000    clk100mhz
    E3                   IBUF (Prop_ibuf_I_O)         0.438     0.438 r  clk100mhz_IBUF_inst/O
                         net (fo=1, routed)           0.699     1.136    clk100mhz_IBUF
    BUFGCTRL_X0Y16       BUFG (Prop_bufg_I_O)         0.029     1.165 r  clk100mhz_IBUF_BUFG_inst/O
                         net (fo=4115, routed)        0.834     1.999    clk100mhz_IBUF_BUFG
    SLICE_X53Y93         FDRE                                         r  selected_test_reg[1]/C

Slack:                    inf
  Source:                 test_sel[1]
                            (input port)
  Destination:            selected_test_reg[2]/D
                            (rising edge-triggered cell FDRE clocked by sys_clk_pin  {rise@0.000ns fall@5.000ns period=10.000ns})
  Path Group:             (none)
  Path Type:              Hold (Min at Fast Process Corner)
  Data Path Delay:        1.296ns  (logic 0.295ns (22.804%)  route 1.000ns (77.196%))
  Logic Levels:           2  (IBUF=1 LUT4=1)
  Clock Path Skew:        1.999ns (DCD - SCD - CPR)
    Destination Clock Delay (DCD):    1.999ns
    Source Clock Delay      (SCD):    0.000ns
    Clock Pessimism Removal (CPR):    -0.000ns

    Location             Delay type                Incr(ns)  Path(ns)    Netlist Resource(s)
  -------------------------------------------------------------------    -------------------
    L16                                               0.000     0.000 f  test_sel[1]
                         net (fo=0)                   0.000     0.000    test_sel[1]
    L16                  IBUF (Prop_ibuf_I_O)         0.247     0.247 f  test_sel_IBUF[1]_inst/O
                         net (fo=3, routed)           1.000     1.248    test_sel_IBUF[1]
    SLICE_X53Y93         LUT4 (Prop_lut4_I0_O)        0.048     1.296 r  selected_test[2]_i_1/O
                         net (fo=1, routed)           0.000     1.296    selected_test[2]_i_1_n_0
    SLICE_X53Y93         FDRE                                         r  selected_test_reg[2]/D
  -------------------------------------------------------------------    -------------------

                         (clock sys_clk_pin rise edge)
                                                      0.000     0.000 r  <hidden>
    E3                                                0.000     0.000 r  clk100mhz
                         net (fo=0)                   0.000     0.000    clk100mhz
    E3                   IBUF (Prop_ibuf_I_O)         0.438     0.438 r  clk100mhz_IBUF_inst/O
                         net (fo=1, routed)           0.699     1.136    clk100mhz_IBUF
    BUFGCTRL_X0Y16       BUFG (Prop_bufg_I_O)         0.029     1.165 r  clk100mhz_IBUF_BUFG_inst/O
                         net (fo=4115, routed)        0.834     1.999    clk100mhz_IBUF_BUFG
    SLICE_X53Y93         FDRE                                         r  selected_test_reg[2]/C

Slack:                    inf
  Source:                 test_sel[1]
                            (input port)
  Destination:            selected_test_reg[0]/D
                            (rising edge-triggered cell FDRE clocked by sys_clk_pin  {rise@0.000ns fall@5.000ns period=10.000ns})
  Path Group:             (none)
  Path Type:              Hold (Min at Fast Process Corner)
  Data Path Delay:        1.369ns  (logic 0.292ns (21.368%)  route 1.076ns (78.632%))
  Logic Levels:           2  (IBUF=1 LUT5=1)
  Clock Path Skew:        1.999ns (DCD - SCD - CPR)
    Destination Clock Delay (DCD):    1.999ns
    Source Clock Delay      (SCD):    0.000ns
    Clock Pessimism Removal (CPR):    -0.000ns

    Location             Delay type                Incr(ns)  Path(ns)    Netlist Resource(s)
  -------------------------------------------------------------------    -------------------
    L16                                               0.000     0.000 r  test_sel[1]
                         net (fo=0)                   0.000     0.000    test_sel[1]
    L16                  IBUF (Prop_ibuf_I_O)         0.247     0.247 r  test_sel_IBUF[1]_inst/O
                         net (fo=3, routed)           1.076     1.324    test_sel_IBUF[1]
    SLICE_X53Y93         LUT5 (Prop_lut5_I1_O)        0.045     1.369 r  selected_test[0]_i_1/O
                         net (fo=1, routed)           0.000     1.369    selected_test[0]_i_1_n_0
    SLICE_X53Y93         FDRE                                         r  selected_test_reg[0]/D
  -------------------------------------------------------------------    -------------------

                         (clock sys_clk_pin rise edge)
                                                      0.000     0.000 r  <hidden>
    E3                                                0.000     0.000 r  clk100mhz
                         net (fo=0)                   0.000     0.000    clk100mhz
    E3                   IBUF (Prop_ibuf_I_O)         0.438     0.438 r  clk100mhz_IBUF_inst/O
                         net (fo=1, routed)           0.699     1.136    clk100mhz_IBUF
    BUFGCTRL_X0Y16       BUFG (Prop_bufg_I_O)         0.029     1.165 r  clk100mhz_IBUF_BUFG_inst/O
                         net (fo=4115, routed)        0.834     1.999    clk100mhz_IBUF_BUFG
    SLICE_X53Y93         FDRE                                         r  selected_test_reg[0]/C

Slack:                    inf
  Source:                 start_btn
                            (input port)
  Destination:            start_pipe_reg[0]/D
                            (rising edge-triggered cell FDRE clocked by sys_clk_pin  {rise@0.000ns fall@5.000ns period=10.000ns})
  Path Group:             (none)
  Path Type:              Hold (Min at Fast Process Corner)
  Data Path Delay:        1.467ns  (logic 0.244ns (16.668%)  route 1.222ns (83.332%))
  Logic Levels:           1  (IBUF=1)
  Clock Path Skew:        2.002ns (DCD - SCD - CPR)
    Destination Clock Delay (DCD):    2.002ns
    Source Clock Delay      (SCD):    0.000ns
    Clock Pessimism Removal (CPR):    -0.000ns

    Location             Delay type                Incr(ns)  Path(ns)    Netlist Resource(s)
  -------------------------------------------------------------------    -------------------
    N17                                               0.000     0.000 r  start_btn
                         net (fo=0)                   0.000     0.000    start_btn
    N17                  IBUF (Prop_ibuf_I_O)         0.244     0.244 r  start_btn_IBUF_inst/O
                         net (fo=1, routed)           1.222     1.467    start_btn_IBUF
    SLICE_X58Y93         FDRE                                         r  start_pipe_reg[0]/D
  -------------------------------------------------------------------    -------------------

                         (clock sys_clk_pin rise edge)
                                                      0.000     0.000 r  <hidden>
    E3                                                0.000     0.000 r  clk100mhz
                         net (fo=0)                   0.000     0.000    clk100mhz
    E3                   IBUF (Prop_ibuf_I_O)         0.438     0.438 r  clk100mhz_IBUF_inst/O
                         net (fo=1, routed)           0.699     1.136    clk100mhz_IBUF
    BUFGCTRL_X0Y16       BUFG (Prop_bufg_I_O)         0.029     1.165 r  clk100mhz_IBUF_BUFG_inst/O
                         net (fo=4115, routed)        0.837     2.002    clk100mhz_IBUF_BUFG
    SLICE_X58Y93         FDRE                                         r  start_pipe_reg[0]/C

Slack:                    inf
  Source:                 cpu_resetn
                            (input port)
  Destination:            reset_pipe_reg[0]/D
                            (rising edge-triggered cell FDRE clocked by sys_clk_pin  {rise@0.000ns fall@5.000ns period=10.000ns})
  Path Group:             (none)
  Path Type:              Hold (Min at Fast Process Corner)
  Data Path Delay:        1.714ns  (logic 0.275ns (16.016%)  route 1.440ns (83.984%))
  Logic Levels:           1  (IBUF=1)
  Clock Path Skew:        1.992ns (DCD - SCD - CPR)
    Destination Clock Delay (DCD):    1.992ns
    Source Clock Delay      (SCD):    0.000ns
    Clock Pessimism Removal (CPR):    -0.000ns

    Location             Delay type                Incr(ns)  Path(ns)    Netlist Resource(s)
  -------------------------------------------------------------------    -------------------
    C12                                               0.000     0.000 r  cpu_resetn
                         net (fo=0)                   0.000     0.000    cpu_resetn
    C12                  IBUF (Prop_ibuf_I_O)         0.275     0.275 r  cpu_resetn_IBUF_inst/O
                         net (fo=2, routed)           1.440     1.714    cpu_resetn_IBUF
    SLICE_X54Y108        FDRE                                         r  reset_pipe_reg[0]/D
  -------------------------------------------------------------------    -------------------

                         (clock sys_clk_pin rise edge)
                                                      0.000     0.000 r  <hidden>
    E3                                                0.000     0.000 r  clk100mhz
                         net (fo=0)                   0.000     0.000    clk100mhz
    E3                   IBUF (Prop_ibuf_I_O)         0.438     0.438 r  clk100mhz_IBUF_inst/O
                         net (fo=1, routed)           0.699     1.136    clk100mhz_IBUF
    BUFGCTRL_X0Y16       BUFG (Prop_bufg_I_O)         0.029     1.165 r  clk100mhz_IBUF_BUFG_inst/O
                         net (fo=4115, routed)        0.826     1.992    clk100mhz_IBUF_BUFG
    SLICE_X54Y108        FDRE                                         r  reset_pipe_reg[0]/C

Slack:                    inf
  Source:                 cpu_resetn
                            (input port)
  Destination:            reset_pipe_reg[1]/D
                            (rising edge-triggered cell FDRE clocked by sys_clk_pin  {rise@0.000ns fall@5.000ns period=10.000ns})
  Path Group:             (none)
  Path Type:              Hold (Min at Fast Process Corner)
  Data Path Delay:        1.769ns  (logic 0.320ns (18.065%)  route 1.449ns (81.935%))
  Logic Levels:           2  (IBUF=1 LUT2=1)
  Clock Path Skew:        1.992ns (DCD - SCD - CPR)
    Destination Clock Delay (DCD):    1.992ns
    Source Clock Delay      (SCD):    0.000ns
    Clock Pessimism Removal (CPR):    -0.000ns

    Location             Delay type                Incr(ns)  Path(ns)    Netlist Resource(s)
  -------------------------------------------------------------------    -------------------
    C12                                               0.000     0.000 r  cpu_resetn
                         net (fo=0)                   0.000     0.000    cpu_resetn
    C12                  IBUF (Prop_ibuf_I_O)         0.275     0.275 r  cpu_resetn_IBUF_inst/O
                         net (fo=2, routed)           1.449     1.724    cpu_resetn_IBUF
    SLICE_X54Y108        LUT2 (Prop_lut2_I1_O)        0.045     1.769 r  reset_pipe[1]_i_1/O
                         net (fo=1, routed)           0.000     1.769    reset_pipe[1]_i_1_n_0
    SLICE_X54Y108        FDRE                                         r  reset_pipe_reg[1]/D
  -------------------------------------------------------------------    -------------------

                         (clock sys_clk_pin rise edge)
                                                      0.000     0.000 r  <hidden>
    E3                                                0.000     0.000 r  clk100mhz
                         net (fo=0)                   0.000     0.000    clk100mhz
    E3                   IBUF (Prop_ibuf_I_O)         0.438     0.438 r  clk100mhz_IBUF_inst/O
                         net (fo=1, routed)           0.699     1.136    clk100mhz_IBUF
    BUFGCTRL_X0Y16       BUFG (Prop_bufg_I_O)         0.029     1.165 r  clk100mhz_IBUF_BUFG_inst/O
                         net (fo=4115, routed)        0.826     1.992    clk100mhz_IBUF_BUFG
    SLICE_X54Y108        FDRE                                         r  reset_pipe_reg[1]/C





