Copyright 1986-2022 Xilinx, Inc. All Rights Reserved. Copyright 2022-2026 Advanced Micro Devices, Inc. All Rights Reserved.
---------------------------------------------------------------------------------------------------------------------------------------------
| Tool Version : Vivado v.2026.1 (win64) Build 6511674 Tue Jun 16 11:02:23 MDT 2026
| Date         : Mon Oct  5 16:15:14 2026
| Host         : Kiyopon running 64-bit major release  (build 9200)
| Command      : report_timing_summary -delay_type max -report_unconstrained -max_paths 10 -file reports/phase10/e1_timing_route.rpt
| Design       : canny_block_adaptive_phase10_top
| Device       : 7a100t-csg324
| Speed File   : -1  PRODUCTION 1.23 2018-06-13
| Design State : Routed
---------------------------------------------------------------------------------------------------------------------------------------------

Timing Summary Report

------------------------------------------------------------------------------------------------
| Timer Settings
| --------------
------------------------------------------------------------------------------------------------

  Enable Multi Corner Analysis               :  Yes
  Enable Pessimism Removal                   :  Yes
  Pessimism Removal Resolution               :  Nearest Common Node
  Enable Input Delay Default Clock           :  No
  Enable Preset / Clear Arcs                 :  No
  Disable Flight Delays                      :  No
  Ignore I/O Paths                           :  No
  Timing Early Launch at Borrowing Latches   :  No
  Borrow Time for Max Delay Exceptions       :  Yes
  Merge Timing Exceptions                    :  Yes
  Inter-SLR Compensation                     :  Conservative

  Corner  Analyze    Analyze    
  Name    Max Paths  Min Paths  
  ------  ---------  ---------  
  Slow    Yes        Yes        
  Fast    Yes        Yes        


------------------------------------------------------------------------------------------------
| Report Methodology
| ------------------
------------------------------------------------------------------------------------------------

Rule       Severity  Description                                 Violations  
---------  --------  ------------------------------------------  ----------  
SYNTH-6    Warning   Timing of a RAM block might be sub-optimal  30          
TIMING-18  Warning   Missing input or output delay               39          

Note: This report is based on the most recent report_methodology run and may not be up-to-date. Run report_methodology on the current design for the latest report.



check_timing report

Table of Contents
-----------------
1. checking no_clock (0)
2. checking constant_clock (0)
3. checking pulse_width_clock (0)
4. checking unconstrained_internal_endpoints (0)
5. checking no_input_delay (35)
6. checking no_output_delay (4)
7. checking multiple_clock (0)
8. checking generated_clocks (0)
9. checking loops (0)
10. checking partial_input_delay (0)
11. checking partial_output_delay (0)
12. checking latch_loops (0)

1. checking no_clock (0)
------------------------
 There are 0 register/latch pins with no clock.


2. checking constant_clock (0)
------------------------------
 There are 0 register/latch pins with constant_clock.


3. checking pulse_width_clock (0)
---------------------------------
 There are 0 register/latch pins which need pulse_width check


4. checking unconstrained_internal_endpoints (0)
------------------------------------------------
 There are 0 pins that are not constrained for maximum delay.

 There are 0 pins that are not constrained for maximum delay due to constant clock.


5. checking no_input_delay (35)
-------------------------------
 There are 35 input ports with no input delay specified. (HIGH)

 There are 0 input ports with no input delay but user has a false path constraint.


6. checking no_output_delay (4)
-------------------------------
 There are 4 ports with no output delay specified. (HIGH)

 There are 0 ports with no output delay but user has a false path constraint

 There are 0 ports with no output delay but with a timing clock defined on it or propagating through it


7. checking multiple_clock (0)
------------------------------
 There are 0 register/latch pins with multiple clocks.


8. checking generated_clocks (0)
--------------------------------
 There are 0 generated clocks that are not connected to a clock source.


9. checking loops (0)
---------------------
 There are 0 combinational loops in the design.


10. checking partial_input_delay (0)
------------------------------------
 There are 0 input ports with partial input delay specified.


11. checking partial_output_delay (0)
-------------------------------------
 There are 0 ports with partial output delay specified.


12. checking latch_loops (0)
----------------------------
 There are 0 combinational latch loops in the design through latch input



------------------------------------------------------------------------------------------------
| Design Timing Summary
| ---------------------
------------------------------------------------------------------------------------------------

    WNS(ns)      TNS(ns)  TNS Failing Endpoints  TNS Total Endpoints     WPWS(ns)     TPWS(ns)  TPWS Failing Endpoints  TPWS Total Endpoints  
    -------      -------  ---------------------  -------------------     --------     --------  ----------------------  --------------------  
      0.960        0.000                      0                10940        3.750        0.000                       0                  3766  


All user specified timing constraints are met.


------------------------------------------------------------------------------------------------
| Clock Summary
| -------------
------------------------------------------------------------------------------------------------

Clock  Waveform(ns)       Period(ns)      Frequency(MHz)
-----  ------------       ----------      --------------
clk    {0.000 5.000}      10.000          100.000         


------------------------------------------------------------------------------------------------
| Intra Clock Table
| -----------------
------------------------------------------------------------------------------------------------

Clock             WNS(ns)      TNS(ns)  TNS Failing Endpoints  TNS Total Endpoints     WPWS(ns)     TPWS(ns)  TPWS Failing Endpoints  TPWS Total Endpoints  
-----             -------      -------  ---------------------  -------------------     --------     --------  ----------------------  --------------------  
clk                 0.960        0.000                      0                10940        3.750        0.000                       0                  3766  


------------------------------------------------------------------------------------------------
| Inter Clock Table
| -----------------
------------------------------------------------------------------------------------------------

From Clock    To Clock          WNS(ns)      TNS(ns)  TNS Failing Endpoints  TNS Total Endpoints  
----------    --------          -------      -------  ---------------------  -------------------  


------------------------------------------------------------------------------------------------
| Other Path Groups Table
| -----------------------
------------------------------------------------------------------------------------------------

Path Group    From Clock    To Clock          WNS(ns)      TNS(ns)  TNS Failing Endpoints  TNS Total Endpoints  
----------    ----------    --------          -------      -------  ---------------------  -------------------  


------------------------------------------------------------------------------------------------
| User Ignored Path Table
| -----------------------
------------------------------------------------------------------------------------------------

Path Group    From Clock    To Clock    
----------    ----------    --------    


------------------------------------------------------------------------------------------------
| Unconstrained Path Table
| ------------------------
------------------------------------------------------------------------------------------------

Path Group    From Clock    To Clock    
----------    ----------    --------    
(none)        clk                         
(none)                      clk           


------------------------------------------------------------------------------------------------
| Timing Details
| --------------
------------------------------------------------------------------------------------------------


---------------------------------------------------------------------------------------------------
From Clock:  clk
  To Clock:  clk

Setup :            0  Failing Endpoints,  Worst Slack        0.960ns,  Total Violation        0.000ns
Hold  :           NA  Failing Endpoints,  Worst Slack           NA  ,  Total Violation           NA
PW    :            0  Failing Endpoints,  Worst Slack        3.750ns,  Total Violation        0.000ns
---------------------------------------------------------------------------------------------------


Max Delay Paths
--------------------------------------------------------------------------------------
Slack (MET) :             0.960ns  (required time - arrival time)
  Source:                 u_gradient/u_cordic/g_stage[15].x_reg_reg[0]/C
                            (rising edge-triggered cell FDCE clocked by clk  {rise@0.000ns fall@5.000ns period=10.000ns})
  Destination:            u_gradient/u_cordic/scaled_reg_reg[47]/D
                            (rising edge-triggered cell FDCE clocked by clk  {rise@0.000ns fall@5.000ns period=10.000ns})
  Path Group:             clk
  Path Type:              Setup (Max at Slow Process Corner)
  Requirement:            10.000ns  (clk rise@10.000ns - clk rise@0.000ns)
  Data Path Delay:        9.038ns  (logic 4.774ns (52.819%)  route 4.264ns (47.181%))
  Logic Levels:           17  (CARRY4=13 LUT2=1 LUT3=2 LUT5=1)
  Clock Path Skew:        -0.028ns (DCD - SCD + CPR)
    Destination Clock Delay (DCD):    4.497ns = ( 14.497 - 10.000 ) 
    Source Clock Delay      (SCD):    4.857ns
    Clock Pessimism Removal (CPR):    0.331ns
  Clock Uncertainty:      0.035ns  ((TSJ^2 + TIJ^2)^1/2 + DJ) / 2 + PE
    Total System Jitter     (TSJ):    0.071ns
    Total Input Jitter      (TIJ):    0.000ns
    Discrete Jitter          (DJ):    0.000ns
    Phase Error              (PE):    0.000ns

    Location             Delay type                Incr(ns)  Path(ns)    Netlist Resource(s)
  -------------------------------------------------------------------    -------------------
                         (clock clk rise edge)        0.000     0.000 r  <hidden>
    N15                                               0.000     0.000 r  clk
                         net (fo=0)                   0.000     0.000    clk
    N15                  IBUF (Prop_ibuf_I_O)         0.948     0.948 r  clk_IBUF_inst/O
                         net (fo=1, routed)           2.016     2.963    clk_IBUF
    BUFGCTRL_X0Y0        BUFG (Prop_bufg_I_O)         0.096     3.059 r  clk_IBUF_BUFG_inst/O
                         net (fo=3765, routed)        1.797     4.857    u_gradient/u_cordic/clk_IBUF_BUFG
    SLICE_X35Y21         FDCE                                         r  u_gradient/u_cordic/g_stage[15].x_reg_reg[0]/C
  -------------------------------------------------------------------    -------------------
    SLICE_X35Y21         FDCE (Prop_fdce_C_Q)         0.456     5.313 r  u_gradient/u_cordic/g_stage[15].x_reg_reg[0]/Q
                         net (fo=18, routed)          0.970     6.283    u_gradient/u_cordic/g_stage[15].x_reg[0]
    SLICE_X23Y24         LUT2 (Prop_lut2_I1_O)        0.124     6.407 r  u_gradient/u_cordic/scaled_reg[29]_i_128/O
                         net (fo=1, routed)           0.000     6.407    u_gradient/u_cordic/scaled_reg[29]_i_128_n_0
    SLICE_X23Y24         CARRY4 (Prop_carry4_S[1]_CO[3])
                                                      0.550     6.957 r  u_gradient/u_cordic/scaled_reg_reg[29]_i_94/CO[3]
                         net (fo=1, routed)           0.009     6.966    u_gradient/u_cordic/scaled_reg_reg[29]_i_94_n_0
    SLICE_X23Y25         CARRY4 (Prop_carry4_CI_O[1])
                                                      0.334     7.300 r  u_gradient/u_cordic/scaled_reg_reg[29]_i_169/O[1]
                         net (fo=2, routed)           0.600     7.900    u_gradient/u_cordic/scaled_reg_reg[29]_i_169_n_6
    SLICE_X25Y24         LUT3 (Prop_lut3_I2_O)        0.303     8.203 r  u_gradient/u_cordic/scaled_reg[29]_i_160/O
                         net (fo=2, routed)           0.698     8.902    u_gradient/u_cordic/scaled_reg[29]_i_160_n_0
    SLICE_X25Y25         CARRY4 (Prop_carry4_DI[2]_CO[3])
                                                      0.398     9.300 r  u_gradient/u_cordic/scaled_reg_reg[29]_i_132/CO[3]
                         net (fo=1, routed)           0.000     9.300    u_gradient/u_cordic/scaled_reg_reg[29]_i_132_n_0
    SLICE_X25Y26         CARRY4 (Prop_carry4_CI_CO[3])
                                                      0.114     9.414 r  u_gradient/u_cordic/scaled_reg_reg[29]_i_96/CO[3]
                         net (fo=1, routed)           0.000     9.414    u_gradient/u_cordic/scaled_reg_reg[29]_i_96_n_0
    SLICE_X25Y27         CARRY4 (Prop_carry4_CI_O[3])
                                                      0.313     9.727 r  u_gradient/u_cordic/scaled_reg_reg[29]_i_69/O[3]
                         net (fo=3, routed)           0.616    10.343    u_gradient/u_cordic/scaled_reg_reg[29]_i_69_n_4
    SLICE_X27Y26         LUT3 (Prop_lut3_I1_O)        0.332    10.675 r  u_gradient/u_cordic/scaled_reg[29]_i_93/O
                         net (fo=2, routed)           0.587    11.262    u_gradient/u_cordic/scaled_reg[29]_i_93_n_0
    SLICE_X27Y28         LUT5 (Prop_lut5_I1_O)        0.355    11.617 r  u_gradient/u_cordic/scaled_reg[29]_i_56/O
                         net (fo=2, routed)           0.783    12.400    u_gradient/u_cordic/scaled_reg[29]_i_56_n_0
    SLICE_X24Y30         CARRY4 (Prop_carry4_DI[3]_CO[3])
                                                      0.588    12.988 r  u_gradient/u_cordic/scaled_reg_reg[29]_i_27/CO[3]
                         net (fo=1, routed)           0.000    12.988    u_gradient/u_cordic/scaled_reg_reg[29]_i_27_n_0
    SLICE_X24Y31         CARRY4 (Prop_carry4_CI_CO[3])
                                                      0.114    13.102 r  u_gradient/u_cordic/scaled_reg_reg[29]_i_11/CO[3]
                         net (fo=1, routed)           0.000    13.102    u_gradient/u_cordic/scaled_reg_reg[29]_i_11_n_0
    SLICE_X24Y32         CARRY4 (Prop_carry4_CI_CO[3])
                                                      0.114    13.216 r  u_gradient/u_cordic/scaled_reg_reg[29]_i_2/CO[3]
                         net (fo=1, routed)           0.000    13.216    u_gradient/u_cordic/scaled_reg_reg[29]_i_2_n_0
    SLICE_X24Y33         CARRY4 (Prop_carry4_CI_CO[3])
                                                      0.114    13.330 r  u_gradient/u_cordic/scaled_reg_reg[29]_i_1/CO[3]
                         net (fo=1, routed)           0.000    13.330    u_gradient/u_cordic/scaled_reg_reg[29]_i_1_n_0
    SLICE_X24Y34         CARRY4 (Prop_carry4_CI_CO[3])
                                                      0.114    13.444 r  u_gradient/u_cordic/scaled_reg_reg[33]_i_1/CO[3]
                         net (fo=1, routed)           0.000    13.444    u_gradient/u_cordic/scaled_reg_reg[33]_i_1_n_0
    SLICE_X24Y35         CARRY4 (Prop_carry4_CI_CO[3])
                                                      0.114    13.558 r  u_gradient/u_cordic/scaled_reg_reg[37]_i_1/CO[3]
                         net (fo=1, routed)           0.000    13.558    u_gradient/u_cordic/scaled_reg_reg[37]_i_1_n_0
    SLICE_X24Y36         CARRY4 (Prop_carry4_CI_CO[3])
                                                      0.114    13.672 r  u_gradient/u_cordic/scaled_reg_reg[41]_i_1/CO[3]
                         net (fo=1, routed)           0.000    13.672    u_gradient/u_cordic/scaled_reg_reg[41]_i_1_n_0
    SLICE_X24Y37         CARRY4 (Prop_carry4_CI_O[0])
                                                      0.223    13.895 r  u_gradient/u_cordic/scaled_reg_reg[47]_i_1/O[0]
                         net (fo=1, routed)           0.000    13.895    u_gradient/u_cordic/scaled_next[42]
    SLICE_X24Y37         FDCE                                         r  u_gradient/u_cordic/scaled_reg_reg[47]/D
  -------------------------------------------------------------------    -------------------

                         (clock clk rise edge)       10.000    10.000 r  <hidden>
    N15                                               0.000    10.000 r  clk
                         net (fo=0)                   0.000    10.000    clk
    N15                  IBUF (Prop_ibuf_I_O)         0.814    10.814 r  clk_IBUF_inst/O
                         net (fo=1, routed)           1.911    12.725    clk_IBUF
    BUFGCTRL_X0Y0        BUFG (Prop_bufg_I_O)         0.091    12.816 r  clk_IBUF_BUFG_inst/O
                         net (fo=3765, routed)        1.681    14.497    u_gradient/u_cordic/clk_IBUF_BUFG
    SLICE_X24Y37         FDCE                                         r  u_gradient/u_cordic/scaled_reg_reg[47]/C
                         clock pessimism              0.331    14.829    <hidden>
                         clock uncertainty           -0.035    14.793    <hidden>
    SLICE_X24Y37         FDCE (Setup_fdce_C_D)        0.062    14.855    u_gradient/u_cordic/scaled_reg_reg[47]
  -------------------------------------------------------------------
                         required time                         14.855    <hidden>
                         arrival time                         -13.895    <hidden>
  -------------------------------------------------------------------
                         slack                                  0.960    <hidden>

Slack (MET) :             0.962ns  (required time - arrival time)
  Source:                 u_gradient/u_cordic/g_stage[15].x_reg_reg[0]/C
                            (rising edge-triggered cell FDCE clocked by clk  {rise@0.000ns fall@5.000ns period=10.000ns})
  Destination:            u_gradient/u_cordic/scaled_reg_reg[39]/D
                            (rising edge-triggered cell FDCE clocked by clk  {rise@0.000ns fall@5.000ns period=10.000ns})
  Path Group:             clk
  Path Type:              Setup (Max at Slow Process Corner)
  Requirement:            10.000ns  (clk rise@10.000ns - clk rise@0.000ns)
  Data Path Delay:        9.035ns  (logic 4.771ns (52.803%)  route 4.264ns (47.197%))
  Logic Levels:           16  (CARRY4=12 LUT2=1 LUT3=2 LUT5=1)
  Clock Path Skew:        -0.029ns (DCD - SCD + CPR)
    Destination Clock Delay (DCD):    4.496ns = ( 14.496 - 10.000 ) 
    Source Clock Delay      (SCD):    4.857ns
    Clock Pessimism Removal (CPR):    0.331ns
  Clock Uncertainty:      0.035ns  ((TSJ^2 + TIJ^2)^1/2 + DJ) / 2 + PE
    Total System Jitter     (TSJ):    0.071ns
    Total Input Jitter      (TIJ):    0.000ns
    Discrete Jitter          (DJ):    0.000ns
    Phase Error              (PE):    0.000ns

    Location             Delay type                Incr(ns)  Path(ns)    Netlist Resource(s)
  -------------------------------------------------------------------    -------------------
                         (clock clk rise edge)        0.000     0.000 r  <hidden>
    N15                                               0.000     0.000 r  clk
                         net (fo=0)                   0.000     0.000    clk
    N15                  IBUF (Prop_ibuf_I_O)         0.948     0.948 r  clk_IBUF_inst/O
                         net (fo=1, routed)           2.016     2.963    clk_IBUF
    BUFGCTRL_X0Y0        BUFG (Prop_bufg_I_O)         0.096     3.059 r  clk_IBUF_BUFG_inst/O
                         net (fo=3765, routed)        1.797     4.857    u_gradient/u_cordic/clk_IBUF_BUFG
    SLICE_X35Y21         FDCE                                         r  u_gradient/u_cordic/g_stage[15].x_reg_reg[0]/C
  -------------------------------------------------------------------    -------------------
    SLICE_X35Y21         FDCE (Prop_fdce_C_Q)         0.456     5.313 r  u_gradient/u_cordic/g_stage[15].x_reg_reg[0]/Q
                         net (fo=18, routed)          0.970     6.283    u_gradient/u_cordic/g_stage[15].x_reg[0]
    SLICE_X23Y24         LUT2 (Prop_lut2_I1_O)        0.124     6.407 r  u_gradient/u_cordic/scaled_reg[29]_i_128/O
                         net (fo=1, routed)           0.000     6.407    u_gradient/u_cordic/scaled_reg[29]_i_128_n_0
    SLICE_X23Y24         CARRY4 (Prop_carry4_S[1]_CO[3])
                                                      0.550     6.957 r  u_gradient/u_cordic/scaled_reg_reg[29]_i_94/CO[3]
                         net (fo=1, routed)           0.009     6.966    u_gradient/u_cordic/scaled_reg_reg[29]_i_94_n_0
    SLICE_X23Y25         CARRY4 (Prop_carry4_CI_O[1])
                                                      0.334     7.300 r  u_gradient/u_cordic/scaled_reg_reg[29]_i_169/O[1]
                         net (fo=2, routed)           0.600     7.900    u_gradient/u_cordic/scaled_reg_reg[29]_i_169_n_6
    SLICE_X25Y24         LUT3 (Prop_lut3_I2_O)        0.303     8.203 r  u_gradient/u_cordic/scaled_reg[29]_i_160/O
                         net (fo=2, routed)           0.698     8.902    u_gradient/u_cordic/scaled_reg[29]_i_160_n_0
    SLICE_X25Y25         CARRY4 (Prop_carry4_DI[2]_CO[3])
                                                      0.398     9.300 r  u_gradient/u_cordic/scaled_reg_reg[29]_i_132/CO[3]
                         net (fo=1, routed)           0.000     9.300    u_gradient/u_cordic/scaled_reg_reg[29]_i_132_n_0
    SLICE_X25Y26         CARRY4 (Prop_carry4_CI_CO[3])
                                                      0.114     9.414 r  u_gradient/u_cordic/scaled_reg_reg[29]_i_96/CO[3]
                         net (fo=1, routed)           0.000     9.414    u_gradient/u_cordic/scaled_reg_reg[29]_i_96_n_0
    SLICE_X25Y27         CARRY4 (Prop_carry4_CI_O[3])
                                                      0.313     9.727 r  u_gradient/u_cordic/scaled_reg_reg[29]_i_69/O[3]
                         net (fo=3, routed)           0.616    10.343    u_gradient/u_cordic/scaled_reg_reg[29]_i_69_n_4
    SLICE_X27Y26         LUT3 (Prop_lut3_I1_O)        0.332    10.675 r  u_gradient/u_cordic/scaled_reg[29]_i_93/O
                         net (fo=2, routed)           0.587    11.262    u_gradient/u_cordic/scaled_reg[29]_i_93_n_0
    SLICE_X27Y28         LUT5 (Prop_lut5_I1_O)        0.355    11.617 r  u_gradient/u_cordic/scaled_reg[29]_i_56/O
                         net (fo=2, routed)           0.783    12.400    u_gradient/u_cordic/scaled_reg[29]_i_56_n_0
    SLICE_X24Y30         CARRY4 (Prop_carry4_DI[3]_CO[3])
                                                      0.588    12.988 r  u_gradient/u_cordic/scaled_reg_reg[29]_i_27/CO[3]
                         net (fo=1, routed)           0.000    12.988    u_gradient/u_cordic/scaled_reg_reg[29]_i_27_n_0
    SLICE_X24Y31         CARRY4 (Prop_carry4_CI_CO[3])
                                                      0.114    13.102 r  u_gradient/u_cordic/scaled_reg_reg[29]_i_11/CO[3]
                         net (fo=1, routed)           0.000    13.102    u_gradient/u_cordic/scaled_reg_reg[29]_i_11_n_0
    SLICE_X24Y32         CARRY4 (Prop_carry4_CI_CO[3])
                                                      0.114    13.216 r  u_gradient/u_cordic/scaled_reg_reg[29]_i_2/CO[3]
                         net (fo=1, routed)           0.000    13.216    u_gradient/u_cordic/scaled_reg_reg[29]_i_2_n_0
    SLICE_X24Y33         CARRY4 (Prop_carry4_CI_CO[3])
                                                      0.114    13.330 r  u_gradient/u_cordic/scaled_reg_reg[29]_i_1/CO[3]
                         net (fo=1, routed)           0.000    13.330    u_gradient/u_cordic/scaled_reg_reg[29]_i_1_n_0
    SLICE_X24Y34         CARRY4 (Prop_carry4_CI_CO[3])
                                                      0.114    13.444 r  u_gradient/u_cordic/scaled_reg_reg[33]_i_1/CO[3]
                         net (fo=1, routed)           0.000    13.444    u_gradient/u_cordic/scaled_reg_reg[33]_i_1_n_0
    SLICE_X24Y35         CARRY4 (Prop_carry4_CI_CO[3])
                                                      0.114    13.558 r  u_gradient/u_cordic/scaled_reg_reg[37]_i_1/CO[3]
                         net (fo=1, routed)           0.000    13.558    u_gradient/u_cordic/scaled_reg_reg[37]_i_1_n_0
    SLICE_X24Y36         CARRY4 (Prop_carry4_CI_O[1])
                                                      0.334    13.892 r  u_gradient/u_cordic/scaled_reg_reg[41]_i_1/O[1]
                         net (fo=1, routed)           0.000    13.892    u_gradient/u_cordic/scaled_next[39]
    SLICE_X24Y36         FDCE                                         r  u_gradient/u_cordic/scaled_reg_reg[39]/D
  -------------------------------------------------------------------    -------------------

                         (clock clk rise edge)       10.000    10.000 r  <hidden>
    N15                                               0.000    10.000 r  clk
                         net (fo=0)                   0.000    10.000    clk
    N15                  IBUF (Prop_ibuf_I_O)         0.814    10.814 r  clk_IBUF_inst/O
                         net (fo=1, routed)           1.911    12.725    clk_IBUF
    BUFGCTRL_X0Y0        BUFG (Prop_bufg_I_O)         0.091    12.816 r  clk_IBUF_BUFG_inst/O
                         net (fo=3765, routed)        1.680    14.496    u_gradient/u_cordic/clk_IBUF_BUFG
    SLICE_X24Y36         FDCE                                         r  u_gradient/u_cordic/scaled_reg_reg[39]/C
                         clock pessimism              0.331    14.828    <hidden>
                         clock uncertainty           -0.035    14.792    <hidden>
    SLICE_X24Y36         FDCE (Setup_fdce_C_D)        0.062    14.854    u_gradient/u_cordic/scaled_reg_reg[39]
  -------------------------------------------------------------------
                         required time                         14.854    <hidden>
                         arrival time                         -13.892    <hidden>
  -------------------------------------------------------------------
                         slack                                  0.962    <hidden>

Slack (MET) :             0.983ns  (required time - arrival time)
  Source:                 u_gradient/u_cordic/g_stage[15].x_reg_reg[0]/C
                            (rising edge-triggered cell FDCE clocked by clk  {rise@0.000ns fall@5.000ns period=10.000ns})
  Destination:            u_gradient/u_cordic/scaled_reg_reg[41]/D
                            (rising edge-triggered cell FDCE clocked by clk  {rise@0.000ns fall@5.000ns period=10.000ns})
  Path Group:             clk
  Path Type:              Setup (Max at Slow Process Corner)
  Requirement:            10.000ns  (clk rise@10.000ns - clk rise@0.000ns)
  Data Path Delay:        9.014ns  (logic 4.750ns (52.693%)  route 4.264ns (47.307%))
  Logic Levels:           16  (CARRY4=12 LUT2=1 LUT3=2 LUT5=1)
  Clock Path Skew:        -0.029ns (DCD - SCD + CPR)
    Destination Clock Delay (DCD):    4.496ns = ( 14.496 - 10.000 ) 
    Source Clock Delay      (SCD):    4.857ns
    Clock Pessimism Removal (CPR):    0.331ns
  Clock Uncertainty:      0.035ns  ((TSJ^2 + TIJ^2)^1/2 + DJ) / 2 + PE
    Total System Jitter     (TSJ):    0.071ns
    Total Input Jitter      (TIJ):    0.000ns
    Discrete Jitter          (DJ):    0.000ns
    Phase Error              (PE):    0.000ns

    Location             Delay type                Incr(ns)  Path(ns)    Netlist Resource(s)
  -------------------------------------------------------------------    -------------------
                         (clock clk rise edge)        0.000     0.000 r  <hidden>
    N15                                               0.000     0.000 r  clk
                         net (fo=0)                   0.000     0.000    clk
    N15                  IBUF (Prop_ibuf_I_O)         0.948     0.948 r  clk_IBUF_inst/O
                         net (fo=1, routed)           2.016     2.963    clk_IBUF
    BUFGCTRL_X0Y0        BUFG (Prop_bufg_I_O)         0.096     3.059 r  clk_IBUF_BUFG_inst/O
                         net (fo=3765, routed)        1.797     4.857    u_gradient/u_cordic/clk_IBUF_BUFG
    SLICE_X35Y21         FDCE                                         r  u_gradient/u_cordic/g_stage[15].x_reg_reg[0]/C
  -------------------------------------------------------------------    -------------------
    SLICE_X35Y21         FDCE (Prop_fdce_C_Q)         0.456     5.313 r  u_gradient/u_cordic/g_stage[15].x_reg_reg[0]/Q
                         net (fo=18, routed)          0.970     6.283    u_gradient/u_cordic/g_stage[15].x_reg[0]
    SLICE_X23Y24         LUT2 (Prop_lut2_I1_O)        0.124     6.407 r  u_gradient/u_cordic/scaled_reg[29]_i_128/O
                         net (fo=1, routed)           0.000     6.407    u_gradient/u_cordic/scaled_reg[29]_i_128_n_0
    SLICE_X23Y24         CARRY4 (Prop_carry4_S[1]_CO[3])
                                                      0.550     6.957 r  u_gradient/u_cordic/scaled_reg_reg[29]_i_94/CO[3]
                         net (fo=1, routed)           0.009     6.966    u_gradient/u_cordic/scaled_reg_reg[29]_i_94_n_0
    SLICE_X23Y25         CARRY4 (Prop_carry4_CI_O[1])
                                                      0.334     7.300 r  u_gradient/u_cordic/scaled_reg_reg[29]_i_169/O[1]
                         net (fo=2, routed)           0.600     7.900    u_gradient/u_cordic/scaled_reg_reg[29]_i_169_n_6
    SLICE_X25Y24         LUT3 (Prop_lut3_I2_O)        0.303     8.203 r  u_gradient/u_cordic/scaled_reg[29]_i_160/O
                         net (fo=2, routed)           0.698     8.902    u_gradient/u_cordic/scaled_reg[29]_i_160_n_0
    SLICE_X25Y25         CARRY4 (Prop_carry4_DI[2]_CO[3])
                                                      0.398     9.300 r  u_gradient/u_cordic/scaled_reg_reg[29]_i_132/CO[3]
                         net (fo=1, routed)           0.000     9.300    u_gradient/u_cordic/scaled_reg_reg[29]_i_132_n_0
    SLICE_X25Y26         CARRY4 (Prop_carry4_CI_CO[3])
                                                      0.114     9.414 r  u_gradient/u_cordic/scaled_reg_reg[29]_i_96/CO[3]
                         net (fo=1, routed)           0.000     9.414    u_gradient/u_cordic/scaled_reg_reg[29]_i_96_n_0
    SLICE_X25Y27         CARRY4 (Prop_carry4_CI_O[3])
                                                      0.313     9.727 r  u_gradient/u_cordic/scaled_reg_reg[29]_i_69/O[3]
                         net (fo=3, routed)           0.616    10.343    u_gradient/u_cordic/scaled_reg_reg[29]_i_69_n_4
    SLICE_X27Y26         LUT3 (Prop_lut3_I1_O)        0.332    10.675 r  u_gradient/u_cordic/scaled_reg[29]_i_93/O
                         net (fo=2, routed)           0.587    11.262    u_gradient/u_cordic/scaled_reg[29]_i_93_n_0
    SLICE_X27Y28         LUT5 (Prop_lut5_I1_O)        0.355    11.617 r  u_gradient/u_cordic/scaled_reg[29]_i_56/O
                         net (fo=2, routed)           0.783    12.400    u_gradient/u_cordic/scaled_reg[29]_i_56_n_0
    SLICE_X24Y30         CARRY4 (Prop_carry4_DI[3]_CO[3])
                                                      0.588    12.988 r  u_gradient/u_cordic/scaled_reg_reg[29]_i_27/CO[3]
                         net (fo=1, routed)           0.000    12.988    u_gradient/u_cordic/scaled_reg_reg[29]_i_27_n_0
    SLICE_X24Y31         CARRY4 (Prop_carry4_CI_CO[3])
                                                      0.114    13.102 r  u_gradient/u_cordic/scaled_reg_reg[29]_i_11/CO[3]
                         net (fo=1, routed)           0.000    13.102    u_gradient/u_cordic/scaled_reg_reg[29]_i_11_n_0
    SLICE_X24Y32         CARRY4 (Prop_carry4_CI_CO[3])
                                                      0.114    13.216 r  u_gradient/u_cordic/scaled_reg_reg[29]_i_2/CO[3]
                         net (fo=1, routed)           0.000    13.216    u_gradient/u_cordic/scaled_reg_reg[29]_i_2_n_0
    SLICE_X24Y33         CARRY4 (Prop_carry4_CI_CO[3])
                                                      0.114    13.330 r  u_gradient/u_cordic/scaled_reg_reg[29]_i_1/CO[3]
                         net (fo=1, routed)           0.000    13.330    u_gradient/u_cordic/scaled_reg_reg[29]_i_1_n_0
    SLICE_X24Y34         CARRY4 (Prop_carry4_CI_CO[3])
                                                      0.114    13.444 r  u_gradient/u_cordic/scaled_reg_reg[33]_i_1/CO[3]
                         net (fo=1, routed)           0.000    13.444    u_gradient/u_cordic/scaled_reg_reg[33]_i_1_n_0
    SLICE_X24Y35         CARRY4 (Prop_carry4_CI_CO[3])
                                                      0.114    13.558 r  u_gradient/u_cordic/scaled_reg_reg[37]_i_1/CO[3]
                         net (fo=1, routed)           0.000    13.558    u_gradient/u_cordic/scaled_reg_reg[37]_i_1_n_0
    SLICE_X24Y36         CARRY4 (Prop_carry4_CI_O[3])
                                                      0.313    13.871 r  u_gradient/u_cordic/scaled_reg_reg[41]_i_1/O[3]
                         net (fo=1, routed)           0.000    13.871    u_gradient/u_cordic/scaled_next[41]
    SLICE_X24Y36         FDCE                                         r  u_gradient/u_cordic/scaled_reg_reg[41]/D
  -------------------------------------------------------------------    -------------------

                         (clock clk rise edge)       10.000    10.000 r  <hidden>
    N15                                               0.000    10.000 r  clk
                         net (fo=0)                   0.000    10.000    clk
    N15                  IBUF (Prop_ibuf_I_O)         0.814    10.814 r  clk_IBUF_inst/O
                         net (fo=1, routed)           1.911    12.725    clk_IBUF
    BUFGCTRL_X0Y0        BUFG (Prop_bufg_I_O)         0.091    12.816 r  clk_IBUF_BUFG_inst/O
                         net (fo=3765, routed)        1.680    14.496    u_gradient/u_cordic/clk_IBUF_BUFG
    SLICE_X24Y36         FDCE                                         r  u_gradient/u_cordic/scaled_reg_reg[41]/C
                         clock pessimism              0.331    14.828    <hidden>
                         clock uncertainty           -0.035    14.792    <hidden>
    SLICE_X24Y36         FDCE (Setup_fdce_C_D)        0.062    14.854    u_gradient/u_cordic/scaled_reg_reg[41]
  -------------------------------------------------------------------
                         required time                         14.854    <hidden>
                         arrival time                         -13.871    <hidden>
  -------------------------------------------------------------------
                         slack                                  0.983    <hidden>

Slack (MET) :             1.057ns  (required time - arrival time)
  Source:                 u_gradient/u_cordic/g_stage[15].x_reg_reg[0]/C
                            (rising edge-triggered cell FDCE clocked by clk  {rise@0.000ns fall@5.000ns period=10.000ns})
  Destination:            u_gradient/u_cordic/scaled_reg_reg[40]/D
                            (rising edge-triggered cell FDCE clocked by clk  {rise@0.000ns fall@5.000ns period=10.000ns})
  Path Group:             clk
  Path Type:              Setup (Max at Slow Process Corner)
  Requirement:            10.000ns  (clk rise@10.000ns - clk rise@0.000ns)
  Data Path Delay:        8.940ns  (logic 4.676ns (52.302%)  route 4.264ns (47.698%))
  Logic Levels:           16  (CARRY4=12 LUT2=1 LUT3=2 LUT5=1)
  Clock Path Skew:        -0.029ns (DCD - SCD + CPR)
    Destination Clock Delay (DCD):    4.496ns = ( 14.496 - 10.000 ) 
    Source Clock Delay      (SCD):    4.857ns
    Clock Pessimism Removal (CPR):    0.331ns
  Clock Uncertainty:      0.035ns  ((TSJ^2 + TIJ^2)^1/2 + DJ) / 2 + PE
    Total System Jitter     (TSJ):    0.071ns
    Total Input Jitter      (TIJ):    0.000ns
    Discrete Jitter          (DJ):    0.000ns
    Phase Error              (PE):    0.000ns

    Location             Delay type                Incr(ns)  Path(ns)    Netlist Resource(s)
  -------------------------------------------------------------------    -------------------
                         (clock clk rise edge)        0.000     0.000 r  <hidden>
    N15                                               0.000     0.000 r  clk
                         net (fo=0)                   0.000     0.000    clk
    N15                  IBUF (Prop_ibuf_I_O)         0.948     0.948 r  clk_IBUF_inst/O
                         net (fo=1, routed)           2.016     2.963    clk_IBUF
    BUFGCTRL_X0Y0        BUFG (Prop_bufg_I_O)         0.096     3.059 r  clk_IBUF_BUFG_inst/O
                         net (fo=3765, routed)        1.797     4.857    u_gradient/u_cordic/clk_IBUF_BUFG
    SLICE_X35Y21         FDCE                                         r  u_gradient/u_cordic/g_stage[15].x_reg_reg[0]/C
  -------------------------------------------------------------------    -------------------
    SLICE_X35Y21         FDCE (Prop_fdce_C_Q)         0.456     5.313 r  u_gradient/u_cordic/g_stage[15].x_reg_reg[0]/Q
                         net (fo=18, routed)          0.970     6.283    u_gradient/u_cordic/g_stage[15].x_reg[0]
    SLICE_X23Y24         LUT2 (Prop_lut2_I1_O)        0.124     6.407 r  u_gradient/u_cordic/scaled_reg[29]_i_128/O
                         net (fo=1, routed)           0.000     6.407    u_gradient/u_cordic/scaled_reg[29]_i_128_n_0
    SLICE_X23Y24         CARRY4 (Prop_carry4_S[1]_CO[3])
                                                      0.550     6.957 r  u_gradient/u_cordic/scaled_reg_reg[29]_i_94/CO[3]
                         net (fo=1, routed)           0.009     6.966    u_gradient/u_cordic/scaled_reg_reg[29]_i_94_n_0
    SLICE_X23Y25         CARRY4 (Prop_carry4_CI_O[1])
                                                      0.334     7.300 r  u_gradient/u_cordic/scaled_reg_reg[29]_i_169/O[1]
                         net (fo=2, routed)           0.600     7.900    u_gradient/u_cordic/scaled_reg_reg[29]_i_169_n_6
    SLICE_X25Y24         LUT3 (Prop_lut3_I2_O)        0.303     8.203 r  u_gradient/u_cordic/scaled_reg[29]_i_160/O
                         net (fo=2, routed)           0.698     8.902    u_gradient/u_cordic/scaled_reg[29]_i_160_n_0
    SLICE_X25Y25         CARRY4 (Prop_carry4_DI[2]_CO[3])
                                                      0.398     9.300 r  u_gradient/u_cordic/scaled_reg_reg[29]_i_132/CO[3]
                         net (fo=1, routed)           0.000     9.300    u_gradient/u_cordic/scaled_reg_reg[29]_i_132_n_0
    SLICE_X25Y26         CARRY4 (Prop_carry4_CI_CO[3])
                                                      0.114     9.414 r  u_gradient/u_cordic/scaled_reg_reg[29]_i_96/CO[3]
                         net (fo=1, routed)           0.000     9.414    u_gradient/u_cordic/scaled_reg_reg[29]_i_96_n_0
    SLICE_X25Y27         CARRY4 (Prop_carry4_CI_O[3])
                                                      0.313     9.727 r  u_gradient/u_cordic/scaled_reg_reg[29]_i_69/O[3]
                         net (fo=3, routed)           0.616    10.343    u_gradient/u_cordic/scaled_reg_reg[29]_i_69_n_4
    SLICE_X27Y26         LUT3 (Prop_lut3_I1_O)        0.332    10.675 r  u_gradient/u_cordic/scaled_reg[29]_i_93/O
                         net (fo=2, routed)           0.587    11.262    u_gradient/u_cordic/scaled_reg[29]_i_93_n_0
    SLICE_X27Y28         LUT5 (Prop_lut5_I1_O)        0.355    11.617 r  u_gradient/u_cordic/scaled_reg[29]_i_56/O
                         net (fo=2, routed)           0.783    12.400    u_gradient/u_cordic/scaled_reg[29]_i_56_n_0
    SLICE_X24Y30         CARRY4 (Prop_carry4_DI[3]_CO[3])
                                                      0.588    12.988 r  u_gradient/u_cordic/scaled_reg_reg[29]_i_27/CO[3]
                         net (fo=1, routed)           0.000    12.988    u_gradient/u_cordic/scaled_reg_reg[29]_i_27_n_0
    SLICE_X24Y31         CARRY4 (Prop_carry4_CI_CO[3])
                                                      0.114    13.102 r  u_gradient/u_cordic/scaled_reg_reg[29]_i_11/CO[3]
                         net (fo=1, routed)           0.000    13.102    u_gradient/u_cordic/scaled_reg_reg[29]_i_11_n_0
    SLICE_X24Y32         CARRY4 (Prop_carry4_CI_CO[3])
                                                      0.114    13.216 r  u_gradient/u_cordic/scaled_reg_reg[29]_i_2/CO[3]
                         net (fo=1, routed)           0.000    13.216    u_gradient/u_cordic/scaled_reg_reg[29]_i_2_n_0
    SLICE_X24Y33         CARRY4 (Prop_carry4_CI_CO[3])
                                                      0.114    13.330 r  u_gradient/u_cordic/scaled_reg_reg[29]_i_1/CO[3]
                         net (fo=1, routed)           0.000    13.330    u_gradient/u_cordic/scaled_reg_reg[29]_i_1_n_0
    SLICE_X24Y34         CARRY4 (Prop_carry4_CI_CO[3])
                                                      0.114    13.444 r  u_gradient/u_cordic/scaled_reg_reg[33]_i_1/CO[3]
                         net (fo=1, routed)           0.000    13.444    u_gradient/u_cordic/scaled_reg_reg[33]_i_1_n_0
    SLICE_X24Y35         CARRY4 (Prop_carry4_CI_CO[3])
                                                      0.114    13.558 r  u_gradient/u_cordic/scaled_reg_reg[37]_i_1/CO[3]
                         net (fo=1, routed)           0.000    13.558    u_gradient/u_cordic/scaled_reg_reg[37]_i_1_n_0
    SLICE_X24Y36         CARRY4 (Prop_carry4_CI_O[2])
                                                      0.239    13.797 r  u_gradient/u_cordic/scaled_reg_reg[41]_i_1/O[2]
                         net (fo=1, routed)           0.000    13.797    u_gradient/u_cordic/scaled_next[40]
    SLICE_X24Y36         FDCE                                         r  u_gradient/u_cordic/scaled_reg_reg[40]/D
  -------------------------------------------------------------------    -------------------

                         (clock clk rise edge)       10.000    10.000 r  <hidden>
    N15                                               0.000    10.000 r  clk
                         net (fo=0)                   0.000    10.000    clk
    N15                  IBUF (Prop_ibuf_I_O)         0.814    10.814 r  clk_IBUF_inst/O
                         net (fo=1, routed)           1.911    12.725    clk_IBUF
    BUFGCTRL_X0Y0        BUFG (Prop_bufg_I_O)         0.091    12.816 r  clk_IBUF_BUFG_inst/O
                         net (fo=3765, routed)        1.680    14.496    u_gradient/u_cordic/clk_IBUF_BUFG
    SLICE_X24Y36         FDCE                                         r  u_gradient/u_cordic/scaled_reg_reg[40]/C
                         clock pessimism              0.331    14.828    <hidden>
                         clock uncertainty           -0.035    14.792    <hidden>
    SLICE_X24Y36         FDCE (Setup_fdce_C_D)        0.062    14.854    u_gradient/u_cordic/scaled_reg_reg[40]
  -------------------------------------------------------------------
                         required time                         14.854    <hidden>
                         arrival time                         -13.797    <hidden>
  -------------------------------------------------------------------
                         slack                                  1.057    <hidden>

Slack (MET) :             1.073ns  (required time - arrival time)
  Source:                 u_gradient/u_cordic/g_stage[15].x_reg_reg[0]/C
                            (rising edge-triggered cell FDCE clocked by clk  {rise@0.000ns fall@5.000ns period=10.000ns})
  Destination:            u_gradient/u_cordic/scaled_reg_reg[38]/D
                            (rising edge-triggered cell FDCE clocked by clk  {rise@0.000ns fall@5.000ns period=10.000ns})
  Path Group:             clk
  Path Type:              Setup (Max at Slow Process Corner)
  Requirement:            10.000ns  (clk rise@10.000ns - clk rise@0.000ns)
  Data Path Delay:        8.924ns  (logic 4.660ns (52.216%)  route 4.264ns (47.784%))
  Logic Levels:           16  (CARRY4=12 LUT2=1 LUT3=2 LUT5=1)
  Clock Path Skew:        -0.029ns (DCD - SCD + CPR)
    Destination Clock Delay (DCD):    4.496ns = ( 14.496 - 10.000 ) 
    Source Clock Delay      (SCD):    4.857ns
    Clock Pessimism Removal (CPR):    0.331ns
  Clock Uncertainty:      0.035ns  ((TSJ^2 + TIJ^2)^1/2 + DJ) / 2 + PE
    Total System Jitter     (TSJ):    0.071ns
    Total Input Jitter      (TIJ):    0.000ns
    Discrete Jitter          (DJ):    0.000ns
    Phase Error              (PE):    0.000ns

    Location             Delay type                Incr(ns)  Path(ns)    Netlist Resource(s)
  -------------------------------------------------------------------    -------------------
                         (clock clk rise edge)        0.000     0.000 r  <hidden>
    N15                                               0.000     0.000 r  clk
                         net (fo=0)                   0.000     0.000    clk
    N15                  IBUF (Prop_ibuf_I_O)         0.948     0.948 r  clk_IBUF_inst/O
                         net (fo=1, routed)           2.016     2.963    clk_IBUF
    BUFGCTRL_X0Y0        BUFG (Prop_bufg_I_O)         0.096     3.059 r  clk_IBUF_BUFG_inst/O
                         net (fo=3765, routed)        1.797     4.857    u_gradient/u_cordic/clk_IBUF_BUFG
    SLICE_X35Y21         FDCE                                         r  u_gradient/u_cordic/g_stage[15].x_reg_reg[0]/C
  -------------------------------------------------------------------    -------------------
    SLICE_X35Y21         FDCE (Prop_fdce_C_Q)         0.456     5.313 r  u_gradient/u_cordic/g_stage[15].x_reg_reg[0]/Q
                         net (fo=18, routed)          0.970     6.283    u_gradient/u_cordic/g_stage[15].x_reg[0]
    SLICE_X23Y24         LUT2 (Prop_lut2_I1_O)        0.124     6.407 r  u_gradient/u_cordic/scaled_reg[29]_i_128/O
                         net (fo=1, routed)           0.000     6.407    u_gradient/u_cordic/scaled_reg[29]_i_128_n_0
    SLICE_X23Y24         CARRY4 (Prop_carry4_S[1]_CO[3])
                                                      0.550     6.957 r  u_gradient/u_cordic/scaled_reg_reg[29]_i_94/CO[3]
                         net (fo=1, routed)           0.009     6.966    u_gradient/u_cordic/scaled_reg_reg[29]_i_94_n_0
    SLICE_X23Y25         CARRY4 (Prop_carry4_CI_O[1])
                                                      0.334     7.300 r  u_gradient/u_cordic/scaled_reg_reg[29]_i_169/O[1]
                         net (fo=2, routed)           0.600     7.900    u_gradient/u_cordic/scaled_reg_reg[29]_i_169_n_6
    SLICE_X25Y24         LUT3 (Prop_lut3_I2_O)        0.303     8.203 r  u_gradient/u_cordic/scaled_reg[29]_i_160/O
                         net (fo=2, routed)           0.698     8.902    u_gradient/u_cordic/scaled_reg[29]_i_160_n_0
    SLICE_X25Y25         CARRY4 (Prop_carry4_DI[2]_CO[3])
                                                      0.398     9.300 r  u_gradient/u_cordic/scaled_reg_reg[29]_i_132/CO[3]
                         net (fo=1, routed)           0.000     9.300    u_gradient/u_cordic/scaled_reg_reg[29]_i_132_n_0
    SLICE_X25Y26         CARRY4 (Prop_carry4_CI_CO[3])
                                                      0.114     9.414 r  u_gradient/u_cordic/scaled_reg_reg[29]_i_96/CO[3]
                         net (fo=1, routed)           0.000     9.414    u_gradient/u_cordic/scaled_reg_reg[29]_i_96_n_0
    SLICE_X25Y27         CARRY4 (Prop_carry4_CI_O[3])
                                                      0.313     9.727 r  u_gradient/u_cordic/scaled_reg_reg[29]_i_69/O[3]
                         net (fo=3, routed)           0.616    10.343    u_gradient/u_cordic/scaled_reg_reg[29]_i_69_n_4
    SLICE_X27Y26         LUT3 (Prop_lut3_I1_O)        0.332    10.675 r  u_gradient/u_cordic/scaled_reg[29]_i_93/O
                         net (fo=2, routed)           0.587    11.262    u_gradient/u_cordic/scaled_reg[29]_i_93_n_0
    SLICE_X27Y28         LUT5 (Prop_lut5_I1_O)        0.355    11.617 r  u_gradient/u_cordic/scaled_reg[29]_i_56/O
                         net (fo=2, routed)           0.783    12.400    u_gradient/u_cordic/scaled_reg[29]_i_56_n_0
    SLICE_X24Y30         CARRY4 (Prop_carry4_DI[3]_CO[3])
                                                      0.588    12.988 r  u_gradient/u_cordic/scaled_reg_reg[29]_i_27/CO[3]
                         net (fo=1, routed)           0.000    12.988    u_gradient/u_cordic/scaled_reg_reg[29]_i_27_n_0
    SLICE_X24Y31         CARRY4 (Prop_carry4_CI_CO[3])
                                                      0.114    13.102 r  u_gradient/u_cordic/scaled_reg_reg[29]_i_11/CO[3]
                         net (fo=1, routed)           0.000    13.102    u_gradient/u_cordic/scaled_reg_reg[29]_i_11_n_0
    SLICE_X24Y32         CARRY4 (Prop_carry4_CI_CO[3])
                                                      0.114    13.216 r  u_gradient/u_cordic/scaled_reg_reg[29]_i_2/CO[3]
                         net (fo=1, routed)           0.000    13.216    u_gradient/u_cordic/scaled_reg_reg[29]_i_2_n_0
    SLICE_X24Y33         CARRY4 (Prop_carry4_CI_CO[3])
                                                      0.114    13.330 r  u_gradient/u_cordic/scaled_reg_reg[29]_i_1/CO[3]
                         net (fo=1, routed)           0.000    13.330    u_gradient/u_cordic/scaled_reg_reg[29]_i_1_n_0
    SLICE_X24Y34         CARRY4 (Prop_carry4_CI_CO[3])
                                                      0.114    13.444 r  u_gradient/u_cordic/scaled_reg_reg[33]_i_1/CO[3]
                         net (fo=1, routed)           0.000    13.444    u_gradient/u_cordic/scaled_reg_reg[33]_i_1_n_0
    SLICE_X24Y35         CARRY4 (Prop_carry4_CI_CO[3])
                                                      0.114    13.558 r  u_gradient/u_cordic/scaled_reg_reg[37]_i_1/CO[3]
                         net (fo=1, routed)           0.000    13.558    u_gradient/u_cordic/scaled_reg_reg[37]_i_1_n_0
    SLICE_X24Y36         CARRY4 (Prop_carry4_CI_O[0])
                                                      0.223    13.781 r  u_gradient/u_cordic/scaled_reg_reg[41]_i_1/O[0]
                         net (fo=1, routed)           0.000    13.781    u_gradient/u_cordic/scaled_next[38]
    SLICE_X24Y36         FDCE                                         r  u_gradient/u_cordic/scaled_reg_reg[38]/D
  -------------------------------------------------------------------    -------------------

                         (clock clk rise edge)       10.000    10.000 r  <hidden>
    N15                                               0.000    10.000 r  clk
                         net (fo=0)                   0.000    10.000    clk
    N15                  IBUF (Prop_ibuf_I_O)         0.814    10.814 r  clk_IBUF_inst/O
                         net (fo=1, routed)           1.911    12.725    clk_IBUF
    BUFGCTRL_X0Y0        BUFG (Prop_bufg_I_O)         0.091    12.816 r  clk_IBUF_BUFG_inst/O
                         net (fo=3765, routed)        1.680    14.496    u_gradient/u_cordic/clk_IBUF_BUFG
    SLICE_X24Y36         FDCE                                         r  u_gradient/u_cordic/scaled_reg_reg[38]/C
                         clock pessimism              0.331    14.828    <hidden>
                         clock uncertainty           -0.035    14.792    <hidden>
    SLICE_X24Y36         FDCE (Setup_fdce_C_D)        0.062    14.854    u_gradient/u_cordic/scaled_reg_reg[38]
  -------------------------------------------------------------------
                         required time                         14.854    <hidden>
                         arrival time                         -13.781    <hidden>
  -------------------------------------------------------------------
                         slack                                  1.073    <hidden>

Slack (MET) :             1.076ns  (required time - arrival time)
  Source:                 u_gradient/u_cordic/g_stage[15].x_reg_reg[0]/C
                            (rising edge-triggered cell FDCE clocked by clk  {rise@0.000ns fall@5.000ns period=10.000ns})
  Destination:            u_gradient/u_cordic/scaled_reg_reg[35]/D
                            (rising edge-triggered cell FDCE clocked by clk  {rise@0.000ns fall@5.000ns period=10.000ns})
  Path Group:             clk
  Path Type:              Setup (Max at Slow Process Corner)
  Requirement:            10.000ns  (clk rise@10.000ns - clk rise@0.000ns)
  Data Path Delay:        8.921ns  (logic 4.657ns (52.200%)  route 4.264ns (47.800%))
  Logic Levels:           15  (CARRY4=11 LUT2=1 LUT3=2 LUT5=1)
  Clock Path Skew:        -0.029ns (DCD - SCD + CPR)
    Destination Clock Delay (DCD):    4.496ns = ( 14.496 - 10.000 ) 
    Source Clock Delay      (SCD):    4.857ns
    Clock Pessimism Removal (CPR):    0.331ns
  Clock Uncertainty:      0.035ns  ((TSJ^2 + TIJ^2)^1/2 + DJ) / 2 + PE
    Total System Jitter     (TSJ):    0.071ns
    Total Input Jitter      (TIJ):    0.000ns
    Discrete Jitter          (DJ):    0.000ns
    Phase Error              (PE):    0.000ns

    Location             Delay type                Incr(ns)  Path(ns)    Netlist Resource(s)
  -------------------------------------------------------------------    -------------------
                         (clock clk rise edge)        0.000     0.000 r  <hidden>
    N15                                               0.000     0.000 r  clk
                         net (fo=0)                   0.000     0.000    clk
    N15                  IBUF (Prop_ibuf_I_O)         0.948     0.948 r  clk_IBUF_inst/O
                         net (fo=1, routed)           2.016     2.963    clk_IBUF
    BUFGCTRL_X0Y0        BUFG (Prop_bufg_I_O)         0.096     3.059 r  clk_IBUF_BUFG_inst/O
                         net (fo=3765, routed)        1.797     4.857    u_gradient/u_cordic/clk_IBUF_BUFG
    SLICE_X35Y21         FDCE                                         r  u_gradient/u_cordic/g_stage[15].x_reg_reg[0]/C
  -------------------------------------------------------------------    -------------------
    SLICE_X35Y21         FDCE (Prop_fdce_C_Q)         0.456     5.313 r  u_gradient/u_cordic/g_stage[15].x_reg_reg[0]/Q
                         net (fo=18, routed)          0.970     6.283    u_gradient/u_cordic/g_stage[15].x_reg[0]
    SLICE_X23Y24         LUT2 (Prop_lut2_I1_O)        0.124     6.407 r  u_gradient/u_cordic/scaled_reg[29]_i_128/O
                         net (fo=1, routed)           0.000     6.407    u_gradient/u_cordic/scaled_reg[29]_i_128_n_0
    SLICE_X23Y24         CARRY4 (Prop_carry4_S[1]_CO[3])
                                                      0.550     6.957 r  u_gradient/u_cordic/scaled_reg_reg[29]_i_94/CO[3]
                         net (fo=1, routed)           0.009     6.966    u_gradient/u_cordic/scaled_reg_reg[29]_i_94_n_0
    SLICE_X23Y25         CARRY4 (Prop_carry4_CI_O[1])
                                                      0.334     7.300 r  u_gradient/u_cordic/scaled_reg_reg[29]_i_169/O[1]
                         net (fo=2, routed)           0.600     7.900    u_gradient/u_cordic/scaled_reg_reg[29]_i_169_n_6
    SLICE_X25Y24         LUT3 (Prop_lut3_I2_O)        0.303     8.203 r  u_gradient/u_cordic/scaled_reg[29]_i_160/O
                         net (fo=2, routed)           0.698     8.902    u_gradient/u_cordic/scaled_reg[29]_i_160_n_0
    SLICE_X25Y25         CARRY4 (Prop_carry4_DI[2]_CO[3])
                                                      0.398     9.300 r  u_gradient/u_cordic/scaled_reg_reg[29]_i_132/CO[3]
                         net (fo=1, routed)           0.000     9.300    u_gradient/u_cordic/scaled_reg_reg[29]_i_132_n_0
    SLICE_X25Y26         CARRY4 (Prop_carry4_CI_CO[3])
                                                      0.114     9.414 r  u_gradient/u_cordic/scaled_reg_reg[29]_i_96/CO[3]
                         net (fo=1, routed)           0.000     9.414    u_gradient/u_cordic/scaled_reg_reg[29]_i_96_n_0
    SLICE_X25Y27         CARRY4 (Prop_carry4_CI_O[3])
                                                      0.313     9.727 r  u_gradient/u_cordic/scaled_reg_reg[29]_i_69/O[3]
                         net (fo=3, routed)           0.616    10.343    u_gradient/u_cordic/scaled_reg_reg[29]_i_69_n_4
    SLICE_X27Y26         LUT3 (Prop_lut3_I1_O)        0.332    10.675 r  u_gradient/u_cordic/scaled_reg[29]_i_93/O
                         net (fo=2, routed)           0.587    11.262    u_gradient/u_cordic/scaled_reg[29]_i_93_n_0
    SLICE_X27Y28         LUT5 (Prop_lut5_I1_O)        0.355    11.617 r  u_gradient/u_cordic/scaled_reg[29]_i_56/O
                         net (fo=2, routed)           0.783    12.400    u_gradient/u_cordic/scaled_reg[29]_i_56_n_0
    SLICE_X24Y30         CARRY4 (Prop_carry4_DI[3]_CO[3])
                                                      0.588    12.988 r  u_gradient/u_cordic/scaled_reg_reg[29]_i_27/CO[3]
                         net (fo=1, routed)           0.000    12.988    u_gradient/u_cordic/scaled_reg_reg[29]_i_27_n_0
    SLICE_X24Y31         CARRY4 (Prop_carry4_CI_CO[3])
                                                      0.114    13.102 r  u_gradient/u_cordic/scaled_reg_reg[29]_i_11/CO[3]
                         net (fo=1, routed)           0.000    13.102    u_gradient/u_cordic/scaled_reg_reg[29]_i_11_n_0
    SLICE_X24Y32         CARRY4 (Prop_carry4_CI_CO[3])
                                                      0.114    13.216 r  u_gradient/u_cordic/scaled_reg_reg[29]_i_2/CO[3]
                         net (fo=1, routed)           0.000    13.216    u_gradient/u_cordic/scaled_reg_reg[29]_i_2_n_0
    SLICE_X24Y33         CARRY4 (Prop_carry4_CI_CO[3])
                                                      0.114    13.330 r  u_gradient/u_cordic/scaled_reg_reg[29]_i_1/CO[3]
                         net (fo=1, routed)           0.000    13.330    u_gradient/u_cordic/scaled_reg_reg[29]_i_1_n_0
    SLICE_X24Y34         CARRY4 (Prop_carry4_CI_CO[3])
                                                      0.114    13.444 r  u_gradient/u_cordic/scaled_reg_reg[33]_i_1/CO[3]
                         net (fo=1, routed)           0.000    13.444    u_gradient/u_cordic/scaled_reg_reg[33]_i_1_n_0
    SLICE_X24Y35         CARRY4 (Prop_carry4_CI_O[1])
                                                      0.334    13.778 r  u_gradient/u_cordic/scaled_reg_reg[37]_i_1/O[1]
                         net (fo=1, routed)           0.000    13.778    u_gradient/u_cordic/scaled_next[35]
    SLICE_X24Y35         FDCE                                         r  u_gradient/u_cordic/scaled_reg_reg[35]/D
  -------------------------------------------------------------------    -------------------

                         (clock clk rise edge)       10.000    10.000 r  <hidden>
    N15                                               0.000    10.000 r  clk
                         net (fo=0)                   0.000    10.000    clk
    N15                  IBUF (Prop_ibuf_I_O)         0.814    10.814 r  clk_IBUF_inst/O
                         net (fo=1, routed)           1.911    12.725    clk_IBUF
    BUFGCTRL_X0Y0        BUFG (Prop_bufg_I_O)         0.091    12.816 r  clk_IBUF_BUFG_inst/O
                         net (fo=3765, routed)        1.680    14.496    u_gradient/u_cordic/clk_IBUF_BUFG
    SLICE_X24Y35         FDCE                                         r  u_gradient/u_cordic/scaled_reg_reg[35]/C
                         clock pessimism              0.331    14.828    <hidden>
                         clock uncertainty           -0.035    14.792    <hidden>
    SLICE_X24Y35         FDCE (Setup_fdce_C_D)        0.062    14.854    u_gradient/u_cordic/scaled_reg_reg[35]
  -------------------------------------------------------------------
                         required time                         14.854    <hidden>
                         arrival time                         -13.778    <hidden>
  -------------------------------------------------------------------
                         slack                                  1.076    <hidden>

Slack (MET) :             1.097ns  (required time - arrival time)
  Source:                 u_gradient/u_cordic/g_stage[15].x_reg_reg[0]/C
                            (rising edge-triggered cell FDCE clocked by clk  {rise@0.000ns fall@5.000ns period=10.000ns})
  Destination:            u_gradient/u_cordic/scaled_reg_reg[37]/D
                            (rising edge-triggered cell FDCE clocked by clk  {rise@0.000ns fall@5.000ns period=10.000ns})
  Path Group:             clk
  Path Type:              Setup (Max at Slow Process Corner)
  Requirement:            10.000ns  (clk rise@10.000ns - clk rise@0.000ns)
  Data Path Delay:        8.900ns  (logic 4.636ns (52.087%)  route 4.264ns (47.913%))
  Logic Levels:           15  (CARRY4=11 LUT2=1 LUT3=2 LUT5=1)
  Clock Path Skew:        -0.029ns (DCD - SCD + CPR)
    Destination Clock Delay (DCD):    4.496ns = ( 14.496 - 10.000 ) 
    Source Clock Delay      (SCD):    4.857ns
    Clock Pessimism Removal (CPR):    0.331ns
  Clock Uncertainty:      0.035ns  ((TSJ^2 + TIJ^2)^1/2 + DJ) / 2 + PE
    Total System Jitter     (TSJ):    0.071ns
    Total Input Jitter      (TIJ):    0.000ns
    Discrete Jitter          (DJ):    0.000ns
    Phase Error              (PE):    0.000ns

    Location             Delay type                Incr(ns)  Path(ns)    Netlist Resource(s)
  -------------------------------------------------------------------    -------------------
                         (clock clk rise edge)        0.000     0.000 r  <hidden>
    N15                                               0.000     0.000 r  clk
                         net (fo=0)                   0.000     0.000    clk
    N15                  IBUF (Prop_ibuf_I_O)         0.948     0.948 r  clk_IBUF_inst/O
                         net (fo=1, routed)           2.016     2.963    clk_IBUF
    BUFGCTRL_X0Y0        BUFG (Prop_bufg_I_O)         0.096     3.059 r  clk_IBUF_BUFG_inst/O
                         net (fo=3765, routed)        1.797     4.857    u_gradient/u_cordic/clk_IBUF_BUFG
    SLICE_X35Y21         FDCE                                         r  u_gradient/u_cordic/g_stage[15].x_reg_reg[0]/C
  -------------------------------------------------------------------    -------------------
    SLICE_X35Y21         FDCE (Prop_fdce_C_Q)         0.456     5.313 r  u_gradient/u_cordic/g_stage[15].x_reg_reg[0]/Q
                         net (fo=18, routed)          0.970     6.283    u_gradient/u_cordic/g_stage[15].x_reg[0]
    SLICE_X23Y24         LUT2 (Prop_lut2_I1_O)        0.124     6.407 r  u_gradient/u_cordic/scaled_reg[29]_i_128/O
                         net (fo=1, routed)           0.000     6.407    u_gradient/u_cordic/scaled_reg[29]_i_128_n_0
    SLICE_X23Y24         CARRY4 (Prop_carry4_S[1]_CO[3])
                                                      0.550     6.957 r  u_gradient/u_cordic/scaled_reg_reg[29]_i_94/CO[3]
                         net (fo=1, routed)           0.009     6.966    u_gradient/u_cordic/scaled_reg_reg[29]_i_94_n_0
    SLICE_X23Y25         CARRY4 (Prop_carry4_CI_O[1])
                                                      0.334     7.300 r  u_gradient/u_cordic/scaled_reg_reg[29]_i_169/O[1]
                         net (fo=2, routed)           0.600     7.900    u_gradient/u_cordic/scaled_reg_reg[29]_i_169_n_6
    SLICE_X25Y24         LUT3 (Prop_lut3_I2_O)        0.303     8.203 r  u_gradient/u_cordic/scaled_reg[29]_i_160/O
                         net (fo=2, routed)           0.698     8.902    u_gradient/u_cordic/scaled_reg[29]_i_160_n_0
    SLICE_X25Y25         CARRY4 (Prop_carry4_DI[2]_CO[3])
                                                      0.398     9.300 r  u_gradient/u_cordic/scaled_reg_reg[29]_i_132/CO[3]
                         net (fo=1, routed)           0.000     9.300    u_gradient/u_cordic/scaled_reg_reg[29]_i_132_n_0
    SLICE_X25Y26         CARRY4 (Prop_carry4_CI_CO[3])
                                                      0.114     9.414 r  u_gradient/u_cordic/scaled_reg_reg[29]_i_96/CO[3]
                         net (fo=1, routed)           0.000     9.414    u_gradient/u_cordic/scaled_reg_reg[29]_i_96_n_0
    SLICE_X25Y27         CARRY4 (Prop_carry4_CI_O[3])
                                                      0.313     9.727 r  u_gradient/u_cordic/scaled_reg_reg[29]_i_69/O[3]
                         net (fo=3, routed)           0.616    10.343    u_gradient/u_cordic/scaled_reg_reg[29]_i_69_n_4
    SLICE_X27Y26         LUT3 (Prop_lut3_I1_O)        0.332    10.675 r  u_gradient/u_cordic/scaled_reg[29]_i_93/O
                         net (fo=2, routed)           0.587    11.262    u_gradient/u_cordic/scaled_reg[29]_i_93_n_0
    SLICE_X27Y28         LUT5 (Prop_lut5_I1_O)        0.355    11.617 r  u_gradient/u_cordic/scaled_reg[29]_i_56/O
                         net (fo=2, routed)           0.783    12.400    u_gradient/u_cordic/scaled_reg[29]_i_56_n_0
    SLICE_X24Y30         CARRY4 (Prop_carry4_DI[3]_CO[3])
                                                      0.588    12.988 r  u_gradient/u_cordic/scaled_reg_reg[29]_i_27/CO[3]
                         net (fo=1, routed)           0.000    12.988    u_gradient/u_cordic/scaled_reg_reg[29]_i_27_n_0
    SLICE_X24Y31         CARRY4 (Prop_carry4_CI_CO[3])
                                                      0.114    13.102 r  u_gradient/u_cordic/scaled_reg_reg[29]_i_11/CO[3]
                         net (fo=1, routed)           0.000    13.102    u_gradient/u_cordic/scaled_reg_reg[29]_i_11_n_0
    SLICE_X24Y32         CARRY4 (Prop_carry4_CI_CO[3])
                                                      0.114    13.216 r  u_gradient/u_cordic/scaled_reg_reg[29]_i_2/CO[3]
                         net (fo=1, routed)           0.000    13.216    u_gradient/u_cordic/scaled_reg_reg[29]_i_2_n_0
    SLICE_X24Y33         CARRY4 (Prop_carry4_CI_CO[3])
                                                      0.114    13.330 r  u_gradient/u_cordic/scaled_reg_reg[29]_i_1/CO[3]
                         net (fo=1, routed)           0.000    13.330    u_gradient/u_cordic/scaled_reg_reg[29]_i_1_n_0
    SLICE_X24Y34         CARRY4 (Prop_carry4_CI_CO[3])
                                                      0.114    13.444 r  u_gradient/u_cordic/scaled_reg_reg[33]_i_1/CO[3]
                         net (fo=1, routed)           0.000    13.444    u_gradient/u_cordic/scaled_reg_reg[33]_i_1_n_0
    SLICE_X24Y35         CARRY4 (Prop_carry4_CI_O[3])
                                                      0.313    13.757 r  u_gradient/u_cordic/scaled_reg_reg[37]_i_1/O[3]
                         net (fo=1, routed)           0.000    13.757    u_gradient/u_cordic/scaled_next[37]
    SLICE_X24Y35         FDCE                                         r  u_gradient/u_cordic/scaled_reg_reg[37]/D
  -------------------------------------------------------------------    -------------------

                         (clock clk rise edge)       10.000    10.000 r  <hidden>
    N15                                               0.000    10.000 r  clk
                         net (fo=0)                   0.000    10.000    clk
    N15                  IBUF (Prop_ibuf_I_O)         0.814    10.814 r  clk_IBUF_inst/O
                         net (fo=1, routed)           1.911    12.725    clk_IBUF
    BUFGCTRL_X0Y0        BUFG (Prop_bufg_I_O)         0.091    12.816 r  clk_IBUF_BUFG_inst/O
                         net (fo=3765, routed)        1.680    14.496    u_gradient/u_cordic/clk_IBUF_BUFG
    SLICE_X24Y35         FDCE                                         r  u_gradient/u_cordic/scaled_reg_reg[37]/C
                         clock pessimism              0.331    14.828    <hidden>
                         clock uncertainty           -0.035    14.792    <hidden>
    SLICE_X24Y35         FDCE (Setup_fdce_C_D)        0.062    14.854    u_gradient/u_cordic/scaled_reg_reg[37]
  -------------------------------------------------------------------
                         required time                         14.854    <hidden>
                         arrival time                         -13.757    <hidden>
  -------------------------------------------------------------------
                         slack                                  1.097    <hidden>

Slack (MET) :             1.159ns  (required time - arrival time)
  Source:                 g_engine[0].u_engine/scan_count_pipe_reg[3]/C
                            (rising edge-triggered cell FDCE clocked by clk  {rise@0.000ns fall@5.000ns period=10.000ns})
  Destination:            g_engine[0].u_engine/block_high_reg[1][0][0]/CE
                            (rising edge-triggered cell FDCE clocked by clk  {rise@0.000ns fall@5.000ns period=10.000ns})
  Path Group:             clk
  Path Type:              Setup (Max at Slow Process Corner)
  Requirement:            10.000ns  (clk rise@10.000ns - clk rise@0.000ns)
  Data Path Delay:        8.322ns  (logic 3.794ns (45.590%)  route 4.528ns (54.410%))
  Logic Levels:           10  (CARRY4=5 LUT2=1 LUT3=2 LUT6=2)
  Clock Path Skew:        -0.279ns (DCD - SCD + CPR)
    Destination Clock Delay (DCD):    4.328ns = ( 14.328 - 10.000 ) 
    Source Clock Delay      (SCD):    4.858ns
    Clock Pessimism Removal (CPR):    0.251ns
  Clock Uncertainty:      0.035ns  ((TSJ^2 + TIJ^2)^1/2 + DJ) / 2 + PE
    Total System Jitter     (TSJ):    0.071ns
    Total Input Jitter      (TIJ):    0.000ns
    Discrete Jitter          (DJ):    0.000ns
    Phase Error              (PE):    0.000ns

    Location             Delay type                Incr(ns)  Path(ns)    Netlist Resource(s)
  -------------------------------------------------------------------    -------------------
                         (clock clk rise edge)        0.000     0.000 r  <hidden>
    N15                                               0.000     0.000 r  clk
                         net (fo=0)                   0.000     0.000    clk
    N15                  IBUF (Prop_ibuf_I_O)         0.948     0.948 r  clk_IBUF_inst/O
                         net (fo=1, routed)           2.016     2.963    clk_IBUF
    BUFGCTRL_X0Y0        BUFG (Prop_bufg_I_O)         0.096     3.059 r  clk_IBUF_BUFG_inst/O
                         net (fo=3765, routed)        1.798     4.858    g_engine[0].u_engine/clk_IBUF_BUFG
    SLICE_X37Y29         FDCE                                         r  g_engine[0].u_engine/scan_count_pipe_reg[3]/C
  -------------------------------------------------------------------    -------------------
    SLICE_X37Y29         FDCE (Prop_fdce_C_Q)         0.456     5.314 r  g_engine[0].u_engine/scan_count_pipe_reg[3]/Q
                         net (fo=1, routed)           0.985     6.299    g_engine[0].u_engine/scan_count_pipe[3]
    SLICE_X37Y40         LUT3 (Prop_lut3_I2_O)        0.124     6.423 r  g_engine[0].u_engine/cumulative[3]_i_7/O
                         net (fo=1, routed)           0.000     6.423    g_engine[0].u_engine/cumulative[3]_i_7_n_0
    SLICE_X37Y40         CARRY4 (Prop_carry4_S[3]_CO[3])
                                                      0.401     6.824 r  g_engine[0].u_engine/cumulative_reg[3]_i_2/CO[3]
                         net (fo=1, routed)           0.000     6.824    g_engine[0].u_engine/cumulative_reg[3]_i_2_n_0
    SLICE_X37Y41         CARRY4 (Prop_carry4_CI_O[1])
                                                      0.334     7.158 r  g_engine[0].u_engine/cumulative_reg[7]_i_2/O[1]
                         net (fo=4, routed)           0.698     7.856    g_engine[0].u_engine/cumulative_next[5]
    SLICE_X35Y47         LUT2 (Prop_lut2_I1_O)        0.303     8.159 r  g_engine[0].u_engine/selected_i_33/O
                         net (fo=1, routed)           0.000     8.159    g_engine[0].u_engine/selected_i_33_n_0
    SLICE_X35Y47         CARRY4 (Prop_carry4_S[0]_CO[3])
                                                      0.532     8.691 r  g_engine[0].u_engine/selected_reg_i_26/CO[3]
                         net (fo=1, routed)           0.000     8.691    g_engine[0].u_engine/selected_reg_i_26_n_0
    SLICE_X35Y48         CARRY4 (Prop_carry4_CI_O[1])
                                                      0.334     9.025 r  g_engine[0].u_engine/selected_reg_i_24/O[1]
                         net (fo=2, routed)           0.559     9.583    g_engine[0].u_engine/u_step/five_cumulative[10]
    SLICE_X36Y48         LUT3 (Prop_lut3_I0_O)        0.303     9.886 r  g_engine[0].u_engine/selected_i_12/O
                         net (fo=1, routed)           0.000     9.886    g_engine[0].u_engine/selected_i_12_n_0
    SLICE_X36Y48         CARRY4 (Prop_carry4_S[1]_CO[2])
                                                      0.570    10.456 r  g_engine[0].u_engine/selected_reg_i_5/CO[2]
                         net (fo=7, routed)           0.535    10.991    g_engine[0].u_engine/selected_reg_i_5_n_1
    SLICE_X32Y48         LUT6 (Prop_lut6_I4_O)        0.313    11.304 r  g_engine[0].u_engine/block_low[1][0][9]_i_3/O
                         net (fo=20, routed)          1.071    12.375    g_engine[0].u_engine/block_low[1][0][9]_i_3_n_0
    SLICE_X54Y49         LUT6 (Prop_lut6_I0_O)        0.124    12.499 r  g_engine[0].u_engine/block_low[1][0][9]_i_1/O
                         net (fo=14, routed)          0.680    13.179    g_engine[0].u_engine/block_low[1][0][9]_i_1_n_0
    SLICE_X49Y52         FDCE                                         r  g_engine[0].u_engine/block_high_reg[1][0][0]/CE
  -------------------------------------------------------------------    -------------------

                         (clock clk rise edge)       10.000    10.000 r  <hidden>
    N15                                               0.000    10.000 r  clk
                         net (fo=0)                   0.000    10.000    clk
    N15                  IBUF (Prop_ibuf_I_O)         0.814    10.814 r  clk_IBUF_inst/O
                         net (fo=1, routed)           1.911    12.725    clk_IBUF
    BUFGCTRL_X0Y0        BUFG (Prop_bufg_I_O)         0.091    12.816 r  clk_IBUF_BUFG_inst/O
                         net (fo=3765, routed)        1.511    14.328    g_engine[0].u_engine/clk_IBUF_BUFG
    SLICE_X49Y52         FDCE                                         r  g_engine[0].u_engine/block_high_reg[1][0][0]/C
                         clock pessimism              0.251    14.579    <hidden>
                         clock uncertainty           -0.035    14.543    <hidden>
    SLICE_X49Y52         FDCE (Setup_fdce_C_CE)      -0.205    14.338    g_engine[0].u_engine/block_high_reg[1][0][0]
  -------------------------------------------------------------------
                         required time                         14.338    <hidden>
                         arrival time                         -13.179    <hidden>
  -------------------------------------------------------------------
                         slack                                  1.159    <hidden>

Slack (MET) :             1.159ns  (required time - arrival time)
  Source:                 g_engine[0].u_engine/scan_count_pipe_reg[3]/C
                            (rising edge-triggered cell FDCE clocked by clk  {rise@0.000ns fall@5.000ns period=10.000ns})
  Destination:            g_engine[0].u_engine/block_high_reg[1][0][6]/CE
                            (rising edge-triggered cell FDCE clocked by clk  {rise@0.000ns fall@5.000ns period=10.000ns})
  Path Group:             clk
  Path Type:              Setup (Max at Slow Process Corner)
  Requirement:            10.000ns  (clk rise@10.000ns - clk rise@0.000ns)
  Data Path Delay:        8.322ns  (logic 3.794ns (45.590%)  route 4.528ns (54.410%))
  Logic Levels:           10  (CARRY4=5 LUT2=1 LUT3=2 LUT6=2)
  Clock Path Skew:        -0.279ns (DCD - SCD + CPR)
    Destination Clock Delay (DCD):    4.328ns = ( 14.328 - 10.000 ) 
    Source Clock Delay      (SCD):    4.858ns
    Clock Pessimism Removal (CPR):    0.251ns
  Clock Uncertainty:      0.035ns  ((TSJ^2 + TIJ^2)^1/2 + DJ) / 2 + PE
    Total System Jitter     (TSJ):    0.071ns
    Total Input Jitter      (TIJ):    0.000ns
    Discrete Jitter          (DJ):    0.000ns
    Phase Error              (PE):    0.000ns

    Location             Delay type                Incr(ns)  Path(ns)    Netlist Resource(s)
  -------------------------------------------------------------------    -------------------
                         (clock clk rise edge)        0.000     0.000 r  <hidden>
    N15                                               0.000     0.000 r  clk
                         net (fo=0)                   0.000     0.000    clk
    N15                  IBUF (Prop_ibuf_I_O)         0.948     0.948 r  clk_IBUF_inst/O
                         net (fo=1, routed)           2.016     2.963    clk_IBUF
    BUFGCTRL_X0Y0        BUFG (Prop_bufg_I_O)         0.096     3.059 r  clk_IBUF_BUFG_inst/O
                         net (fo=3765, routed)        1.798     4.858    g_engine[0].u_engine/clk_IBUF_BUFG
    SLICE_X37Y29         FDCE                                         r  g_engine[0].u_engine/scan_count_pipe_reg[3]/C
  -------------------------------------------------------------------    -------------------
    SLICE_X37Y29         FDCE (Prop_fdce_C_Q)         0.456     5.314 r  g_engine[0].u_engine/scan_count_pipe_reg[3]/Q
                         net (fo=1, routed)           0.985     6.299    g_engine[0].u_engine/scan_count_pipe[3]
    SLICE_X37Y40         LUT3 (Prop_lut3_I2_O)        0.124     6.423 r  g_engine[0].u_engine/cumulative[3]_i_7/O
                         net (fo=1, routed)           0.000     6.423    g_engine[0].u_engine/cumulative[3]_i_7_n_0
    SLICE_X37Y40         CARRY4 (Prop_carry4_S[3]_CO[3])
                                                      0.401     6.824 r  g_engine[0].u_engine/cumulative_reg[3]_i_2/CO[3]
                         net (fo=1, routed)           0.000     6.824    g_engine[0].u_engine/cumulative_reg[3]_i_2_n_0
    SLICE_X37Y41         CARRY4 (Prop_carry4_CI_O[1])
                                                      0.334     7.158 r  g_engine[0].u_engine/cumulative_reg[7]_i_2/O[1]
                         net (fo=4, routed)           0.698     7.856    g_engine[0].u_engine/cumulative_next[5]
    SLICE_X35Y47         LUT2 (Prop_lut2_I1_O)        0.303     8.159 r  g_engine[0].u_engine/selected_i_33/O
                         net (fo=1, routed)           0.000     8.159    g_engine[0].u_engine/selected_i_33_n_0
    SLICE_X35Y47         CARRY4 (Prop_carry4_S[0]_CO[3])
                                                      0.532     8.691 r  g_engine[0].u_engine/selected_reg_i_26/CO[3]
                         net (fo=1, routed)           0.000     8.691    g_engine[0].u_engine/selected_reg_i_26_n_0
    SLICE_X35Y48         CARRY4 (Prop_carry4_CI_O[1])
                                                      0.334     9.025 r  g_engine[0].u_engine/selected_reg_i_24/O[1]
                         net (fo=2, routed)           0.559     9.583    g_engine[0].u_engine/u_step/five_cumulative[10]
    SLICE_X36Y48         LUT3 (Prop_lut3_I0_O)        0.303     9.886 r  g_engine[0].u_engine/selected_i_12/O
                         net (fo=1, routed)           0.000     9.886    g_engine[0].u_engine/selected_i_12_n_0
    SLICE_X36Y48         CARRY4 (Prop_carry4_S[1]_CO[2])
                                                      0.570    10.456 r  g_engine[0].u_engine/selected_reg_i_5/CO[2]
                         net (fo=7, routed)           0.535    10.991    g_engine[0].u_engine/selected_reg_i_5_n_1
    SLICE_X32Y48         LUT6 (Prop_lut6_I4_O)        0.313    11.304 r  g_engine[0].u_engine/block_low[1][0][9]_i_3/O
                         net (fo=20, routed)          1.071    12.375    g_engine[0].u_engine/block_low[1][0][9]_i_3_n_0
    SLICE_X54Y49         LUT6 (Prop_lut6_I0_O)        0.124    12.499 r  g_engine[0].u_engine/block_low[1][0][9]_i_1/O
                         net (fo=14, routed)          0.680    13.179    g_engine[0].u_engine/block_low[1][0][9]_i_1_n_0
    SLICE_X49Y52         FDCE                                         r  g_engine[0].u_engine/block_high_reg[1][0][6]/CE
  -------------------------------------------------------------------    -------------------

                         (clock clk rise edge)       10.000    10.000 r  <hidden>
    N15                                               0.000    10.000 r  clk
                         net (fo=0)                   0.000    10.000    clk
    N15                  IBUF (Prop_ibuf_I_O)         0.814    10.814 r  clk_IBUF_inst/O
                         net (fo=1, routed)           1.911    12.725    clk_IBUF
    BUFGCTRL_X0Y0        BUFG (Prop_bufg_I_O)         0.091    12.816 r  clk_IBUF_BUFG_inst/O
                         net (fo=3765, routed)        1.511    14.328    g_engine[0].u_engine/clk_IBUF_BUFG
    SLICE_X49Y52         FDCE                                         r  g_engine[0].u_engine/block_high_reg[1][0][6]/C
                         clock pessimism              0.251    14.579    <hidden>
                         clock uncertainty           -0.035    14.543    <hidden>
    SLICE_X49Y52         FDCE (Setup_fdce_C_CE)      -0.205    14.338    g_engine[0].u_engine/block_high_reg[1][0][6]
  -------------------------------------------------------------------
                         required time                         14.338    <hidden>
                         arrival time                         -13.179    <hidden>
  -------------------------------------------------------------------
                         slack                                  1.159    <hidden>

Slack (MET) :             1.159ns  (required time - arrival time)
  Source:                 g_engine[0].u_engine/scan_count_pipe_reg[3]/C
                            (rising edge-triggered cell FDCE clocked by clk  {rise@0.000ns fall@5.000ns period=10.000ns})
  Destination:            g_engine[0].u_engine/block_high_reg[1][0][7]/CE
                            (rising edge-triggered cell FDCE clocked by clk  {rise@0.000ns fall@5.000ns period=10.000ns})
  Path Group:             clk
  Path Type:              Setup (Max at Slow Process Corner)
  Requirement:            10.000ns  (clk rise@10.000ns - clk rise@0.000ns)
  Data Path Delay:        8.322ns  (logic 3.794ns (45.590%)  route 4.528ns (54.410%))
  Logic Levels:           10  (CARRY4=5 LUT2=1 LUT3=2 LUT6=2)
  Clock Path Skew:        -0.279ns (DCD - SCD + CPR)
    Destination Clock Delay (DCD):    4.328ns = ( 14.328 - 10.000 ) 
    Source Clock Delay      (SCD):    4.858ns
    Clock Pessimism Removal (CPR):    0.251ns
  Clock Uncertainty:      0.035ns  ((TSJ^2 + TIJ^2)^1/2 + DJ) / 2 + PE
    Total System Jitter     (TSJ):    0.071ns
    Total Input Jitter      (TIJ):    0.000ns
    Discrete Jitter          (DJ):    0.000ns
    Phase Error              (PE):    0.000ns

    Location             Delay type                Incr(ns)  Path(ns)    Netlist Resource(s)
  -------------------------------------------------------------------    -------------------
                         (clock clk rise edge)        0.000     0.000 r  <hidden>
    N15                                               0.000     0.000 r  clk
                         net (fo=0)                   0.000     0.000    clk
    N15                  IBUF (Prop_ibuf_I_O)         0.948     0.948 r  clk_IBUF_inst/O
                         net (fo=1, routed)           2.016     2.963    clk_IBUF
    BUFGCTRL_X0Y0        BUFG (Prop_bufg_I_O)         0.096     3.059 r  clk_IBUF_BUFG_inst/O
                         net (fo=3765, routed)        1.798     4.858    g_engine[0].u_engine/clk_IBUF_BUFG
    SLICE_X37Y29         FDCE                                         r  g_engine[0].u_engine/scan_count_pipe_reg[3]/C
  -------------------------------------------------------------------    -------------------
    SLICE_X37Y29         FDCE (Prop_fdce_C_Q)         0.456     5.314 r  g_engine[0].u_engine/scan_count_pipe_reg[3]/Q
                         net (fo=1, routed)           0.985     6.299    g_engine[0].u_engine/scan_count_pipe[3]
    SLICE_X37Y40         LUT3 (Prop_lut3_I2_O)        0.124     6.423 r  g_engine[0].u_engine/cumulative[3]_i_7/O
                         net (fo=1, routed)           0.000     6.423    g_engine[0].u_engine/cumulative[3]_i_7_n_0
    SLICE_X37Y40         CARRY4 (Prop_carry4_S[3]_CO[3])
                                                      0.401     6.824 r  g_engine[0].u_engine/cumulative_reg[3]_i_2/CO[3]
                         net (fo=1, routed)           0.000     6.824    g_engine[0].u_engine/cumulative_reg[3]_i_2_n_0
    SLICE_X37Y41         CARRY4 (Prop_carry4_CI_O[1])
                                                      0.334     7.158 r  g_engine[0].u_engine/cumulative_reg[7]_i_2/O[1]
                         net (fo=4, routed)           0.698     7.856    g_engine[0].u_engine/cumulative_next[5]
    SLICE_X35Y47         LUT2 (Prop_lut2_I1_O)        0.303     8.159 r  g_engine[0].u_engine/selected_i_33/O
                         net (fo=1, routed)           0.000     8.159    g_engine[0].u_engine/selected_i_33_n_0
    SLICE_X35Y47         CARRY4 (Prop_carry4_S[0]_CO[3])
                                                      0.532     8.691 r  g_engine[0].u_engine/selected_reg_i_26/CO[3]
                         net (fo=1, routed)           0.000     8.691    g_engine[0].u_engine/selected_reg_i_26_n_0
    SLICE_X35Y48         CARRY4 (Prop_carry4_CI_O[1])
                                                      0.334     9.025 r  g_engine[0].u_engine/selected_reg_i_24/O[1]
                         net (fo=2, routed)           0.559     9.583    g_engine[0].u_engine/u_step/five_cumulative[10]
    SLICE_X36Y48         LUT3 (Prop_lut3_I0_O)        0.303     9.886 r  g_engine[0].u_engine/selected_i_12/O
                         net (fo=1, routed)           0.000     9.886    g_engine[0].u_engine/selected_i_12_n_0
    SLICE_X36Y48         CARRY4 (Prop_carry4_S[1]_CO[2])
                                                      0.570    10.456 r  g_engine[0].u_engine/selected_reg_i_5/CO[2]
                         net (fo=7, routed)           0.535    10.991    g_engine[0].u_engine/selected_reg_i_5_n_1
    SLICE_X32Y48         LUT6 (Prop_lut6_I4_O)        0.313    11.304 r  g_engine[0].u_engine/block_low[1][0][9]_i_3/O
                         net (fo=20, routed)          1.071    12.375    g_engine[0].u_engine/block_low[1][0][9]_i_3_n_0
    SLICE_X54Y49         LUT6 (Prop_lut6_I0_O)        0.124    12.499 r  g_engine[0].u_engine/block_low[1][0][9]_i_1/O
                         net (fo=14, routed)          0.680    13.179    g_engine[0].u_engine/block_low[1][0][9]_i_1_n_0
    SLICE_X49Y52         FDCE                                         r  g_engine[0].u_engine/block_high_reg[1][0][7]/CE
  -------------------------------------------------------------------    -------------------

                         (clock clk rise edge)       10.000    10.000 r  <hidden>
    N15                                               0.000    10.000 r  clk
                         net (fo=0)                   0.000    10.000    clk
    N15                  IBUF (Prop_ibuf_I_O)         0.814    10.814 r  clk_IBUF_inst/O
                         net (fo=1, routed)           1.911    12.725    clk_IBUF
    BUFGCTRL_X0Y0        BUFG (Prop_bufg_I_O)         0.091    12.816 r  clk_IBUF_BUFG_inst/O
                         net (fo=3765, routed)        1.511    14.328    g_engine[0].u_engine/clk_IBUF_BUFG
    SLICE_X49Y52         FDCE                                         r  g_engine[0].u_engine/block_high_reg[1][0][7]/C
                         clock pessimism              0.251    14.579    <hidden>
                         clock uncertainty           -0.035    14.543    <hidden>
    SLICE_X49Y52         FDCE (Setup_fdce_C_CE)      -0.205    14.338    g_engine[0].u_engine/block_high_reg[1][0][7]
  -------------------------------------------------------------------
                         required time                         14.338    <hidden>
                         arrival time                         -13.179    <hidden>
  -------------------------------------------------------------------
                         slack                                  1.159    <hidden>





Pulse Width Checks
--------------------------------------------------------------------------------------
Clock Name:         clk
Waveform(ns):       { 0.000 5.000 }
Period(ns):         10.000
Sources:            { clk }

Check Type        Corner  Lib Pin             Reference Pin  Required(ns)  Actual(ns)  Slack(ns)  Location      Pin
Min Period        n/a     RAMB36E1/CLKARDCLK  n/a            2.944         10.000      7.056      RAMB36_X0Y7   g_engine[0].u_engine/g_bank[0].stripe_reg_0_0/CLKARDCLK
Min Period        n/a     RAMB36E1/CLKARDCLK  n/a            2.944         10.000      7.056      RAMB36_X1Y5   g_engine[0].u_engine/g_bank[0].stripe_reg_0_1/CLKARDCLK
Min Period        n/a     RAMB36E1/CLKARDCLK  n/a            2.944         10.000      7.056      RAMB36_X1Y8   g_engine[0].u_engine/g_bank[0].stripe_reg_0_10/CLKARDCLK
Min Period        n/a     RAMB36E1/CLKARDCLK  n/a            2.944         10.000      7.056      RAMB36_X2Y6   g_engine[0].u_engine/g_bank[0].stripe_reg_0_2/CLKARDCLK
Min Period        n/a     RAMB36E1/CLKARDCLK  n/a            2.944         10.000      7.056      RAMB36_X1Y4   g_engine[0].u_engine/g_bank[0].stripe_reg_0_3/CLKARDCLK
Min Period        n/a     RAMB36E1/CLKARDCLK  n/a            2.944         10.000      7.056      RAMB36_X1Y6   g_engine[0].u_engine/g_bank[0].stripe_reg_0_4/CLKARDCLK
Min Period        n/a     RAMB36E1/CLKARDCLK  n/a            2.944         10.000      7.056      RAMB36_X2Y4   g_engine[0].u_engine/g_bank[0].stripe_reg_0_5/CLKARDCLK
Min Period        n/a     RAMB36E1/CLKARDCLK  n/a            2.944         10.000      7.056      RAMB36_X0Y8   g_engine[0].u_engine/g_bank[0].stripe_reg_0_6/CLKARDCLK
Min Period        n/a     RAMB36E1/CLKARDCLK  n/a            2.944         10.000      7.056      RAMB36_X0Y6   g_engine[0].u_engine/g_bank[0].stripe_reg_0_7/CLKARDCLK
Min Period        n/a     RAMB36E1/CLKARDCLK  n/a            2.944         10.000      7.056      RAMB36_X2Y8   g_engine[0].u_engine/g_bank[0].stripe_reg_0_8/CLKARDCLK
Low Pulse Width   Slow    RAMD64E/CLK         n/a            1.250         5.000       3.750      SLICE_X46Y32  g_engine[0].u_engine/g_bank[0].u_hist/hist_reg_r1_0_63_0_2/RAMA/CLK
Low Pulse Width   Fast    RAMD64E/CLK         n/a            1.250         5.000       3.750      SLICE_X46Y32  g_engine[0].u_engine/g_bank[0].u_hist/hist_reg_r1_0_63_0_2/RAMA/CLK
Low Pulse Width   Slow    RAMD64E/CLK         n/a            1.250         5.000       3.750      SLICE_X46Y32  g_engine[0].u_engine/g_bank[0].u_hist/hist_reg_r1_0_63_0_2/RAMB/CLK
Low Pulse Width   Fast    RAMD64E/CLK         n/a            1.250         5.000       3.750      SLICE_X46Y32  g_engine[0].u_engine/g_bank[0].u_hist/hist_reg_r1_0_63_0_2/RAMB/CLK
Low Pulse Width   Slow    RAMD64E/CLK         n/a            1.250         5.000       3.750      SLICE_X46Y32  g_engine[0].u_engine/g_bank[0].u_hist/hist_reg_r1_0_63_0_2/RAMC/CLK
Low Pulse Width   Fast    RAMD64E/CLK         n/a            1.250         5.000       3.750      SLICE_X46Y32  g_engine[0].u_engine/g_bank[0].u_hist/hist_reg_r1_0_63_0_2/RAMC/CLK
Low Pulse Width   Slow    RAMD64E/CLK         n/a            1.250         5.000       3.750      SLICE_X46Y32  g_engine[0].u_engine/g_bank[0].u_hist/hist_reg_r1_0_63_0_2/RAMD/CLK
Low Pulse Width   Fast    RAMD64E/CLK         n/a            1.250         5.000       3.750      SLICE_X46Y32  g_engine[0].u_engine/g_bank[0].u_hist/hist_reg_r1_0_63_0_2/RAMD/CLK
Low Pulse Width   Slow    RAMD64E/CLK         n/a            1.250         5.000       3.750      SLICE_X42Y27  g_engine[0].u_engine/g_bank[0].u_hist/hist_reg_r1_0_63_3_5/RAMA/CLK
Low Pulse Width   Fast    RAMD64E/CLK         n/a            1.250         5.000       3.750      SLICE_X42Y27  g_engine[0].u_engine/g_bank[0].u_hist/hist_reg_r1_0_63_3_5/RAMA/CLK
High Pulse Width  Slow    RAMD64E/CLK         n/a            1.250         5.000       3.750      SLICE_X46Y32  g_engine[0].u_engine/g_bank[0].u_hist/hist_reg_r1_0_63_0_2/RAMA/CLK
High Pulse Width  Fast    RAMD64E/CLK         n/a            1.250         5.000       3.750      SLICE_X46Y32  g_engine[0].u_engine/g_bank[0].u_hist/hist_reg_r1_0_63_0_2/RAMA/CLK
High Pulse Width  Slow    RAMD64E/CLK         n/a            1.250         5.000       3.750      SLICE_X46Y32  g_engine[0].u_engine/g_bank[0].u_hist/hist_reg_r1_0_63_0_2/RAMB/CLK
High Pulse Width  Fast    RAMD64E/CLK         n/a            1.250         5.000       3.750      SLICE_X46Y32  g_engine[0].u_engine/g_bank[0].u_hist/hist_reg_r1_0_63_0_2/RAMB/CLK
High Pulse Width  Slow    RAMD64E/CLK         n/a            1.250         5.000       3.750      SLICE_X46Y32  g_engine[0].u_engine/g_bank[0].u_hist/hist_reg_r1_0_63_0_2/RAMC/CLK
High Pulse Width  Fast    RAMD64E/CLK         n/a            1.250         5.000       3.750      SLICE_X46Y32  g_engine[0].u_engine/g_bank[0].u_hist/hist_reg_r1_0_63_0_2/RAMC/CLK
High Pulse Width  Slow    RAMD64E/CLK         n/a            1.250         5.000       3.750      SLICE_X46Y32  g_engine[0].u_engine/g_bank[0].u_hist/hist_reg_r1_0_63_0_2/RAMD/CLK
High Pulse Width  Fast    RAMD64E/CLK         n/a            1.250         5.000       3.750      SLICE_X46Y32  g_engine[0].u_engine/g_bank[0].u_hist/hist_reg_r1_0_63_0_2/RAMD/CLK
High Pulse Width  Slow    RAMD64E/CLK         n/a            1.250         5.000       3.750      SLICE_X42Y27  g_engine[0].u_engine/g_bank[0].u_hist/hist_reg_r1_0_63_3_5/RAMA/CLK
High Pulse Width  Fast    RAMD64E/CLK         n/a            1.250         5.000       3.750      SLICE_X42Y27  g_engine[0].u_engine/g_bank[0].u_hist/hist_reg_r1_0_63_3_5/RAMA/CLK



--------------------------------------------------------------------------------------
Path Group:  (none)
From Clock:  clk
  To Clock:  

Max Delay             4 Endpoints
Min Delay             0 Endpoints
--------------------------------------------------------------------------------------


Max Delay Paths
--------------------------------------------------------------------------------------
Slack:                    inf
  Source:                 u_local_3x3/doubleThreshold_vsync_d1_reg/C
                            (rising edge-triggered cell FDCE clocked by clk  {rise@0.000ns fall@5.000ns period=10.000ns})
  Destination:            post_frame_vsync
                            (output port)
  Path Group:             (none)
  Path Type:              Max at Slow Process Corner
  Data Path Delay:        8.502ns  (logic 3.221ns (37.891%)  route 5.280ns (62.109%))
  Logic Levels:           1  (OBUF=1)
  Clock Uncertainty:      0.025ns  ((TSJ^2 + TIJ^2)^1/2 + DJ) / 2 + PE
    Total System Jitter     (TSJ):    0.050ns
    Total Input Jitter      (TIJ):    0.000ns
    Discrete Jitter          (DJ):    0.000ns
    Phase Error              (PE):    0.000ns

    Location             Delay type                Incr(ns)  Path(ns)    Netlist Resource(s)
  -------------------------------------------------------------------    -------------------
                         (clock clk rise edge)        0.000     0.000 r  <hidden>
    N15                                               0.000     0.000 r  clk
                         net (fo=0)                   0.000     0.000    clk
    N15                  IBUF (Prop_ibuf_I_O)         0.948     0.948 r  clk_IBUF_inst/O
                         net (fo=1, routed)           2.016     2.963    clk_IBUF
    BUFGCTRL_X0Y0        BUFG (Prop_bufg_I_O)         0.096     3.059 r  clk_IBUF_BUFG_inst/O
                         net (fo=3765, routed)        1.792     4.852    u_local_3x3/clk_IBUF_BUFG
    SLICE_X57Y14         FDCE                                         r  u_local_3x3/doubleThreshold_vsync_d1_reg/C
  -------------------------------------------------------------------    -------------------
    SLICE_X57Y14         FDCE (Prop_fdce_C_Q)         0.419     5.271 r  u_local_3x3/doubleThreshold_vsync_d1_reg/Q
                         net (fo=1, routed)           5.280    10.551    post_frame_vsync_OBUF
    L13                  OBUF (Prop_obuf_I_O)         2.802    13.353 r  post_frame_vsync_OBUF_inst/O
                         net (fo=0)                   0.000    13.353    post_frame_vsync
    L13                                                               r  post_frame_vsync
  -------------------------------------------------------------------    -------------------

Slack:                    inf
  Source:                 u_local_3x3/canny_out_reg/C
                            (rising edge-triggered cell FDCE clocked by clk  {rise@0.000ns fall@5.000ns period=10.000ns})
  Destination:            post_img_bit
                            (output port)
  Path Group:             (none)
  Path Type:              Max at Slow Process Corner
  Data Path Delay:        8.137ns  (logic 3.112ns (38.240%)  route 5.026ns (61.760%))
  Logic Levels:           1  (OBUF=1)
  Clock Uncertainty:      0.025ns  ((TSJ^2 + TIJ^2)^1/2 + DJ) / 2 + PE
    Total System Jitter     (TSJ):    0.050ns
    Total Input Jitter      (TIJ):    0.000ns
    Discrete Jitter          (DJ):    0.000ns
    Phase Error              (PE):    0.000ns

    Location             Delay type                Incr(ns)  Path(ns)    Netlist Resource(s)
  -------------------------------------------------------------------    -------------------
                         (clock clk rise edge)        0.000     0.000 r  <hidden>
    N15                                               0.000     0.000 r  clk
                         net (fo=0)                   0.000     0.000    clk
    N15                  IBUF (Prop_ibuf_I_O)         0.948     0.948 r  clk_IBUF_inst/O
                         net (fo=1, routed)           2.016     2.963    clk_IBUF
    BUFGCTRL_X0Y0        BUFG (Prop_bufg_I_O)         0.096     3.059 r  clk_IBUF_BUFG_inst/O
                         net (fo=3765, routed)        1.791     4.851    u_local_3x3/clk_IBUF_BUFG
    SLICE_X55Y14         FDCE                                         r  u_local_3x3/canny_out_reg/C
  -------------------------------------------------------------------    -------------------
    SLICE_X55Y14         FDCE (Prop_fdce_C_Q)         0.456     5.307 r  u_local_3x3/canny_out_reg/Q
                         net (fo=1, routed)           5.026    10.332    post_img_bit_OBUF
    R13                  OBUF (Prop_obuf_I_O)         2.656    12.988 r  post_img_bit_OBUF_inst/O
                         net (fo=0)                   0.000    12.988    post_img_bit
    R13                                                               r  post_img_bit
  -------------------------------------------------------------------    -------------------

Slack:                    inf
  Source:                 u_local_3x3/doubleThreshold_href_d1_reg/C
                            (rising edge-triggered cell FDCE clocked by clk  {rise@0.000ns fall@5.000ns period=10.000ns})
  Destination:            post_frame_href
                            (output port)
  Path Group:             (none)
  Path Type:              Max at Slow Process Corner
  Data Path Delay:        8.136ns  (logic 3.089ns (37.968%)  route 5.047ns (62.032%))
  Logic Levels:           1  (OBUF=1)
  Clock Uncertainty:      0.025ns  ((TSJ^2 + TIJ^2)^1/2 + DJ) / 2 + PE
    Total System Jitter     (TSJ):    0.050ns
    Total Input Jitter      (TIJ):    0.000ns
    Discrete Jitter          (DJ):    0.000ns
    Phase Error              (PE):    0.000ns

    Location             Delay type                Incr(ns)  Path(ns)    Netlist Resource(s)
  -------------------------------------------------------------------    -------------------
                         (clock clk rise edge)        0.000     0.000 r  <hidden>
    N15                                               0.000     0.000 r  clk
                         net (fo=0)                   0.000     0.000    clk
    N15                  IBUF (Prop_ibuf_I_O)         0.948     0.948 r  clk_IBUF_inst/O
                         net (fo=1, routed)           2.016     2.963    clk_IBUF
    BUFGCTRL_X0Y0        BUFG (Prop_bufg_I_O)         0.096     3.059 r  clk_IBUF_BUFG_inst/O
                         net (fo=3765, routed)        1.785     4.845    u_local_3x3/clk_IBUF_BUFG
    SLICE_X52Y18         FDCE                                         r  u_local_3x3/doubleThreshold_href_d1_reg/C
  -------------------------------------------------------------------    -------------------
    SLICE_X52Y18         FDCE (Prop_fdce_C_Q)         0.456     5.301 r  u_local_3x3/doubleThreshold_href_d1_reg/Q
                         net (fo=1, routed)           5.047    10.347    post_frame_clken_OBUF
    M13                  OBUF (Prop_obuf_I_O)         2.633    12.980 r  post_frame_href_OBUF_inst/O
                         net (fo=0)                   0.000    12.980    post_frame_href
    M13                                                               r  post_frame_href
  -------------------------------------------------------------------    -------------------

Slack:                    inf
  Source:                 u_local_3x3/doubleThreshold_href_d1_reg_lopt_replica/C
                            (rising edge-triggered cell FDCE clocked by clk  {rise@0.000ns fall@5.000ns period=10.000ns})
  Destination:            post_frame_clken
                            (output port)
  Path Group:             (none)
  Path Type:              Max at Slow Process Corner
  Data Path Delay:        7.986ns  (logic 3.101ns (38.827%)  route 4.885ns (61.173%))
  Logic Levels:           1  (OBUF=1)
  Clock Uncertainty:      0.025ns  ((TSJ^2 + TIJ^2)^1/2 + DJ) / 2 + PE
    Total System Jitter     (TSJ):    0.050ns
    Total Input Jitter      (TIJ):    0.000ns
    Discrete Jitter          (DJ):    0.000ns
    Phase Error              (PE):    0.000ns

    Location             Delay type                Incr(ns)  Path(ns)    Netlist Resource(s)
  -------------------------------------------------------------------    -------------------
                         (clock clk rise edge)        0.000     0.000 r  <hidden>
    N15                                               0.000     0.000 r  clk
                         net (fo=0)                   0.000     0.000    clk
    N15                  IBUF (Prop_ibuf_I_O)         0.948     0.948 r  clk_IBUF_inst/O
                         net (fo=1, routed)           2.016     2.963    clk_IBUF
    BUFGCTRL_X0Y0        BUFG (Prop_bufg_I_O)         0.096     3.059 r  clk_IBUF_BUFG_inst/O
                         net (fo=3765, routed)        1.785     4.845    u_local_3x3/clk_IBUF_BUFG
    SLICE_X52Y18         FDCE                                         r  u_local_3x3/doubleThreshold_href_d1_reg_lopt_replica/C
  -------------------------------------------------------------------    -------------------
    SLICE_X52Y18         FDCE (Prop_fdce_C_Q)         0.456     5.301 r  u_local_3x3/doubleThreshold_href_d1_reg_lopt_replica/Q
                         net (fo=1, routed)           4.885    10.186    lopt
    R18                  OBUF (Prop_obuf_I_O)         2.645    12.831 r  post_frame_clken_OBUF_inst/O
                         net (fo=0)                   0.000    12.831    post_frame_clken
    R18                                                               r  post_frame_clken
  -------------------------------------------------------------------    -------------------





--------------------------------------------------------------------------------------
Path Group:  (none)
From Clock:  
  To Clock:  clk

Max Delay          2430 Endpoints
Min Delay             0 Endpoints
--------------------------------------------------------------------------------------


Max Delay Paths
--------------------------------------------------------------------------------------
Slack:                    inf
  Source:                 rst_n
                            (input port)
  Destination:            u_gaussian/u_matrix_generate_3x3_phase5b/matrix_p13_reg[0]/CLR
                            (recovery check against rising-edge clock clk  {rise@0.000ns fall@5.000ns period=10.000ns})
  Path Group:             (none)
  Path Type:              Recovery (Max at Slow Process Corner)
  Data Path Delay:        14.209ns  (logic 1.106ns (7.786%)  route 13.103ns (92.214%))
  Logic Levels:           2  (IBUF=1 LUT1=1)
  Clock Path Skew:        4.503ns (DCD - SCD + CPR)
    Destination Clock Delay (DCD):    4.503ns
    Source Clock Delay      (SCD):    0.000ns
    Clock Pessimism Removal (CPR):    0.000ns
  Clock Uncertainty:      0.025ns  ((TSJ^2 + TIJ^2)^1/2 + DJ) / 2 + PE
    Total System Jitter     (TSJ):    0.050ns
    Total Input Jitter      (TIJ):    0.000ns
    Discrete Jitter          (DJ):    0.000ns
    Phase Error              (PE):    0.000ns

    Location             Delay type                Incr(ns)  Path(ns)    Netlist Resource(s)
  -------------------------------------------------------------------    -------------------
    T18                                               0.000     0.000 r  rst_n
                         net (fo=0)                   0.000     0.000    rst_n
    T18                  IBUF (Prop_ibuf_I_O)         0.982     0.982 r  rst_n_IBUF_inst/O
                         net (fo=1, routed)           2.211     3.194    u_gradient/u_cordic/rst_n_IBUF
    SLICE_X0Y54          LUT1 (Prop_lut1_I0_O)        0.124     3.318 f  u_gradient/u_cordic/FSM_onehot_scan_state[3]_i_2/O
                         net (fo=2348, routed)       10.892    14.209    u_gaussian/u_matrix_generate_3x3_phase5b/matrix_p12_reg[0]_0
    SLICE_X9Y10          FDCE                                         f  u_gaussian/u_matrix_generate_3x3_phase5b/matrix_p13_reg[0]/CLR
  -------------------------------------------------------------------    -------------------

                         (clock clk rise edge)        0.000     0.000 r  <hidden>
    N15                                               0.000     0.000 r  clk
                         net (fo=0)                   0.000     0.000    clk
    N15                  IBUF (Prop_ibuf_I_O)         0.814     0.814 r  clk_IBUF_inst/O
                         net (fo=1, routed)           1.911     2.725    clk_IBUF
    BUFGCTRL_X0Y0        BUFG (Prop_bufg_I_O)         0.091     2.816 r  clk_IBUF_BUFG_inst/O
                         net (fo=3765, routed)        1.687     4.503    u_gaussian/u_matrix_generate_3x3_phase5b/clk_IBUF_BUFG
    SLICE_X9Y10          FDCE                                         r  u_gaussian/u_matrix_generate_3x3_phase5b/matrix_p13_reg[0]/C

Slack:                    inf
  Source:                 rst_n
                            (input port)
  Destination:            u_gaussian/u_matrix_generate_3x3_phase5b/matrix_p13_reg[1]/CLR
                            (recovery check against rising-edge clock clk  {rise@0.000ns fall@5.000ns period=10.000ns})
  Path Group:             (none)
  Path Type:              Recovery (Max at Slow Process Corner)
  Data Path Delay:        14.209ns  (logic 1.106ns (7.786%)  route 13.103ns (92.214%))
  Logic Levels:           2  (IBUF=1 LUT1=1)
  Clock Path Skew:        4.503ns (DCD - SCD + CPR)
    Destination Clock Delay (DCD):    4.503ns
    Source Clock Delay      (SCD):    0.000ns
    Clock Pessimism Removal (CPR):    0.000ns
  Clock Uncertainty:      0.025ns  ((TSJ^2 + TIJ^2)^1/2 + DJ) / 2 + PE
    Total System Jitter     (TSJ):    0.050ns
    Total Input Jitter      (TIJ):    0.000ns
    Discrete Jitter          (DJ):    0.000ns
    Phase Error              (PE):    0.000ns

    Location             Delay type                Incr(ns)  Path(ns)    Netlist Resource(s)
  -------------------------------------------------------------------    -------------------
    T18                                               0.000     0.000 r  rst_n
                         net (fo=0)                   0.000     0.000    rst_n
    T18                  IBUF (Prop_ibuf_I_O)         0.982     0.982 r  rst_n_IBUF_inst/O
                         net (fo=1, routed)           2.211     3.194    u_gradient/u_cordic/rst_n_IBUF
    SLICE_X0Y54          LUT1 (Prop_lut1_I0_O)        0.124     3.318 f  u_gradient/u_cordic/FSM_onehot_scan_state[3]_i_2/O
                         net (fo=2348, routed)       10.892    14.209    u_gaussian/u_matrix_generate_3x3_phase5b/matrix_p12_reg[0]_0
    SLICE_X9Y10          FDCE                                         f  u_gaussian/u_matrix_generate_3x3_phase5b/matrix_p13_reg[1]/CLR
  -------------------------------------------------------------------    -------------------

                         (clock clk rise edge)        0.000     0.000 r  <hidden>
    N15                                               0.000     0.000 r  clk
                         net (fo=0)                   0.000     0.000    clk
    N15                  IBUF (Prop_ibuf_I_O)         0.814     0.814 r  clk_IBUF_inst/O
                         net (fo=1, routed)           1.911     2.725    clk_IBUF
    BUFGCTRL_X0Y0        BUFG (Prop_bufg_I_O)         0.091     2.816 r  clk_IBUF_BUFG_inst/O
                         net (fo=3765, routed)        1.687     4.503    u_gaussian/u_matrix_generate_3x3_phase5b/clk_IBUF_BUFG
    SLICE_X9Y10          FDCE                                         r  u_gaussian/u_matrix_generate_3x3_phase5b/matrix_p13_reg[1]/C

Slack:                    inf
  Source:                 rst_n
                            (input port)
  Destination:            u_gaussian/u_matrix_generate_3x3_phase5b/matrix_p13_reg[2]/CLR
                            (recovery check against rising-edge clock clk  {rise@0.000ns fall@5.000ns period=10.000ns})
  Path Group:             (none)
  Path Type:              Recovery (Max at Slow Process Corner)
  Data Path Delay:        14.209ns  (logic 1.106ns (7.786%)  route 13.103ns (92.214%))
  Logic Levels:           2  (IBUF=1 LUT1=1)
  Clock Path Skew:        4.503ns (DCD - SCD + CPR)
    Destination Clock Delay (DCD):    4.503ns
    Source Clock Delay      (SCD):    0.000ns
    Clock Pessimism Removal (CPR):    0.000ns
  Clock Uncertainty:      0.025ns  ((TSJ^2 + TIJ^2)^1/2 + DJ) / 2 + PE
    Total System Jitter     (TSJ):    0.050ns
    Total Input Jitter      (TIJ):    0.000ns
    Discrete Jitter          (DJ):    0.000ns
    Phase Error              (PE):    0.000ns

    Location             Delay type                Incr(ns)  Path(ns)    Netlist Resource(s)
  -------------------------------------------------------------------    -------------------
    T18                                               0.000     0.000 r  rst_n
                         net (fo=0)                   0.000     0.000    rst_n
    T18                  IBUF (Prop_ibuf_I_O)         0.982     0.982 r  rst_n_IBUF_inst/O
                         net (fo=1, routed)           2.211     3.194    u_gradient/u_cordic/rst_n_IBUF
    SLICE_X0Y54          LUT1 (Prop_lut1_I0_O)        0.124     3.318 f  u_gradient/u_cordic/FSM_onehot_scan_state[3]_i_2/O
                         net (fo=2348, routed)       10.892    14.209    u_gaussian/u_matrix_generate_3x3_phase5b/matrix_p12_reg[0]_0
    SLICE_X9Y10          FDCE                                         f  u_gaussian/u_matrix_generate_3x3_phase5b/matrix_p13_reg[2]/CLR
  -------------------------------------------------------------------    -------------------

                         (clock clk rise edge)        0.000     0.000 r  <hidden>
    N15                                               0.000     0.000 r  clk
                         net (fo=0)                   0.000     0.000    clk
    N15                  IBUF (Prop_ibuf_I_O)         0.814     0.814 r  clk_IBUF_inst/O
                         net (fo=1, routed)           1.911     2.725    clk_IBUF
    BUFGCTRL_X0Y0        BUFG (Prop_bufg_I_O)         0.091     2.816 r  clk_IBUF_BUFG_inst/O
                         net (fo=3765, routed)        1.687     4.503    u_gaussian/u_matrix_generate_3x3_phase5b/clk_IBUF_BUFG
    SLICE_X9Y10          FDCE                                         r  u_gaussian/u_matrix_generate_3x3_phase5b/matrix_p13_reg[2]/C

Slack:                    inf
  Source:                 rst_n
                            (input port)
  Destination:            u_gaussian/u_matrix_generate_3x3_phase5b/matrix_p13_reg[3]/CLR
                            (recovery check against rising-edge clock clk  {rise@0.000ns fall@5.000ns period=10.000ns})
  Path Group:             (none)
  Path Type:              Recovery (Max at Slow Process Corner)
  Data Path Delay:        14.209ns  (logic 1.106ns (7.786%)  route 13.103ns (92.214%))
  Logic Levels:           2  (IBUF=1 LUT1=1)
  Clock Path Skew:        4.503ns (DCD - SCD + CPR)
    Destination Clock Delay (DCD):    4.503ns
    Source Clock Delay      (SCD):    0.000ns
    Clock Pessimism Removal (CPR):    0.000ns
  Clock Uncertainty:      0.025ns  ((TSJ^2 + TIJ^2)^1/2 + DJ) / 2 + PE
    Total System Jitter     (TSJ):    0.050ns
    Total Input Jitter      (TIJ):    0.000ns
    Discrete Jitter          (DJ):    0.000ns
    Phase Error              (PE):    0.000ns

    Location             Delay type                Incr(ns)  Path(ns)    Netlist Resource(s)
  -------------------------------------------------------------------    -------------------
    T18                                               0.000     0.000 r  rst_n
                         net (fo=0)                   0.000     0.000    rst_n
    T18                  IBUF (Prop_ibuf_I_O)         0.982     0.982 r  rst_n_IBUF_inst/O
                         net (fo=1, routed)           2.211     3.194    u_gradient/u_cordic/rst_n_IBUF
    SLICE_X0Y54          LUT1 (Prop_lut1_I0_O)        0.124     3.318 f  u_gradient/u_cordic/FSM_onehot_scan_state[3]_i_2/O
                         net (fo=2348, routed)       10.892    14.209    u_gaussian/u_matrix_generate_3x3_phase5b/matrix_p12_reg[0]_0
    SLICE_X9Y10          FDCE                                         f  u_gaussian/u_matrix_generate_3x3_phase5b/matrix_p13_reg[3]/CLR
  -------------------------------------------------------------------    -------------------

                         (clock clk rise edge)        0.000     0.000 r  <hidden>
    N15                                               0.000     0.000 r  clk
                         net (fo=0)                   0.000     0.000    clk
    N15                  IBUF (Prop_ibuf_I_O)         0.814     0.814 r  clk_IBUF_inst/O
                         net (fo=1, routed)           1.911     2.725    clk_IBUF
    BUFGCTRL_X0Y0        BUFG (Prop_bufg_I_O)         0.091     2.816 r  clk_IBUF_BUFG_inst/O
                         net (fo=3765, routed)        1.687     4.503    u_gaussian/u_matrix_generate_3x3_phase5b/clk_IBUF_BUFG
    SLICE_X9Y10          FDCE                                         r  u_gaussian/u_matrix_generate_3x3_phase5b/matrix_p13_reg[3]/C

Slack:                    inf
  Source:                 rst_n
                            (input port)
  Destination:            u_gaussian/u_matrix_generate_3x3_phase5b/matrix_p13_reg[4]/CLR
                            (recovery check against rising-edge clock clk  {rise@0.000ns fall@5.000ns period=10.000ns})
  Path Group:             (none)
  Path Type:              Recovery (Max at Slow Process Corner)
  Data Path Delay:        14.209ns  (logic 1.106ns (7.786%)  route 13.103ns (92.214%))
  Logic Levels:           2  (IBUF=1 LUT1=1)
  Clock Path Skew:        4.503ns (DCD - SCD + CPR)
    Destination Clock Delay (DCD):    4.503ns
    Source Clock Delay      (SCD):    0.000ns
    Clock Pessimism Removal (CPR):    0.000ns
  Clock Uncertainty:      0.025ns  ((TSJ^2 + TIJ^2)^1/2 + DJ) / 2 + PE
    Total System Jitter     (TSJ):    0.050ns
    Total Input Jitter      (TIJ):    0.000ns
    Discrete Jitter          (DJ):    0.000ns
    Phase Error              (PE):    0.000ns

    Location             Delay type                Incr(ns)  Path(ns)    Netlist Resource(s)
  -------------------------------------------------------------------    -------------------
    T18                                               0.000     0.000 r  rst_n
                         net (fo=0)                   0.000     0.000    rst_n
    T18                  IBUF (Prop_ibuf_I_O)         0.982     0.982 r  rst_n_IBUF_inst/O
                         net (fo=1, routed)           2.211     3.194    u_gradient/u_cordic/rst_n_IBUF
    SLICE_X0Y54          LUT1 (Prop_lut1_I0_O)        0.124     3.318 f  u_gradient/u_cordic/FSM_onehot_scan_state[3]_i_2/O
                         net (fo=2348, routed)       10.892    14.209    u_gaussian/u_matrix_generate_3x3_phase5b/matrix_p12_reg[0]_0
    SLICE_X9Y10          FDCE                                         f  u_gaussian/u_matrix_generate_3x3_phase5b/matrix_p13_reg[4]/CLR
  -------------------------------------------------------------------    -------------------

                         (clock clk rise edge)        0.000     0.000 r  <hidden>
    N15                                               0.000     0.000 r  clk
                         net (fo=0)                   0.000     0.000    clk
    N15                  IBUF (Prop_ibuf_I_O)         0.814     0.814 r  clk_IBUF_inst/O
                         net (fo=1, routed)           1.911     2.725    clk_IBUF
    BUFGCTRL_X0Y0        BUFG (Prop_bufg_I_O)         0.091     2.816 r  clk_IBUF_BUFG_inst/O
                         net (fo=3765, routed)        1.687     4.503    u_gaussian/u_matrix_generate_3x3_phase5b/clk_IBUF_BUFG
    SLICE_X9Y10          FDCE                                         r  u_gaussian/u_matrix_generate_3x3_phase5b/matrix_p13_reg[4]/C

Slack:                    inf
  Source:                 rst_n
                            (input port)
  Destination:            u_gaussian/u_matrix_generate_3x3_phase5b/matrix_p13_reg[5]/CLR
                            (recovery check against rising-edge clock clk  {rise@0.000ns fall@5.000ns period=10.000ns})
  Path Group:             (none)
  Path Type:              Recovery (Max at Slow Process Corner)
  Data Path Delay:        14.209ns  (logic 1.106ns (7.786%)  route 13.103ns (92.214%))
  Logic Levels:           2  (IBUF=1 LUT1=1)
  Clock Path Skew:        4.503ns (DCD - SCD + CPR)
    Destination Clock Delay (DCD):    4.503ns
    Source Clock Delay      (SCD):    0.000ns
    Clock Pessimism Removal (CPR):    0.000ns
  Clock Uncertainty:      0.025ns  ((TSJ^2 + TIJ^2)^1/2 + DJ) / 2 + PE
    Total System Jitter     (TSJ):    0.050ns
    Total Input Jitter      (TIJ):    0.000ns
    Discrete Jitter          (DJ):    0.000ns
    Phase Error              (PE):    0.000ns

    Location             Delay type                Incr(ns)  Path(ns)    Netlist Resource(s)
  -------------------------------------------------------------------    -------------------
    T18                                               0.000     0.000 r  rst_n
                         net (fo=0)                   0.000     0.000    rst_n
    T18                  IBUF (Prop_ibuf_I_O)         0.982     0.982 r  rst_n_IBUF_inst/O
                         net (fo=1, routed)           2.211     3.194    u_gradient/u_cordic/rst_n_IBUF
    SLICE_X0Y54          LUT1 (Prop_lut1_I0_O)        0.124     3.318 f  u_gradient/u_cordic/FSM_onehot_scan_state[3]_i_2/O
                         net (fo=2348, routed)       10.892    14.209    u_gaussian/u_matrix_generate_3x3_phase5b/matrix_p12_reg[0]_0
    SLICE_X9Y10          FDCE                                         f  u_gaussian/u_matrix_generate_3x3_phase5b/matrix_p13_reg[5]/CLR
  -------------------------------------------------------------------    -------------------

                         (clock clk rise edge)        0.000     0.000 r  <hidden>
    N15                                               0.000     0.000 r  clk
                         net (fo=0)                   0.000     0.000    clk
    N15                  IBUF (Prop_ibuf_I_O)         0.814     0.814 r  clk_IBUF_inst/O
                         net (fo=1, routed)           1.911     2.725    clk_IBUF
    BUFGCTRL_X0Y0        BUFG (Prop_bufg_I_O)         0.091     2.816 r  clk_IBUF_BUFG_inst/O
                         net (fo=3765, routed)        1.687     4.503    u_gaussian/u_matrix_generate_3x3_phase5b/clk_IBUF_BUFG
    SLICE_X9Y10          FDCE                                         r  u_gaussian/u_matrix_generate_3x3_phase5b/matrix_p13_reg[5]/C

Slack:                    inf
  Source:                 rst_n
                            (input port)
  Destination:            u_gaussian/u_matrix_generate_3x3_phase5b/matrix_p13_reg[6]/CLR
                            (recovery check against rising-edge clock clk  {rise@0.000ns fall@5.000ns period=10.000ns})
  Path Group:             (none)
  Path Type:              Recovery (Max at Slow Process Corner)
  Data Path Delay:        14.209ns  (logic 1.106ns (7.786%)  route 13.103ns (92.214%))
  Logic Levels:           2  (IBUF=1 LUT1=1)
  Clock Path Skew:        4.503ns (DCD - SCD + CPR)
    Destination Clock Delay (DCD):    4.503ns
    Source Clock Delay      (SCD):    0.000ns
    Clock Pessimism Removal (CPR):    0.000ns
  Clock Uncertainty:      0.025ns  ((TSJ^2 + TIJ^2)^1/2 + DJ) / 2 + PE
    Total System Jitter     (TSJ):    0.050ns
    Total Input Jitter      (TIJ):    0.000ns
    Discrete Jitter          (DJ):    0.000ns
    Phase Error              (PE):    0.000ns

    Location             Delay type                Incr(ns)  Path(ns)    Netlist Resource(s)
  -------------------------------------------------------------------    -------------------
    T18                                               0.000     0.000 r  rst_n
                         net (fo=0)                   0.000     0.000    rst_n
    T18                  IBUF (Prop_ibuf_I_O)         0.982     0.982 r  rst_n_IBUF_inst/O
                         net (fo=1, routed)           2.211     3.194    u_gradient/u_cordic/rst_n_IBUF
    SLICE_X0Y54          LUT1 (Prop_lut1_I0_O)        0.124     3.318 f  u_gradient/u_cordic/FSM_onehot_scan_state[3]_i_2/O
                         net (fo=2348, routed)       10.892    14.209    u_gaussian/u_matrix_generate_3x3_phase5b/matrix_p12_reg[0]_0
    SLICE_X9Y10          FDCE                                         f  u_gaussian/u_matrix_generate_3x3_phase5b/matrix_p13_reg[6]/CLR
  -------------------------------------------------------------------    -------------------

                         (clock clk rise edge)        0.000     0.000 r  <hidden>
    N15                                               0.000     0.000 r  clk
                         net (fo=0)                   0.000     0.000    clk
    N15                  IBUF (Prop_ibuf_I_O)         0.814     0.814 r  clk_IBUF_inst/O
                         net (fo=1, routed)           1.911     2.725    clk_IBUF
    BUFGCTRL_X0Y0        BUFG (Prop_bufg_I_O)         0.091     2.816 r  clk_IBUF_BUFG_inst/O
                         net (fo=3765, routed)        1.687     4.503    u_gaussian/u_matrix_generate_3x3_phase5b/clk_IBUF_BUFG
    SLICE_X9Y10          FDCE                                         r  u_gaussian/u_matrix_generate_3x3_phase5b/matrix_p13_reg[6]/C

Slack:                    inf
  Source:                 rst_n
                            (input port)
  Destination:            u_gaussian/u_matrix_generate_3x3_phase5b/matrix_p13_reg[7]/CLR
                            (recovery check against rising-edge clock clk  {rise@0.000ns fall@5.000ns period=10.000ns})
  Path Group:             (none)
  Path Type:              Recovery (Max at Slow Process Corner)
  Data Path Delay:        14.209ns  (logic 1.106ns (7.786%)  route 13.103ns (92.214%))
  Logic Levels:           2  (IBUF=1 LUT1=1)
  Clock Path Skew:        4.503ns (DCD - SCD + CPR)
    Destination Clock Delay (DCD):    4.503ns
    Source Clock Delay      (SCD):    0.000ns
    Clock Pessimism Removal (CPR):    0.000ns
  Clock Uncertainty:      0.025ns  ((TSJ^2 + TIJ^2)^1/2 + DJ) / 2 + PE
    Total System Jitter     (TSJ):    0.050ns
    Total Input Jitter      (TIJ):    0.000ns
    Discrete Jitter          (DJ):    0.000ns
    Phase Error              (PE):    0.000ns

    Location             Delay type                Incr(ns)  Path(ns)    Netlist Resource(s)
  -------------------------------------------------------------------    -------------------
    T18                                               0.000     0.000 r  rst_n
                         net (fo=0)                   0.000     0.000    rst_n
    T18                  IBUF (Prop_ibuf_I_O)         0.982     0.982 r  rst_n_IBUF_inst/O
                         net (fo=1, routed)           2.211     3.194    u_gradient/u_cordic/rst_n_IBUF
    SLICE_X0Y54          LUT1 (Prop_lut1_I0_O)        0.124     3.318 f  u_gradient/u_cordic/FSM_onehot_scan_state[3]_i_2/O
                         net (fo=2348, routed)       10.892    14.209    u_gaussian/u_matrix_generate_3x3_phase5b/matrix_p12_reg[0]_0
    SLICE_X9Y10          FDCE                                         f  u_gaussian/u_matrix_generate_3x3_phase5b/matrix_p13_reg[7]/CLR
  -------------------------------------------------------------------    -------------------

                         (clock clk rise edge)        0.000     0.000 r  <hidden>
    N15                                               0.000     0.000 r  clk
                         net (fo=0)                   0.000     0.000    clk
    N15                  IBUF (Prop_ibuf_I_O)         0.814     0.814 r  clk_IBUF_inst/O
                         net (fo=1, routed)           1.911     2.725    clk_IBUF
    BUFGCTRL_X0Y0        BUFG (Prop_bufg_I_O)         0.091     2.816 r  clk_IBUF_BUFG_inst/O
                         net (fo=3765, routed)        1.687     4.503    u_gaussian/u_matrix_generate_3x3_phase5b/clk_IBUF_BUFG
    SLICE_X9Y10          FDCE                                         r  u_gaussian/u_matrix_generate_3x3_phase5b/matrix_p13_reg[7]/C

Slack:                    inf
  Source:                 rst_n
                            (input port)
  Destination:            u_gaussian/u_matrix_generate_3x3_phase5b/matrix_p21_reg[0]/CLR
                            (recovery check against rising-edge clock clk  {rise@0.000ns fall@5.000ns period=10.000ns})
  Path Group:             (none)
  Path Type:              Recovery (Max at Slow Process Corner)
  Data Path Delay:        13.997ns  (logic 1.106ns (7.904%)  route 12.890ns (92.096%))
  Logic Levels:           2  (IBUF=1 LUT1=1)
  Clock Path Skew:        4.580ns (DCD - SCD + CPR)
    Destination Clock Delay (DCD):    4.580ns
    Source Clock Delay      (SCD):    0.000ns
    Clock Pessimism Removal (CPR):    0.000ns
  Clock Uncertainty:      0.025ns  ((TSJ^2 + TIJ^2)^1/2 + DJ) / 2 + PE
    Total System Jitter     (TSJ):    0.050ns
    Total Input Jitter      (TIJ):    0.000ns
    Discrete Jitter          (DJ):    0.000ns
    Phase Error              (PE):    0.000ns

    Location             Delay type                Incr(ns)  Path(ns)    Netlist Resource(s)
  -------------------------------------------------------------------    -------------------
    T18                                               0.000     0.000 r  rst_n
                         net (fo=0)                   0.000     0.000    rst_n
    T18                  IBUF (Prop_ibuf_I_O)         0.982     0.982 r  rst_n_IBUF_inst/O
                         net (fo=1, routed)           2.211     3.194    u_gradient/u_cordic/rst_n_IBUF
    SLICE_X0Y54          LUT1 (Prop_lut1_I0_O)        0.124     3.318 f  u_gradient/u_cordic/FSM_onehot_scan_state[3]_i_2/O
                         net (fo=2348, routed)       10.679    13.997    u_gaussian/u_matrix_generate_3x3_phase5b/matrix_p12_reg[0]_0
    SLICE_X6Y11          FDCE                                         f  u_gaussian/u_matrix_generate_3x3_phase5b/matrix_p21_reg[0]/CLR
  -------------------------------------------------------------------    -------------------

                         (clock clk rise edge)        0.000     0.000 r  <hidden>
    N15                                               0.000     0.000 r  clk
                         net (fo=0)                   0.000     0.000    clk
    N15                  IBUF (Prop_ibuf_I_O)         0.814     0.814 r  clk_IBUF_inst/O
                         net (fo=1, routed)           1.911     2.725    clk_IBUF
    BUFGCTRL_X0Y0        BUFG (Prop_bufg_I_O)         0.091     2.816 r  clk_IBUF_BUFG_inst/O
                         net (fo=3765, routed)        1.764     4.580    u_gaussian/u_matrix_generate_3x3_phase5b/clk_IBUF_BUFG
    SLICE_X6Y11          FDCE                                         r  u_gaussian/u_matrix_generate_3x3_phase5b/matrix_p21_reg[0]/C

Slack:                    inf
  Source:                 rst_n
                            (input port)
  Destination:            u_gaussian/u_matrix_generate_3x3_phase5b/matrix_p21_reg[1]/CLR
                            (recovery check against rising-edge clock clk  {rise@0.000ns fall@5.000ns period=10.000ns})
  Path Group:             (none)
  Path Type:              Recovery (Max at Slow Process Corner)
  Data Path Delay:        13.997ns  (logic 1.106ns (7.904%)  route 12.890ns (92.096%))
  Logic Levels:           2  (IBUF=1 LUT1=1)
  Clock Path Skew:        4.580ns (DCD - SCD + CPR)
    Destination Clock Delay (DCD):    4.580ns
    Source Clock Delay      (SCD):    0.000ns
    Clock Pessimism Removal (CPR):    0.000ns
  Clock Uncertainty:      0.025ns  ((TSJ^2 + TIJ^2)^1/2 + DJ) / 2 + PE
    Total System Jitter     (TSJ):    0.050ns
    Total Input Jitter      (TIJ):    0.000ns
    Discrete Jitter          (DJ):    0.000ns
    Phase Error              (PE):    0.000ns

    Location             Delay type                Incr(ns)  Path(ns)    Netlist Resource(s)
  -------------------------------------------------------------------    -------------------
    T18                                               0.000     0.000 r  rst_n
                         net (fo=0)                   0.000     0.000    rst_n
    T18                  IBUF (Prop_ibuf_I_O)         0.982     0.982 r  rst_n_IBUF_inst/O
                         net (fo=1, routed)           2.211     3.194    u_gradient/u_cordic/rst_n_IBUF
    SLICE_X0Y54          LUT1 (Prop_lut1_I0_O)        0.124     3.318 f  u_gradient/u_cordic/FSM_onehot_scan_state[3]_i_2/O
                         net (fo=2348, routed)       10.679    13.997    u_gaussian/u_matrix_generate_3x3_phase5b/matrix_p12_reg[0]_0
    SLICE_X6Y11          FDCE                                         f  u_gaussian/u_matrix_generate_3x3_phase5b/matrix_p21_reg[1]/CLR
  -------------------------------------------------------------------    -------------------

                         (clock clk rise edge)        0.000     0.000 r  <hidden>
    N15                                               0.000     0.000 r  clk
                         net (fo=0)                   0.000     0.000    clk
    N15                  IBUF (Prop_ibuf_I_O)         0.814     0.814 r  clk_IBUF_inst/O
                         net (fo=1, routed)           1.911     2.725    clk_IBUF
    BUFGCTRL_X0Y0        BUFG (Prop_bufg_I_O)         0.091     2.816 r  clk_IBUF_BUFG_inst/O
                         net (fo=3765, routed)        1.764     4.580    u_gaussian/u_matrix_generate_3x3_phase5b/clk_IBUF_BUFG
    SLICE_X6Y11          FDCE                                         r  u_gaussian/u_matrix_generate_3x3_phase5b/matrix_p21_reg[1]/C





