Copyright 1986-2022 Xilinx, Inc. All Rights Reserved. Copyright 2022-2026 Advanced Micro Devices, Inc. All Rights Reserved.
---------------------------------------------------------------------------------------------------------------------------------------------
| Tool Version : Vivado v.2026.1 (win64) Build 6511674 Tue Jun 16 11:02:23 MDT 2026
| Date         : Mon Oct  5 16:21:15 2026
| Host         : Kiyopon running 64-bit major release  (build 9200)
| Command      : report_timing_summary -delay_type max -report_unconstrained -max_paths 10 -file reports/phase10/e2_timing_route.rpt
| Design       : canny_block_adaptive_phase10_top
| Device       : 7a100t-csg324
| Speed File   : -1  PRODUCTION 1.23 2018-06-13
| Design State : Routed
---------------------------------------------------------------------------------------------------------------------------------------------

Timing Summary Report

------------------------------------------------------------------------------------------------
| Timer Settings
| --------------
------------------------------------------------------------------------------------------------

  Enable Multi Corner Analysis               :  Yes
  Enable Pessimism Removal                   :  Yes
  Pessimism Removal Resolution               :  Nearest Common Node
  Enable Input Delay Default Clock           :  No
  Enable Preset / Clear Arcs                 :  No
  Disable Flight Delays                      :  No
  Ignore I/O Paths                           :  No
  Timing Early Launch at Borrowing Latches   :  No
  Borrow Time for Max Delay Exceptions       :  Yes
  Merge Timing Exceptions                    :  Yes
  Inter-SLR Compensation                     :  Conservative

  Corner  Analyze    Analyze    
  Name    Max Paths  Min Paths  
  ------  ---------  ---------  
  Slow    Yes        Yes        
  Fast    Yes        Yes        


------------------------------------------------------------------------------------------------
| Report Methodology
| ------------------
------------------------------------------------------------------------------------------------

Rule       Severity  Description                                 Violations  
---------  --------  ------------------------------------------  ----------  
SYNTH-6    Warning   Timing of a RAM block might be sub-optimal  52          
TIMING-18  Warning   Missing input or output delay               39          

Note: This report is based on the most recent report_methodology run and may not be up-to-date. Run report_methodology on the current design for the latest report.



check_timing report

Table of Contents
-----------------
1. checking no_clock (0)
2. checking constant_clock (0)
3. checking pulse_width_clock (0)
4. checking unconstrained_internal_endpoints (0)
5. checking no_input_delay (35)
6. checking no_output_delay (4)
7. checking multiple_clock (0)
8. checking generated_clocks (0)
9. checking loops (0)
10. checking partial_input_delay (0)
11. checking partial_output_delay (0)
12. checking latch_loops (0)

1. checking no_clock (0)
------------------------
 There are 0 register/latch pins with no clock.


2. checking constant_clock (0)
------------------------------
 There are 0 register/latch pins with constant_clock.


3. checking pulse_width_clock (0)
---------------------------------
 There are 0 register/latch pins which need pulse_width check


4. checking unconstrained_internal_endpoints (0)
------------------------------------------------
 There are 0 pins that are not constrained for maximum delay.

 There are 0 pins that are not constrained for maximum delay due to constant clock.


5. checking no_input_delay (35)
-------------------------------
 There are 35 input ports with no input delay specified. (HIGH)

 There are 0 input ports with no input delay but user has a false path constraint.


6. checking no_output_delay (4)
-------------------------------
 There are 4 ports with no output delay specified. (HIGH)

 There are 0 ports with no output delay but user has a false path constraint

 There are 0 ports with no output delay but with a timing clock defined on it or propagating through it


7. checking multiple_clock (0)
------------------------------
 There are 0 register/latch pins with multiple clocks.


8. checking generated_clocks (0)
--------------------------------
 There are 0 generated clocks that are not connected to a clock source.


9. checking loops (0)
---------------------
 There are 0 combinational loops in the design.


10. checking partial_input_delay (0)
------------------------------------
 There are 0 input ports with partial input delay specified.


11. checking partial_output_delay (0)
-------------------------------------
 There are 0 ports with partial output delay specified.


12. checking latch_loops (0)
----------------------------
 There are 0 combinational latch loops in the design through latch input



------------------------------------------------------------------------------------------------
| Design Timing Summary
| ---------------------
------------------------------------------------------------------------------------------------

    WNS(ns)      TNS(ns)  TNS Failing Endpoints  TNS Total Endpoints     WPWS(ns)     TPWS(ns)  TPWS Failing Endpoints  TPWS Total Endpoints  
    -------      -------  ---------------------  -------------------     --------     --------  ----------------------  --------------------  
      0.675        0.000                      0                19302        3.750        0.000                       0                  5643  


All user specified timing constraints are met.


------------------------------------------------------------------------------------------------
| Clock Summary
| -------------
------------------------------------------------------------------------------------------------

Clock  Waveform(ns)       Period(ns)      Frequency(MHz)
-----  ------------       ----------      --------------
clk    {0.000 5.000}      10.000          100.000         


------------------------------------------------------------------------------------------------
| Intra Clock Table
| -----------------
------------------------------------------------------------------------------------------------

Clock             WNS(ns)      TNS(ns)  TNS Failing Endpoints  TNS Total Endpoints     WPWS(ns)     TPWS(ns)  TPWS Failing Endpoints  TPWS Total Endpoints  
-----             -------      -------  ---------------------  -------------------     --------     --------  ----------------------  --------------------  
clk                 0.675        0.000                      0                19302        3.750        0.000                       0                  5643  


------------------------------------------------------------------------------------------------
| Inter Clock Table
| -----------------
------------------------------------------------------------------------------------------------

From Clock    To Clock          WNS(ns)      TNS(ns)  TNS Failing Endpoints  TNS Total Endpoints  
----------    --------          -------      -------  ---------------------  -------------------  


------------------------------------------------------------------------------------------------
| Other Path Groups Table
| -----------------------
------------------------------------------------------------------------------------------------

Path Group    From Clock    To Clock          WNS(ns)      TNS(ns)  TNS Failing Endpoints  TNS Total Endpoints  
----------    ----------    --------          -------      -------  ---------------------  -------------------  


------------------------------------------------------------------------------------------------
| User Ignored Path Table
| -----------------------
------------------------------------------------------------------------------------------------

Path Group    From Clock    To Clock    
----------    ----------    --------    


------------------------------------------------------------------------------------------------
| Unconstrained Path Table
| ------------------------
------------------------------------------------------------------------------------------------

Path Group    From Clock    To Clock    
----------    ----------    --------    
(none)        clk                         
(none)                      clk           


------------------------------------------------------------------------------------------------
| Timing Details
| --------------
------------------------------------------------------------------------------------------------


---------------------------------------------------------------------------------------------------
From Clock:  clk
  To Clock:  clk

Setup :            0  Failing Endpoints,  Worst Slack        0.675ns,  Total Violation        0.000ns
Hold  :           NA  Failing Endpoints,  Worst Slack           NA  ,  Total Violation           NA
PW    :            0  Failing Endpoints,  Worst Slack        3.750ns,  Total Violation        0.000ns
---------------------------------------------------------------------------------------------------


Max Delay Paths
--------------------------------------------------------------------------------------
Slack (MET) :             0.675ns  (required time - arrival time)
  Source:                 u_gradient/u_cordic/g_stage[15].x_reg_reg[1]/C
                            (rising edge-triggered cell FDCE clocked by clk  {rise@0.000ns fall@5.000ns period=10.000ns})
  Destination:            u_gradient/u_cordic/scaled_reg_reg[47]/D
                            (rising edge-triggered cell FDCE clocked by clk  {rise@0.000ns fall@5.000ns period=10.000ns})
  Path Group:             clk
  Path Type:              Setup (Max at Slow Process Corner)
  Requirement:            10.000ns  (clk rise@10.000ns - clk rise@0.000ns)
  Data Path Delay:        9.190ns  (logic 4.734ns (51.515%)  route 4.456ns (48.485%))
  Logic Levels:           16  (CARRY4=11 LUT3=2 LUT4=1 LUT5=1 LUT6=1)
  Clock Path Skew:        -0.209ns (DCD - SCD + CPR)
    Destination Clock Delay (DCD):    4.418ns = ( 14.418 - 10.000 ) 
    Source Clock Delay      (SCD):    4.878ns
    Clock Pessimism Removal (CPR):    0.251ns
  Clock Uncertainty:      0.035ns  ((TSJ^2 + TIJ^2)^1/2 + DJ) / 2 + PE
    Total System Jitter     (TSJ):    0.071ns
    Total Input Jitter      (TIJ):    0.000ns
    Discrete Jitter          (DJ):    0.000ns
    Phase Error              (PE):    0.000ns

    Location             Delay type                Incr(ns)  Path(ns)    Netlist Resource(s)
  -------------------------------------------------------------------    -------------------
                         (clock clk rise edge)        0.000     0.000 r  <hidden>
    N15                                               0.000     0.000 r  clk
                         net (fo=0)                   0.000     0.000    clk
    N15                  IBUF (Prop_ibuf_I_O)         0.948     0.948 r  clk_IBUF_inst/O
                         net (fo=1, routed)           2.016     2.963    clk_IBUF
    BUFGCTRL_X0Y0        BUFG (Prop_bufg_I_O)         0.096     3.059 r  clk_IBUF_BUFG_inst/O
                         net (fo=5642, routed)        1.818     4.878    u_gradient/u_cordic/clk_IBUF_BUFG
    SLICE_X8Y43          FDCE                                         r  u_gradient/u_cordic/g_stage[15].x_reg_reg[1]/C
  -------------------------------------------------------------------    -------------------
    SLICE_X8Y43          FDCE (Prop_fdce_C_Q)         0.518     5.396 r  u_gradient/u_cordic/g_stage[15].x_reg_reg[1]/Q
                         net (fo=17, routed)          0.984     6.379    u_gradient/u_cordic/g_stage[15].x_reg[1]
    SLICE_X4Y46          CARRY4 (Prop_carry4_S[0]_CO[3])
                                                      0.656     7.035 r  u_gradient/u_cordic/scaled_reg_reg[29]_i_168/CO[3]
                         net (fo=1, routed)           0.000     7.035    u_gradient/u_cordic/scaled_reg_reg[29]_i_168_n_0
    SLICE_X4Y47          CARRY4 (Prop_carry4_CI_CO[3])
                                                      0.114     7.149 r  u_gradient/u_cordic/scaled_reg_reg[29]_i_142/CO[3]
                         net (fo=1, routed)           0.000     7.149    u_gradient/u_cordic/scaled_reg_reg[29]_i_142_n_0
    SLICE_X4Y48          CARRY4 (Prop_carry4_CI_CO[3])
                                                      0.114     7.263 r  u_gradient/u_cordic/scaled_reg_reg[29]_i_111/CO[3]
                         net (fo=1, routed)           0.000     7.263    u_gradient/u_cordic/scaled_reg_reg[29]_i_111_n_0
    SLICE_X4Y49          CARRY4 (Prop_carry4_CI_CO[3])
                                                      0.114     7.377 r  u_gradient/u_cordic/scaled_reg_reg[29]_i_83/CO[3]
                         net (fo=1, routed)           0.001     7.378    u_gradient/u_cordic/scaled_reg_reg[29]_i_83_n_0
    SLICE_X4Y50          CARRY4 (Prop_carry4_CI_O[1])
                                                      0.334     7.712 r  u_gradient/u_cordic/scaled_reg_reg[33]_i_30/O[1]
                         net (fo=2, routed)           0.781     8.493    u_gradient/u_cordic/scaled_reg_reg[33]_i_30_n_6
    SLICE_X7Y50          LUT3 (Prop_lut3_I0_O)        0.303     8.796 r  u_gradient/u_cordic/scaled_reg[33]_i_24/O
                         net (fo=2, routed)           0.568     9.364    u_gradient/u_cordic/scaled_reg[33]_i_24_n_0
    SLICE_X3Y50          LUT4 (Prop_lut4_I3_O)        0.124     9.488 r  u_gradient/u_cordic/scaled_reg[33]_i_28/O
                         net (fo=1, routed)           0.000     9.488    u_gradient/u_cordic/scaled_reg[33]_i_28_n_0
    SLICE_X3Y50          CARRY4 (Prop_carry4_S[0]_CO[3])
                                                      0.532    10.020 r  u_gradient/u_cordic/scaled_reg_reg[33]_i_16/CO[3]
                         net (fo=1, routed)           0.000    10.020    u_gradient/u_cordic/scaled_reg_reg[33]_i_16_n_0
    SLICE_X3Y51          CARRY4 (Prop_carry4_CI_CO[3])
                                                      0.114    10.134 r  u_gradient/u_cordic/scaled_reg_reg[37]_i_16/CO[3]
                         net (fo=1, routed)           0.000    10.134    u_gradient/u_cordic/scaled_reg_reg[37]_i_16_n_0
    SLICE_X3Y52          CARRY4 (Prop_carry4_CI_O[3])
                                                      0.313    10.447 r  u_gradient/u_cordic/scaled_reg_reg[41]_i_13/O[3]
                         net (fo=3, routed)           0.794    11.241    u_gradient/u_cordic/scaled_reg_reg[41]_i_13_n_4
    SLICE_X3Y55          LUT3 (Prop_lut3_I1_O)        0.306    11.547 r  u_gradient/u_cordic/scaled_reg[37]_i_10/O
                         net (fo=2, routed)           0.649    12.196    u_gradient/u_cordic/scaled_reg[37]_i_10_n_0
    SLICE_X3Y55          LUT5 (Prop_lut5_I1_O)        0.153    12.349 r  u_gradient/u_cordic/scaled_reg[37]_i_2/O
                         net (fo=2, routed)           0.679    13.028    u_gradient/u_cordic/scaled_reg[37]_i_2_n_0
    SLICE_X2Y55          LUT6 (Prop_lut6_I0_O)        0.327    13.355 r  u_gradient/u_cordic/scaled_reg[37]_i_6/O
                         net (fo=1, routed)           0.000    13.355    u_gradient/u_cordic/scaled_reg[37]_i_6_n_0
    SLICE_X2Y55          CARRY4 (Prop_carry4_S[3]_CO[3])
                                                      0.376    13.731 r  u_gradient/u_cordic/scaled_reg_reg[37]_i_1/CO[3]
                         net (fo=1, routed)           0.000    13.731    u_gradient/u_cordic/scaled_reg_reg[37]_i_1_n_0
    SLICE_X2Y56          CARRY4 (Prop_carry4_CI_CO[3])
                                                      0.117    13.848 r  u_gradient/u_cordic/scaled_reg_reg[41]_i_1/CO[3]
                         net (fo=1, routed)           0.000    13.848    u_gradient/u_cordic/scaled_reg_reg[41]_i_1_n_0
    SLICE_X2Y57          CARRY4 (Prop_carry4_CI_O[0])
                                                      0.219    14.067 r  u_gradient/u_cordic/scaled_reg_reg[47]_i_1/O[0]
                         net (fo=1, routed)           0.000    14.067    u_gradient/u_cordic/scaled_next[42]
    SLICE_X2Y57          FDCE                                         r  u_gradient/u_cordic/scaled_reg_reg[47]/D
  -------------------------------------------------------------------    -------------------

                         (clock clk rise edge)       10.000    10.000 r  <hidden>
    N15                                               0.000    10.000 r  clk
                         net (fo=0)                   0.000    10.000    clk
    N15                  IBUF (Prop_ibuf_I_O)         0.814    10.814 r  clk_IBUF_inst/O
                         net (fo=1, routed)           1.911    12.725    clk_IBUF
    BUFGCTRL_X0Y0        BUFG (Prop_bufg_I_O)         0.091    12.816 r  clk_IBUF_BUFG_inst/O
                         net (fo=5642, routed)        1.601    14.418    u_gradient/u_cordic/clk_IBUF_BUFG
    SLICE_X2Y57          FDCE                                         r  u_gradient/u_cordic/scaled_reg_reg[47]/C
                         clock pessimism              0.251    14.669    <hidden>
                         clock uncertainty           -0.035    14.633    <hidden>
    SLICE_X2Y57          FDCE (Setup_fdce_C_D)        0.109    14.742    u_gradient/u_cordic/scaled_reg_reg[47]
  -------------------------------------------------------------------
                         required time                         14.742    <hidden>
                         arrival time                         -14.067    <hidden>
  -------------------------------------------------------------------
                         slack                                  0.675    <hidden>

Slack (MET) :             0.689ns  (required time - arrival time)
  Source:                 u_gradient/u_cordic/g_stage[15].x_reg_reg[1]/C
                            (rising edge-triggered cell FDCE clocked by clk  {rise@0.000ns fall@5.000ns period=10.000ns})
  Destination:            u_gradient/u_cordic/scaled_reg_reg[39]/D
                            (rising edge-triggered cell FDCE clocked by clk  {rise@0.000ns fall@5.000ns period=10.000ns})
  Path Group:             clk
  Path Type:              Setup (Max at Slow Process Corner)
  Requirement:            10.000ns  (clk rise@10.000ns - clk rise@0.000ns)
  Data Path Delay:        9.177ns  (logic 4.721ns (51.446%)  route 4.456ns (48.554%))
  Logic Levels:           15  (CARRY4=10 LUT3=2 LUT4=1 LUT5=1 LUT6=1)
  Clock Path Skew:        -0.208ns (DCD - SCD + CPR)
    Destination Clock Delay (DCD):    4.419ns = ( 14.419 - 10.000 ) 
    Source Clock Delay      (SCD):    4.878ns
    Clock Pessimism Removal (CPR):    0.251ns
  Clock Uncertainty:      0.035ns  ((TSJ^2 + TIJ^2)^1/2 + DJ) / 2 + PE
    Total System Jitter     (TSJ):    0.071ns
    Total Input Jitter      (TIJ):    0.000ns
    Discrete Jitter          (DJ):    0.000ns
    Phase Error              (PE):    0.000ns

    Location             Delay type                Incr(ns)  Path(ns)    Netlist Resource(s)
  -------------------------------------------------------------------    -------------------
                         (clock clk rise edge)        0.000     0.000 r  <hidden>
    N15                                               0.000     0.000 r  clk
                         net (fo=0)                   0.000     0.000    clk
    N15                  IBUF (Prop_ibuf_I_O)         0.948     0.948 r  clk_IBUF_inst/O
                         net (fo=1, routed)           2.016     2.963    clk_IBUF
    BUFGCTRL_X0Y0        BUFG (Prop_bufg_I_O)         0.096     3.059 r  clk_IBUF_BUFG_inst/O
                         net (fo=5642, routed)        1.818     4.878    u_gradient/u_cordic/clk_IBUF_BUFG
    SLICE_X8Y43          FDCE                                         r  u_gradient/u_cordic/g_stage[15].x_reg_reg[1]/C
  -------------------------------------------------------------------    -------------------
    SLICE_X8Y43          FDCE (Prop_fdce_C_Q)         0.518     5.396 r  u_gradient/u_cordic/g_stage[15].x_reg_reg[1]/Q
                         net (fo=17, routed)          0.984     6.379    u_gradient/u_cordic/g_stage[15].x_reg[1]
    SLICE_X4Y46          CARRY4 (Prop_carry4_S[0]_CO[3])
                                                      0.656     7.035 r  u_gradient/u_cordic/scaled_reg_reg[29]_i_168/CO[3]
                         net (fo=1, routed)           0.000     7.035    u_gradient/u_cordic/scaled_reg_reg[29]_i_168_n_0
    SLICE_X4Y47          CARRY4 (Prop_carry4_CI_CO[3])
                                                      0.114     7.149 r  u_gradient/u_cordic/scaled_reg_reg[29]_i_142/CO[3]
                         net (fo=1, routed)           0.000     7.149    u_gradient/u_cordic/scaled_reg_reg[29]_i_142_n_0
    SLICE_X4Y48          CARRY4 (Prop_carry4_CI_CO[3])
                                                      0.114     7.263 r  u_gradient/u_cordic/scaled_reg_reg[29]_i_111/CO[3]
                         net (fo=1, routed)           0.000     7.263    u_gradient/u_cordic/scaled_reg_reg[29]_i_111_n_0
    SLICE_X4Y49          CARRY4 (Prop_carry4_CI_CO[3])
                                                      0.114     7.377 r  u_gradient/u_cordic/scaled_reg_reg[29]_i_83/CO[3]
                         net (fo=1, routed)           0.001     7.378    u_gradient/u_cordic/scaled_reg_reg[29]_i_83_n_0
    SLICE_X4Y50          CARRY4 (Prop_carry4_CI_O[1])
                                                      0.334     7.712 r  u_gradient/u_cordic/scaled_reg_reg[33]_i_30/O[1]
                         net (fo=2, routed)           0.781     8.493    u_gradient/u_cordic/scaled_reg_reg[33]_i_30_n_6
    SLICE_X7Y50          LUT3 (Prop_lut3_I0_O)        0.303     8.796 r  u_gradient/u_cordic/scaled_reg[33]_i_24/O
                         net (fo=2, routed)           0.568     9.364    u_gradient/u_cordic/scaled_reg[33]_i_24_n_0
    SLICE_X3Y50          LUT4 (Prop_lut4_I3_O)        0.124     9.488 r  u_gradient/u_cordic/scaled_reg[33]_i_28/O
                         net (fo=1, routed)           0.000     9.488    u_gradient/u_cordic/scaled_reg[33]_i_28_n_0
    SLICE_X3Y50          CARRY4 (Prop_carry4_S[0]_CO[3])
                                                      0.532    10.020 r  u_gradient/u_cordic/scaled_reg_reg[33]_i_16/CO[3]
                         net (fo=1, routed)           0.000    10.020    u_gradient/u_cordic/scaled_reg_reg[33]_i_16_n_0
    SLICE_X3Y51          CARRY4 (Prop_carry4_CI_CO[3])
                                                      0.114    10.134 r  u_gradient/u_cordic/scaled_reg_reg[37]_i_16/CO[3]
                         net (fo=1, routed)           0.000    10.134    u_gradient/u_cordic/scaled_reg_reg[37]_i_16_n_0
    SLICE_X3Y52          CARRY4 (Prop_carry4_CI_O[3])
                                                      0.313    10.447 r  u_gradient/u_cordic/scaled_reg_reg[41]_i_13/O[3]
                         net (fo=3, routed)           0.794    11.241    u_gradient/u_cordic/scaled_reg_reg[41]_i_13_n_4
    SLICE_X3Y55          LUT3 (Prop_lut3_I1_O)        0.306    11.547 r  u_gradient/u_cordic/scaled_reg[37]_i_10/O
                         net (fo=2, routed)           0.649    12.196    u_gradient/u_cordic/scaled_reg[37]_i_10_n_0
    SLICE_X3Y55          LUT5 (Prop_lut5_I1_O)        0.153    12.349 r  u_gradient/u_cordic/scaled_reg[37]_i_2/O
                         net (fo=2, routed)           0.679    13.028    u_gradient/u_cordic/scaled_reg[37]_i_2_n_0
    SLICE_X2Y55          LUT6 (Prop_lut6_I0_O)        0.327    13.355 r  u_gradient/u_cordic/scaled_reg[37]_i_6/O
                         net (fo=1, routed)           0.000    13.355    u_gradient/u_cordic/scaled_reg[37]_i_6_n_0
    SLICE_X2Y55          CARRY4 (Prop_carry4_S[3]_CO[3])
                                                      0.376    13.731 r  u_gradient/u_cordic/scaled_reg_reg[37]_i_1/CO[3]
                         net (fo=1, routed)           0.000    13.731    u_gradient/u_cordic/scaled_reg_reg[37]_i_1_n_0
    SLICE_X2Y56          CARRY4 (Prop_carry4_CI_O[1])
                                                      0.323    14.054 r  u_gradient/u_cordic/scaled_reg_reg[41]_i_1/O[1]
                         net (fo=1, routed)           0.000    14.054    u_gradient/u_cordic/scaled_next[39]
    SLICE_X2Y56          FDCE                                         r  u_gradient/u_cordic/scaled_reg_reg[39]/D
  -------------------------------------------------------------------    -------------------

                         (clock clk rise edge)       10.000    10.000 r  <hidden>
    N15                                               0.000    10.000 r  clk
                         net (fo=0)                   0.000    10.000    clk
    N15                  IBUF (Prop_ibuf_I_O)         0.814    10.814 r  clk_IBUF_inst/O
                         net (fo=1, routed)           1.911    12.725    clk_IBUF
    BUFGCTRL_X0Y0        BUFG (Prop_bufg_I_O)         0.091    12.816 r  clk_IBUF_BUFG_inst/O
                         net (fo=5642, routed)        1.602    14.419    u_gradient/u_cordic/clk_IBUF_BUFG
    SLICE_X2Y56          FDCE                                         r  u_gradient/u_cordic/scaled_reg_reg[39]/C
                         clock pessimism              0.251    14.670    <hidden>
                         clock uncertainty           -0.035    14.634    <hidden>
    SLICE_X2Y56          FDCE (Setup_fdce_C_D)        0.109    14.743    u_gradient/u_cordic/scaled_reg_reg[39]
  -------------------------------------------------------------------
                         required time                         14.743    <hidden>
                         arrival time                         -14.054    <hidden>
  -------------------------------------------------------------------
                         slack                                  0.689    <hidden>

Slack (MET) :             0.697ns  (required time - arrival time)
  Source:                 u_gradient/u_cordic/g_stage[15].x_reg_reg[1]/C
                            (rising edge-triggered cell FDCE clocked by clk  {rise@0.000ns fall@5.000ns period=10.000ns})
  Destination:            u_gradient/u_cordic/scaled_reg_reg[41]/D
                            (rising edge-triggered cell FDCE clocked by clk  {rise@0.000ns fall@5.000ns period=10.000ns})
  Path Group:             clk
  Path Type:              Setup (Max at Slow Process Corner)
  Requirement:            10.000ns  (clk rise@10.000ns - clk rise@0.000ns)
  Data Path Delay:        9.169ns  (logic 4.713ns (51.404%)  route 4.456ns (48.596%))
  Logic Levels:           15  (CARRY4=10 LUT3=2 LUT4=1 LUT5=1 LUT6=1)
  Clock Path Skew:        -0.208ns (DCD - SCD + CPR)
    Destination Clock Delay (DCD):    4.419ns = ( 14.419 - 10.000 ) 
    Source Clock Delay      (SCD):    4.878ns
    Clock Pessimism Removal (CPR):    0.251ns
  Clock Uncertainty:      0.035ns  ((TSJ^2 + TIJ^2)^1/2 + DJ) / 2 + PE
    Total System Jitter     (TSJ):    0.071ns
    Total Input Jitter      (TIJ):    0.000ns
    Discrete Jitter          (DJ):    0.000ns
    Phase Error              (PE):    0.000ns

    Location             Delay type                Incr(ns)  Path(ns)    Netlist Resource(s)
  -------------------------------------------------------------------    -------------------
                         (clock clk rise edge)        0.000     0.000 r  <hidden>
    N15                                               0.000     0.000 r  clk
                         net (fo=0)                   0.000     0.000    clk
    N15                  IBUF (Prop_ibuf_I_O)         0.948     0.948 r  clk_IBUF_inst/O
                         net (fo=1, routed)           2.016     2.963    clk_IBUF
    BUFGCTRL_X0Y0        BUFG (Prop_bufg_I_O)         0.096     3.059 r  clk_IBUF_BUFG_inst/O
                         net (fo=5642, routed)        1.818     4.878    u_gradient/u_cordic/clk_IBUF_BUFG
    SLICE_X8Y43          FDCE                                         r  u_gradient/u_cordic/g_stage[15].x_reg_reg[1]/C
  -------------------------------------------------------------------    -------------------
    SLICE_X8Y43          FDCE (Prop_fdce_C_Q)         0.518     5.396 r  u_gradient/u_cordic/g_stage[15].x_reg_reg[1]/Q
                         net (fo=17, routed)          0.984     6.379    u_gradient/u_cordic/g_stage[15].x_reg[1]
    SLICE_X4Y46          CARRY4 (Prop_carry4_S[0]_CO[3])
                                                      0.656     7.035 r  u_gradient/u_cordic/scaled_reg_reg[29]_i_168/CO[3]
                         net (fo=1, routed)           0.000     7.035    u_gradient/u_cordic/scaled_reg_reg[29]_i_168_n_0
    SLICE_X4Y47          CARRY4 (Prop_carry4_CI_CO[3])
                                                      0.114     7.149 r  u_gradient/u_cordic/scaled_reg_reg[29]_i_142/CO[3]
                         net (fo=1, routed)           0.000     7.149    u_gradient/u_cordic/scaled_reg_reg[29]_i_142_n_0
    SLICE_X4Y48          CARRY4 (Prop_carry4_CI_CO[3])
                                                      0.114     7.263 r  u_gradient/u_cordic/scaled_reg_reg[29]_i_111/CO[3]
                         net (fo=1, routed)           0.000     7.263    u_gradient/u_cordic/scaled_reg_reg[29]_i_111_n_0
    SLICE_X4Y49          CARRY4 (Prop_carry4_CI_CO[3])
                                                      0.114     7.377 r  u_gradient/u_cordic/scaled_reg_reg[29]_i_83/CO[3]
                         net (fo=1, routed)           0.001     7.378    u_gradient/u_cordic/scaled_reg_reg[29]_i_83_n_0
    SLICE_X4Y50          CARRY4 (Prop_carry4_CI_O[1])
                                                      0.334     7.712 r  u_gradient/u_cordic/scaled_reg_reg[33]_i_30/O[1]
                         net (fo=2, routed)           0.781     8.493    u_gradient/u_cordic/scaled_reg_reg[33]_i_30_n_6
    SLICE_X7Y50          LUT3 (Prop_lut3_I0_O)        0.303     8.796 r  u_gradient/u_cordic/scaled_reg[33]_i_24/O
                         net (fo=2, routed)           0.568     9.364    u_gradient/u_cordic/scaled_reg[33]_i_24_n_0
    SLICE_X3Y50          LUT4 (Prop_lut4_I3_O)        0.124     9.488 r  u_gradient/u_cordic/scaled_reg[33]_i_28/O
                         net (fo=1, routed)           0.000     9.488    u_gradient/u_cordic/scaled_reg[33]_i_28_n_0
    SLICE_X3Y50          CARRY4 (Prop_carry4_S[0]_CO[3])
                                                      0.532    10.020 r  u_gradient/u_cordic/scaled_reg_reg[33]_i_16/CO[3]
                         net (fo=1, routed)           0.000    10.020    u_gradient/u_cordic/scaled_reg_reg[33]_i_16_n_0
    SLICE_X3Y51          CARRY4 (Prop_carry4_CI_CO[3])
                                                      0.114    10.134 r  u_gradient/u_cordic/scaled_reg_reg[37]_i_16/CO[3]
                         net (fo=1, routed)           0.000    10.134    u_gradient/u_cordic/scaled_reg_reg[37]_i_16_n_0
    SLICE_X3Y52          CARRY4 (Prop_carry4_CI_O[3])
                                                      0.313    10.447 r  u_gradient/u_cordic/scaled_reg_reg[41]_i_13/O[3]
                         net (fo=3, routed)           0.794    11.241    u_gradient/u_cordic/scaled_reg_reg[41]_i_13_n_4
    SLICE_X3Y55          LUT3 (Prop_lut3_I1_O)        0.306    11.547 r  u_gradient/u_cordic/scaled_reg[37]_i_10/O
                         net (fo=2, routed)           0.649    12.196    u_gradient/u_cordic/scaled_reg[37]_i_10_n_0
    SLICE_X3Y55          LUT5 (Prop_lut5_I1_O)        0.153    12.349 r  u_gradient/u_cordic/scaled_reg[37]_i_2/O
                         net (fo=2, routed)           0.679    13.028    u_gradient/u_cordic/scaled_reg[37]_i_2_n_0
    SLICE_X2Y55          LUT6 (Prop_lut6_I0_O)        0.327    13.355 r  u_gradient/u_cordic/scaled_reg[37]_i_6/O
                         net (fo=1, routed)           0.000    13.355    u_gradient/u_cordic/scaled_reg[37]_i_6_n_0
    SLICE_X2Y55          CARRY4 (Prop_carry4_S[3]_CO[3])
                                                      0.376    13.731 r  u_gradient/u_cordic/scaled_reg_reg[37]_i_1/CO[3]
                         net (fo=1, routed)           0.000    13.731    u_gradient/u_cordic/scaled_reg_reg[37]_i_1_n_0
    SLICE_X2Y56          CARRY4 (Prop_carry4_CI_O[3])
                                                      0.315    14.046 r  u_gradient/u_cordic/scaled_reg_reg[41]_i_1/O[3]
                         net (fo=1, routed)           0.000    14.046    u_gradient/u_cordic/scaled_next[41]
    SLICE_X2Y56          FDCE                                         r  u_gradient/u_cordic/scaled_reg_reg[41]/D
  -------------------------------------------------------------------    -------------------

                         (clock clk rise edge)       10.000    10.000 r  <hidden>
    N15                                               0.000    10.000 r  clk
                         net (fo=0)                   0.000    10.000    clk
    N15                  IBUF (Prop_ibuf_I_O)         0.814    10.814 r  clk_IBUF_inst/O
                         net (fo=1, routed)           1.911    12.725    clk_IBUF
    BUFGCTRL_X0Y0        BUFG (Prop_bufg_I_O)         0.091    12.816 r  clk_IBUF_BUFG_inst/O
                         net (fo=5642, routed)        1.602    14.419    u_gradient/u_cordic/clk_IBUF_BUFG
    SLICE_X2Y56          FDCE                                         r  u_gradient/u_cordic/scaled_reg_reg[41]/C
                         clock pessimism              0.251    14.670    <hidden>
                         clock uncertainty           -0.035    14.634    <hidden>
    SLICE_X2Y56          FDCE (Setup_fdce_C_D)        0.109    14.743    u_gradient/u_cordic/scaled_reg_reg[41]
  -------------------------------------------------------------------
                         required time                         14.743    <hidden>
                         arrival time                         -14.046    <hidden>
  -------------------------------------------------------------------
                         slack                                  0.697    <hidden>

Slack (MET) :             0.773ns  (required time - arrival time)
  Source:                 u_gradient/u_cordic/g_stage[15].x_reg_reg[1]/C
                            (rising edge-triggered cell FDCE clocked by clk  {rise@0.000ns fall@5.000ns period=10.000ns})
  Destination:            u_gradient/u_cordic/scaled_reg_reg[40]/D
                            (rising edge-triggered cell FDCE clocked by clk  {rise@0.000ns fall@5.000ns period=10.000ns})
  Path Group:             clk
  Path Type:              Setup (Max at Slow Process Corner)
  Requirement:            10.000ns  (clk rise@10.000ns - clk rise@0.000ns)
  Data Path Delay:        9.093ns  (logic 4.637ns (50.997%)  route 4.456ns (49.003%))
  Logic Levels:           15  (CARRY4=10 LUT3=2 LUT4=1 LUT5=1 LUT6=1)
  Clock Path Skew:        -0.208ns (DCD - SCD + CPR)
    Destination Clock Delay (DCD):    4.419ns = ( 14.419 - 10.000 ) 
    Source Clock Delay      (SCD):    4.878ns
    Clock Pessimism Removal (CPR):    0.251ns
  Clock Uncertainty:      0.035ns  ((TSJ^2 + TIJ^2)^1/2 + DJ) / 2 + PE
    Total System Jitter     (TSJ):    0.071ns
    Total Input Jitter      (TIJ):    0.000ns
    Discrete Jitter          (DJ):    0.000ns
    Phase Error              (PE):    0.000ns

    Location             Delay type                Incr(ns)  Path(ns)    Netlist Resource(s)
  -------------------------------------------------------------------    -------------------
                         (clock clk rise edge)        0.000     0.000 r  <hidden>
    N15                                               0.000     0.000 r  clk
                         net (fo=0)                   0.000     0.000    clk
    N15                  IBUF (Prop_ibuf_I_O)         0.948     0.948 r  clk_IBUF_inst/O
                         net (fo=1, routed)           2.016     2.963    clk_IBUF
    BUFGCTRL_X0Y0        BUFG (Prop_bufg_I_O)         0.096     3.059 r  clk_IBUF_BUFG_inst/O
                         net (fo=5642, routed)        1.818     4.878    u_gradient/u_cordic/clk_IBUF_BUFG
    SLICE_X8Y43          FDCE                                         r  u_gradient/u_cordic/g_stage[15].x_reg_reg[1]/C
  -------------------------------------------------------------------    -------------------
    SLICE_X8Y43          FDCE (Prop_fdce_C_Q)         0.518     5.396 r  u_gradient/u_cordic/g_stage[15].x_reg_reg[1]/Q
                         net (fo=17, routed)          0.984     6.379    u_gradient/u_cordic/g_stage[15].x_reg[1]
    SLICE_X4Y46          CARRY4 (Prop_carry4_S[0]_CO[3])
                                                      0.656     7.035 r  u_gradient/u_cordic/scaled_reg_reg[29]_i_168/CO[3]
                         net (fo=1, routed)           0.000     7.035    u_gradient/u_cordic/scaled_reg_reg[29]_i_168_n_0
    SLICE_X4Y47          CARRY4 (Prop_carry4_CI_CO[3])
                                                      0.114     7.149 r  u_gradient/u_cordic/scaled_reg_reg[29]_i_142/CO[3]
                         net (fo=1, routed)           0.000     7.149    u_gradient/u_cordic/scaled_reg_reg[29]_i_142_n_0
    SLICE_X4Y48          CARRY4 (Prop_carry4_CI_CO[3])
                                                      0.114     7.263 r  u_gradient/u_cordic/scaled_reg_reg[29]_i_111/CO[3]
                         net (fo=1, routed)           0.000     7.263    u_gradient/u_cordic/scaled_reg_reg[29]_i_111_n_0
    SLICE_X4Y49          CARRY4 (Prop_carry4_CI_CO[3])
                                                      0.114     7.377 r  u_gradient/u_cordic/scaled_reg_reg[29]_i_83/CO[3]
                         net (fo=1, routed)           0.001     7.378    u_gradient/u_cordic/scaled_reg_reg[29]_i_83_n_0
    SLICE_X4Y50          CARRY4 (Prop_carry4_CI_O[1])
                                                      0.334     7.712 r  u_gradient/u_cordic/scaled_reg_reg[33]_i_30/O[1]
                         net (fo=2, routed)           0.781     8.493    u_gradient/u_cordic/scaled_reg_reg[33]_i_30_n_6
    SLICE_X7Y50          LUT3 (Prop_lut3_I0_O)        0.303     8.796 r  u_gradient/u_cordic/scaled_reg[33]_i_24/O
                         net (fo=2, routed)           0.568     9.364    u_gradient/u_cordic/scaled_reg[33]_i_24_n_0
    SLICE_X3Y50          LUT4 (Prop_lut4_I3_O)        0.124     9.488 r  u_gradient/u_cordic/scaled_reg[33]_i_28/O
                         net (fo=1, routed)           0.000     9.488    u_gradient/u_cordic/scaled_reg[33]_i_28_n_0
    SLICE_X3Y50          CARRY4 (Prop_carry4_S[0]_CO[3])
                                                      0.532    10.020 r  u_gradient/u_cordic/scaled_reg_reg[33]_i_16/CO[3]
                         net (fo=1, routed)           0.000    10.020    u_gradient/u_cordic/scaled_reg_reg[33]_i_16_n_0
    SLICE_X3Y51          CARRY4 (Prop_carry4_CI_CO[3])
                                                      0.114    10.134 r  u_gradient/u_cordic/scaled_reg_reg[37]_i_16/CO[3]
                         net (fo=1, routed)           0.000    10.134    u_gradient/u_cordic/scaled_reg_reg[37]_i_16_n_0
    SLICE_X3Y52          CARRY4 (Prop_carry4_CI_O[3])
                                                      0.313    10.447 r  u_gradient/u_cordic/scaled_reg_reg[41]_i_13/O[3]
                         net (fo=3, routed)           0.794    11.241    u_gradient/u_cordic/scaled_reg_reg[41]_i_13_n_4
    SLICE_X3Y55          LUT3 (Prop_lut3_I1_O)        0.306    11.547 r  u_gradient/u_cordic/scaled_reg[37]_i_10/O
                         net (fo=2, routed)           0.649    12.196    u_gradient/u_cordic/scaled_reg[37]_i_10_n_0
    SLICE_X3Y55          LUT5 (Prop_lut5_I1_O)        0.153    12.349 r  u_gradient/u_cordic/scaled_reg[37]_i_2/O
                         net (fo=2, routed)           0.679    13.028    u_gradient/u_cordic/scaled_reg[37]_i_2_n_0
    SLICE_X2Y55          LUT6 (Prop_lut6_I0_O)        0.327    13.355 r  u_gradient/u_cordic/scaled_reg[37]_i_6/O
                         net (fo=1, routed)           0.000    13.355    u_gradient/u_cordic/scaled_reg[37]_i_6_n_0
    SLICE_X2Y55          CARRY4 (Prop_carry4_S[3]_CO[3])
                                                      0.376    13.731 r  u_gradient/u_cordic/scaled_reg_reg[37]_i_1/CO[3]
                         net (fo=1, routed)           0.000    13.731    u_gradient/u_cordic/scaled_reg_reg[37]_i_1_n_0
    SLICE_X2Y56          CARRY4 (Prop_carry4_CI_O[2])
                                                      0.239    13.970 r  u_gradient/u_cordic/scaled_reg_reg[41]_i_1/O[2]
                         net (fo=1, routed)           0.000    13.970    u_gradient/u_cordic/scaled_next[40]
    SLICE_X2Y56          FDCE                                         r  u_gradient/u_cordic/scaled_reg_reg[40]/D
  -------------------------------------------------------------------    -------------------

                         (clock clk rise edge)       10.000    10.000 r  <hidden>
    N15                                               0.000    10.000 r  clk
                         net (fo=0)                   0.000    10.000    clk
    N15                  IBUF (Prop_ibuf_I_O)         0.814    10.814 r  clk_IBUF_inst/O
                         net (fo=1, routed)           1.911    12.725    clk_IBUF
    BUFGCTRL_X0Y0        BUFG (Prop_bufg_I_O)         0.091    12.816 r  clk_IBUF_BUFG_inst/O
                         net (fo=5642, routed)        1.602    14.419    u_gradient/u_cordic/clk_IBUF_BUFG
    SLICE_X2Y56          FDCE                                         r  u_gradient/u_cordic/scaled_reg_reg[40]/C
                         clock pessimism              0.251    14.670    <hidden>
                         clock uncertainty           -0.035    14.634    <hidden>
    SLICE_X2Y56          FDCE (Setup_fdce_C_D)        0.109    14.743    u_gradient/u_cordic/scaled_reg_reg[40]
  -------------------------------------------------------------------
                         required time                         14.743    <hidden>
                         arrival time                         -13.970    <hidden>
  -------------------------------------------------------------------
                         slack                                  0.773    <hidden>

Slack (MET) :             0.789ns  (required time - arrival time)
  Source:                 g_engine[0].u_engine/scan_first_pipe_reg/C
                            (rising edge-triggered cell FDCE clocked by clk  {rise@0.000ns fall@5.000ns period=10.000ns})
  Destination:            g_engine[0].u_engine/block_high_reg[1][3][0]/CE
                            (rising edge-triggered cell FDCE clocked by clk  {rise@0.000ns fall@5.000ns period=10.000ns})
  Path Group:             clk
  Path Type:              Setup (Max at Slow Process Corner)
  Requirement:            10.000ns  (clk rise@10.000ns - clk rise@0.000ns)
  Data Path Delay:        8.708ns  (logic 4.078ns (46.829%)  route 4.630ns (53.171%))
  Logic Levels:           10  (CARRY4=5 LUT2=1 LUT3=2 LUT4=1 LUT5=1)
  Clock Path Skew:        -0.054ns (DCD - SCD + CPR)
    Destination Clock Delay (DCD):    4.312ns = ( 14.312 - 10.000 ) 
    Source Clock Delay      (SCD):    4.689ns
    Clock Pessimism Removal (CPR):    0.323ns
  Clock Uncertainty:      0.035ns  ((TSJ^2 + TIJ^2)^1/2 + DJ) / 2 + PE
    Total System Jitter     (TSJ):    0.071ns
    Total Input Jitter      (TIJ):    0.000ns
    Discrete Jitter          (DJ):    0.000ns
    Phase Error              (PE):    0.000ns

    Location             Delay type                Incr(ns)  Path(ns)    Netlist Resource(s)
  -------------------------------------------------------------------    -------------------
                         (clock clk rise edge)        0.000     0.000 r  <hidden>
    N15                                               0.000     0.000 r  clk
                         net (fo=0)                   0.000     0.000    clk
    N15                  IBUF (Prop_ibuf_I_O)         0.948     0.948 r  clk_IBUF_inst/O
                         net (fo=1, routed)           2.016     2.963    clk_IBUF
    BUFGCTRL_X0Y0        BUFG (Prop_bufg_I_O)         0.096     3.059 r  clk_IBUF_BUFG_inst/O
                         net (fo=5642, routed)        1.629     4.689    g_engine[0].u_engine/clk_IBUF_BUFG
    SLICE_X44Y62         FDCE                                         r  g_engine[0].u_engine/scan_first_pipe_reg/C
  -------------------------------------------------------------------    -------------------
    SLICE_X44Y62         FDCE (Prop_fdce_C_Q)         0.456     5.145 r  g_engine[0].u_engine/scan_first_pipe_reg/Q
                         net (fo=132, routed)         0.906     6.051    g_engine[0].u_engine/scan_first_pipe
    SLICE_X45Y62         LUT3 (Prop_lut3_I0_O)        0.124     6.175 r  g_engine[0].u_engine/cumulative[3]_i_10/O
                         net (fo=1, routed)           0.000     6.175    g_engine[0].u_engine/cumulative[3]_i_10_n_0
    SLICE_X45Y62         CARRY4 (Prop_carry4_S[0]_CO[3])
                                                      0.532     6.707 r  g_engine[0].u_engine/cumulative_reg[3]_i_2/CO[3]
                         net (fo=1, routed)           0.000     6.707    g_engine[0].u_engine/cumulative_reg[3]_i_2_n_0
    SLICE_X45Y63         CARRY4 (Prop_carry4_CI_O[2])
                                                      0.239     6.946 r  g_engine[0].u_engine/cumulative_reg[7]_i_2/O[2]
                         net (fo=4, routed)           0.532     7.478    g_engine[0].u_engine/cumulative_next[6]
    SLICE_X44Y63         LUT2 (Prop_lut2_I1_O)        0.302     7.780 r  g_engine[0].u_engine/block_low[1][0][9]_i_33/O
                         net (fo=1, routed)           0.000     7.780    g_engine[0].u_engine/block_low[1][0][9]_i_33_n_0
    SLICE_X44Y63         CARRY4 (Prop_carry4_S[1]_CO[3])
                                                      0.550     8.330 r  g_engine[0].u_engine/block_low_reg[1][0][9]_i_27/CO[3]
                         net (fo=1, routed)           0.000     8.330    g_engine[0].u_engine/block_low_reg[1][0][9]_i_27_n_0
    SLICE_X44Y64         CARRY4 (Prop_carry4_CI_O[1])
                                                      0.334     8.664 r  g_engine[0].u_engine/block_low_reg[1][0][9]_i_25/O[1]
                         net (fo=2, routed)           0.654     9.318    g_engine[0].u_engine/u_step/five_cumulative[10]
    SLICE_X43Y64         LUT3 (Prop_lut3_I0_O)        0.303     9.621 r  g_engine[0].u_engine/block_low[1][0][9]_i_13/O
                         net (fo=1, routed)           0.000     9.621    g_engine[0].u_engine/block_low[1][0][9]_i_13_n_0
    SLICE_X43Y64         CARRY4 (Prop_carry4_S[1]_CO[2])
                                                      0.570    10.191 r  g_engine[0].u_engine/block_low_reg[1][0][9]_i_6/CO[2]
                         net (fo=3, routed)           0.718    10.909    g_engine[0].u_engine/block_low_reg[1][0][9]_i_6_n_1
    SLICE_X41Y68         LUT4 (Prop_lut4_I2_O)        0.308    11.217 r  g_engine[0].u_engine/block_low[1][0][9]_i_5/O
                         net (fo=107, routed)         1.040    12.256    g_engine[0].u_engine/selected0
    SLICE_X39Y75         LUT5 (Prop_lut5_I4_O)        0.360    12.616 r  g_engine[0].u_engine/block_low[1][3][9]_i_1/O
                         net (fo=13, routed)          0.780    13.397    g_engine[0].u_engine/block_low[1][3][9]_i_1_n_0
    SLICE_X47Y76         FDCE                                         r  g_engine[0].u_engine/block_high_reg[1][3][0]/CE
  -------------------------------------------------------------------    -------------------

                         (clock clk rise edge)       10.000    10.000 r  <hidden>
    N15                                               0.000    10.000 r  clk
                         net (fo=0)                   0.000    10.000    clk
    N15                  IBUF (Prop_ibuf_I_O)         0.814    10.814 r  clk_IBUF_inst/O
                         net (fo=1, routed)           1.911    12.725    clk_IBUF
    BUFGCTRL_X0Y0        BUFG (Prop_bufg_I_O)         0.091    12.816 r  clk_IBUF_BUFG_inst/O
                         net (fo=5642, routed)        1.495    14.312    g_engine[0].u_engine/clk_IBUF_BUFG
    SLICE_X47Y76         FDCE                                         r  g_engine[0].u_engine/block_high_reg[1][3][0]/C
                         clock pessimism              0.323    14.635    <hidden>
                         clock uncertainty           -0.035    14.599    <hidden>
    SLICE_X47Y76         FDCE (Setup_fdce_C_CE)      -0.413    14.186    g_engine[0].u_engine/block_high_reg[1][3][0]
  -------------------------------------------------------------------
                         required time                         14.186    <hidden>
                         arrival time                         -13.397    <hidden>
  -------------------------------------------------------------------
                         slack                                  0.789    <hidden>

Slack (MET) :             0.793ns  (required time - arrival time)
  Source:                 u_gradient/u_cordic/g_stage[15].x_reg_reg[1]/C
                            (rising edge-triggered cell FDCE clocked by clk  {rise@0.000ns fall@5.000ns period=10.000ns})
  Destination:            u_gradient/u_cordic/scaled_reg_reg[38]/D
                            (rising edge-triggered cell FDCE clocked by clk  {rise@0.000ns fall@5.000ns period=10.000ns})
  Path Group:             clk
  Path Type:              Setup (Max at Slow Process Corner)
  Requirement:            10.000ns  (clk rise@10.000ns - clk rise@0.000ns)
  Data Path Delay:        9.073ns  (logic 4.617ns (50.889%)  route 4.456ns (49.111%))
  Logic Levels:           15  (CARRY4=10 LUT3=2 LUT4=1 LUT5=1 LUT6=1)
  Clock Path Skew:        -0.208ns (DCD - SCD + CPR)
    Destination Clock Delay (DCD):    4.419ns = ( 14.419 - 10.000 ) 
    Source Clock Delay      (SCD):    4.878ns
    Clock Pessimism Removal (CPR):    0.251ns
  Clock Uncertainty:      0.035ns  ((TSJ^2 + TIJ^2)^1/2 + DJ) / 2 + PE
    Total System Jitter     (TSJ):    0.071ns
    Total Input Jitter      (TIJ):    0.000ns
    Discrete Jitter          (DJ):    0.000ns
    Phase Error              (PE):    0.000ns

    Location             Delay type                Incr(ns)  Path(ns)    Netlist Resource(s)
  -------------------------------------------------------------------    -------------------
                         (clock clk rise edge)        0.000     0.000 r  <hidden>
    N15                                               0.000     0.000 r  clk
                         net (fo=0)                   0.000     0.000    clk
    N15                  IBUF (Prop_ibuf_I_O)         0.948     0.948 r  clk_IBUF_inst/O
                         net (fo=1, routed)           2.016     2.963    clk_IBUF
    BUFGCTRL_X0Y0        BUFG (Prop_bufg_I_O)         0.096     3.059 r  clk_IBUF_BUFG_inst/O
                         net (fo=5642, routed)        1.818     4.878    u_gradient/u_cordic/clk_IBUF_BUFG
    SLICE_X8Y43          FDCE                                         r  u_gradient/u_cordic/g_stage[15].x_reg_reg[1]/C
  -------------------------------------------------------------------    -------------------
    SLICE_X8Y43          FDCE (Prop_fdce_C_Q)         0.518     5.396 r  u_gradient/u_cordic/g_stage[15].x_reg_reg[1]/Q
                         net (fo=17, routed)          0.984     6.379    u_gradient/u_cordic/g_stage[15].x_reg[1]
    SLICE_X4Y46          CARRY4 (Prop_carry4_S[0]_CO[3])
                                                      0.656     7.035 r  u_gradient/u_cordic/scaled_reg_reg[29]_i_168/CO[3]
                         net (fo=1, routed)           0.000     7.035    u_gradient/u_cordic/scaled_reg_reg[29]_i_168_n_0
    SLICE_X4Y47          CARRY4 (Prop_carry4_CI_CO[3])
                                                      0.114     7.149 r  u_gradient/u_cordic/scaled_reg_reg[29]_i_142/CO[3]
                         net (fo=1, routed)           0.000     7.149    u_gradient/u_cordic/scaled_reg_reg[29]_i_142_n_0
    SLICE_X4Y48          CARRY4 (Prop_carry4_CI_CO[3])
                                                      0.114     7.263 r  u_gradient/u_cordic/scaled_reg_reg[29]_i_111/CO[3]
                         net (fo=1, routed)           0.000     7.263    u_gradient/u_cordic/scaled_reg_reg[29]_i_111_n_0
    SLICE_X4Y49          CARRY4 (Prop_carry4_CI_CO[3])
                                                      0.114     7.377 r  u_gradient/u_cordic/scaled_reg_reg[29]_i_83/CO[3]
                         net (fo=1, routed)           0.001     7.378    u_gradient/u_cordic/scaled_reg_reg[29]_i_83_n_0
    SLICE_X4Y50          CARRY4 (Prop_carry4_CI_O[1])
                                                      0.334     7.712 r  u_gradient/u_cordic/scaled_reg_reg[33]_i_30/O[1]
                         net (fo=2, routed)           0.781     8.493    u_gradient/u_cordic/scaled_reg_reg[33]_i_30_n_6
    SLICE_X7Y50          LUT3 (Prop_lut3_I0_O)        0.303     8.796 r  u_gradient/u_cordic/scaled_reg[33]_i_24/O
                         net (fo=2, routed)           0.568     9.364    u_gradient/u_cordic/scaled_reg[33]_i_24_n_0
    SLICE_X3Y50          LUT4 (Prop_lut4_I3_O)        0.124     9.488 r  u_gradient/u_cordic/scaled_reg[33]_i_28/O
                         net (fo=1, routed)           0.000     9.488    u_gradient/u_cordic/scaled_reg[33]_i_28_n_0
    SLICE_X3Y50          CARRY4 (Prop_carry4_S[0]_CO[3])
                                                      0.532    10.020 r  u_gradient/u_cordic/scaled_reg_reg[33]_i_16/CO[3]
                         net (fo=1, routed)           0.000    10.020    u_gradient/u_cordic/scaled_reg_reg[33]_i_16_n_0
    SLICE_X3Y51          CARRY4 (Prop_carry4_CI_CO[3])
                                                      0.114    10.134 r  u_gradient/u_cordic/scaled_reg_reg[37]_i_16/CO[3]
                         net (fo=1, routed)           0.000    10.134    u_gradient/u_cordic/scaled_reg_reg[37]_i_16_n_0
    SLICE_X3Y52          CARRY4 (Prop_carry4_CI_O[3])
                                                      0.313    10.447 r  u_gradient/u_cordic/scaled_reg_reg[41]_i_13/O[3]
                         net (fo=3, routed)           0.794    11.241    u_gradient/u_cordic/scaled_reg_reg[41]_i_13_n_4
    SLICE_X3Y55          LUT3 (Prop_lut3_I1_O)        0.306    11.547 r  u_gradient/u_cordic/scaled_reg[37]_i_10/O
                         net (fo=2, routed)           0.649    12.196    u_gradient/u_cordic/scaled_reg[37]_i_10_n_0
    SLICE_X3Y55          LUT5 (Prop_lut5_I1_O)        0.153    12.349 r  u_gradient/u_cordic/scaled_reg[37]_i_2/O
                         net (fo=2, routed)           0.679    13.028    u_gradient/u_cordic/scaled_reg[37]_i_2_n_0
    SLICE_X2Y55          LUT6 (Prop_lut6_I0_O)        0.327    13.355 r  u_gradient/u_cordic/scaled_reg[37]_i_6/O
                         net (fo=1, routed)           0.000    13.355    u_gradient/u_cordic/scaled_reg[37]_i_6_n_0
    SLICE_X2Y55          CARRY4 (Prop_carry4_S[3]_CO[3])
                                                      0.376    13.731 r  u_gradient/u_cordic/scaled_reg_reg[37]_i_1/CO[3]
                         net (fo=1, routed)           0.000    13.731    u_gradient/u_cordic/scaled_reg_reg[37]_i_1_n_0
    SLICE_X2Y56          CARRY4 (Prop_carry4_CI_O[0])
                                                      0.219    13.950 r  u_gradient/u_cordic/scaled_reg_reg[41]_i_1/O[0]
                         net (fo=1, routed)           0.000    13.950    u_gradient/u_cordic/scaled_next[38]
    SLICE_X2Y56          FDCE                                         r  u_gradient/u_cordic/scaled_reg_reg[38]/D
  -------------------------------------------------------------------    -------------------

                         (clock clk rise edge)       10.000    10.000 r  <hidden>
    N15                                               0.000    10.000 r  clk
                         net (fo=0)                   0.000    10.000    clk
    N15                  IBUF (Prop_ibuf_I_O)         0.814    10.814 r  clk_IBUF_inst/O
                         net (fo=1, routed)           1.911    12.725    clk_IBUF
    BUFGCTRL_X0Y0        BUFG (Prop_bufg_I_O)         0.091    12.816 r  clk_IBUF_BUFG_inst/O
                         net (fo=5642, routed)        1.602    14.419    u_gradient/u_cordic/clk_IBUF_BUFG
    SLICE_X2Y56          FDCE                                         r  u_gradient/u_cordic/scaled_reg_reg[38]/C
                         clock pessimism              0.251    14.670    <hidden>
                         clock uncertainty           -0.035    14.634    <hidden>
    SLICE_X2Y56          FDCE (Setup_fdce_C_D)        0.109    14.743    u_gradient/u_cordic/scaled_reg_reg[38]
  -------------------------------------------------------------------
                         required time                         14.743    <hidden>
                         arrival time                         -13.950    <hidden>
  -------------------------------------------------------------------
                         slack                                  0.793    <hidden>

Slack (MET) :             0.874ns  (required time - arrival time)
  Source:                 g_engine[0].u_engine/scan_first_pipe_reg/C
                            (rising edge-triggered cell FDCE clocked by clk  {rise@0.000ns fall@5.000ns period=10.000ns})
  Destination:            g_engine[0].u_engine/block_low_reg[1][3][7]/CE
                            (rising edge-triggered cell FDCE clocked by clk  {rise@0.000ns fall@5.000ns period=10.000ns})
  Path Group:             clk
  Path Type:              Setup (Max at Slow Process Corner)
  Requirement:            10.000ns  (clk rise@10.000ns - clk rise@0.000ns)
  Data Path Delay:        8.662ns  (logic 4.078ns (47.078%)  route 4.584ns (52.922%))
  Logic Levels:           10  (CARRY4=5 LUT2=1 LUT3=2 LUT4=1 LUT5=1)
  Clock Path Skew:        -0.051ns (DCD - SCD + CPR)
    Destination Clock Delay (DCD):    4.315ns = ( 14.315 - 10.000 ) 
    Source Clock Delay      (SCD):    4.689ns
    Clock Pessimism Removal (CPR):    0.323ns
  Clock Uncertainty:      0.035ns  ((TSJ^2 + TIJ^2)^1/2 + DJ) / 2 + PE
    Total System Jitter     (TSJ):    0.071ns
    Total Input Jitter      (TIJ):    0.000ns
    Discrete Jitter          (DJ):    0.000ns
    Phase Error              (PE):    0.000ns

    Location             Delay type                Incr(ns)  Path(ns)    Netlist Resource(s)
  -------------------------------------------------------------------    -------------------
                         (clock clk rise edge)        0.000     0.000 r  <hidden>
    N15                                               0.000     0.000 r  clk
                         net (fo=0)                   0.000     0.000    clk
    N15                  IBUF (Prop_ibuf_I_O)         0.948     0.948 r  clk_IBUF_inst/O
                         net (fo=1, routed)           2.016     2.963    clk_IBUF
    BUFGCTRL_X0Y0        BUFG (Prop_bufg_I_O)         0.096     3.059 r  clk_IBUF_BUFG_inst/O
                         net (fo=5642, routed)        1.629     4.689    g_engine[0].u_engine/clk_IBUF_BUFG
    SLICE_X44Y62         FDCE                                         r  g_engine[0].u_engine/scan_first_pipe_reg/C
  -------------------------------------------------------------------    -------------------
    SLICE_X44Y62         FDCE (Prop_fdce_C_Q)         0.456     5.145 r  g_engine[0].u_engine/scan_first_pipe_reg/Q
                         net (fo=132, routed)         0.906     6.051    g_engine[0].u_engine/scan_first_pipe
    SLICE_X45Y62         LUT3 (Prop_lut3_I0_O)        0.124     6.175 r  g_engine[0].u_engine/cumulative[3]_i_10/O
                         net (fo=1, routed)           0.000     6.175    g_engine[0].u_engine/cumulative[3]_i_10_n_0
    SLICE_X45Y62         CARRY4 (Prop_carry4_S[0]_CO[3])
                                                      0.532     6.707 r  g_engine[0].u_engine/cumulative_reg[3]_i_2/CO[3]
                         net (fo=1, routed)           0.000     6.707    g_engine[0].u_engine/cumulative_reg[3]_i_2_n_0
    SLICE_X45Y63         CARRY4 (Prop_carry4_CI_O[2])
                                                      0.239     6.946 r  g_engine[0].u_engine/cumulative_reg[7]_i_2/O[2]
                         net (fo=4, routed)           0.532     7.478    g_engine[0].u_engine/cumulative_next[6]
    SLICE_X44Y63         LUT2 (Prop_lut2_I1_O)        0.302     7.780 r  g_engine[0].u_engine/block_low[1][0][9]_i_33/O
                         net (fo=1, routed)           0.000     7.780    g_engine[0].u_engine/block_low[1][0][9]_i_33_n_0
    SLICE_X44Y63         CARRY4 (Prop_carry4_S[1]_CO[3])
                                                      0.550     8.330 r  g_engine[0].u_engine/block_low_reg[1][0][9]_i_27/CO[3]
                         net (fo=1, routed)           0.000     8.330    g_engine[0].u_engine/block_low_reg[1][0][9]_i_27_n_0
    SLICE_X44Y64         CARRY4 (Prop_carry4_CI_O[1])
                                                      0.334     8.664 r  g_engine[0].u_engine/block_low_reg[1][0][9]_i_25/O[1]
                         net (fo=2, routed)           0.654     9.318    g_engine[0].u_engine/u_step/five_cumulative[10]
    SLICE_X43Y64         LUT3 (Prop_lut3_I0_O)        0.303     9.621 r  g_engine[0].u_engine/block_low[1][0][9]_i_13/O
                         net (fo=1, routed)           0.000     9.621    g_engine[0].u_engine/block_low[1][0][9]_i_13_n_0
    SLICE_X43Y64         CARRY4 (Prop_carry4_S[1]_CO[2])
                                                      0.570    10.191 r  g_engine[0].u_engine/block_low_reg[1][0][9]_i_6/CO[2]
                         net (fo=3, routed)           0.718    10.909    g_engine[0].u_engine/block_low_reg[1][0][9]_i_6_n_1
    SLICE_X41Y68         LUT4 (Prop_lut4_I2_O)        0.308    11.217 r  g_engine[0].u_engine/block_low[1][0][9]_i_5/O
                         net (fo=107, routed)         1.040    12.256    g_engine[0].u_engine/selected0
    SLICE_X39Y75         LUT5 (Prop_lut5_I4_O)        0.360    12.616 r  g_engine[0].u_engine/block_low[1][3][9]_i_1/O
                         net (fo=13, routed)          0.734    13.351    g_engine[0].u_engine/block_low[1][3][9]_i_1_n_0
    SLICE_X46Y78         FDCE                                         r  g_engine[0].u_engine/block_low_reg[1][3][7]/CE
  -------------------------------------------------------------------    -------------------

                         (clock clk rise edge)       10.000    10.000 r  <hidden>
    N15                                               0.000    10.000 r  clk
                         net (fo=0)                   0.000    10.000    clk
    N15                  IBUF (Prop_ibuf_I_O)         0.814    10.814 r  clk_IBUF_inst/O
                         net (fo=1, routed)           1.911    12.725    clk_IBUF
    BUFGCTRL_X0Y0        BUFG (Prop_bufg_I_O)         0.091    12.816 r  clk_IBUF_BUFG_inst/O
                         net (fo=5642, routed)        1.498    14.315    g_engine[0].u_engine/clk_IBUF_BUFG
    SLICE_X46Y78         FDCE                                         r  g_engine[0].u_engine/block_low_reg[1][3][7]/C
                         clock pessimism              0.323    14.638    <hidden>
                         clock uncertainty           -0.035    14.602    <hidden>
    SLICE_X46Y78         FDCE (Setup_fdce_C_CE)      -0.377    14.225    g_engine[0].u_engine/block_low_reg[1][3][7]
  -------------------------------------------------------------------
                         required time                         14.225    <hidden>
                         arrival time                         -13.351    <hidden>
  -------------------------------------------------------------------
                         slack                                  0.874    <hidden>

Slack (MET) :             0.878ns  (required time - arrival time)
  Source:                 g_engine[1].u_engine/scan_count_pipe_reg[1]/C
                            (rising edge-triggered cell FDCE clocked by clk  {rise@0.000ns fall@5.000ns period=10.000ns})
  Destination:            g_engine[1].u_engine/block_high_reg[1][9][10]/CE
                            (rising edge-triggered cell FDCE clocked by clk  {rise@0.000ns fall@5.000ns period=10.000ns})
  Path Group:             clk
  Path Type:              Setup (Max at Slow Process Corner)
  Requirement:            10.000ns  (clk rise@10.000ns - clk rise@0.000ns)
  Data Path Delay:        8.623ns  (logic 4.015ns (46.563%)  route 4.608ns (53.437%))
  Logic Levels:           10  (CARRY4=5 LUT2=1 LUT3=1 LUT4=2 LUT5=1)
  Clock Path Skew:        -0.035ns (DCD - SCD + CPR)
    Destination Clock Delay (DCD):    4.489ns = ( 14.489 - 10.000 ) 
    Source Clock Delay      (SCD):    4.856ns
    Clock Pessimism Removal (CPR):    0.331ns
  Clock Uncertainty:      0.035ns  ((TSJ^2 + TIJ^2)^1/2 + DJ) / 2 + PE
    Total System Jitter     (TSJ):    0.071ns
    Total Input Jitter      (TIJ):    0.000ns
    Discrete Jitter          (DJ):    0.000ns
    Phase Error              (PE):    0.000ns

    Location             Delay type                Incr(ns)  Path(ns)    Netlist Resource(s)
  -------------------------------------------------------------------    -------------------
                         (clock clk rise edge)        0.000     0.000 r  <hidden>
    N15                                               0.000     0.000 r  clk
                         net (fo=0)                   0.000     0.000    clk
    N15                  IBUF (Prop_ibuf_I_O)         0.948     0.948 r  clk_IBUF_inst/O
                         net (fo=1, routed)           2.016     2.963    clk_IBUF
    BUFGCTRL_X0Y0        BUFG (Prop_bufg_I_O)         0.096     3.059 r  clk_IBUF_BUFG_inst/O
                         net (fo=5642, routed)        1.796     4.856    g_engine[1].u_engine/clk_IBUF_BUFG
    SLICE_X45Y30         FDCE                                         r  g_engine[1].u_engine/scan_count_pipe_reg[1]/C
  -------------------------------------------------------------------    -------------------
    SLICE_X45Y30         FDCE (Prop_fdce_C_Q)         0.456     5.312 r  g_engine[1].u_engine/scan_count_pipe_reg[1]/Q
                         net (fo=1, routed)           0.747     6.059    g_engine[1].u_engine/scan_count_pipe[1]
    SLICE_X45Y36         LUT3 (Prop_lut3_I2_O)        0.124     6.183 r  g_engine[1].u_engine/cumulative[3]_i_9__0/O
                         net (fo=1, routed)           0.000     6.183    g_engine[1].u_engine/cumulative[3]_i_9__0_n_0
    SLICE_X45Y36         CARRY4 (Prop_carry4_S[1]_CO[3])
                                                      0.550     6.733 r  g_engine[1].u_engine/cumulative_reg[3]_i_2__0/CO[3]
                         net (fo=1, routed)           0.000     6.733    g_engine[1].u_engine/cumulative_reg[3]_i_2__0_n_0
    SLICE_X45Y37         CARRY4 (Prop_carry4_CI_O[1])
                                                      0.334     7.067 r  g_engine[1].u_engine/cumulative_reg[7]_i_2__0/O[1]
                         net (fo=4, routed)           0.488     7.555    g_engine[1].u_engine/cumulative_next[5]
    SLICE_X44Y39         LUT2 (Prop_lut2_I1_O)        0.303     7.858 r  g_engine[1].u_engine/block_low[1][0][9]_i_34__0/O
                         net (fo=1, routed)           0.000     7.858    g_engine[1].u_engine/block_low[1][0][9]_i_34__0_n_0
    SLICE_X44Y39         CARRY4 (Prop_carry4_S[0]_CO[3])
                                                      0.532     8.390 r  g_engine[1].u_engine/block_low_reg[1][0][9]_i_27__0/CO[3]
                         net (fo=1, routed)           0.000     8.390    g_engine[1].u_engine/block_low_reg[1][0][9]_i_27__0_n_0
    SLICE_X44Y40         CARRY4 (Prop_carry4_CI_O[0])
                                                      0.222     8.612 r  g_engine[1].u_engine/block_low_reg[1][0][9]_i_25__0/O[0]
                         net (fo=2, routed)           0.626     9.237    g_engine[1].u_engine/u_step/five_cumulative[9]
    SLICE_X45Y40         LUT4 (Prop_lut4_I2_O)        0.299     9.536 r  g_engine[1].u_engine/block_low[1][0][9]_i_14__0/O
                         net (fo=1, routed)           0.000     9.536    g_engine[1].u_engine/block_low[1][0][9]_i_14__0_n_0
    SLICE_X45Y40         CARRY4 (Prop_carry4_S[0]_CO[2])
                                                      0.536    10.072 r  g_engine[1].u_engine/block_low_reg[1][0][9]_i_6__0/CO[2]
                         net (fo=3, routed)           0.608    10.680    g_engine[1].u_engine/block_low_reg[1][0][9]_i_6__0_n_1
    SLICE_X41Y35         LUT4 (Prop_lut4_I2_O)        0.307    10.987 r  g_engine[1].u_engine/block_low[1][8][9]_i_4__0/O
                         net (fo=120, routed)         1.184    12.171    g_engine[1].u_engine/block_low[1][8][9]_i_4__0_n_0
    SLICE_X34Y25         LUT5 (Prop_lut5_I4_O)        0.352    12.523 r  g_engine[1].u_engine/block_low[1][9][9]_i_1__0/O
                         net (fo=13, routed)          0.955    13.478    g_engine[1].u_engine/block_low[1][9][9]_i_1__0_n_0
    SLICE_X27Y21         FDCE                                         r  g_engine[1].u_engine/block_high_reg[1][9][10]/CE
  -------------------------------------------------------------------    -------------------

                         (clock clk rise edge)       10.000    10.000 r  <hidden>
    N15                                               0.000    10.000 r  clk
                         net (fo=0)                   0.000    10.000    clk
    N15                  IBUF (Prop_ibuf_I_O)         0.814    10.814 r  clk_IBUF_inst/O
                         net (fo=1, routed)           1.911    12.725    clk_IBUF
    BUFGCTRL_X0Y0        BUFG (Prop_bufg_I_O)         0.091    12.816 r  clk_IBUF_BUFG_inst/O
                         net (fo=5642, routed)        1.673    14.489    g_engine[1].u_engine/clk_IBUF_BUFG
    SLICE_X27Y21         FDCE                                         r  g_engine[1].u_engine/block_high_reg[1][9][10]/C
                         clock pessimism              0.331    14.821    <hidden>
                         clock uncertainty           -0.035    14.785    <hidden>
    SLICE_X27Y21         FDCE (Setup_fdce_C_CE)      -0.429    14.356    g_engine[1].u_engine/block_high_reg[1][9][10]
  -------------------------------------------------------------------
                         required time                         14.356    <hidden>
                         arrival time                         -13.478    <hidden>
  -------------------------------------------------------------------
                         slack                                  0.878    <hidden>

Slack (MET) :             0.879ns  (required time - arrival time)
  Source:                 g_engine[1].u_engine/scan_count_pipe_reg[1]/C
                            (rising edge-triggered cell FDCE clocked by clk  {rise@0.000ns fall@5.000ns period=10.000ns})
  Destination:            g_engine[1].u_engine/block_low_reg[1][15][4]/CE
                            (rising edge-triggered cell FDCE clocked by clk  {rise@0.000ns fall@5.000ns period=10.000ns})
  Path Group:             clk
  Path Type:              Setup (Max at Slow Process Corner)
  Requirement:            10.000ns  (clk rise@10.000ns - clk rise@0.000ns)
  Data Path Delay:        8.644ns  (logic 3.983ns (46.076%)  route 4.661ns (53.924%))
  Logic Levels:           10  (CARRY4=5 LUT2=1 LUT3=1 LUT4=2 LUT5=1)
  Clock Path Skew:        -0.034ns (DCD - SCD + CPR)
    Destination Clock Delay (DCD):    4.490ns = ( 14.490 - 10.000 ) 
    Source Clock Delay      (SCD):    4.856ns
    Clock Pessimism Removal (CPR):    0.331ns
  Clock Uncertainty:      0.035ns  ((TSJ^2 + TIJ^2)^1/2 + DJ) / 2 + PE
    Total System Jitter     (TSJ):    0.071ns
    Total Input Jitter      (TIJ):    0.000ns
    Discrete Jitter          (DJ):    0.000ns
    Phase Error              (PE):    0.000ns

    Location             Delay type                Incr(ns)  Path(ns)    Netlist Resource(s)
  -------------------------------------------------------------------    -------------------
                         (clock clk rise edge)        0.000     0.000 r  <hidden>
    N15                                               0.000     0.000 r  clk
                         net (fo=0)                   0.000     0.000    clk
    N15                  IBUF (Prop_ibuf_I_O)         0.948     0.948 r  clk_IBUF_inst/O
                         net (fo=1, routed)           2.016     2.963    clk_IBUF
    BUFGCTRL_X0Y0        BUFG (Prop_bufg_I_O)         0.096     3.059 r  clk_IBUF_BUFG_inst/O
                         net (fo=5642, routed)        1.796     4.856    g_engine[1].u_engine/clk_IBUF_BUFG
    SLICE_X45Y30         FDCE                                         r  g_engine[1].u_engine/scan_count_pipe_reg[1]/C
  -------------------------------------------------------------------    -------------------
    SLICE_X45Y30         FDCE (Prop_fdce_C_Q)         0.456     5.312 r  g_engine[1].u_engine/scan_count_pipe_reg[1]/Q
                         net (fo=1, routed)           0.747     6.059    g_engine[1].u_engine/scan_count_pipe[1]
    SLICE_X45Y36         LUT3 (Prop_lut3_I2_O)        0.124     6.183 r  g_engine[1].u_engine/cumulative[3]_i_9__0/O
                         net (fo=1, routed)           0.000     6.183    g_engine[1].u_engine/cumulative[3]_i_9__0_n_0
    SLICE_X45Y36         CARRY4 (Prop_carry4_S[1]_CO[3])
                                                      0.550     6.733 r  g_engine[1].u_engine/cumulative_reg[3]_i_2__0/CO[3]
                         net (fo=1, routed)           0.000     6.733    g_engine[1].u_engine/cumulative_reg[3]_i_2__0_n_0
    SLICE_X45Y37         CARRY4 (Prop_carry4_CI_O[1])
                                                      0.334     7.067 r  g_engine[1].u_engine/cumulative_reg[7]_i_2__0/O[1]
                         net (fo=4, routed)           0.488     7.555    g_engine[1].u_engine/cumulative_next[5]
    SLICE_X44Y39         LUT2 (Prop_lut2_I1_O)        0.303     7.858 r  g_engine[1].u_engine/block_low[1][0][9]_i_34__0/O
                         net (fo=1, routed)           0.000     7.858    g_engine[1].u_engine/block_low[1][0][9]_i_34__0_n_0
    SLICE_X44Y39         CARRY4 (Prop_carry4_S[0]_CO[3])
                                                      0.532     8.390 r  g_engine[1].u_engine/block_low_reg[1][0][9]_i_27__0/CO[3]
                         net (fo=1, routed)           0.000     8.390    g_engine[1].u_engine/block_low_reg[1][0][9]_i_27__0_n_0
    SLICE_X44Y40         CARRY4 (Prop_carry4_CI_O[0])
                                                      0.222     8.612 r  g_engine[1].u_engine/block_low_reg[1][0][9]_i_25__0/O[0]
                         net (fo=2, routed)           0.626     9.237    g_engine[1].u_engine/u_step/five_cumulative[9]
    SLICE_X45Y40         LUT4 (Prop_lut4_I2_O)        0.299     9.536 r  g_engine[1].u_engine/block_low[1][0][9]_i_14__0/O
                         net (fo=1, routed)           0.000     9.536    g_engine[1].u_engine/block_low[1][0][9]_i_14__0_n_0
    SLICE_X45Y40         CARRY4 (Prop_carry4_S[0]_CO[2])
                                                      0.536    10.072 r  g_engine[1].u_engine/block_low_reg[1][0][9]_i_6__0/CO[2]
                         net (fo=3, routed)           0.608    10.680    g_engine[1].u_engine/block_low_reg[1][0][9]_i_6__0_n_1
    SLICE_X41Y35         LUT4 (Prop_lut4_I2_O)        0.307    10.987 r  g_engine[1].u_engine/block_low[1][8][9]_i_4__0/O
                         net (fo=120, routed)         1.435    12.422    g_engine[1].u_engine/block_low[1][8][9]_i_4__0_n_0
    SLICE_X26Y24         LUT5 (Prop_lut5_I4_O)        0.320    12.742 r  g_engine[1].u_engine/block_low[1][15][9]_i_1__0/O
                         net (fo=13, routed)          0.758    13.500    g_engine[1].u_engine/block_low[1][15][9]_i_1__0_n_0
    SLICE_X25Y20         FDCE                                         r  g_engine[1].u_engine/block_low_reg[1][15][4]/CE
  -------------------------------------------------------------------    -------------------

                         (clock clk rise edge)       10.000    10.000 r  <hidden>
    N15                                               0.000    10.000 r  clk
                         net (fo=0)                   0.000    10.000    clk
    N15                  IBUF (Prop_ibuf_I_O)         0.814    10.814 r  clk_IBUF_inst/O
                         net (fo=1, routed)           1.911    12.725    clk_IBUF
    BUFGCTRL_X0Y0        BUFG (Prop_bufg_I_O)         0.091    12.816 r  clk_IBUF_BUFG_inst/O
                         net (fo=5642, routed)        1.674    14.490    g_engine[1].u_engine/clk_IBUF_BUFG
    SLICE_X25Y20         FDCE                                         r  g_engine[1].u_engine/block_low_reg[1][15][4]/C
                         clock pessimism              0.331    14.822    <hidden>
                         clock uncertainty           -0.035    14.786    <hidden>
    SLICE_X25Y20         FDCE (Setup_fdce_C_CE)      -0.407    14.379    g_engine[1].u_engine/block_low_reg[1][15][4]
  -------------------------------------------------------------------
                         required time                         14.379    <hidden>
                         arrival time                         -13.500    <hidden>
  -------------------------------------------------------------------
                         slack                                  0.879    <hidden>

Slack (MET) :             0.904ns  (required time - arrival time)
  Source:                 u_gradient/u_cordic/g_stage[15].x_reg_reg[1]/C
                            (rising edge-triggered cell FDCE clocked by clk  {rise@0.000ns fall@5.000ns period=10.000ns})
  Destination:            u_gradient/u_cordic/scaled_reg_reg[35]/D
                            (rising edge-triggered cell FDCE clocked by clk  {rise@0.000ns fall@5.000ns period=10.000ns})
  Path Group:             clk
  Path Type:              Setup (Max at Slow Process Corner)
  Requirement:            10.000ns  (clk rise@10.000ns - clk rise@0.000ns)
  Data Path Delay:        8.962ns  (logic 4.555ns (50.827%)  route 4.407ns (49.173%))
  Logic Levels:           13  (CARRY4=9 LUT3=2 LUT4=1 LUT5=1)
  Clock Path Skew:        -0.208ns (DCD - SCD + CPR)
    Destination Clock Delay (DCD):    4.419ns = ( 14.419 - 10.000 ) 
    Source Clock Delay      (SCD):    4.878ns
    Clock Pessimism Removal (CPR):    0.251ns
  Clock Uncertainty:      0.035ns  ((TSJ^2 + TIJ^2)^1/2 + DJ) / 2 + PE
    Total System Jitter     (TSJ):    0.071ns
    Total Input Jitter      (TIJ):    0.000ns
    Discrete Jitter          (DJ):    0.000ns
    Phase Error              (PE):    0.000ns

    Location             Delay type                Incr(ns)  Path(ns)    Netlist Resource(s)
  -------------------------------------------------------------------    -------------------
                         (clock clk rise edge)        0.000     0.000 r  <hidden>
    N15                                               0.000     0.000 r  clk
                         net (fo=0)                   0.000     0.000    clk
    N15                  IBUF (Prop_ibuf_I_O)         0.948     0.948 r  clk_IBUF_inst/O
                         net (fo=1, routed)           2.016     2.963    clk_IBUF
    BUFGCTRL_X0Y0        BUFG (Prop_bufg_I_O)         0.096     3.059 r  clk_IBUF_BUFG_inst/O
                         net (fo=5642, routed)        1.818     4.878    u_gradient/u_cordic/clk_IBUF_BUFG
    SLICE_X8Y43          FDCE                                         r  u_gradient/u_cordic/g_stage[15].x_reg_reg[1]/C
  -------------------------------------------------------------------    -------------------
    SLICE_X8Y43          FDCE (Prop_fdce_C_Q)         0.518     5.396 r  u_gradient/u_cordic/g_stage[15].x_reg_reg[1]/Q
                         net (fo=17, routed)          0.984     6.379    u_gradient/u_cordic/g_stage[15].x_reg[1]
    SLICE_X4Y46          CARRY4 (Prop_carry4_S[0]_CO[3])
                                                      0.656     7.035 r  u_gradient/u_cordic/scaled_reg_reg[29]_i_168/CO[3]
                         net (fo=1, routed)           0.000     7.035    u_gradient/u_cordic/scaled_reg_reg[29]_i_168_n_0
    SLICE_X4Y47          CARRY4 (Prop_carry4_CI_CO[3])
                                                      0.114     7.149 r  u_gradient/u_cordic/scaled_reg_reg[29]_i_142/CO[3]
                         net (fo=1, routed)           0.000     7.149    u_gradient/u_cordic/scaled_reg_reg[29]_i_142_n_0
    SLICE_X4Y48          CARRY4 (Prop_carry4_CI_CO[3])
                                                      0.114     7.263 r  u_gradient/u_cordic/scaled_reg_reg[29]_i_111/CO[3]
                         net (fo=1, routed)           0.000     7.263    u_gradient/u_cordic/scaled_reg_reg[29]_i_111_n_0
    SLICE_X4Y49          CARRY4 (Prop_carry4_CI_CO[3])
                                                      0.114     7.377 r  u_gradient/u_cordic/scaled_reg_reg[29]_i_83/CO[3]
                         net (fo=1, routed)           0.001     7.378    u_gradient/u_cordic/scaled_reg_reg[29]_i_83_n_0
    SLICE_X4Y50          CARRY4 (Prop_carry4_CI_O[1])
                                                      0.334     7.712 r  u_gradient/u_cordic/scaled_reg_reg[33]_i_30/O[1]
                         net (fo=2, routed)           0.781     8.493    u_gradient/u_cordic/scaled_reg_reg[33]_i_30_n_6
    SLICE_X7Y50          LUT3 (Prop_lut3_I0_O)        0.303     8.796 r  u_gradient/u_cordic/scaled_reg[33]_i_24/O
                         net (fo=2, routed)           0.568     9.364    u_gradient/u_cordic/scaled_reg[33]_i_24_n_0
    SLICE_X3Y50          LUT4 (Prop_lut4_I3_O)        0.124     9.488 r  u_gradient/u_cordic/scaled_reg[33]_i_28/O
                         net (fo=1, routed)           0.000     9.488    u_gradient/u_cordic/scaled_reg[33]_i_28_n_0
    SLICE_X3Y50          CARRY4 (Prop_carry4_S[0]_CO[3])
                                                      0.532    10.020 r  u_gradient/u_cordic/scaled_reg_reg[33]_i_16/CO[3]
                         net (fo=1, routed)           0.000    10.020    u_gradient/u_cordic/scaled_reg_reg[33]_i_16_n_0
    SLICE_X3Y51          CARRY4 (Prop_carry4_CI_O[0])
                                                      0.222    10.242 r  u_gradient/u_cordic/scaled_reg_reg[37]_i_16/O[0]
                         net (fo=3, routed)           0.701    10.943    u_gradient/u_cordic/scaled_reg_reg[37]_i_16_n_7
    SLICE_X1Y54          LUT3 (Prop_lut3_I1_O)        0.299    11.242 r  u_gradient/u_cordic/scaled_reg[33]_i_15/O
                         net (fo=2, routed)           0.814    12.055    u_gradient/u_cordic/scaled_reg[33]_i_15_n_0
    SLICE_X4Y53          LUT5 (Prop_lut5_I1_O)        0.150    12.205 r  u_gradient/u_cordic/scaled_reg[33]_i_5/O
                         net (fo=2, routed)           0.559    12.764    u_gradient/u_cordic/scaled_reg[33]_i_5_n_0
    SLICE_X2Y54          CARRY4 (Prop_carry4_DI[0]_CO[3])
                                                      0.752    13.516 r  u_gradient/u_cordic/scaled_reg_reg[33]_i_1/CO[3]
                         net (fo=1, routed)           0.000    13.516    u_gradient/u_cordic/scaled_reg_reg[33]_i_1_n_0
    SLICE_X2Y55          CARRY4 (Prop_carry4_CI_O[1])
                                                      0.323    13.839 r  u_gradient/u_cordic/scaled_reg_reg[37]_i_1/O[1]
                         net (fo=1, routed)           0.000    13.839    u_gradient/u_cordic/scaled_next[35]
    SLICE_X2Y55          FDCE                                         r  u_gradient/u_cordic/scaled_reg_reg[35]/D
  -------------------------------------------------------------------    -------------------

                         (clock clk rise edge)       10.000    10.000 r  <hidden>
    N15                                               0.000    10.000 r  clk
                         net (fo=0)                   0.000    10.000    clk
    N15                  IBUF (Prop_ibuf_I_O)         0.814    10.814 r  clk_IBUF_inst/O
                         net (fo=1, routed)           1.911    12.725    clk_IBUF
    BUFGCTRL_X0Y0        BUFG (Prop_bufg_I_O)         0.091    12.816 r  clk_IBUF_BUFG_inst/O
                         net (fo=5642, routed)        1.602    14.419    u_gradient/u_cordic/clk_IBUF_BUFG
    SLICE_X2Y55          FDCE                                         r  u_gradient/u_cordic/scaled_reg_reg[35]/C
                         clock pessimism              0.251    14.670    <hidden>
                         clock uncertainty           -0.035    14.634    <hidden>
    SLICE_X2Y55          FDCE (Setup_fdce_C_D)        0.109    14.743    u_gradient/u_cordic/scaled_reg_reg[35]
  -------------------------------------------------------------------
                         required time                         14.743    <hidden>
                         arrival time                         -13.839    <hidden>
  -------------------------------------------------------------------
                         slack                                  0.904    <hidden>





Pulse Width Checks
--------------------------------------------------------------------------------------
Clock Name:         clk
Waveform(ns):       { 0.000 5.000 }
Period(ns):         10.000
Sources:            { clk }

Check Type        Corner  Lib Pin             Reference Pin  Required(ns)  Actual(ns)  Slack(ns)  Location      Pin
Min Period        n/a     RAMB36E1/CLKARDCLK  n/a            2.944         10.000      7.056      RAMB36_X3Y10  g_engine[0].u_engine/g_bank[0].stripe_reg_0_0/CLKARDCLK
Min Period        n/a     RAMB36E1/CLKARDCLK  n/a            2.944         10.000      7.056      RAMB36_X2Y8   g_engine[0].u_engine/g_bank[0].stripe_reg_0_1/CLKARDCLK
Min Period        n/a     RAMB36E1/CLKARDCLK  n/a            2.944         10.000      7.056      RAMB36_X0Y13  g_engine[0].u_engine/g_bank[0].stripe_reg_0_10/CLKARDCLK
Min Period        n/a     RAMB36E1/CLKARDCLK  n/a            2.944         10.000      7.056      RAMB36_X1Y9   g_engine[0].u_engine/g_bank[0].stripe_reg_0_2/CLKARDCLK
Min Period        n/a     RAMB36E1/CLKARDCLK  n/a            2.944         10.000      7.056      RAMB36_X2Y13  g_engine[0].u_engine/g_bank[0].stripe_reg_0_3/CLKARDCLK
Min Period        n/a     RAMB36E1/CLKARDCLK  n/a            2.944         10.000      7.056      RAMB36_X2Y12  g_engine[0].u_engine/g_bank[0].stripe_reg_0_4/CLKARDCLK
Min Period        n/a     RAMB36E1/CLKARDCLK  n/a            2.944         10.000      7.056      RAMB36_X1Y8   g_engine[0].u_engine/g_bank[0].stripe_reg_0_5/CLKARDCLK
Min Period        n/a     RAMB36E1/CLKARDCLK  n/a            2.944         10.000      7.056      RAMB36_X2Y9   g_engine[0].u_engine/g_bank[0].stripe_reg_0_6/CLKARDCLK
Min Period        n/a     RAMB36E1/CLKARDCLK  n/a            2.944         10.000      7.056      RAMB36_X0Y12  g_engine[0].u_engine/g_bank[0].stripe_reg_0_7/CLKARDCLK
Min Period        n/a     RAMB36E1/CLKARDCLK  n/a            2.944         10.000      7.056      RAMB36_X2Y15  g_engine[0].u_engine/g_bank[0].stripe_reg_0_8/CLKARDCLK
Low Pulse Width   Slow    RAMD64E/CLK         n/a            1.250         5.000       3.750      SLICE_X54Y53  g_engine[0].u_engine/g_bank[0].u_hist/hist_reg_r1_0_63_0_2/RAMA/CLK
Low Pulse Width   Fast    RAMD64E/CLK         n/a            1.250         5.000       3.750      SLICE_X54Y53  g_engine[0].u_engine/g_bank[0].u_hist/hist_reg_r1_0_63_0_2/RAMA/CLK
Low Pulse Width   Slow    RAMD64E/CLK         n/a            1.250         5.000       3.750      SLICE_X54Y53  g_engine[0].u_engine/g_bank[0].u_hist/hist_reg_r1_0_63_0_2/RAMB/CLK
Low Pulse Width   Fast    RAMD64E/CLK         n/a            1.250         5.000       3.750      SLICE_X54Y53  g_engine[0].u_engine/g_bank[0].u_hist/hist_reg_r1_0_63_0_2/RAMB/CLK
Low Pulse Width   Slow    RAMD64E/CLK         n/a            1.250         5.000       3.750      SLICE_X54Y53  g_engine[0].u_engine/g_bank[0].u_hist/hist_reg_r1_0_63_0_2/RAMC/CLK
Low Pulse Width   Fast    RAMD64E/CLK         n/a            1.250         5.000       3.750      SLICE_X54Y53  g_engine[0].u_engine/g_bank[0].u_hist/hist_reg_r1_0_63_0_2/RAMC/CLK
Low Pulse Width   Slow    RAMD64E/CLK         n/a            1.250         5.000       3.750      SLICE_X54Y53  g_engine[0].u_engine/g_bank[0].u_hist/hist_reg_r1_0_63_0_2/RAMD/CLK
Low Pulse Width   Fast    RAMD64E/CLK         n/a            1.250         5.000       3.750      SLICE_X54Y53  g_engine[0].u_engine/g_bank[0].u_hist/hist_reg_r1_0_63_0_2/RAMD/CLK
Low Pulse Width   Slow    RAMD64E/CLK         n/a            1.250         5.000       3.750      SLICE_X58Y55  g_engine[0].u_engine/g_bank[0].u_hist/hist_reg_r1_0_63_3_5/RAMA/CLK
Low Pulse Width   Fast    RAMD64E/CLK         n/a            1.250         5.000       3.750      SLICE_X58Y55  g_engine[0].u_engine/g_bank[0].u_hist/hist_reg_r1_0_63_3_5/RAMA/CLK
High Pulse Width  Slow    RAMD64E/CLK         n/a            1.250         5.000       3.750      SLICE_X54Y53  g_engine[0].u_engine/g_bank[0].u_hist/hist_reg_r1_0_63_0_2/RAMA/CLK
High Pulse Width  Fast    RAMD64E/CLK         n/a            1.250         5.000       3.750      SLICE_X54Y53  g_engine[0].u_engine/g_bank[0].u_hist/hist_reg_r1_0_63_0_2/RAMA/CLK
High Pulse Width  Slow    RAMD64E/CLK         n/a            1.250         5.000       3.750      SLICE_X54Y53  g_engine[0].u_engine/g_bank[0].u_hist/hist_reg_r1_0_63_0_2/RAMB/CLK
High Pulse Width  Fast    RAMD64E/CLK         n/a            1.250         5.000       3.750      SLICE_X54Y53  g_engine[0].u_engine/g_bank[0].u_hist/hist_reg_r1_0_63_0_2/RAMB/CLK
High Pulse Width  Slow    RAMD64E/CLK         n/a            1.250         5.000       3.750      SLICE_X54Y53  g_engine[0].u_engine/g_bank[0].u_hist/hist_reg_r1_0_63_0_2/RAMC/CLK
High Pulse Width  Fast    RAMD64E/CLK         n/a            1.250         5.000       3.750      SLICE_X54Y53  g_engine[0].u_engine/g_bank[0].u_hist/hist_reg_r1_0_63_0_2/RAMC/CLK
High Pulse Width  Slow    RAMD64E/CLK         n/a            1.250         5.000       3.750      SLICE_X54Y53  g_engine[0].u_engine/g_bank[0].u_hist/hist_reg_r1_0_63_0_2/RAMD/CLK
High Pulse Width  Fast    RAMD64E/CLK         n/a            1.250         5.000       3.750      SLICE_X54Y53  g_engine[0].u_engine/g_bank[0].u_hist/hist_reg_r1_0_63_0_2/RAMD/CLK
High Pulse Width  Slow    RAMD64E/CLK         n/a            1.250         5.000       3.750      SLICE_X58Y55  g_engine[0].u_engine/g_bank[0].u_hist/hist_reg_r1_0_63_3_5/RAMA/CLK
High Pulse Width  Fast    RAMD64E/CLK         n/a            1.250         5.000       3.750      SLICE_X58Y55  g_engine[0].u_engine/g_bank[0].u_hist/hist_reg_r1_0_63_3_5/RAMA/CLK



--------------------------------------------------------------------------------------
Path Group:  (none)
From Clock:  clk
  To Clock:  

Max Delay             4 Endpoints
Min Delay             0 Endpoints
--------------------------------------------------------------------------------------


Max Delay Paths
--------------------------------------------------------------------------------------
Slack:                    inf
  Source:                 u_local_3x3/doubleThreshold_vsync_d1_reg/C
                            (rising edge-triggered cell FDCE clocked by clk  {rise@0.000ns fall@5.000ns period=10.000ns})
  Destination:            post_frame_vsync
                            (output port)
  Path Group:             (none)
  Path Type:              Max at Slow Process Corner
  Data Path Delay:        6.559ns  (logic 3.083ns (47.010%)  route 3.475ns (52.990%))
  Logic Levels:           1  (OBUF=1)
  Clock Uncertainty:      0.025ns  ((TSJ^2 + TIJ^2)^1/2 + DJ) / 2 + PE
    Total System Jitter     (TSJ):    0.050ns
    Total Input Jitter      (TIJ):    0.000ns
    Discrete Jitter          (DJ):    0.000ns
    Phase Error              (PE):    0.000ns

    Location             Delay type                Incr(ns)  Path(ns)    Netlist Resource(s)
  -------------------------------------------------------------------    -------------------
                         (clock clk rise edge)        0.000     0.000 r  <hidden>
    N15                                               0.000     0.000 r  clk
                         net (fo=0)                   0.000     0.000    clk
    N15                  IBUF (Prop_ibuf_I_O)         0.948     0.948 r  clk_IBUF_inst/O
                         net (fo=1, routed)           2.016     2.963    clk_IBUF
    BUFGCTRL_X0Y0        BUFG (Prop_bufg_I_O)         0.096     3.059 r  clk_IBUF_BUFG_inst/O
                         net (fo=5642, routed)        1.640     4.700    u_local_3x3/clk_IBUF_BUFG
    SLICE_X29Y54         FDCE                                         r  u_local_3x3/doubleThreshold_vsync_d1_reg/C
  -------------------------------------------------------------------    -------------------
    SLICE_X29Y54         FDCE (Prop_fdce_C_Q)         0.456     5.156 r  u_local_3x3/doubleThreshold_vsync_d1_reg/Q
                         net (fo=1, routed)           3.475     8.631    post_frame_vsync_OBUF
    L13                  OBUF (Prop_obuf_I_O)         2.627    11.258 r  post_frame_vsync_OBUF_inst/O
                         net (fo=0)                   0.000    11.258    post_frame_vsync
    L13                                                               r  post_frame_vsync
  -------------------------------------------------------------------    -------------------

Slack:                    inf
  Source:                 u_local_3x3/canny_out_reg/C
                            (rising edge-triggered cell FDCE clocked by clk  {rise@0.000ns fall@5.000ns period=10.000ns})
  Destination:            post_img_bit
                            (output port)
  Path Group:             (none)
  Path Type:              Max at Slow Process Corner
  Data Path Delay:        6.423ns  (logic 3.112ns (48.448%)  route 3.311ns (51.552%))
  Logic Levels:           1  (OBUF=1)
  Clock Uncertainty:      0.025ns  ((TSJ^2 + TIJ^2)^1/2 + DJ) / 2 + PE
    Total System Jitter     (TSJ):    0.050ns
    Total Input Jitter      (TIJ):    0.000ns
    Discrete Jitter          (DJ):    0.000ns
    Phase Error              (PE):    0.000ns

    Location             Delay type                Incr(ns)  Path(ns)    Netlist Resource(s)
  -------------------------------------------------------------------    -------------------
                         (clock clk rise edge)        0.000     0.000 r  <hidden>
    N15                                               0.000     0.000 r  clk
                         net (fo=0)                   0.000     0.000    clk
    N15                  IBUF (Prop_ibuf_I_O)         0.948     0.948 r  clk_IBUF_inst/O
                         net (fo=1, routed)           2.016     2.963    clk_IBUF
    BUFGCTRL_X0Y0        BUFG (Prop_bufg_I_O)         0.096     3.059 r  clk_IBUF_BUFG_inst/O
                         net (fo=5642, routed)        1.640     4.700    u_local_3x3/clk_IBUF_BUFG
    SLICE_X29Y55         FDCE                                         r  u_local_3x3/canny_out_reg/C
  -------------------------------------------------------------------    -------------------
    SLICE_X29Y55         FDCE (Prop_fdce_C_Q)         0.456     5.156 r  u_local_3x3/canny_out_reg/Q
                         net (fo=1, routed)           3.311     8.467    post_img_bit_OBUF
    R13                  OBUF (Prop_obuf_I_O)         2.656    11.122 r  post_img_bit_OBUF_inst/O
                         net (fo=0)                   0.000    11.122    post_img_bit
    R13                                                               r  post_img_bit
  -------------------------------------------------------------------    -------------------

Slack:                    inf
  Source:                 u_local_3x3/doubleThreshold_href_d1_reg/C
                            (rising edge-triggered cell FDCE clocked by clk  {rise@0.000ns fall@5.000ns period=10.000ns})
  Destination:            post_frame_href
                            (output port)
  Path Group:             (none)
  Path Type:              Max at Slow Process Corner
  Data Path Delay:        6.255ns  (logic 3.089ns (49.383%)  route 3.166ns (50.617%))
  Logic Levels:           1  (OBUF=1)
  Clock Uncertainty:      0.025ns  ((TSJ^2 + TIJ^2)^1/2 + DJ) / 2 + PE
    Total System Jitter     (TSJ):    0.050ns
    Total Input Jitter      (TIJ):    0.000ns
    Discrete Jitter          (DJ):    0.000ns
    Phase Error              (PE):    0.000ns

    Location             Delay type                Incr(ns)  Path(ns)    Netlist Resource(s)
  -------------------------------------------------------------------    -------------------
                         (clock clk rise edge)        0.000     0.000 r  <hidden>
    N15                                               0.000     0.000 r  clk
                         net (fo=0)                   0.000     0.000    clk
    N15                  IBUF (Prop_ibuf_I_O)         0.948     0.948 r  clk_IBUF_inst/O
                         net (fo=1, routed)           2.016     2.963    clk_IBUF
    BUFGCTRL_X0Y0        BUFG (Prop_bufg_I_O)         0.096     3.059 r  clk_IBUF_BUFG_inst/O
                         net (fo=5642, routed)        1.639     4.699    u_local_3x3/clk_IBUF_BUFG
    SLICE_X28Y57         FDCE                                         r  u_local_3x3/doubleThreshold_href_d1_reg/C
  -------------------------------------------------------------------    -------------------
    SLICE_X28Y57         FDCE (Prop_fdce_C_Q)         0.456     5.155 r  u_local_3x3/doubleThreshold_href_d1_reg/Q
                         net (fo=1, routed)           3.166     8.321    post_frame_clken_OBUF
    M13                  OBUF (Prop_obuf_I_O)         2.633    10.954 r  post_frame_href_OBUF_inst/O
                         net (fo=0)                   0.000    10.954    post_frame_href
    M13                                                               r  post_frame_href
  -------------------------------------------------------------------    -------------------

Slack:                    inf
  Source:                 u_local_3x3/doubleThreshold_href_d1_reg_lopt_replica/C
                            (rising edge-triggered cell FDCE clocked by clk  {rise@0.000ns fall@5.000ns period=10.000ns})
  Destination:            post_frame_clken
                            (output port)
  Path Group:             (none)
  Path Type:              Max at Slow Process Corner
  Data Path Delay:        6.246ns  (logic 3.101ns (49.642%)  route 3.145ns (50.358%))
  Logic Levels:           1  (OBUF=1)
  Clock Uncertainty:      0.025ns  ((TSJ^2 + TIJ^2)^1/2 + DJ) / 2 + PE
    Total System Jitter     (TSJ):    0.050ns
    Total Input Jitter      (TIJ):    0.000ns
    Discrete Jitter          (DJ):    0.000ns
    Phase Error              (PE):    0.000ns

    Location             Delay type                Incr(ns)  Path(ns)    Netlist Resource(s)
  -------------------------------------------------------------------    -------------------
                         (clock clk rise edge)        0.000     0.000 r  <hidden>
    N15                                               0.000     0.000 r  clk
                         net (fo=0)                   0.000     0.000    clk
    N15                  IBUF (Prop_ibuf_I_O)         0.948     0.948 r  clk_IBUF_inst/O
                         net (fo=1, routed)           2.016     2.963    clk_IBUF
    BUFGCTRL_X0Y0        BUFG (Prop_bufg_I_O)         0.096     3.059 r  clk_IBUF_BUFG_inst/O
                         net (fo=5642, routed)        1.639     4.699    u_local_3x3/clk_IBUF_BUFG
    SLICE_X28Y57         FDCE                                         r  u_local_3x3/doubleThreshold_href_d1_reg_lopt_replica/C
  -------------------------------------------------------------------    -------------------
    SLICE_X28Y57         FDCE (Prop_fdce_C_Q)         0.456     5.155 r  u_local_3x3/doubleThreshold_href_d1_reg_lopt_replica/Q
                         net (fo=1, routed)           3.145     8.300    lopt
    R18                  OBUF (Prop_obuf_I_O)         2.645    10.945 r  post_frame_clken_OBUF_inst/O
                         net (fo=0)                   0.000    10.945    post_frame_clken
    R18                                                               r  post_frame_clken
  -------------------------------------------------------------------    -------------------





--------------------------------------------------------------------------------------
Path Group:  (none)
From Clock:  
  To Clock:  clk

Max Delay          3183 Endpoints
Min Delay             0 Endpoints
--------------------------------------------------------------------------------------


Max Delay Paths
--------------------------------------------------------------------------------------
Slack:                    inf
  Source:                 rst_n
                            (input port)
  Destination:            g_engine[1].u_engine/block_low_reg[1][1][8]/CLR
                            (recovery check against rising-edge clock clk  {rise@0.000ns fall@5.000ns period=10.000ns})
  Path Group:             (none)
  Path Type:              Recovery (Max at Slow Process Corner)
  Data Path Delay:        19.047ns  (logic 1.106ns (5.809%)  route 17.941ns (94.191%))
  Logic Levels:           2  (IBUF=1 LUT1=1)
  Clock Path Skew:        4.488ns (DCD - SCD + CPR)
    Destination Clock Delay (DCD):    4.488ns
    Source Clock Delay      (SCD):    0.000ns
    Clock Pessimism Removal (CPR):    0.000ns
  Clock Uncertainty:      0.025ns  ((TSJ^2 + TIJ^2)^1/2 + DJ) / 2 + PE
    Total System Jitter     (TSJ):    0.050ns
    Total Input Jitter      (TIJ):    0.000ns
    Discrete Jitter          (DJ):    0.000ns
    Phase Error              (PE):    0.000ns

    Location             Delay type                Incr(ns)  Path(ns)    Netlist Resource(s)
  -------------------------------------------------------------------    -------------------
    T18                                               0.000     0.000 r  rst_n
                         net (fo=0)                   0.000     0.000    rst_n
    T18                  IBUF (Prop_ibuf_I_O)         0.982     0.982 r  rst_n_IBUF_inst/O
                         net (fo=1, routed)           1.070     2.052    u_gradient/u_cordic/rst_n_IBUF
    SLICE_X0Y85          LUT1 (Prop_lut1_I0_O)        0.124     2.176 f  u_gradient/u_cordic/FSM_onehot_scan_state[3]_i_2/O
                         net (fo=3101, routed)       16.871    19.047    g_engine[1].u_engine/block_active_reg[1][19]_0
    SLICE_X13Y25         FDCE                                         f  g_engine[1].u_engine/block_low_reg[1][1][8]/CLR
  -------------------------------------------------------------------    -------------------

                         (clock clk rise edge)        0.000     0.000 r  <hidden>
    N15                                               0.000     0.000 r  clk
                         net (fo=0)                   0.000     0.000    clk
    N15                  IBUF (Prop_ibuf_I_O)         0.814     0.814 r  clk_IBUF_inst/O
                         net (fo=1, routed)           1.911     2.725    clk_IBUF
    BUFGCTRL_X0Y0        BUFG (Prop_bufg_I_O)         0.091     2.816 r  clk_IBUF_BUFG_inst/O
                         net (fo=5642, routed)        1.672     4.488    g_engine[1].u_engine/clk_IBUF_BUFG
    SLICE_X13Y25         FDCE                                         r  g_engine[1].u_engine/block_low_reg[1][1][8]/C

Slack:                    inf
  Source:                 rst_n
                            (input port)
  Destination:            g_engine[1].u_engine/block_low_reg[1][5][8]/CLR
                            (recovery check against rising-edge clock clk  {rise@0.000ns fall@5.000ns period=10.000ns})
  Path Group:             (none)
  Path Type:              Recovery (Max at Slow Process Corner)
  Data Path Delay:        19.047ns  (logic 1.106ns (5.809%)  route 17.941ns (94.191%))
  Logic Levels:           2  (IBUF=1 LUT1=1)
  Clock Path Skew:        4.488ns (DCD - SCD + CPR)
    Destination Clock Delay (DCD):    4.488ns
    Source Clock Delay      (SCD):    0.000ns
    Clock Pessimism Removal (CPR):    0.000ns
  Clock Uncertainty:      0.025ns  ((TSJ^2 + TIJ^2)^1/2 + DJ) / 2 + PE
    Total System Jitter     (TSJ):    0.050ns
    Total Input Jitter      (TIJ):    0.000ns
    Discrete Jitter          (DJ):    0.000ns
    Phase Error              (PE):    0.000ns

    Location             Delay type                Incr(ns)  Path(ns)    Netlist Resource(s)
  -------------------------------------------------------------------    -------------------
    T18                                               0.000     0.000 r  rst_n
                         net (fo=0)                   0.000     0.000    rst_n
    T18                  IBUF (Prop_ibuf_I_O)         0.982     0.982 r  rst_n_IBUF_inst/O
                         net (fo=1, routed)           1.070     2.052    u_gradient/u_cordic/rst_n_IBUF
    SLICE_X0Y85          LUT1 (Prop_lut1_I0_O)        0.124     2.176 f  u_gradient/u_cordic/FSM_onehot_scan_state[3]_i_2/O
                         net (fo=3101, routed)       16.871    19.047    g_engine[1].u_engine/block_active_reg[1][19]_0
    SLICE_X12Y25         FDCE                                         f  g_engine[1].u_engine/block_low_reg[1][5][8]/CLR
  -------------------------------------------------------------------    -------------------

                         (clock clk rise edge)        0.000     0.000 r  <hidden>
    N15                                               0.000     0.000 r  clk
                         net (fo=0)                   0.000     0.000    clk
    N15                  IBUF (Prop_ibuf_I_O)         0.814     0.814 r  clk_IBUF_inst/O
                         net (fo=1, routed)           1.911     2.725    clk_IBUF
    BUFGCTRL_X0Y0        BUFG (Prop_bufg_I_O)         0.091     2.816 r  clk_IBUF_BUFG_inst/O
                         net (fo=5642, routed)        1.672     4.488    g_engine[1].u_engine/clk_IBUF_BUFG
    SLICE_X12Y25         FDCE                                         r  g_engine[1].u_engine/block_low_reg[1][5][8]/C

Slack:                    inf
  Source:                 rst_n
                            (input port)
  Destination:            g_engine[1].u_engine/block_low_reg[1][5][4]/CLR
                            (recovery check against rising-edge clock clk  {rise@0.000ns fall@5.000ns period=10.000ns})
  Path Group:             (none)
  Path Type:              Recovery (Max at Slow Process Corner)
  Data Path Delay:        18.878ns  (logic 1.106ns (5.861%)  route 17.772ns (94.139%))
  Logic Levels:           2  (IBUF=1 LUT1=1)
  Clock Path Skew:        4.493ns (DCD - SCD + CPR)
    Destination Clock Delay (DCD):    4.493ns
    Source Clock Delay      (SCD):    0.000ns
    Clock Pessimism Removal (CPR):    0.000ns
  Clock Uncertainty:      0.025ns  ((TSJ^2 + TIJ^2)^1/2 + DJ) / 2 + PE
    Total System Jitter     (TSJ):    0.050ns
    Total Input Jitter      (TIJ):    0.000ns
    Discrete Jitter          (DJ):    0.000ns
    Phase Error              (PE):    0.000ns

    Location             Delay type                Incr(ns)  Path(ns)    Netlist Resource(s)
  -------------------------------------------------------------------    -------------------
    T18                                               0.000     0.000 r  rst_n
                         net (fo=0)                   0.000     0.000    rst_n
    T18                  IBUF (Prop_ibuf_I_O)         0.982     0.982 r  rst_n_IBUF_inst/O
                         net (fo=1, routed)           1.070     2.052    u_gradient/u_cordic/rst_n_IBUF
    SLICE_X0Y85          LUT1 (Prop_lut1_I0_O)        0.124     2.176 f  u_gradient/u_cordic/FSM_onehot_scan_state[3]_i_2/O
                         net (fo=3101, routed)       16.702    18.878    g_engine[1].u_engine/block_active_reg[1][19]_0
    SLICE_X13Y21         FDCE                                         f  g_engine[1].u_engine/block_low_reg[1][5][4]/CLR
  -------------------------------------------------------------------    -------------------

                         (clock clk rise edge)        0.000     0.000 r  <hidden>
    N15                                               0.000     0.000 r  clk
                         net (fo=0)                   0.000     0.000    clk
    N15                  IBUF (Prop_ibuf_I_O)         0.814     0.814 r  clk_IBUF_inst/O
                         net (fo=1, routed)           1.911     2.725    clk_IBUF
    BUFGCTRL_X0Y0        BUFG (Prop_bufg_I_O)         0.091     2.816 r  clk_IBUF_BUFG_inst/O
                         net (fo=5642, routed)        1.677     4.493    g_engine[1].u_engine/clk_IBUF_BUFG
    SLICE_X13Y21         FDCE                                         r  g_engine[1].u_engine/block_low_reg[1][5][4]/C

Slack:                    inf
  Source:                 rst_n
                            (input port)
  Destination:            g_engine[1].u_engine/block_low_reg[1][5][6]/CLR
                            (recovery check against rising-edge clock clk  {rise@0.000ns fall@5.000ns period=10.000ns})
  Path Group:             (none)
  Path Type:              Recovery (Max at Slow Process Corner)
  Data Path Delay:        18.733ns  (logic 1.106ns (5.906%)  route 17.626ns (94.094%))
  Logic Levels:           2  (IBUF=1 LUT1=1)
  Clock Path Skew:        4.488ns (DCD - SCD + CPR)
    Destination Clock Delay (DCD):    4.488ns
    Source Clock Delay      (SCD):    0.000ns
    Clock Pessimism Removal (CPR):    0.000ns
  Clock Uncertainty:      0.025ns  ((TSJ^2 + TIJ^2)^1/2 + DJ) / 2 + PE
    Total System Jitter     (TSJ):    0.050ns
    Total Input Jitter      (TIJ):    0.000ns
    Discrete Jitter          (DJ):    0.000ns
    Phase Error              (PE):    0.000ns

    Location             Delay type                Incr(ns)  Path(ns)    Netlist Resource(s)
  -------------------------------------------------------------------    -------------------
    T18                                               0.000     0.000 r  rst_n
                         net (fo=0)                   0.000     0.000    rst_n
    T18                  IBUF (Prop_ibuf_I_O)         0.982     0.982 r  rst_n_IBUF_inst/O
                         net (fo=1, routed)           1.070     2.052    u_gradient/u_cordic/rst_n_IBUF
    SLICE_X0Y85          LUT1 (Prop_lut1_I0_O)        0.124     2.176 f  u_gradient/u_cordic/FSM_onehot_scan_state[3]_i_2/O
                         net (fo=3101, routed)       16.556    18.733    g_engine[1].u_engine/block_active_reg[1][19]_0
    SLICE_X16Y22         FDCE                                         f  g_engine[1].u_engine/block_low_reg[1][5][6]/CLR
  -------------------------------------------------------------------    -------------------

                         (clock clk rise edge)        0.000     0.000 r  <hidden>
    N15                                               0.000     0.000 r  clk
                         net (fo=0)                   0.000     0.000    clk
    N15                  IBUF (Prop_ibuf_I_O)         0.814     0.814 r  clk_IBUF_inst/O
                         net (fo=1, routed)           1.911     2.725    clk_IBUF
    BUFGCTRL_X0Y0        BUFG (Prop_bufg_I_O)         0.091     2.816 r  clk_IBUF_BUFG_inst/O
                         net (fo=5642, routed)        1.672     4.488    g_engine[1].u_engine/clk_IBUF_BUFG
    SLICE_X16Y22         FDCE                                         r  g_engine[1].u_engine/block_low_reg[1][5][6]/C

Slack:                    inf
  Source:                 rst_n
                            (input port)
  Destination:            g_engine[1].u_engine/block_low_reg[0][3][4]/CLR
                            (recovery check against rising-edge clock clk  {rise@0.000ns fall@5.000ns period=10.000ns})
  Path Group:             (none)
  Path Type:              Recovery (Max at Slow Process Corner)
  Data Path Delay:        18.729ns  (logic 1.106ns (5.907%)  route 17.622ns (94.093%))
  Logic Levels:           2  (IBUF=1 LUT1=1)
  Clock Path Skew:        4.493ns (DCD - SCD + CPR)
    Destination Clock Delay (DCD):    4.493ns
    Source Clock Delay      (SCD):    0.000ns
    Clock Pessimism Removal (CPR):    0.000ns
  Clock Uncertainty:      0.025ns  ((TSJ^2 + TIJ^2)^1/2 + DJ) / 2 + PE
    Total System Jitter     (TSJ):    0.050ns
    Total Input Jitter      (TIJ):    0.000ns
    Discrete Jitter          (DJ):    0.000ns
    Phase Error              (PE):    0.000ns

    Location             Delay type                Incr(ns)  Path(ns)    Netlist Resource(s)
  -------------------------------------------------------------------    -------------------
    T18                                               0.000     0.000 r  rst_n
                         net (fo=0)                   0.000     0.000    rst_n
    T18                  IBUF (Prop_ibuf_I_O)         0.982     0.982 r  rst_n_IBUF_inst/O
                         net (fo=1, routed)           1.070     2.052    u_gradient/u_cordic/rst_n_IBUF
    SLICE_X0Y85          LUT1 (Prop_lut1_I0_O)        0.124     2.176 f  u_gradient/u_cordic/FSM_onehot_scan_state[3]_i_2/O
                         net (fo=3101, routed)       16.553    18.729    g_engine[1].u_engine/block_active_reg[1][19]_0
    SLICE_X15Y21         FDCE                                         f  g_engine[1].u_engine/block_low_reg[0][3][4]/CLR
  -------------------------------------------------------------------    -------------------

                         (clock clk rise edge)        0.000     0.000 r  <hidden>
    N15                                               0.000     0.000 r  clk
                         net (fo=0)                   0.000     0.000    clk
    N15                  IBUF (Prop_ibuf_I_O)         0.814     0.814 r  clk_IBUF_inst/O
                         net (fo=1, routed)           1.911     2.725    clk_IBUF
    BUFGCTRL_X0Y0        BUFG (Prop_bufg_I_O)         0.091     2.816 r  clk_IBUF_BUFG_inst/O
                         net (fo=5642, routed)        1.677     4.493    g_engine[1].u_engine/clk_IBUF_BUFG
    SLICE_X15Y21         FDCE                                         r  g_engine[1].u_engine/block_low_reg[0][3][4]/C

Slack:                    inf
  Source:                 rst_n
                            (input port)
  Destination:            g_engine[1].u_engine/block_low_reg[0][5][4]/CLR
                            (recovery check against rising-edge clock clk  {rise@0.000ns fall@5.000ns period=10.000ns})
  Path Group:             (none)
  Path Type:              Recovery (Max at Slow Process Corner)
  Data Path Delay:        18.729ns  (logic 1.106ns (5.907%)  route 17.622ns (94.093%))
  Logic Levels:           2  (IBUF=1 LUT1=1)
  Clock Path Skew:        4.493ns (DCD - SCD + CPR)
    Destination Clock Delay (DCD):    4.493ns
    Source Clock Delay      (SCD):    0.000ns
    Clock Pessimism Removal (CPR):    0.000ns
  Clock Uncertainty:      0.025ns  ((TSJ^2 + TIJ^2)^1/2 + DJ) / 2 + PE
    Total System Jitter     (TSJ):    0.050ns
    Total Input Jitter      (TIJ):    0.000ns
    Discrete Jitter          (DJ):    0.000ns
    Phase Error              (PE):    0.000ns

    Location             Delay type                Incr(ns)  Path(ns)    Netlist Resource(s)
  -------------------------------------------------------------------    -------------------
    T18                                               0.000     0.000 r  rst_n
                         net (fo=0)                   0.000     0.000    rst_n
    T18                  IBUF (Prop_ibuf_I_O)         0.982     0.982 r  rst_n_IBUF_inst/O
                         net (fo=1, routed)           1.070     2.052    u_gradient/u_cordic/rst_n_IBUF
    SLICE_X0Y85          LUT1 (Prop_lut1_I0_O)        0.124     2.176 f  u_gradient/u_cordic/FSM_onehot_scan_state[3]_i_2/O
                         net (fo=3101, routed)       16.553    18.729    g_engine[1].u_engine/block_active_reg[1][19]_0
    SLICE_X14Y21         FDCE                                         f  g_engine[1].u_engine/block_low_reg[0][5][4]/CLR
  -------------------------------------------------------------------    -------------------

                         (clock clk rise edge)        0.000     0.000 r  <hidden>
    N15                                               0.000     0.000 r  clk
                         net (fo=0)                   0.000     0.000    clk
    N15                  IBUF (Prop_ibuf_I_O)         0.814     0.814 r  clk_IBUF_inst/O
                         net (fo=1, routed)           1.911     2.725    clk_IBUF
    BUFGCTRL_X0Y0        BUFG (Prop_bufg_I_O)         0.091     2.816 r  clk_IBUF_BUFG_inst/O
                         net (fo=5642, routed)        1.677     4.493    g_engine[1].u_engine/clk_IBUF_BUFG
    SLICE_X14Y21         FDCE                                         r  g_engine[1].u_engine/block_low_reg[0][5][4]/C

Slack:                    inf
  Source:                 rst_n
                            (input port)
  Destination:            g_engine[1].u_engine/block_low_reg[0][5][6]/CLR
                            (recovery check against rising-edge clock clk  {rise@0.000ns fall@5.000ns period=10.000ns})
  Path Group:             (none)
  Path Type:              Recovery (Max at Slow Process Corner)
  Data Path Delay:        18.729ns  (logic 1.106ns (5.907%)  route 17.622ns (94.093%))
  Logic Levels:           2  (IBUF=1 LUT1=1)
  Clock Path Skew:        4.493ns (DCD - SCD + CPR)
    Destination Clock Delay (DCD):    4.493ns
    Source Clock Delay      (SCD):    0.000ns
    Clock Pessimism Removal (CPR):    0.000ns
  Clock Uncertainty:      0.025ns  ((TSJ^2 + TIJ^2)^1/2 + DJ) / 2 + PE
    Total System Jitter     (TSJ):    0.050ns
    Total Input Jitter      (TIJ):    0.000ns
    Discrete Jitter          (DJ):    0.000ns
    Phase Error              (PE):    0.000ns

    Location             Delay type                Incr(ns)  Path(ns)    Netlist Resource(s)
  -------------------------------------------------------------------    -------------------
    T18                                               0.000     0.000 r  rst_n
                         net (fo=0)                   0.000     0.000    rst_n
    T18                  IBUF (Prop_ibuf_I_O)         0.982     0.982 r  rst_n_IBUF_inst/O
                         net (fo=1, routed)           1.070     2.052    u_gradient/u_cordic/rst_n_IBUF
    SLICE_X0Y85          LUT1 (Prop_lut1_I0_O)        0.124     2.176 f  u_gradient/u_cordic/FSM_onehot_scan_state[3]_i_2/O
                         net (fo=3101, routed)       16.553    18.729    g_engine[1].u_engine/block_active_reg[1][19]_0
    SLICE_X14Y21         FDCE                                         f  g_engine[1].u_engine/block_low_reg[0][5][6]/CLR
  -------------------------------------------------------------------    -------------------

                         (clock clk rise edge)        0.000     0.000 r  <hidden>
    N15                                               0.000     0.000 r  clk
                         net (fo=0)                   0.000     0.000    clk
    N15                  IBUF (Prop_ibuf_I_O)         0.814     0.814 r  clk_IBUF_inst/O
                         net (fo=1, routed)           1.911     2.725    clk_IBUF
    BUFGCTRL_X0Y0        BUFG (Prop_bufg_I_O)         0.091     2.816 r  clk_IBUF_BUFG_inst/O
                         net (fo=5642, routed)        1.677     4.493    g_engine[1].u_engine/clk_IBUF_BUFG
    SLICE_X14Y21         FDCE                                         r  g_engine[1].u_engine/block_low_reg[0][5][6]/C

Slack:                    inf
  Source:                 rst_n
                            (input port)
  Destination:            g_engine[1].u_engine/block_high_reg[1][0][0]/CLR
                            (recovery check against rising-edge clock clk  {rise@0.000ns fall@5.000ns period=10.000ns})
  Path Group:             (none)
  Path Type:              Recovery (Max at Slow Process Corner)
  Data Path Delay:        18.728ns  (logic 1.106ns (5.908%)  route 17.622ns (94.092%))
  Logic Levels:           2  (IBUF=1 LUT1=1)
  Clock Path Skew:        4.488ns (DCD - SCD + CPR)
    Destination Clock Delay (DCD):    4.488ns
    Source Clock Delay      (SCD):    0.000ns
    Clock Pessimism Removal (CPR):    0.000ns
  Clock Uncertainty:      0.025ns  ((TSJ^2 + TIJ^2)^1/2 + DJ) / 2 + PE
    Total System Jitter     (TSJ):    0.050ns
    Total Input Jitter      (TIJ):    0.000ns
    Discrete Jitter          (DJ):    0.000ns
    Phase Error              (PE):    0.000ns

    Location             Delay type                Incr(ns)  Path(ns)    Netlist Resource(s)
  -------------------------------------------------------------------    -------------------
    T18                                               0.000     0.000 r  rst_n
                         net (fo=0)                   0.000     0.000    rst_n
    T18                  IBUF (Prop_ibuf_I_O)         0.982     0.982 r  rst_n_IBUF_inst/O
                         net (fo=1, routed)           1.070     2.052    u_gradient/u_cordic/rst_n_IBUF
    SLICE_X0Y85          LUT1 (Prop_lut1_I0_O)        0.124     2.176 f  u_gradient/u_cordic/FSM_onehot_scan_state[3]_i_2/O
                         net (fo=3101, routed)       16.552    18.728    g_engine[1].u_engine/block_active_reg[1][19]_0
    SLICE_X17Y22         FDCE                                         f  g_engine[1].u_engine/block_high_reg[1][0][0]/CLR
  -------------------------------------------------------------------    -------------------

                         (clock clk rise edge)        0.000     0.000 r  <hidden>
    N15                                               0.000     0.000 r  clk
                         net (fo=0)                   0.000     0.000    clk
    N15                  IBUF (Prop_ibuf_I_O)         0.814     0.814 r  clk_IBUF_inst/O
                         net (fo=1, routed)           1.911     2.725    clk_IBUF
    BUFGCTRL_X0Y0        BUFG (Prop_bufg_I_O)         0.091     2.816 r  clk_IBUF_BUFG_inst/O
                         net (fo=5642, routed)        1.672     4.488    g_engine[1].u_engine/clk_IBUF_BUFG
    SLICE_X17Y22         FDCE                                         r  g_engine[1].u_engine/block_high_reg[1][0][0]/C

Slack:                    inf
  Source:                 rst_n
                            (input port)
  Destination:            g_engine[1].u_engine/block_high_reg[1][0][7]/CLR
                            (recovery check against rising-edge clock clk  {rise@0.000ns fall@5.000ns period=10.000ns})
  Path Group:             (none)
  Path Type:              Recovery (Max at Slow Process Corner)
  Data Path Delay:        18.728ns  (logic 1.106ns (5.908%)  route 17.622ns (94.092%))
  Logic Levels:           2  (IBUF=1 LUT1=1)
  Clock Path Skew:        4.488ns (DCD - SCD + CPR)
    Destination Clock Delay (DCD):    4.488ns
    Source Clock Delay      (SCD):    0.000ns
    Clock Pessimism Removal (CPR):    0.000ns
  Clock Uncertainty:      0.025ns  ((TSJ^2 + TIJ^2)^1/2 + DJ) / 2 + PE
    Total System Jitter     (TSJ):    0.050ns
    Total Input Jitter      (TIJ):    0.000ns
    Discrete Jitter          (DJ):    0.000ns
    Phase Error              (PE):    0.000ns

    Location             Delay type                Incr(ns)  Path(ns)    Netlist Resource(s)
  -------------------------------------------------------------------    -------------------
    T18                                               0.000     0.000 r  rst_n
                         net (fo=0)                   0.000     0.000    rst_n
    T18                  IBUF (Prop_ibuf_I_O)         0.982     0.982 r  rst_n_IBUF_inst/O
                         net (fo=1, routed)           1.070     2.052    u_gradient/u_cordic/rst_n_IBUF
    SLICE_X0Y85          LUT1 (Prop_lut1_I0_O)        0.124     2.176 f  u_gradient/u_cordic/FSM_onehot_scan_state[3]_i_2/O
                         net (fo=3101, routed)       16.552    18.728    g_engine[1].u_engine/block_active_reg[1][19]_0
    SLICE_X17Y22         FDCE                                         f  g_engine[1].u_engine/block_high_reg[1][0][7]/CLR
  -------------------------------------------------------------------    -------------------

                         (clock clk rise edge)        0.000     0.000 r  <hidden>
    N15                                               0.000     0.000 r  clk
                         net (fo=0)                   0.000     0.000    clk
    N15                  IBUF (Prop_ibuf_I_O)         0.814     0.814 r  clk_IBUF_inst/O
                         net (fo=1, routed)           1.911     2.725    clk_IBUF
    BUFGCTRL_X0Y0        BUFG (Prop_bufg_I_O)         0.091     2.816 r  clk_IBUF_BUFG_inst/O
                         net (fo=5642, routed)        1.672     4.488    g_engine[1].u_engine/clk_IBUF_BUFG
    SLICE_X17Y22         FDCE                                         r  g_engine[1].u_engine/block_high_reg[1][0][7]/C

Slack:                    inf
  Source:                 rst_n
                            (input port)
  Destination:            g_engine[1].u_engine/block_low_reg[1][0][4]/CLR
                            (recovery check against rising-edge clock clk  {rise@0.000ns fall@5.000ns period=10.000ns})
  Path Group:             (none)
  Path Type:              Recovery (Max at Slow Process Corner)
  Data Path Delay:        18.728ns  (logic 1.106ns (5.908%)  route 17.622ns (94.092%))
  Logic Levels:           2  (IBUF=1 LUT1=1)
  Clock Path Skew:        4.488ns (DCD - SCD + CPR)
    Destination Clock Delay (DCD):    4.488ns
    Source Clock Delay      (SCD):    0.000ns
    Clock Pessimism Removal (CPR):    0.000ns
  Clock Uncertainty:      0.025ns  ((TSJ^2 + TIJ^2)^1/2 + DJ) / 2 + PE
    Total System Jitter     (TSJ):    0.050ns
    Total Input Jitter      (TIJ):    0.000ns
    Discrete Jitter          (DJ):    0.000ns
    Phase Error              (PE):    0.000ns

    Location             Delay type                Incr(ns)  Path(ns)    Netlist Resource(s)
  -------------------------------------------------------------------    -------------------
    T18                                               0.000     0.000 r  rst_n
                         net (fo=0)                   0.000     0.000    rst_n
    T18                  IBUF (Prop_ibuf_I_O)         0.982     0.982 r  rst_n_IBUF_inst/O
                         net (fo=1, routed)           1.070     2.052    u_gradient/u_cordic/rst_n_IBUF
    SLICE_X0Y85          LUT1 (Prop_lut1_I0_O)        0.124     2.176 f  u_gradient/u_cordic/FSM_onehot_scan_state[3]_i_2/O
                         net (fo=3101, routed)       16.552    18.728    g_engine[1].u_engine/block_active_reg[1][19]_0
    SLICE_X17Y22         FDCE                                         f  g_engine[1].u_engine/block_low_reg[1][0][4]/CLR
  -------------------------------------------------------------------    -------------------

                         (clock clk rise edge)        0.000     0.000 r  <hidden>
    N15                                               0.000     0.000 r  clk
                         net (fo=0)                   0.000     0.000    clk
    N15                  IBUF (Prop_ibuf_I_O)         0.814     0.814 r  clk_IBUF_inst/O
                         net (fo=1, routed)           1.911     2.725    clk_IBUF
    BUFGCTRL_X0Y0        BUFG (Prop_bufg_I_O)         0.091     2.816 r  clk_IBUF_BUFG_inst/O
                         net (fo=5642, routed)        1.672     4.488    g_engine[1].u_engine/clk_IBUF_BUFG
    SLICE_X17Y22         FDCE                                         r  g_engine[1].u_engine/block_low_reg[1][0][4]/C





