Copyright 1986-2022 Xilinx, Inc. All Rights Reserved. Copyright 2022-2026 Advanced Micro Devices, Inc. All Rights Reserved.
---------------------------------------------------------------------------------------------------------------------------------------------
| Tool Version : Vivado v.2026.1 (win64) Build 6511674 Tue Jun 16 11:02:23 MDT 2026
| Date         : Mon Oct  5 16:24:12 2026
| Host         : Kiyopon running 64-bit major release  (build 9200)
| Command      : report_timing_summary -delay_type max -report_unconstrained -max_paths 10 -file reports/phase10/e4_timing_synth.rpt
| Design       : canny_block_adaptive_phase10_top
| Device       : 7a100t-csg324
| Speed File   : -1  PRODUCTION 1.23 2018-06-13
| Design State : Synthesized
---------------------------------------------------------------------------------------------------------------------------------------------

Timing Summary Report

------------------------------------------------------------------------------------------------
| Timer Settings
| --------------
------------------------------------------------------------------------------------------------

  Enable Multi Corner Analysis               :  Yes
  Enable Pessimism Removal                   :  Yes
  Pessimism Removal Resolution               :  Nearest Common Node
  Enable Input Delay Default Clock           :  No
  Enable Preset / Clear Arcs                 :  No
  Disable Flight Delays                      :  No
  Ignore I/O Paths                           :  No
  Timing Early Launch at Borrowing Latches   :  No
  Borrow Time for Max Delay Exceptions       :  Yes
  Merge Timing Exceptions                    :  Yes
  Inter-SLR Compensation                     :  Conservative

  Corner  Analyze    Analyze    
  Name    Max Paths  Min Paths  
  ------  ---------  ---------  
  Slow    Yes        Yes        
  Fast    Yes        Yes        


------------------------------------------------------------------------------------------------
| Report Methodology
| ------------------
------------------------------------------------------------------------------------------------

No report available as report_methodology has not been run prior. Run report_methodology on the current design for the summary of methodology violations.



check_timing report

Table of Contents
-----------------
1. checking no_clock (0)
2. checking constant_clock (0)
3. checking pulse_width_clock (0)
4. checking unconstrained_internal_endpoints (0)
5. checking no_input_delay (35)
6. checking no_output_delay (4)
7. checking multiple_clock (0)
8. checking generated_clocks (0)
9. checking loops (0)
10. checking partial_input_delay (0)
11. checking partial_output_delay (0)
12. checking latch_loops (0)

1. checking no_clock (0)
------------------------
 There are 0 register/latch pins with no clock.


2. checking constant_clock (0)
------------------------------
 There are 0 register/latch pins with constant_clock.


3. checking pulse_width_clock (0)
---------------------------------
 There are 0 register/latch pins which need pulse_width check


4. checking unconstrained_internal_endpoints (0)
------------------------------------------------
 There are 0 pins that are not constrained for maximum delay.

 There are 0 pins that are not constrained for maximum delay due to constant clock.


5. checking no_input_delay (35)
-------------------------------
 There are 35 input ports with no input delay specified. (HIGH)

 There are 0 input ports with no input delay but user has a false path constraint.


6. checking no_output_delay (4)
-------------------------------
 There are 4 ports with no output delay specified. (HIGH)

 There are 0 ports with no output delay but user has a false path constraint

 There are 0 ports with no output delay but with a timing clock defined on it or propagating through it


7. checking multiple_clock (0)
------------------------------
 There are 0 register/latch pins with multiple clocks.


8. checking generated_clocks (0)
--------------------------------
 There are 0 generated clocks that are not connected to a clock source.


9. checking loops (0)
---------------------
 There are 0 combinational loops in the design.


10. checking partial_input_delay (0)
------------------------------------
 There are 0 input ports with partial input delay specified.


11. checking partial_output_delay (0)
-------------------------------------
 There are 0 ports with partial output delay specified.


12. checking latch_loops (0)
----------------------------
 There are 0 combinational latch loops in the design through latch input



------------------------------------------------------------------------------------------------
| Design Timing Summary
| ---------------------
------------------------------------------------------------------------------------------------

    WNS(ns)      TNS(ns)  TNS Failing Endpoints  TNS Total Endpoints     WPWS(ns)     TPWS(ns)  TPWS Failing Endpoints  TPWS Total Endpoints  
    -------      -------  ---------------------  -------------------     --------     --------  ----------------------  --------------------  
      1.897        0.000                      0                36231        3.750        0.000                       0                  9385  


All user specified timing constraints are met.


------------------------------------------------------------------------------------------------
| Clock Summary
| -------------
------------------------------------------------------------------------------------------------

Clock  Waveform(ns)       Period(ns)      Frequency(MHz)
-----  ------------       ----------      --------------
clk    {0.000 5.000}      10.000          100.000         


------------------------------------------------------------------------------------------------
| Intra Clock Table
| -----------------
------------------------------------------------------------------------------------------------

Clock             WNS(ns)      TNS(ns)  TNS Failing Endpoints  TNS Total Endpoints     WPWS(ns)     TPWS(ns)  TPWS Failing Endpoints  TPWS Total Endpoints  
-----             -------      -------  ---------------------  -------------------     --------     --------  ----------------------  --------------------  
clk                 1.897        0.000                      0                36231        3.750        0.000                       0                  9385  


------------------------------------------------------------------------------------------------
| Inter Clock Table
| -----------------
------------------------------------------------------------------------------------------------

From Clock    To Clock          WNS(ns)      TNS(ns)  TNS Failing Endpoints  TNS Total Endpoints  
----------    --------          -------      -------  ---------------------  -------------------  


------------------------------------------------------------------------------------------------
| Other Path Groups Table
| -----------------------
------------------------------------------------------------------------------------------------

Path Group    From Clock    To Clock          WNS(ns)      TNS(ns)  TNS Failing Endpoints  TNS Total Endpoints  
----------    ----------    --------          -------      -------  ---------------------  -------------------  


------------------------------------------------------------------------------------------------
| User Ignored Path Table
| -----------------------
------------------------------------------------------------------------------------------------

Path Group    From Clock    To Clock    
----------    ----------    --------    


------------------------------------------------------------------------------------------------
| Unconstrained Path Table
| ------------------------
------------------------------------------------------------------------------------------------

Path Group    From Clock    To Clock    
----------    ----------    --------    
(none)        clk                         
(none)                      clk           


------------------------------------------------------------------------------------------------
| Timing Details
| --------------
------------------------------------------------------------------------------------------------


---------------------------------------------------------------------------------------------------
From Clock:  clk
  To Clock:  clk

Setup :            0  Failing Endpoints,  Worst Slack        1.897ns,  Total Violation        0.000ns
Hold  :           NA  Failing Endpoints,  Worst Slack           NA  ,  Total Violation           NA
PW    :            0  Failing Endpoints,  Worst Slack        3.750ns,  Total Violation        0.000ns
---------------------------------------------------------------------------------------------------


Max Delay Paths
--------------------------------------------------------------------------------------
Slack (MET) :             1.897ns  (required time - arrival time)
  Source:                 u_gradient/u_cordic/g_stage[15].x_reg_reg[0]/C
                            (rising edge-triggered cell FDCE clocked by clk  {rise@0.000ns fall@5.000ns period=10.000ns})
  Destination:            u_gradient/u_cordic/scaled_reg_reg[47]/D
                            (rising edge-triggered cell FDCE clocked by clk  {rise@0.000ns fall@5.000ns period=10.000ns})
  Path Group:             clk
  Path Type:              Setup (Max at Slow Process Corner)
  Requirement:            10.000ns  (clk rise@10.000ns - clk rise@0.000ns)
  Data Path Delay:        7.999ns  (logic 4.944ns (61.808%)  route 3.055ns (38.192%))
  Logic Levels:           17  (CARRY4=12 LUT3=2 LUT4=1 LUT5=1 LUT6=1)
  Clock Path Skew:        -0.145ns (DCD - SCD + CPR)
    Destination Clock Delay (DCD):    2.130ns = ( 12.130 - 10.000 ) 
    Source Clock Delay      (SCD):    2.454ns
    Clock Pessimism Removal (CPR):    0.179ns
  Clock Uncertainty:      0.035ns  ((TSJ^2 + TIJ^2)^1/2 + DJ) / 2 + PE
    Total System Jitter     (TSJ):    0.071ns
    Total Input Jitter      (TIJ):    0.000ns
    Discrete Jitter          (DJ):    0.000ns
    Phase Error              (PE):    0.000ns

    Location             Delay type                Incr(ns)  Path(ns)    Netlist Resource(s)
  -------------------------------------------------------------------    -------------------
                         (clock clk rise edge)        0.000     0.000 r  <hidden>
                                                      0.000     0.000 r  clk
                         net (fo=0)                   0.000     0.000    clk
                         IBUF (Prop_ibuf_I_O)         0.971     0.971 r  clk_IBUF_inst/O
                         net (fo=1, unplaced)         0.803     1.774    clk_IBUF
                         BUFG (Prop_bufg_I_O)         0.096     1.870 r  clk_IBUF_BUFG_inst/O
                         net (fo=9384, unplaced)      0.584     2.454    u_gradient/u_cordic/clk_IBUF_BUFG
                         FDCE                                         r  u_gradient/u_cordic/g_stage[15].x_reg_reg[0]/C
  -------------------------------------------------------------------    -------------------
                         FDCE (Prop_fdce_C_Q)         0.478     2.932 r  u_gradient/u_cordic/g_stage[15].x_reg_reg[0]/Q
                         net (fo=18, unplaced)        0.723     3.655    u_gradient/u_cordic/g_stage[15].x_reg[0]
                         CARRY4 (Prop_carry4_S[0]_CO[3])
                                                      0.808     4.463 r  u_gradient/u_cordic/scaled_reg_reg[29]_i_125/CO[3]
                         net (fo=1, unplaced)         0.000     4.463    u_gradient/u_cordic/scaled_reg_reg[29]_i_125_n_0
                         CARRY4 (Prop_carry4_CI_CO[3])
                                                      0.117     4.580 r  u_gradient/u_cordic/scaled_reg_reg[29]_i_167/CO[3]
                         net (fo=1, unplaced)         0.000     4.580    u_gradient/u_cordic/scaled_reg_reg[29]_i_167_n_0
                         CARRY4 (Prop_carry4_CI_CO[3])
                                                      0.117     4.697 r  u_gradient/u_cordic/scaled_reg_reg[29]_i_141/CO[3]
                         net (fo=1, unplaced)         0.000     4.697    u_gradient/u_cordic/scaled_reg_reg[29]_i_141_n_0
                         CARRY4 (Prop_carry4_CI_CO[3])
                                                      0.117     4.814 r  u_gradient/u_cordic/scaled_reg_reg[29]_i_110/CO[3]
                         net (fo=1, unplaced)         0.000     4.814    u_gradient/u_cordic/scaled_reg_reg[29]_i_110_n_0
                         CARRY4 (Prop_carry4_CI_CO[3])
                                                      0.117     4.931 r  u_gradient/u_cordic/scaled_reg_reg[29]_i_82/CO[3]
                         net (fo=1, unplaced)         0.000     4.931    u_gradient/u_cordic/scaled_reg_reg[29]_i_82_n_0
                         CARRY4 (Prop_carry4_CI_O[1])
                                                      0.337     5.268 r  u_gradient/u_cordic/scaled_reg_reg[33]_i_29/O[1]
                         net (fo=2, unplaced)         0.622     5.890    u_gradient/u_cordic/scaled_reg_reg[33]_i_29_n_6
                         LUT3 (Prop_lut3_I1_O)        0.306     6.196 r  u_gradient/u_cordic/scaled_reg[33]_i_23/O
                         net (fo=2, unplaced)         0.460     6.656    u_gradient/u_cordic/scaled_reg[33]_i_23_n_0
                         LUT4 (Prop_lut4_I3_O)        0.124     6.780 r  u_gradient/u_cordic/scaled_reg[33]_i_27/O
                         net (fo=1, unplaced)         0.000     6.780    u_gradient/u_cordic/scaled_reg[33]_i_27_n_0
                         CARRY4 (Prop_carry4_S[1]_CO[3])
                                                      0.533     7.313 r  u_gradient/u_cordic/scaled_reg_reg[33]_i_16/CO[3]
                         net (fo=1, unplaced)         0.000     7.313    u_gradient/u_cordic/scaled_reg_reg[33]_i_16_n_0
                         CARRY4 (Prop_carry4_CI_CO[3])
                                                      0.117     7.430 r  u_gradient/u_cordic/scaled_reg_reg[37]_i_16/CO[3]
                         net (fo=1, unplaced)         0.000     7.430    u_gradient/u_cordic/scaled_reg_reg[37]_i_16_n_0
                         CARRY4 (Prop_carry4_CI_O[1])
                                                      0.337     7.767 r  u_gradient/u_cordic/scaled_reg_reg[41]_i_13/O[1]
                         net (fo=3, unplaced)         0.330     8.097    u_gradient/u_cordic/scaled_reg_reg[41]_i_13_n_6
                         LUT3 (Prop_lut3_I1_O)        0.306     8.403 r  u_gradient/u_cordic/scaled_reg[37]_i_13/O
                         net (fo=2, unplaced)         0.460     8.863    u_gradient/u_cordic/scaled_reg[37]_i_13_n_0
                         LUT5 (Prop_lut5_I1_O)        0.124     8.987 r  u_gradient/u_cordic/scaled_reg[37]_i_4/O
                         net (fo=2, unplaced)         0.460     9.447    u_gradient/u_cordic/scaled_reg[37]_i_4_n_0
                         LUT6 (Prop_lut6_I0_O)        0.124     9.571 r  u_gradient/u_cordic/scaled_reg[37]_i_8/O
                         net (fo=1, unplaced)         0.000     9.571    u_gradient/u_cordic/scaled_reg[37]_i_8_n_0
                         CARRY4 (Prop_carry4_S[1]_CO[3])
                                                      0.533    10.104 r  u_gradient/u_cordic/scaled_reg_reg[37]_i_1/CO[3]
                         net (fo=1, unplaced)         0.000    10.104    u_gradient/u_cordic/scaled_reg_reg[37]_i_1_n_0
                         CARRY4 (Prop_carry4_CI_CO[3])
                                                      0.117    10.221 r  u_gradient/u_cordic/scaled_reg_reg[41]_i_1/CO[3]
                         net (fo=1, unplaced)         0.000    10.221    u_gradient/u_cordic/scaled_reg_reg[41]_i_1_n_0
                         CARRY4 (Prop_carry4_CI_O[0])
                                                      0.232    10.453 r  u_gradient/u_cordic/scaled_reg_reg[47]_i_1/O[0]
                         net (fo=1, unplaced)         0.000    10.453    u_gradient/u_cordic/scaled_next[42]
                         FDCE                                         r  u_gradient/u_cordic/scaled_reg_reg[47]/D
  -------------------------------------------------------------------    -------------------

                         (clock clk rise edge)       10.000    10.000 r  <hidden>
                                                      0.000    10.000 r  clk
                         net (fo=0)                   0.000    10.000    clk
                         IBUF (Prop_ibuf_I_O)         0.838    10.838 r  clk_IBUF_inst/O
                         net (fo=1, unplaced)         0.763    11.600    clk_IBUF
                         BUFG (Prop_bufg_I_O)         0.091    11.691 r  clk_IBUF_BUFG_inst/O
                         net (fo=9384, unplaced)      0.439    12.130    u_gradient/u_cordic/clk_IBUF_BUFG
                         FDCE                                         r  u_gradient/u_cordic/scaled_reg_reg[47]/C
                         clock pessimism              0.179    12.309    <hidden>
                         clock uncertainty           -0.035    12.274    <hidden>
                         FDCE (Setup_fdce_C_D)        0.076    12.350    u_gradient/u_cordic/scaled_reg_reg[47]
  -------------------------------------------------------------------
                         required time                         12.350    <hidden>
                         arrival time                         -10.453    <hidden>
  -------------------------------------------------------------------
                         slack                                  1.897    <hidden>

Slack (MET) :             1.909ns  (required time - arrival time)
  Source:                 u_gradient/u_cordic/g_stage[15].x_reg_reg[0]/C
                            (rising edge-triggered cell FDCE clocked by clk  {rise@0.000ns fall@5.000ns period=10.000ns})
  Destination:            u_gradient/u_cordic/scaled_reg_reg[39]/D
                            (rising edge-triggered cell FDCE clocked by clk  {rise@0.000ns fall@5.000ns period=10.000ns})
  Path Group:             clk
  Path Type:              Setup (Max at Slow Process Corner)
  Requirement:            10.000ns  (clk rise@10.000ns - clk rise@0.000ns)
  Data Path Delay:        7.987ns  (logic 4.932ns (61.750%)  route 3.055ns (38.250%))
  Logic Levels:           16  (CARRY4=11 LUT3=2 LUT4=1 LUT5=1 LUT6=1)
  Clock Path Skew:        -0.145ns (DCD - SCD + CPR)
    Destination Clock Delay (DCD):    2.130ns = ( 12.130 - 10.000 ) 
    Source Clock Delay      (SCD):    2.454ns
    Clock Pessimism Removal (CPR):    0.179ns
  Clock Uncertainty:      0.035ns  ((TSJ^2 + TIJ^2)^1/2 + DJ) / 2 + PE
    Total System Jitter     (TSJ):    0.071ns
    Total Input Jitter      (TIJ):    0.000ns
    Discrete Jitter          (DJ):    0.000ns
    Phase Error              (PE):    0.000ns

    Location             Delay type                Incr(ns)  Path(ns)    Netlist Resource(s)
  -------------------------------------------------------------------    -------------------
                         (clock clk rise edge)        0.000     0.000 r  <hidden>
                                                      0.000     0.000 r  clk
                         net (fo=0)                   0.000     0.000    clk
                         IBUF (Prop_ibuf_I_O)         0.971     0.971 r  clk_IBUF_inst/O
                         net (fo=1, unplaced)         0.803     1.774    clk_IBUF
                         BUFG (Prop_bufg_I_O)         0.096     1.870 r  clk_IBUF_BUFG_inst/O
                         net (fo=9384, unplaced)      0.584     2.454    u_gradient/u_cordic/clk_IBUF_BUFG
                         FDCE                                         r  u_gradient/u_cordic/g_stage[15].x_reg_reg[0]/C
  -------------------------------------------------------------------    -------------------
                         FDCE (Prop_fdce_C_Q)         0.478     2.932 r  u_gradient/u_cordic/g_stage[15].x_reg_reg[0]/Q
                         net (fo=18, unplaced)        0.723     3.655    u_gradient/u_cordic/g_stage[15].x_reg[0]
                         CARRY4 (Prop_carry4_S[0]_CO[3])
                                                      0.808     4.463 r  u_gradient/u_cordic/scaled_reg_reg[29]_i_125/CO[3]
                         net (fo=1, unplaced)         0.000     4.463    u_gradient/u_cordic/scaled_reg_reg[29]_i_125_n_0
                         CARRY4 (Prop_carry4_CI_CO[3])
                                                      0.117     4.580 r  u_gradient/u_cordic/scaled_reg_reg[29]_i_167/CO[3]
                         net (fo=1, unplaced)         0.000     4.580    u_gradient/u_cordic/scaled_reg_reg[29]_i_167_n_0
                         CARRY4 (Prop_carry4_CI_CO[3])
                                                      0.117     4.697 r  u_gradient/u_cordic/scaled_reg_reg[29]_i_141/CO[3]
                         net (fo=1, unplaced)         0.000     4.697    u_gradient/u_cordic/scaled_reg_reg[29]_i_141_n_0
                         CARRY4 (Prop_carry4_CI_CO[3])
                                                      0.117     4.814 r  u_gradient/u_cordic/scaled_reg_reg[29]_i_110/CO[3]
                         net (fo=1, unplaced)         0.000     4.814    u_gradient/u_cordic/scaled_reg_reg[29]_i_110_n_0
                         CARRY4 (Prop_carry4_CI_CO[3])
                                                      0.117     4.931 r  u_gradient/u_cordic/scaled_reg_reg[29]_i_82/CO[3]
                         net (fo=1, unplaced)         0.000     4.931    u_gradient/u_cordic/scaled_reg_reg[29]_i_82_n_0
                         CARRY4 (Prop_carry4_CI_O[1])
                                                      0.337     5.268 r  u_gradient/u_cordic/scaled_reg_reg[33]_i_29/O[1]
                         net (fo=2, unplaced)         0.622     5.890    u_gradient/u_cordic/scaled_reg_reg[33]_i_29_n_6
                         LUT3 (Prop_lut3_I1_O)        0.306     6.196 r  u_gradient/u_cordic/scaled_reg[33]_i_23/O
                         net (fo=2, unplaced)         0.460     6.656    u_gradient/u_cordic/scaled_reg[33]_i_23_n_0
                         LUT4 (Prop_lut4_I3_O)        0.124     6.780 r  u_gradient/u_cordic/scaled_reg[33]_i_27/O
                         net (fo=1, unplaced)         0.000     6.780    u_gradient/u_cordic/scaled_reg[33]_i_27_n_0
                         CARRY4 (Prop_carry4_S[1]_CO[3])
                                                      0.533     7.313 r  u_gradient/u_cordic/scaled_reg_reg[33]_i_16/CO[3]
                         net (fo=1, unplaced)         0.000     7.313    u_gradient/u_cordic/scaled_reg_reg[33]_i_16_n_0
                         CARRY4 (Prop_carry4_CI_CO[3])
                                                      0.117     7.430 r  u_gradient/u_cordic/scaled_reg_reg[37]_i_16/CO[3]
                         net (fo=1, unplaced)         0.000     7.430    u_gradient/u_cordic/scaled_reg_reg[37]_i_16_n_0
                         CARRY4 (Prop_carry4_CI_O[1])
                                                      0.337     7.767 r  u_gradient/u_cordic/scaled_reg_reg[41]_i_13/O[1]
                         net (fo=3, unplaced)         0.330     8.097    u_gradient/u_cordic/scaled_reg_reg[41]_i_13_n_6
                         LUT3 (Prop_lut3_I1_O)        0.306     8.403 r  u_gradient/u_cordic/scaled_reg[37]_i_13/O
                         net (fo=2, unplaced)         0.460     8.863    u_gradient/u_cordic/scaled_reg[37]_i_13_n_0
                         LUT5 (Prop_lut5_I1_O)        0.124     8.987 r  u_gradient/u_cordic/scaled_reg[37]_i_4/O
                         net (fo=2, unplaced)         0.460     9.447    u_gradient/u_cordic/scaled_reg[37]_i_4_n_0
                         LUT6 (Prop_lut6_I0_O)        0.124     9.571 r  u_gradient/u_cordic/scaled_reg[37]_i_8/O
                         net (fo=1, unplaced)         0.000     9.571    u_gradient/u_cordic/scaled_reg[37]_i_8_n_0
                         CARRY4 (Prop_carry4_S[1]_CO[3])
                                                      0.533    10.104 r  u_gradient/u_cordic/scaled_reg_reg[37]_i_1/CO[3]
                         net (fo=1, unplaced)         0.000    10.104    u_gradient/u_cordic/scaled_reg_reg[37]_i_1_n_0
                         CARRY4 (Prop_carry4_CI_O[1])
                                                      0.337    10.441 r  u_gradient/u_cordic/scaled_reg_reg[41]_i_1/O[1]
                         net (fo=1, unplaced)         0.000    10.441    u_gradient/u_cordic/scaled_next[39]
                         FDCE                                         r  u_gradient/u_cordic/scaled_reg_reg[39]/D
  -------------------------------------------------------------------    -------------------

                         (clock clk rise edge)       10.000    10.000 r  <hidden>
                                                      0.000    10.000 r  clk
                         net (fo=0)                   0.000    10.000    clk
                         IBUF (Prop_ibuf_I_O)         0.838    10.838 r  clk_IBUF_inst/O
                         net (fo=1, unplaced)         0.763    11.600    clk_IBUF
                         BUFG (Prop_bufg_I_O)         0.091    11.691 r  clk_IBUF_BUFG_inst/O
                         net (fo=9384, unplaced)      0.439    12.130    u_gradient/u_cordic/clk_IBUF_BUFG
                         FDCE                                         r  u_gradient/u_cordic/scaled_reg_reg[39]/C
                         clock pessimism              0.179    12.309    <hidden>
                         clock uncertainty           -0.035    12.274    <hidden>
                         FDCE (Setup_fdce_C_D)        0.076    12.350    u_gradient/u_cordic/scaled_reg_reg[39]
  -------------------------------------------------------------------
                         required time                         12.350    <hidden>
                         arrival time                         -10.441    <hidden>
  -------------------------------------------------------------------
                         slack                                  1.909    <hidden>

Slack (MET) :             1.915ns  (required time - arrival time)
  Source:                 u_gradient/u_cordic/g_stage[15].x_reg_reg[0]/C
                            (rising edge-triggered cell FDCE clocked by clk  {rise@0.000ns fall@5.000ns period=10.000ns})
  Destination:            u_gradient/u_cordic/scaled_reg_reg[41]/D
                            (rising edge-triggered cell FDCE clocked by clk  {rise@0.000ns fall@5.000ns period=10.000ns})
  Path Group:             clk
  Path Type:              Setup (Max at Slow Process Corner)
  Requirement:            10.000ns  (clk rise@10.000ns - clk rise@0.000ns)
  Data Path Delay:        7.981ns  (logic 4.926ns (61.722%)  route 3.055ns (38.278%))
  Logic Levels:           16  (CARRY4=11 LUT3=2 LUT4=1 LUT5=1 LUT6=1)
  Clock Path Skew:        -0.145ns (DCD - SCD + CPR)
    Destination Clock Delay (DCD):    2.130ns = ( 12.130 - 10.000 ) 
    Source Clock Delay      (SCD):    2.454ns
    Clock Pessimism Removal (CPR):    0.179ns
  Clock Uncertainty:      0.035ns  ((TSJ^2 + TIJ^2)^1/2 + DJ) / 2 + PE
    Total System Jitter     (TSJ):    0.071ns
    Total Input Jitter      (TIJ):    0.000ns
    Discrete Jitter          (DJ):    0.000ns
    Phase Error              (PE):    0.000ns

    Location             Delay type                Incr(ns)  Path(ns)    Netlist Resource(s)
  -------------------------------------------------------------------    -------------------
                         (clock clk rise edge)        0.000     0.000 r  <hidden>
                                                      0.000     0.000 r  clk
                         net (fo=0)                   0.000     0.000    clk
                         IBUF (Prop_ibuf_I_O)         0.971     0.971 r  clk_IBUF_inst/O
                         net (fo=1, unplaced)         0.803     1.774    clk_IBUF
                         BUFG (Prop_bufg_I_O)         0.096     1.870 r  clk_IBUF_BUFG_inst/O
                         net (fo=9384, unplaced)      0.584     2.454    u_gradient/u_cordic/clk_IBUF_BUFG
                         FDCE                                         r  u_gradient/u_cordic/g_stage[15].x_reg_reg[0]/C
  -------------------------------------------------------------------    -------------------
                         FDCE (Prop_fdce_C_Q)         0.478     2.932 r  u_gradient/u_cordic/g_stage[15].x_reg_reg[0]/Q
                         net (fo=18, unplaced)        0.723     3.655    u_gradient/u_cordic/g_stage[15].x_reg[0]
                         CARRY4 (Prop_carry4_S[0]_CO[3])
                                                      0.808     4.463 r  u_gradient/u_cordic/scaled_reg_reg[29]_i_125/CO[3]
                         net (fo=1, unplaced)         0.000     4.463    u_gradient/u_cordic/scaled_reg_reg[29]_i_125_n_0
                         CARRY4 (Prop_carry4_CI_CO[3])
                                                      0.117     4.580 r  u_gradient/u_cordic/scaled_reg_reg[29]_i_167/CO[3]
                         net (fo=1, unplaced)         0.000     4.580    u_gradient/u_cordic/scaled_reg_reg[29]_i_167_n_0
                         CARRY4 (Prop_carry4_CI_CO[3])
                                                      0.117     4.697 r  u_gradient/u_cordic/scaled_reg_reg[29]_i_141/CO[3]
                         net (fo=1, unplaced)         0.000     4.697    u_gradient/u_cordic/scaled_reg_reg[29]_i_141_n_0
                         CARRY4 (Prop_carry4_CI_CO[3])
                                                      0.117     4.814 r  u_gradient/u_cordic/scaled_reg_reg[29]_i_110/CO[3]
                         net (fo=1, unplaced)         0.000     4.814    u_gradient/u_cordic/scaled_reg_reg[29]_i_110_n_0
                         CARRY4 (Prop_carry4_CI_CO[3])
                                                      0.117     4.931 r  u_gradient/u_cordic/scaled_reg_reg[29]_i_82/CO[3]
                         net (fo=1, unplaced)         0.000     4.931    u_gradient/u_cordic/scaled_reg_reg[29]_i_82_n_0
                         CARRY4 (Prop_carry4_CI_O[1])
                                                      0.337     5.268 r  u_gradient/u_cordic/scaled_reg_reg[33]_i_29/O[1]
                         net (fo=2, unplaced)         0.622     5.890    u_gradient/u_cordic/scaled_reg_reg[33]_i_29_n_6
                         LUT3 (Prop_lut3_I1_O)        0.306     6.196 r  u_gradient/u_cordic/scaled_reg[33]_i_23/O
                         net (fo=2, unplaced)         0.460     6.656    u_gradient/u_cordic/scaled_reg[33]_i_23_n_0
                         LUT4 (Prop_lut4_I3_O)        0.124     6.780 r  u_gradient/u_cordic/scaled_reg[33]_i_27/O
                         net (fo=1, unplaced)         0.000     6.780    u_gradient/u_cordic/scaled_reg[33]_i_27_n_0
                         CARRY4 (Prop_carry4_S[1]_CO[3])
                                                      0.533     7.313 r  u_gradient/u_cordic/scaled_reg_reg[33]_i_16/CO[3]
                         net (fo=1, unplaced)         0.000     7.313    u_gradient/u_cordic/scaled_reg_reg[33]_i_16_n_0
                         CARRY4 (Prop_carry4_CI_CO[3])
                                                      0.117     7.430 r  u_gradient/u_cordic/scaled_reg_reg[37]_i_16/CO[3]
                         net (fo=1, unplaced)         0.000     7.430    u_gradient/u_cordic/scaled_reg_reg[37]_i_16_n_0
                         CARRY4 (Prop_carry4_CI_O[1])
                                                      0.337     7.767 r  u_gradient/u_cordic/scaled_reg_reg[41]_i_13/O[1]
                         net (fo=3, unplaced)         0.330     8.097    u_gradient/u_cordic/scaled_reg_reg[41]_i_13_n_6
                         LUT3 (Prop_lut3_I1_O)        0.306     8.403 r  u_gradient/u_cordic/scaled_reg[37]_i_13/O
                         net (fo=2, unplaced)         0.460     8.863    u_gradient/u_cordic/scaled_reg[37]_i_13_n_0
                         LUT5 (Prop_lut5_I1_O)        0.124     8.987 r  u_gradient/u_cordic/scaled_reg[37]_i_4/O
                         net (fo=2, unplaced)         0.460     9.447    u_gradient/u_cordic/scaled_reg[37]_i_4_n_0
                         LUT6 (Prop_lut6_I0_O)        0.124     9.571 r  u_gradient/u_cordic/scaled_reg[37]_i_8/O
                         net (fo=1, unplaced)         0.000     9.571    u_gradient/u_cordic/scaled_reg[37]_i_8_n_0
                         CARRY4 (Prop_carry4_S[1]_CO[3])
                                                      0.533    10.104 r  u_gradient/u_cordic/scaled_reg_reg[37]_i_1/CO[3]
                         net (fo=1, unplaced)         0.000    10.104    u_gradient/u_cordic/scaled_reg_reg[37]_i_1_n_0
                         CARRY4 (Prop_carry4_CI_O[3])
                                                      0.331    10.435 r  u_gradient/u_cordic/scaled_reg_reg[41]_i_1/O[3]
                         net (fo=1, unplaced)         0.000    10.435    u_gradient/u_cordic/scaled_next[41]
                         FDCE                                         r  u_gradient/u_cordic/scaled_reg_reg[41]/D
  -------------------------------------------------------------------    -------------------

                         (clock clk rise edge)       10.000    10.000 r  <hidden>
                                                      0.000    10.000 r  clk
                         net (fo=0)                   0.000    10.000    clk
                         IBUF (Prop_ibuf_I_O)         0.838    10.838 r  clk_IBUF_inst/O
                         net (fo=1, unplaced)         0.763    11.600    clk_IBUF
                         BUFG (Prop_bufg_I_O)         0.091    11.691 r  clk_IBUF_BUFG_inst/O
                         net (fo=9384, unplaced)      0.439    12.130    u_gradient/u_cordic/clk_IBUF_BUFG
                         FDCE                                         r  u_gradient/u_cordic/scaled_reg_reg[41]/C
                         clock pessimism              0.179    12.309    <hidden>
                         clock uncertainty           -0.035    12.274    <hidden>
                         FDCE (Setup_fdce_C_D)        0.076    12.350    u_gradient/u_cordic/scaled_reg_reg[41]
  -------------------------------------------------------------------
                         required time                         12.350    <hidden>
                         arrival time                         -10.435    <hidden>
  -------------------------------------------------------------------
                         slack                                  1.915    <hidden>

Slack (MET) :             1.990ns  (required time - arrival time)
  Source:                 u_gradient/u_cordic/g_stage[15].x_reg_reg[0]/C
                            (rising edge-triggered cell FDCE clocked by clk  {rise@0.000ns fall@5.000ns period=10.000ns})
  Destination:            u_gradient/u_cordic/scaled_reg_reg[40]/D
                            (rising edge-triggered cell FDCE clocked by clk  {rise@0.000ns fall@5.000ns period=10.000ns})
  Path Group:             clk
  Path Type:              Setup (Max at Slow Process Corner)
  Requirement:            10.000ns  (clk rise@10.000ns - clk rise@0.000ns)
  Data Path Delay:        7.906ns  (logic 4.851ns (61.358%)  route 3.055ns (38.642%))
  Logic Levels:           16  (CARRY4=11 LUT3=2 LUT4=1 LUT5=1 LUT6=1)
  Clock Path Skew:        -0.145ns (DCD - SCD + CPR)
    Destination Clock Delay (DCD):    2.130ns = ( 12.130 - 10.000 ) 
    Source Clock Delay      (SCD):    2.454ns
    Clock Pessimism Removal (CPR):    0.179ns
  Clock Uncertainty:      0.035ns  ((TSJ^2 + TIJ^2)^1/2 + DJ) / 2 + PE
    Total System Jitter     (TSJ):    0.071ns
    Total Input Jitter      (TIJ):    0.000ns
    Discrete Jitter          (DJ):    0.000ns
    Phase Error              (PE):    0.000ns

    Location             Delay type                Incr(ns)  Path(ns)    Netlist Resource(s)
  -------------------------------------------------------------------    -------------------
                         (clock clk rise edge)        0.000     0.000 r  <hidden>
                                                      0.000     0.000 r  clk
                         net (fo=0)                   0.000     0.000    clk
                         IBUF (Prop_ibuf_I_O)         0.971     0.971 r  clk_IBUF_inst/O
                         net (fo=1, unplaced)         0.803     1.774    clk_IBUF
                         BUFG (Prop_bufg_I_O)         0.096     1.870 r  clk_IBUF_BUFG_inst/O
                         net (fo=9384, unplaced)      0.584     2.454    u_gradient/u_cordic/clk_IBUF_BUFG
                         FDCE                                         r  u_gradient/u_cordic/g_stage[15].x_reg_reg[0]/C
  -------------------------------------------------------------------    -------------------
                         FDCE (Prop_fdce_C_Q)         0.478     2.932 r  u_gradient/u_cordic/g_stage[15].x_reg_reg[0]/Q
                         net (fo=18, unplaced)        0.723     3.655    u_gradient/u_cordic/g_stage[15].x_reg[0]
                         CARRY4 (Prop_carry4_S[0]_CO[3])
                                                      0.808     4.463 r  u_gradient/u_cordic/scaled_reg_reg[29]_i_125/CO[3]
                         net (fo=1, unplaced)         0.000     4.463    u_gradient/u_cordic/scaled_reg_reg[29]_i_125_n_0
                         CARRY4 (Prop_carry4_CI_CO[3])
                                                      0.117     4.580 r  u_gradient/u_cordic/scaled_reg_reg[29]_i_167/CO[3]
                         net (fo=1, unplaced)         0.000     4.580    u_gradient/u_cordic/scaled_reg_reg[29]_i_167_n_0
                         CARRY4 (Prop_carry4_CI_CO[3])
                                                      0.117     4.697 r  u_gradient/u_cordic/scaled_reg_reg[29]_i_141/CO[3]
                         net (fo=1, unplaced)         0.000     4.697    u_gradient/u_cordic/scaled_reg_reg[29]_i_141_n_0
                         CARRY4 (Prop_carry4_CI_CO[3])
                                                      0.117     4.814 r  u_gradient/u_cordic/scaled_reg_reg[29]_i_110/CO[3]
                         net (fo=1, unplaced)         0.000     4.814    u_gradient/u_cordic/scaled_reg_reg[29]_i_110_n_0
                         CARRY4 (Prop_carry4_CI_CO[3])
                                                      0.117     4.931 r  u_gradient/u_cordic/scaled_reg_reg[29]_i_82/CO[3]
                         net (fo=1, unplaced)         0.000     4.931    u_gradient/u_cordic/scaled_reg_reg[29]_i_82_n_0
                         CARRY4 (Prop_carry4_CI_O[1])
                                                      0.337     5.268 r  u_gradient/u_cordic/scaled_reg_reg[33]_i_29/O[1]
                         net (fo=2, unplaced)         0.622     5.890    u_gradient/u_cordic/scaled_reg_reg[33]_i_29_n_6
                         LUT3 (Prop_lut3_I1_O)        0.306     6.196 r  u_gradient/u_cordic/scaled_reg[33]_i_23/O
                         net (fo=2, unplaced)         0.460     6.656    u_gradient/u_cordic/scaled_reg[33]_i_23_n_0
                         LUT4 (Prop_lut4_I3_O)        0.124     6.780 r  u_gradient/u_cordic/scaled_reg[33]_i_27/O
                         net (fo=1, unplaced)         0.000     6.780    u_gradient/u_cordic/scaled_reg[33]_i_27_n_0
                         CARRY4 (Prop_carry4_S[1]_CO[3])
                                                      0.533     7.313 r  u_gradient/u_cordic/scaled_reg_reg[33]_i_16/CO[3]
                         net (fo=1, unplaced)         0.000     7.313    u_gradient/u_cordic/scaled_reg_reg[33]_i_16_n_0
                         CARRY4 (Prop_carry4_CI_CO[3])
                                                      0.117     7.430 r  u_gradient/u_cordic/scaled_reg_reg[37]_i_16/CO[3]
                         net (fo=1, unplaced)         0.000     7.430    u_gradient/u_cordic/scaled_reg_reg[37]_i_16_n_0
                         CARRY4 (Prop_carry4_CI_O[1])
                                                      0.337     7.767 r  u_gradient/u_cordic/scaled_reg_reg[41]_i_13/O[1]
                         net (fo=3, unplaced)         0.330     8.097    u_gradient/u_cordic/scaled_reg_reg[41]_i_13_n_6
                         LUT3 (Prop_lut3_I1_O)        0.306     8.403 r  u_gradient/u_cordic/scaled_reg[37]_i_13/O
                         net (fo=2, unplaced)         0.460     8.863    u_gradient/u_cordic/scaled_reg[37]_i_13_n_0
                         LUT5 (Prop_lut5_I1_O)        0.124     8.987 r  u_gradient/u_cordic/scaled_reg[37]_i_4/O
                         net (fo=2, unplaced)         0.460     9.447    u_gradient/u_cordic/scaled_reg[37]_i_4_n_0
                         LUT6 (Prop_lut6_I0_O)        0.124     9.571 r  u_gradient/u_cordic/scaled_reg[37]_i_8/O
                         net (fo=1, unplaced)         0.000     9.571    u_gradient/u_cordic/scaled_reg[37]_i_8_n_0
                         CARRY4 (Prop_carry4_S[1]_CO[3])
                                                      0.533    10.104 r  u_gradient/u_cordic/scaled_reg_reg[37]_i_1/CO[3]
                         net (fo=1, unplaced)         0.000    10.104    u_gradient/u_cordic/scaled_reg_reg[37]_i_1_n_0
                         CARRY4 (Prop_carry4_CI_O[2])
                                                      0.256    10.360 r  u_gradient/u_cordic/scaled_reg_reg[41]_i_1/O[2]
                         net (fo=1, unplaced)         0.000    10.360    u_gradient/u_cordic/scaled_next[40]
                         FDCE                                         r  u_gradient/u_cordic/scaled_reg_reg[40]/D
  -------------------------------------------------------------------    -------------------

                         (clock clk rise edge)       10.000    10.000 r  <hidden>
                                                      0.000    10.000 r  clk
                         net (fo=0)                   0.000    10.000    clk
                         IBUF (Prop_ibuf_I_O)         0.838    10.838 r  clk_IBUF_inst/O
                         net (fo=1, unplaced)         0.763    11.600    clk_IBUF
                         BUFG (Prop_bufg_I_O)         0.091    11.691 r  clk_IBUF_BUFG_inst/O
                         net (fo=9384, unplaced)      0.439    12.130    u_gradient/u_cordic/clk_IBUF_BUFG
                         FDCE                                         r  u_gradient/u_cordic/scaled_reg_reg[40]/C
                         clock pessimism              0.179    12.309    <hidden>
                         clock uncertainty           -0.035    12.274    <hidden>
                         FDCE (Setup_fdce_C_D)        0.076    12.350    u_gradient/u_cordic/scaled_reg_reg[40]
  -------------------------------------------------------------------
                         required time                         12.350    <hidden>
                         arrival time                         -10.360    <hidden>
  -------------------------------------------------------------------
                         slack                                  1.990    <hidden>

Slack (MET) :             1.991ns  (required time - arrival time)
  Source:                 g_engine[0].u_engine/scan_first_pipe_reg/C
                            (rising edge-triggered cell FDCE clocked by clk  {rise@0.000ns fall@5.000ns period=10.000ns})
  Destination:            g_engine[0].u_engine/block_active_reg[0][0]/CE
                            (rising edge-triggered cell FDCE clocked by clk  {rise@0.000ns fall@5.000ns period=10.000ns})
  Path Group:             clk
  Path Type:              Setup (Max at Slow Process Corner)
  Requirement:            10.000ns  (clk rise@10.000ns - clk rise@0.000ns)
  Data Path Delay:        7.627ns  (logic 4.018ns (52.681%)  route 3.609ns (47.319%))
  Logic Levels:           10  (CARRY4=5 LUT2=1 LUT3=2 LUT6=2)
  Clock Path Skew:        -0.145ns (DCD - SCD + CPR)
    Destination Clock Delay (DCD):    2.130ns = ( 12.130 - 10.000 ) 
    Source Clock Delay      (SCD):    2.454ns
    Clock Pessimism Removal (CPR):    0.179ns
  Clock Uncertainty:      0.035ns  ((TSJ^2 + TIJ^2)^1/2 + DJ) / 2 + PE
    Total System Jitter     (TSJ):    0.071ns
    Total Input Jitter      (TIJ):    0.000ns
    Discrete Jitter          (DJ):    0.000ns
    Phase Error              (PE):    0.000ns

    Location             Delay type                Incr(ns)  Path(ns)    Netlist Resource(s)
  -------------------------------------------------------------------    -------------------
                         (clock clk rise edge)        0.000     0.000 r  <hidden>
                                                      0.000     0.000 r  clk
                         net (fo=0)                   0.000     0.000    clk
                         IBUF (Prop_ibuf_I_O)         0.971     0.971 r  clk_IBUF_inst/O
                         net (fo=1, unplaced)         0.803     1.774    clk_IBUF
                         BUFG (Prop_bufg_I_O)         0.096     1.870 r  clk_IBUF_BUFG_inst/O
                         net (fo=9384, unplaced)      0.584     2.454    g_engine[0].u_engine/clk_IBUF_BUFG
                         FDCE                                         r  g_engine[0].u_engine/scan_first_pipe_reg/C
  -------------------------------------------------------------------    -------------------
                         FDCE (Prop_fdce_C_Q)         0.478     2.932 r  g_engine[0].u_engine/scan_first_pipe_reg/Q
                         net (fo=29, unplaced)        0.832     3.764    g_engine[0].u_engine/scan_first_pipe
                         LUT3 (Prop_lut3_I0_O)        0.295     4.059 r  g_engine[0].u_engine/cumulative[3]_i_9/O
                         net (fo=1, unplaced)         0.000     4.059    g_engine[0].u_engine/cumulative[3]_i_9_n_0
                         CARRY4 (Prop_carry4_S[1]_CO[3])
                                                      0.533     4.592 r  g_engine[0].u_engine/cumulative_reg[3]_i_2/CO[3]
                         net (fo=1, unplaced)         0.000     4.592    g_engine[0].u_engine/cumulative_reg[3]_i_2_n_0
                         CARRY4 (Prop_carry4_CI_O[1])
                                                      0.337     4.929 r  g_engine[0].u_engine/cumulative_reg[7]_i_2/O[1]
                         net (fo=4, unplaced)         0.635     5.564    g_engine[0].u_engine/cumulative_next[5]
                         LUT2 (Prop_lut2_I0_O)        0.306     5.870 r  g_engine[0].u_engine/block_low[1][0][9]_i_32/O
                         net (fo=1, unplaced)         0.000     5.870    g_engine[0].u_engine/block_low[1][0][9]_i_32_n_0
                         CARRY4 (Prop_carry4_S[2]_CO[3])
                                                      0.380     6.250 r  g_engine[0].u_engine/block_low_reg[1][0][9]_i_27/CO[3]
                         net (fo=1, unplaced)         0.000     6.250    g_engine[0].u_engine/block_low_reg[1][0][9]_i_27_n_0
                         CARRY4 (Prop_carry4_CI_O[1])
                                                      0.337     6.587 r  g_engine[0].u_engine/block_low_reg[1][0][9]_i_25/O[1]
                         net (fo=2, unplaced)         0.622     7.209    g_engine[0].u_engine/u_step/five_cumulative[10]
                         LUT3 (Prop_lut3_I0_O)        0.332     7.541 r  g_engine[0].u_engine/block_low[1][0][9]_i_12/O
                         net (fo=1, unplaced)         0.000     7.541    g_engine[0].u_engine/block_low[1][0][9]_i_12_n_0
                         CARRY4 (Prop_carry4_DI[1]_CO[2])
                                                      0.586     8.127 r  g_engine[0].u_engine/block_low_reg[1][0][9]_i_7/CO[2]
                         net (fo=7, unplaced)         0.487     8.614    g_engine[0].u_engine/block_low_reg[1][0][9]_i_7_n_1
                         LUT6 (Prop_lut6_I5_O)        0.310     8.924 r  g_engine[0].u_engine/block_low[0][0][9]_i_3/O
                         net (fo=20, unplaced)        0.509     9.433    g_engine[0].u_engine/block_low[0][0][9]_i_3_n_0
                         LUT6 (Prop_lut6_I0_O)        0.124     9.557 r  g_engine[0].u_engine/block_low[0][0][9]_i_1/O
                         net (fo=14, unplaced)        0.524    10.081    g_engine[0].u_engine/block_low[0][0][9]_i_1_n_0
                         FDCE                                         r  g_engine[0].u_engine/block_active_reg[0][0]/CE
  -------------------------------------------------------------------    -------------------

                         (clock clk rise edge)       10.000    10.000 r  <hidden>
                                                      0.000    10.000 r  clk
                         net (fo=0)                   0.000    10.000    clk
                         IBUF (Prop_ibuf_I_O)         0.838    10.838 r  clk_IBUF_inst/O
                         net (fo=1, unplaced)         0.763    11.600    clk_IBUF
                         BUFG (Prop_bufg_I_O)         0.091    11.691 r  clk_IBUF_BUFG_inst/O
                         net (fo=9384, unplaced)      0.439    12.130    g_engine[0].u_engine/clk_IBUF_BUFG
                         FDCE                                         r  g_engine[0].u_engine/block_active_reg[0][0]/C
                         clock pessimism              0.179    12.309    <hidden>
                         clock uncertainty           -0.035    12.274    <hidden>
                         FDCE (Setup_fdce_C_CE)      -0.202    12.072    g_engine[0].u_engine/block_active_reg[0][0]
  -------------------------------------------------------------------
                         required time                         12.072    <hidden>
                         arrival time                         -10.081    <hidden>
  -------------------------------------------------------------------
                         slack                                  1.991    <hidden>

Slack (MET) :             1.991ns  (required time - arrival time)
  Source:                 g_engine[0].u_engine/scan_first_pipe_reg/C
                            (rising edge-triggered cell FDCE clocked by clk  {rise@0.000ns fall@5.000ns period=10.000ns})
  Destination:            g_engine[0].u_engine/block_active_reg[0][10]/CE
                            (rising edge-triggered cell FDCE clocked by clk  {rise@0.000ns fall@5.000ns period=10.000ns})
  Path Group:             clk
  Path Type:              Setup (Max at Slow Process Corner)
  Requirement:            10.000ns  (clk rise@10.000ns - clk rise@0.000ns)
  Data Path Delay:        7.627ns  (logic 4.018ns (52.681%)  route 3.609ns (47.319%))
  Logic Levels:           10  (CARRY4=5 LUT2=1 LUT3=2 LUT6=2)
  Clock Path Skew:        -0.145ns (DCD - SCD + CPR)
    Destination Clock Delay (DCD):    2.130ns = ( 12.130 - 10.000 ) 
    Source Clock Delay      (SCD):    2.454ns
    Clock Pessimism Removal (CPR):    0.179ns
  Clock Uncertainty:      0.035ns  ((TSJ^2 + TIJ^2)^1/2 + DJ) / 2 + PE
    Total System Jitter     (TSJ):    0.071ns
    Total Input Jitter      (TIJ):    0.000ns
    Discrete Jitter          (DJ):    0.000ns
    Phase Error              (PE):    0.000ns

    Location             Delay type                Incr(ns)  Path(ns)    Netlist Resource(s)
  -------------------------------------------------------------------    -------------------
                         (clock clk rise edge)        0.000     0.000 r  <hidden>
                                                      0.000     0.000 r  clk
                         net (fo=0)                   0.000     0.000    clk
                         IBUF (Prop_ibuf_I_O)         0.971     0.971 r  clk_IBUF_inst/O
                         net (fo=1, unplaced)         0.803     1.774    clk_IBUF
                         BUFG (Prop_bufg_I_O)         0.096     1.870 r  clk_IBUF_BUFG_inst/O
                         net (fo=9384, unplaced)      0.584     2.454    g_engine[0].u_engine/clk_IBUF_BUFG
                         FDCE                                         r  g_engine[0].u_engine/scan_first_pipe_reg/C
  -------------------------------------------------------------------    -------------------
                         FDCE (Prop_fdce_C_Q)         0.478     2.932 r  g_engine[0].u_engine/scan_first_pipe_reg/Q
                         net (fo=29, unplaced)        0.832     3.764    g_engine[0].u_engine/scan_first_pipe
                         LUT3 (Prop_lut3_I0_O)        0.295     4.059 r  g_engine[0].u_engine/cumulative[3]_i_9/O
                         net (fo=1, unplaced)         0.000     4.059    g_engine[0].u_engine/cumulative[3]_i_9_n_0
                         CARRY4 (Prop_carry4_S[1]_CO[3])
                                                      0.533     4.592 r  g_engine[0].u_engine/cumulative_reg[3]_i_2/CO[3]
                         net (fo=1, unplaced)         0.000     4.592    g_engine[0].u_engine/cumulative_reg[3]_i_2_n_0
                         CARRY4 (Prop_carry4_CI_O[1])
                                                      0.337     4.929 r  g_engine[0].u_engine/cumulative_reg[7]_i_2/O[1]
                         net (fo=4, unplaced)         0.635     5.564    g_engine[0].u_engine/cumulative_next[5]
                         LUT2 (Prop_lut2_I0_O)        0.306     5.870 r  g_engine[0].u_engine/block_low[1][0][9]_i_32/O
                         net (fo=1, unplaced)         0.000     5.870    g_engine[0].u_engine/block_low[1][0][9]_i_32_n_0
                         CARRY4 (Prop_carry4_S[2]_CO[3])
                                                      0.380     6.250 r  g_engine[0].u_engine/block_low_reg[1][0][9]_i_27/CO[3]
                         net (fo=1, unplaced)         0.000     6.250    g_engine[0].u_engine/block_low_reg[1][0][9]_i_27_n_0
                         CARRY4 (Prop_carry4_CI_O[1])
                                                      0.337     6.587 r  g_engine[0].u_engine/block_low_reg[1][0][9]_i_25/O[1]
                         net (fo=2, unplaced)         0.622     7.209    g_engine[0].u_engine/u_step/five_cumulative[10]
                         LUT3 (Prop_lut3_I0_O)        0.332     7.541 r  g_engine[0].u_engine/block_low[1][0][9]_i_12/O
                         net (fo=1, unplaced)         0.000     7.541    g_engine[0].u_engine/block_low[1][0][9]_i_12_n_0
                         CARRY4 (Prop_carry4_DI[1]_CO[2])
                                                      0.586     8.127 r  g_engine[0].u_engine/block_low_reg[1][0][9]_i_7/CO[2]
                         net (fo=7, unplaced)         0.487     8.614    g_engine[0].u_engine/block_low_reg[1][0][9]_i_7_n_1
                         LUT6 (Prop_lut6_I5_O)        0.310     8.924 r  g_engine[0].u_engine/block_low[0][0][9]_i_3/O
                         net (fo=20, unplaced)        0.509     9.433    g_engine[0].u_engine/block_low[0][0][9]_i_3_n_0
                         LUT6 (Prop_lut6_I0_O)        0.124     9.557 r  g_engine[0].u_engine/block_low[0][10][9]_i_1/O
                         net (fo=14, unplaced)        0.524    10.081    g_engine[0].u_engine/block_low[0][10][9]_i_1_n_0
                         FDCE                                         r  g_engine[0].u_engine/block_active_reg[0][10]/CE
  -------------------------------------------------------------------    -------------------

                         (clock clk rise edge)       10.000    10.000 r  <hidden>
                                                      0.000    10.000 r  clk
                         net (fo=0)                   0.000    10.000    clk
                         IBUF (Prop_ibuf_I_O)         0.838    10.838 r  clk_IBUF_inst/O
                         net (fo=1, unplaced)         0.763    11.600    clk_IBUF
                         BUFG (Prop_bufg_I_O)         0.091    11.691 r  clk_IBUF_BUFG_inst/O
                         net (fo=9384, unplaced)      0.439    12.130    g_engine[0].u_engine/clk_IBUF_BUFG
                         FDCE                                         r  g_engine[0].u_engine/block_active_reg[0][10]/C
                         clock pessimism              0.179    12.309    <hidden>
                         clock uncertainty           -0.035    12.274    <hidden>
                         FDCE (Setup_fdce_C_CE)      -0.202    12.072    g_engine[0].u_engine/block_active_reg[0][10]
  -------------------------------------------------------------------
                         required time                         12.072    <hidden>
                         arrival time                         -10.081    <hidden>
  -------------------------------------------------------------------
                         slack                                  1.991    <hidden>

Slack (MET) :             1.991ns  (required time - arrival time)
  Source:                 g_engine[0].u_engine/scan_first_pipe_reg/C
                            (rising edge-triggered cell FDCE clocked by clk  {rise@0.000ns fall@5.000ns period=10.000ns})
  Destination:            g_engine[0].u_engine/block_active_reg[0][11]/CE
                            (rising edge-triggered cell FDCE clocked by clk  {rise@0.000ns fall@5.000ns period=10.000ns})
  Path Group:             clk
  Path Type:              Setup (Max at Slow Process Corner)
  Requirement:            10.000ns  (clk rise@10.000ns - clk rise@0.000ns)
  Data Path Delay:        7.627ns  (logic 4.018ns (52.681%)  route 3.609ns (47.319%))
  Logic Levels:           10  (CARRY4=5 LUT2=1 LUT3=2 LUT6=2)
  Clock Path Skew:        -0.145ns (DCD - SCD + CPR)
    Destination Clock Delay (DCD):    2.130ns = ( 12.130 - 10.000 ) 
    Source Clock Delay      (SCD):    2.454ns
    Clock Pessimism Removal (CPR):    0.179ns
  Clock Uncertainty:      0.035ns  ((TSJ^2 + TIJ^2)^1/2 + DJ) / 2 + PE
    Total System Jitter     (TSJ):    0.071ns
    Total Input Jitter      (TIJ):    0.000ns
    Discrete Jitter          (DJ):    0.000ns
    Phase Error              (PE):    0.000ns

    Location             Delay type                Incr(ns)  Path(ns)    Netlist Resource(s)
  -------------------------------------------------------------------    -------------------
                         (clock clk rise edge)        0.000     0.000 r  <hidden>
                                                      0.000     0.000 r  clk
                         net (fo=0)                   0.000     0.000    clk
                         IBUF (Prop_ibuf_I_O)         0.971     0.971 r  clk_IBUF_inst/O
                         net (fo=1, unplaced)         0.803     1.774    clk_IBUF
                         BUFG (Prop_bufg_I_O)         0.096     1.870 r  clk_IBUF_BUFG_inst/O
                         net (fo=9384, unplaced)      0.584     2.454    g_engine[0].u_engine/clk_IBUF_BUFG
                         FDCE                                         r  g_engine[0].u_engine/scan_first_pipe_reg/C
  -------------------------------------------------------------------    -------------------
                         FDCE (Prop_fdce_C_Q)         0.478     2.932 r  g_engine[0].u_engine/scan_first_pipe_reg/Q
                         net (fo=29, unplaced)        0.832     3.764    g_engine[0].u_engine/scan_first_pipe
                         LUT3 (Prop_lut3_I0_O)        0.295     4.059 r  g_engine[0].u_engine/cumulative[3]_i_9/O
                         net (fo=1, unplaced)         0.000     4.059    g_engine[0].u_engine/cumulative[3]_i_9_n_0
                         CARRY4 (Prop_carry4_S[1]_CO[3])
                                                      0.533     4.592 r  g_engine[0].u_engine/cumulative_reg[3]_i_2/CO[3]
                         net (fo=1, unplaced)         0.000     4.592    g_engine[0].u_engine/cumulative_reg[3]_i_2_n_0
                         CARRY4 (Prop_carry4_CI_O[1])
                                                      0.337     4.929 r  g_engine[0].u_engine/cumulative_reg[7]_i_2/O[1]
                         net (fo=4, unplaced)         0.635     5.564    g_engine[0].u_engine/cumulative_next[5]
                         LUT2 (Prop_lut2_I0_O)        0.306     5.870 r  g_engine[0].u_engine/block_low[1][0][9]_i_32/O
                         net (fo=1, unplaced)         0.000     5.870    g_engine[0].u_engine/block_low[1][0][9]_i_32_n_0
                         CARRY4 (Prop_carry4_S[2]_CO[3])
                                                      0.380     6.250 r  g_engine[0].u_engine/block_low_reg[1][0][9]_i_27/CO[3]
                         net (fo=1, unplaced)         0.000     6.250    g_engine[0].u_engine/block_low_reg[1][0][9]_i_27_n_0
                         CARRY4 (Prop_carry4_CI_O[1])
                                                      0.337     6.587 r  g_engine[0].u_engine/block_low_reg[1][0][9]_i_25/O[1]
                         net (fo=2, unplaced)         0.622     7.209    g_engine[0].u_engine/u_step/five_cumulative[10]
                         LUT3 (Prop_lut3_I0_O)        0.332     7.541 r  g_engine[0].u_engine/block_low[1][0][9]_i_12/O
                         net (fo=1, unplaced)         0.000     7.541    g_engine[0].u_engine/block_low[1][0][9]_i_12_n_0
                         CARRY4 (Prop_carry4_DI[1]_CO[2])
                                                      0.586     8.127 r  g_engine[0].u_engine/block_low_reg[1][0][9]_i_7/CO[2]
                         net (fo=7, unplaced)         0.487     8.614    g_engine[0].u_engine/block_low_reg[1][0][9]_i_7_n_1
                         LUT6 (Prop_lut6_I5_O)        0.310     8.924 r  g_engine[0].u_engine/block_low[0][0][9]_i_3/O
                         net (fo=20, unplaced)        0.509     9.433    g_engine[0].u_engine/block_low[0][0][9]_i_3_n_0
                         LUT6 (Prop_lut6_I0_O)        0.124     9.557 r  g_engine[0].u_engine/block_low[0][11][9]_i_1/O
                         net (fo=14, unplaced)        0.524    10.081    g_engine[0].u_engine/block_low[0][11][9]_i_1_n_0
                         FDCE                                         r  g_engine[0].u_engine/block_active_reg[0][11]/CE
  -------------------------------------------------------------------    -------------------

                         (clock clk rise edge)       10.000    10.000 r  <hidden>
                                                      0.000    10.000 r  clk
                         net (fo=0)                   0.000    10.000    clk
                         IBUF (Prop_ibuf_I_O)         0.838    10.838 r  clk_IBUF_inst/O
                         net (fo=1, unplaced)         0.763    11.600    clk_IBUF
                         BUFG (Prop_bufg_I_O)         0.091    11.691 r  clk_IBUF_BUFG_inst/O
                         net (fo=9384, unplaced)      0.439    12.130    g_engine[0].u_engine/clk_IBUF_BUFG
                         FDCE                                         r  g_engine[0].u_engine/block_active_reg[0][11]/C
                         clock pessimism              0.179    12.309    <hidden>
                         clock uncertainty           -0.035    12.274    <hidden>
                         FDCE (Setup_fdce_C_CE)      -0.202    12.072    g_engine[0].u_engine/block_active_reg[0][11]
  -------------------------------------------------------------------
                         required time                         12.072    <hidden>
                         arrival time                         -10.081    <hidden>
  -------------------------------------------------------------------
                         slack                                  1.991    <hidden>

Slack (MET) :             1.991ns  (required time - arrival time)
  Source:                 g_engine[0].u_engine/scan_first_pipe_reg/C
                            (rising edge-triggered cell FDCE clocked by clk  {rise@0.000ns fall@5.000ns period=10.000ns})
  Destination:            g_engine[0].u_engine/block_active_reg[0][12]/CE
                            (rising edge-triggered cell FDCE clocked by clk  {rise@0.000ns fall@5.000ns period=10.000ns})
  Path Group:             clk
  Path Type:              Setup (Max at Slow Process Corner)
  Requirement:            10.000ns  (clk rise@10.000ns - clk rise@0.000ns)
  Data Path Delay:        7.627ns  (logic 4.018ns (52.681%)  route 3.609ns (47.319%))
  Logic Levels:           10  (CARRY4=5 LUT2=1 LUT3=2 LUT6=2)
  Clock Path Skew:        -0.145ns (DCD - SCD + CPR)
    Destination Clock Delay (DCD):    2.130ns = ( 12.130 - 10.000 ) 
    Source Clock Delay      (SCD):    2.454ns
    Clock Pessimism Removal (CPR):    0.179ns
  Clock Uncertainty:      0.035ns  ((TSJ^2 + TIJ^2)^1/2 + DJ) / 2 + PE
    Total System Jitter     (TSJ):    0.071ns
    Total Input Jitter      (TIJ):    0.000ns
    Discrete Jitter          (DJ):    0.000ns
    Phase Error              (PE):    0.000ns

    Location             Delay type                Incr(ns)  Path(ns)    Netlist Resource(s)
  -------------------------------------------------------------------    -------------------
                         (clock clk rise edge)        0.000     0.000 r  <hidden>
                                                      0.000     0.000 r  clk
                         net (fo=0)                   0.000     0.000    clk
                         IBUF (Prop_ibuf_I_O)         0.971     0.971 r  clk_IBUF_inst/O
                         net (fo=1, unplaced)         0.803     1.774    clk_IBUF
                         BUFG (Prop_bufg_I_O)         0.096     1.870 r  clk_IBUF_BUFG_inst/O
                         net (fo=9384, unplaced)      0.584     2.454    g_engine[0].u_engine/clk_IBUF_BUFG
                         FDCE                                         r  g_engine[0].u_engine/scan_first_pipe_reg/C
  -------------------------------------------------------------------    -------------------
                         FDCE (Prop_fdce_C_Q)         0.478     2.932 r  g_engine[0].u_engine/scan_first_pipe_reg/Q
                         net (fo=29, unplaced)        0.832     3.764    g_engine[0].u_engine/scan_first_pipe
                         LUT3 (Prop_lut3_I0_O)        0.295     4.059 r  g_engine[0].u_engine/cumulative[3]_i_9/O
                         net (fo=1, unplaced)         0.000     4.059    g_engine[0].u_engine/cumulative[3]_i_9_n_0
                         CARRY4 (Prop_carry4_S[1]_CO[3])
                                                      0.533     4.592 r  g_engine[0].u_engine/cumulative_reg[3]_i_2/CO[3]
                         net (fo=1, unplaced)         0.000     4.592    g_engine[0].u_engine/cumulative_reg[3]_i_2_n_0
                         CARRY4 (Prop_carry4_CI_O[1])
                                                      0.337     4.929 r  g_engine[0].u_engine/cumulative_reg[7]_i_2/O[1]
                         net (fo=4, unplaced)         0.635     5.564    g_engine[0].u_engine/cumulative_next[5]
                         LUT2 (Prop_lut2_I0_O)        0.306     5.870 r  g_engine[0].u_engine/block_low[1][0][9]_i_32/O
                         net (fo=1, unplaced)         0.000     5.870    g_engine[0].u_engine/block_low[1][0][9]_i_32_n_0
                         CARRY4 (Prop_carry4_S[2]_CO[3])
                                                      0.380     6.250 r  g_engine[0].u_engine/block_low_reg[1][0][9]_i_27/CO[3]
                         net (fo=1, unplaced)         0.000     6.250    g_engine[0].u_engine/block_low_reg[1][0][9]_i_27_n_0
                         CARRY4 (Prop_carry4_CI_O[1])
                                                      0.337     6.587 r  g_engine[0].u_engine/block_low_reg[1][0][9]_i_25/O[1]
                         net (fo=2, unplaced)         0.622     7.209    g_engine[0].u_engine/u_step/five_cumulative[10]
                         LUT3 (Prop_lut3_I0_O)        0.332     7.541 r  g_engine[0].u_engine/block_low[1][0][9]_i_12/O
                         net (fo=1, unplaced)         0.000     7.541    g_engine[0].u_engine/block_low[1][0][9]_i_12_n_0
                         CARRY4 (Prop_carry4_DI[1]_CO[2])
                                                      0.586     8.127 r  g_engine[0].u_engine/block_low_reg[1][0][9]_i_7/CO[2]
                         net (fo=7, unplaced)         0.487     8.614    g_engine[0].u_engine/block_low_reg[1][0][9]_i_7_n_1
                         LUT6 (Prop_lut6_I5_O)        0.310     8.924 r  g_engine[0].u_engine/block_low[0][0][9]_i_3/O
                         net (fo=20, unplaced)        0.509     9.433    g_engine[0].u_engine/block_low[0][0][9]_i_3_n_0
                         LUT6 (Prop_lut6_I0_O)        0.124     9.557 r  g_engine[0].u_engine/block_low[0][12][9]_i_1/O
                         net (fo=14, unplaced)        0.524    10.081    g_engine[0].u_engine/block_low[0][12][9]_i_1_n_0
                         FDCE                                         r  g_engine[0].u_engine/block_active_reg[0][12]/CE
  -------------------------------------------------------------------    -------------------

                         (clock clk rise edge)       10.000    10.000 r  <hidden>
                                                      0.000    10.000 r  clk
                         net (fo=0)                   0.000    10.000    clk
                         IBUF (Prop_ibuf_I_O)         0.838    10.838 r  clk_IBUF_inst/O
                         net (fo=1, unplaced)         0.763    11.600    clk_IBUF
                         BUFG (Prop_bufg_I_O)         0.091    11.691 r  clk_IBUF_BUFG_inst/O
                         net (fo=9384, unplaced)      0.439    12.130    g_engine[0].u_engine/clk_IBUF_BUFG
                         FDCE                                         r  g_engine[0].u_engine/block_active_reg[0][12]/C
                         clock pessimism              0.179    12.309    <hidden>
                         clock uncertainty           -0.035    12.274    <hidden>
                         FDCE (Setup_fdce_C_CE)      -0.202    12.072    g_engine[0].u_engine/block_active_reg[0][12]
  -------------------------------------------------------------------
                         required time                         12.072    <hidden>
                         arrival time                         -10.081    <hidden>
  -------------------------------------------------------------------
                         slack                                  1.991    <hidden>

Slack (MET) :             1.991ns  (required time - arrival time)
  Source:                 g_engine[0].u_engine/scan_first_pipe_reg/C
                            (rising edge-triggered cell FDCE clocked by clk  {rise@0.000ns fall@5.000ns period=10.000ns})
  Destination:            g_engine[0].u_engine/block_active_reg[0][13]/CE
                            (rising edge-triggered cell FDCE clocked by clk  {rise@0.000ns fall@5.000ns period=10.000ns})
  Path Group:             clk
  Path Type:              Setup (Max at Slow Process Corner)
  Requirement:            10.000ns  (clk rise@10.000ns - clk rise@0.000ns)
  Data Path Delay:        7.627ns  (logic 4.018ns (52.681%)  route 3.609ns (47.319%))
  Logic Levels:           10  (CARRY4=5 LUT2=1 LUT3=2 LUT6=2)
  Clock Path Skew:        -0.145ns (DCD - SCD + CPR)
    Destination Clock Delay (DCD):    2.130ns = ( 12.130 - 10.000 ) 
    Source Clock Delay      (SCD):    2.454ns
    Clock Pessimism Removal (CPR):    0.179ns
  Clock Uncertainty:      0.035ns  ((TSJ^2 + TIJ^2)^1/2 + DJ) / 2 + PE
    Total System Jitter     (TSJ):    0.071ns
    Total Input Jitter      (TIJ):    0.000ns
    Discrete Jitter          (DJ):    0.000ns
    Phase Error              (PE):    0.000ns

    Location             Delay type                Incr(ns)  Path(ns)    Netlist Resource(s)
  -------------------------------------------------------------------    -------------------
                         (clock clk rise edge)        0.000     0.000 r  <hidden>
                                                      0.000     0.000 r  clk
                         net (fo=0)                   0.000     0.000    clk
                         IBUF (Prop_ibuf_I_O)         0.971     0.971 r  clk_IBUF_inst/O
                         net (fo=1, unplaced)         0.803     1.774    clk_IBUF
                         BUFG (Prop_bufg_I_O)         0.096     1.870 r  clk_IBUF_BUFG_inst/O
                         net (fo=9384, unplaced)      0.584     2.454    g_engine[0].u_engine/clk_IBUF_BUFG
                         FDCE                                         r  g_engine[0].u_engine/scan_first_pipe_reg/C
  -------------------------------------------------------------------    -------------------
                         FDCE (Prop_fdce_C_Q)         0.478     2.932 r  g_engine[0].u_engine/scan_first_pipe_reg/Q
                         net (fo=29, unplaced)        0.832     3.764    g_engine[0].u_engine/scan_first_pipe
                         LUT3 (Prop_lut3_I0_O)        0.295     4.059 r  g_engine[0].u_engine/cumulative[3]_i_9/O
                         net (fo=1, unplaced)         0.000     4.059    g_engine[0].u_engine/cumulative[3]_i_9_n_0
                         CARRY4 (Prop_carry4_S[1]_CO[3])
                                                      0.533     4.592 r  g_engine[0].u_engine/cumulative_reg[3]_i_2/CO[3]
                         net (fo=1, unplaced)         0.000     4.592    g_engine[0].u_engine/cumulative_reg[3]_i_2_n_0
                         CARRY4 (Prop_carry4_CI_O[1])
                                                      0.337     4.929 r  g_engine[0].u_engine/cumulative_reg[7]_i_2/O[1]
                         net (fo=4, unplaced)         0.635     5.564    g_engine[0].u_engine/cumulative_next[5]
                         LUT2 (Prop_lut2_I0_O)        0.306     5.870 r  g_engine[0].u_engine/block_low[1][0][9]_i_32/O
                         net (fo=1, unplaced)         0.000     5.870    g_engine[0].u_engine/block_low[1][0][9]_i_32_n_0
                         CARRY4 (Prop_carry4_S[2]_CO[3])
                                                      0.380     6.250 r  g_engine[0].u_engine/block_low_reg[1][0][9]_i_27/CO[3]
                         net (fo=1, unplaced)         0.000     6.250    g_engine[0].u_engine/block_low_reg[1][0][9]_i_27_n_0
                         CARRY4 (Prop_carry4_CI_O[1])
                                                      0.337     6.587 r  g_engine[0].u_engine/block_low_reg[1][0][9]_i_25/O[1]
                         net (fo=2, unplaced)         0.622     7.209    g_engine[0].u_engine/u_step/five_cumulative[10]
                         LUT3 (Prop_lut3_I0_O)        0.332     7.541 r  g_engine[0].u_engine/block_low[1][0][9]_i_12/O
                         net (fo=1, unplaced)         0.000     7.541    g_engine[0].u_engine/block_low[1][0][9]_i_12_n_0
                         CARRY4 (Prop_carry4_DI[1]_CO[2])
                                                      0.586     8.127 r  g_engine[0].u_engine/block_low_reg[1][0][9]_i_7/CO[2]
                         net (fo=7, unplaced)         0.487     8.614    g_engine[0].u_engine/block_low_reg[1][0][9]_i_7_n_1
                         LUT6 (Prop_lut6_I5_O)        0.310     8.924 r  g_engine[0].u_engine/block_low[0][0][9]_i_3/O
                         net (fo=20, unplaced)        0.509     9.433    g_engine[0].u_engine/block_low[0][0][9]_i_3_n_0
                         LUT6 (Prop_lut6_I0_O)        0.124     9.557 r  g_engine[0].u_engine/block_low[0][13][9]_i_1/O
                         net (fo=14, unplaced)        0.524    10.081    g_engine[0].u_engine/block_low[0][13][9]_i_1_n_0
                         FDCE                                         r  g_engine[0].u_engine/block_active_reg[0][13]/CE
  -------------------------------------------------------------------    -------------------

                         (clock clk rise edge)       10.000    10.000 r  <hidden>
                                                      0.000    10.000 r  clk
                         net (fo=0)                   0.000    10.000    clk
                         IBUF (Prop_ibuf_I_O)         0.838    10.838 r  clk_IBUF_inst/O
                         net (fo=1, unplaced)         0.763    11.600    clk_IBUF
                         BUFG (Prop_bufg_I_O)         0.091    11.691 r  clk_IBUF_BUFG_inst/O
                         net (fo=9384, unplaced)      0.439    12.130    g_engine[0].u_engine/clk_IBUF_BUFG
                         FDCE                                         r  g_engine[0].u_engine/block_active_reg[0][13]/C
                         clock pessimism              0.179    12.309    <hidden>
                         clock uncertainty           -0.035    12.274    <hidden>
                         FDCE (Setup_fdce_C_CE)      -0.202    12.072    g_engine[0].u_engine/block_active_reg[0][13]
  -------------------------------------------------------------------
                         required time                         12.072    <hidden>
                         arrival time                         -10.081    <hidden>
  -------------------------------------------------------------------
                         slack                                  1.991    <hidden>

Slack (MET) :             1.991ns  (required time - arrival time)
  Source:                 g_engine[0].u_engine/scan_first_pipe_reg/C
                            (rising edge-triggered cell FDCE clocked by clk  {rise@0.000ns fall@5.000ns period=10.000ns})
  Destination:            g_engine[0].u_engine/block_active_reg[0][14]/CE
                            (rising edge-triggered cell FDCE clocked by clk  {rise@0.000ns fall@5.000ns period=10.000ns})
  Path Group:             clk
  Path Type:              Setup (Max at Slow Process Corner)
  Requirement:            10.000ns  (clk rise@10.000ns - clk rise@0.000ns)
  Data Path Delay:        7.627ns  (logic 4.018ns (52.681%)  route 3.609ns (47.319%))
  Logic Levels:           10  (CARRY4=5 LUT2=1 LUT3=2 LUT6=2)
  Clock Path Skew:        -0.145ns (DCD - SCD + CPR)
    Destination Clock Delay (DCD):    2.130ns = ( 12.130 - 10.000 ) 
    Source Clock Delay      (SCD):    2.454ns
    Clock Pessimism Removal (CPR):    0.179ns
  Clock Uncertainty:      0.035ns  ((TSJ^2 + TIJ^2)^1/2 + DJ) / 2 + PE
    Total System Jitter     (TSJ):    0.071ns
    Total Input Jitter      (TIJ):    0.000ns
    Discrete Jitter          (DJ):    0.000ns
    Phase Error              (PE):    0.000ns

    Location             Delay type                Incr(ns)  Path(ns)    Netlist Resource(s)
  -------------------------------------------------------------------    -------------------
                         (clock clk rise edge)        0.000     0.000 r  <hidden>
                                                      0.000     0.000 r  clk
                         net (fo=0)                   0.000     0.000    clk
                         IBUF (Prop_ibuf_I_O)         0.971     0.971 r  clk_IBUF_inst/O
                         net (fo=1, unplaced)         0.803     1.774    clk_IBUF
                         BUFG (Prop_bufg_I_O)         0.096     1.870 r  clk_IBUF_BUFG_inst/O
                         net (fo=9384, unplaced)      0.584     2.454    g_engine[0].u_engine/clk_IBUF_BUFG
                         FDCE                                         r  g_engine[0].u_engine/scan_first_pipe_reg/C
  -------------------------------------------------------------------    -------------------
                         FDCE (Prop_fdce_C_Q)         0.478     2.932 r  g_engine[0].u_engine/scan_first_pipe_reg/Q
                         net (fo=29, unplaced)        0.832     3.764    g_engine[0].u_engine/scan_first_pipe
                         LUT3 (Prop_lut3_I0_O)        0.295     4.059 r  g_engine[0].u_engine/cumulative[3]_i_9/O
                         net (fo=1, unplaced)         0.000     4.059    g_engine[0].u_engine/cumulative[3]_i_9_n_0
                         CARRY4 (Prop_carry4_S[1]_CO[3])
                                                      0.533     4.592 r  g_engine[0].u_engine/cumulative_reg[3]_i_2/CO[3]
                         net (fo=1, unplaced)         0.000     4.592    g_engine[0].u_engine/cumulative_reg[3]_i_2_n_0
                         CARRY4 (Prop_carry4_CI_O[1])
                                                      0.337     4.929 r  g_engine[0].u_engine/cumulative_reg[7]_i_2/O[1]
                         net (fo=4, unplaced)         0.635     5.564    g_engine[0].u_engine/cumulative_next[5]
                         LUT2 (Prop_lut2_I0_O)        0.306     5.870 r  g_engine[0].u_engine/block_low[1][0][9]_i_32/O
                         net (fo=1, unplaced)         0.000     5.870    g_engine[0].u_engine/block_low[1][0][9]_i_32_n_0
                         CARRY4 (Prop_carry4_S[2]_CO[3])
                                                      0.380     6.250 r  g_engine[0].u_engine/block_low_reg[1][0][9]_i_27/CO[3]
                         net (fo=1, unplaced)         0.000     6.250    g_engine[0].u_engine/block_low_reg[1][0][9]_i_27_n_0
                         CARRY4 (Prop_carry4_CI_O[1])
                                                      0.337     6.587 r  g_engine[0].u_engine/block_low_reg[1][0][9]_i_25/O[1]
                         net (fo=2, unplaced)         0.622     7.209    g_engine[0].u_engine/u_step/five_cumulative[10]
                         LUT3 (Prop_lut3_I0_O)        0.332     7.541 r  g_engine[0].u_engine/block_low[1][0][9]_i_12/O
                         net (fo=1, unplaced)         0.000     7.541    g_engine[0].u_engine/block_low[1][0][9]_i_12_n_0
                         CARRY4 (Prop_carry4_DI[1]_CO[2])
                                                      0.586     8.127 r  g_engine[0].u_engine/block_low_reg[1][0][9]_i_7/CO[2]
                         net (fo=7, unplaced)         0.487     8.614    g_engine[0].u_engine/block_low_reg[1][0][9]_i_7_n_1
                         LUT6 (Prop_lut6_I5_O)        0.310     8.924 r  g_engine[0].u_engine/block_low[0][0][9]_i_3/O
                         net (fo=20, unplaced)        0.509     9.433    g_engine[0].u_engine/block_low[0][0][9]_i_3_n_0
                         LUT6 (Prop_lut6_I0_O)        0.124     9.557 r  g_engine[0].u_engine/block_low[0][14][9]_i_1/O
                         net (fo=14, unplaced)        0.524    10.081    g_engine[0].u_engine/block_low[0][14][9]_i_1_n_0
                         FDCE                                         r  g_engine[0].u_engine/block_active_reg[0][14]/CE
  -------------------------------------------------------------------    -------------------

                         (clock clk rise edge)       10.000    10.000 r  <hidden>
                                                      0.000    10.000 r  clk
                         net (fo=0)                   0.000    10.000    clk
                         IBUF (Prop_ibuf_I_O)         0.838    10.838 r  clk_IBUF_inst/O
                         net (fo=1, unplaced)         0.763    11.600    clk_IBUF
                         BUFG (Prop_bufg_I_O)         0.091    11.691 r  clk_IBUF_BUFG_inst/O
                         net (fo=9384, unplaced)      0.439    12.130    g_engine[0].u_engine/clk_IBUF_BUFG
                         FDCE                                         r  g_engine[0].u_engine/block_active_reg[0][14]/C
                         clock pessimism              0.179    12.309    <hidden>
                         clock uncertainty           -0.035    12.274    <hidden>
                         FDCE (Setup_fdce_C_CE)      -0.202    12.072    g_engine[0].u_engine/block_active_reg[0][14]
  -------------------------------------------------------------------
                         required time                         12.072    <hidden>
                         arrival time                         -10.081    <hidden>
  -------------------------------------------------------------------
                         slack                                  1.991    <hidden>





Pulse Width Checks
--------------------------------------------------------------------------------------
Clock Name:         clk
Waveform(ns):       { 0.000 5.000 }
Period(ns):         10.000
Sources:            { clk }

Check Type        Corner  Lib Pin             Reference Pin  Required(ns)  Actual(ns)  Slack(ns)  Location  Pin
Min Period        n/a     RAMB36E1/CLKARDCLK  n/a            2.944         10.000      7.056                g_engine[0].u_engine/g_bank[0].stripe_reg_0_0/CLKARDCLK
Min Period        n/a     RAMB36E1/CLKARDCLK  n/a            2.944         10.000      7.056                g_engine[0].u_engine/g_bank[0].stripe_reg_0_1/CLKARDCLK
Min Period        n/a     RAMB36E1/CLKARDCLK  n/a            2.944         10.000      7.056                g_engine[0].u_engine/g_bank[0].stripe_reg_0_10/CLKARDCLK
Min Period        n/a     RAMB36E1/CLKARDCLK  n/a            2.944         10.000      7.056                g_engine[0].u_engine/g_bank[0].stripe_reg_0_2/CLKARDCLK
Min Period        n/a     RAMB36E1/CLKARDCLK  n/a            2.944         10.000      7.056                g_engine[0].u_engine/g_bank[0].stripe_reg_0_3/CLKARDCLK
Min Period        n/a     RAMB36E1/CLKARDCLK  n/a            2.944         10.000      7.056                g_engine[0].u_engine/g_bank[0].stripe_reg_0_4/CLKARDCLK
Min Period        n/a     RAMB36E1/CLKARDCLK  n/a            2.944         10.000      7.056                g_engine[0].u_engine/g_bank[0].stripe_reg_0_5/CLKARDCLK
Min Period        n/a     RAMB36E1/CLKARDCLK  n/a            2.944         10.000      7.056                g_engine[0].u_engine/g_bank[0].stripe_reg_0_6/CLKARDCLK
Min Period        n/a     RAMB36E1/CLKARDCLK  n/a            2.944         10.000      7.056                g_engine[0].u_engine/g_bank[0].stripe_reg_0_7/CLKARDCLK
Min Period        n/a     RAMB36E1/CLKARDCLK  n/a            2.944         10.000      7.056                g_engine[0].u_engine/g_bank[0].stripe_reg_0_8/CLKARDCLK
Low Pulse Width   Slow    RAMD64E/CLK         n/a            1.250         5.000       3.750                g_engine[0].u_engine/g_bank[0].u_hist/hist_reg_r1_0_63_0_2/RAMA/CLK
Low Pulse Width   Fast    RAMD64E/CLK         n/a            1.250         5.000       3.750                g_engine[0].u_engine/g_bank[0].u_hist/hist_reg_r1_0_63_0_2/RAMA/CLK
Low Pulse Width   Slow    RAMD64E/CLK         n/a            1.250         5.000       3.750                g_engine[0].u_engine/g_bank[0].u_hist/hist_reg_r1_0_63_0_2/RAMB/CLK
Low Pulse Width   Fast    RAMD64E/CLK         n/a            1.250         5.000       3.750                g_engine[0].u_engine/g_bank[0].u_hist/hist_reg_r1_0_63_0_2/RAMB/CLK
Low Pulse Width   Slow    RAMD64E/CLK         n/a            1.250         5.000       3.750                g_engine[0].u_engine/g_bank[0].u_hist/hist_reg_r1_0_63_0_2/RAMC/CLK
Low Pulse Width   Fast    RAMD64E/CLK         n/a            1.250         5.000       3.750                g_engine[0].u_engine/g_bank[0].u_hist/hist_reg_r1_0_63_0_2/RAMC/CLK
Low Pulse Width   Slow    RAMD64E/CLK         n/a            1.250         5.000       3.750                g_engine[0].u_engine/g_bank[0].u_hist/hist_reg_r1_0_63_0_2/RAMD/CLK
Low Pulse Width   Fast    RAMD64E/CLK         n/a            1.250         5.000       3.750                g_engine[0].u_engine/g_bank[0].u_hist/hist_reg_r1_0_63_0_2/RAMD/CLK
Low Pulse Width   Slow    RAMD64E/CLK         n/a            1.250         5.000       3.750                g_engine[0].u_engine/g_bank[0].u_hist/hist_reg_r1_0_63_3_5/RAMA/CLK
Low Pulse Width   Fast    RAMD64E/CLK         n/a            1.250         5.000       3.750                g_engine[0].u_engine/g_bank[0].u_hist/hist_reg_r1_0_63_3_5/RAMA/CLK
High Pulse Width  Slow    RAMD64E/CLK         n/a            1.250         5.000       3.750                g_engine[0].u_engine/g_bank[0].u_hist/hist_reg_r1_0_63_0_2/RAMA/CLK
High Pulse Width  Fast    RAMD64E/CLK         n/a            1.250         5.000       3.750                g_engine[0].u_engine/g_bank[0].u_hist/hist_reg_r1_0_63_0_2/RAMA/CLK
High Pulse Width  Slow    RAMD64E/CLK         n/a            1.250         5.000       3.750                g_engine[0].u_engine/g_bank[0].u_hist/hist_reg_r1_0_63_0_2/RAMB/CLK
High Pulse Width  Fast    RAMD64E/CLK         n/a            1.250         5.000       3.750                g_engine[0].u_engine/g_bank[0].u_hist/hist_reg_r1_0_63_0_2/RAMB/CLK
High Pulse Width  Slow    RAMD64E/CLK         n/a            1.250         5.000       3.750                g_engine[0].u_engine/g_bank[0].u_hist/hist_reg_r1_0_63_0_2/RAMC/CLK
High Pulse Width  Fast    RAMD64E/CLK         n/a            1.250         5.000       3.750                g_engine[0].u_engine/g_bank[0].u_hist/hist_reg_r1_0_63_0_2/RAMC/CLK
High Pulse Width  Slow    RAMD64E/CLK         n/a            1.250         5.000       3.750                g_engine[0].u_engine/g_bank[0].u_hist/hist_reg_r1_0_63_0_2/RAMD/CLK
High Pulse Width  Fast    RAMD64E/CLK         n/a            1.250         5.000       3.750                g_engine[0].u_engine/g_bank[0].u_hist/hist_reg_r1_0_63_0_2/RAMD/CLK
High Pulse Width  Slow    RAMD64E/CLK         n/a            1.250         5.000       3.750                g_engine[0].u_engine/g_bank[0].u_hist/hist_reg_r1_0_63_3_5/RAMA/CLK
High Pulse Width  Fast    RAMD64E/CLK         n/a            1.250         5.000       3.750                g_engine[0].u_engine/g_bank[0].u_hist/hist_reg_r1_0_63_3_5/RAMA/CLK



--------------------------------------------------------------------------------------
Path Group:  (none)
From Clock:  clk
  To Clock:  

Max Delay             4 Endpoints
Min Delay             0 Endpoints
--------------------------------------------------------------------------------------


Max Delay Paths
--------------------------------------------------------------------------------------
Slack:                    inf
  Source:                 u_local_3x3/doubleThreshold_href_d1_reg/C
                            (rising edge-triggered cell FDCE clocked by clk  {rise@0.000ns fall@5.000ns period=10.000ns})
  Destination:            post_frame_clken
                            (output port)
  Path Group:             (none)
  Path Type:              Max at Slow Process Corner
  Data Path Delay:        4.090ns  (logic 3.287ns (80.370%)  route 0.803ns (19.630%))
  Logic Levels:           1  (OBUF=1)
  Clock Uncertainty:      0.025ns  ((TSJ^2 + TIJ^2)^1/2 + DJ) / 2 + PE
    Total System Jitter     (TSJ):    0.050ns
    Total Input Jitter      (TIJ):    0.000ns
    Discrete Jitter          (DJ):    0.000ns
    Phase Error              (PE):    0.000ns

    Location             Delay type                Incr(ns)  Path(ns)    Netlist Resource(s)
  -------------------------------------------------------------------    -------------------
                         (clock clk rise edge)        0.000     0.000 r  <hidden>
                                                      0.000     0.000 r  clk
                         net (fo=0)                   0.000     0.000    clk
                         IBUF (Prop_ibuf_I_O)         0.971     0.971 r  clk_IBUF_inst/O
                         net (fo=1, unplaced)         0.803     1.774    clk_IBUF
                         BUFG (Prop_bufg_I_O)         0.096     1.870 r  clk_IBUF_BUFG_inst/O
                         net (fo=9384, unplaced)      0.584     2.454    u_local_3x3/clk_IBUF_BUFG
                         FDCE                                         r  u_local_3x3/doubleThreshold_href_d1_reg/C
  -------------------------------------------------------------------    -------------------
                         FDCE (Prop_fdce_C_Q)         0.478     2.932 r  u_local_3x3/doubleThreshold_href_d1_reg/Q
                         net (fo=2, unplaced)         0.803     3.735    post_frame_clken_OBUF
                         OBUF (Prop_obuf_I_O)         2.809     6.544 r  post_frame_clken_OBUF_inst/O
                         net (fo=0)                   0.000     6.544    post_frame_clken
                                                                      r  post_frame_clken
  -------------------------------------------------------------------    -------------------

Slack:                    inf
  Source:                 u_local_3x3/doubleThreshold_href_d1_reg/C
                            (rising edge-triggered cell FDCE clocked by clk  {rise@0.000ns fall@5.000ns period=10.000ns})
  Destination:            post_frame_href
                            (output port)
  Path Group:             (none)
  Path Type:              Max at Slow Process Corner
  Data Path Delay:        4.090ns  (logic 3.287ns (80.370%)  route 0.803ns (19.630%))
  Logic Levels:           1  (OBUF=1)
  Clock Uncertainty:      0.025ns  ((TSJ^2 + TIJ^2)^1/2 + DJ) / 2 + PE
    Total System Jitter     (TSJ):    0.050ns
    Total Input Jitter      (TIJ):    0.000ns
    Discrete Jitter          (DJ):    0.000ns
    Phase Error              (PE):    0.000ns

    Location             Delay type                Incr(ns)  Path(ns)    Netlist Resource(s)
  -------------------------------------------------------------------    -------------------
                         (clock clk rise edge)        0.000     0.000 r  <hidden>
                                                      0.000     0.000 r  clk
                         net (fo=0)                   0.000     0.000    clk
                         IBUF (Prop_ibuf_I_O)         0.971     0.971 r  clk_IBUF_inst/O
                         net (fo=1, unplaced)         0.803     1.774    clk_IBUF
                         BUFG (Prop_bufg_I_O)         0.096     1.870 r  clk_IBUF_BUFG_inst/O
                         net (fo=9384, unplaced)      0.584     2.454    u_local_3x3/clk_IBUF_BUFG
                         FDCE                                         r  u_local_3x3/doubleThreshold_href_d1_reg/C
  -------------------------------------------------------------------    -------------------
                         FDCE (Prop_fdce_C_Q)         0.478     2.932 r  u_local_3x3/doubleThreshold_href_d1_reg/Q
                         net (fo=2, unplaced)         0.803     3.735    post_frame_clken_OBUF
                         OBUF (Prop_obuf_I_O)         2.809     6.544 r  post_frame_href_OBUF_inst/O
                         net (fo=0)                   0.000     6.544    post_frame_href
                                                                      r  post_frame_href
  -------------------------------------------------------------------    -------------------

Slack:                    inf
  Source:                 u_local_3x3/doubleThreshold_vsync_d1_reg/C
                            (rising edge-triggered cell FDCE clocked by clk  {rise@0.000ns fall@5.000ns period=10.000ns})
  Destination:            post_frame_vsync
                            (output port)
  Path Group:             (none)
  Path Type:              Max at Slow Process Corner
  Data Path Delay:        4.090ns  (logic 3.287ns (80.370%)  route 0.803ns (19.630%))
  Logic Levels:           1  (OBUF=1)
  Clock Uncertainty:      0.025ns  ((TSJ^2 + TIJ^2)^1/2 + DJ) / 2 + PE
    Total System Jitter     (TSJ):    0.050ns
    Total Input Jitter      (TIJ):    0.000ns
    Discrete Jitter          (DJ):    0.000ns
    Phase Error              (PE):    0.000ns

    Location             Delay type                Incr(ns)  Path(ns)    Netlist Resource(s)
  -------------------------------------------------------------------    -------------------
                         (clock clk rise edge)        0.000     0.000 r  <hidden>
                                                      0.000     0.000 r  clk
                         net (fo=0)                   0.000     0.000    clk
                         IBUF (Prop_ibuf_I_O)         0.971     0.971 r  clk_IBUF_inst/O
                         net (fo=1, unplaced)         0.803     1.774    clk_IBUF
                         BUFG (Prop_bufg_I_O)         0.096     1.870 r  clk_IBUF_BUFG_inst/O
                         net (fo=9384, unplaced)      0.584     2.454    u_local_3x3/clk_IBUF_BUFG
                         FDCE                                         r  u_local_3x3/doubleThreshold_vsync_d1_reg/C
  -------------------------------------------------------------------    -------------------
                         FDCE (Prop_fdce_C_Q)         0.478     2.932 r  u_local_3x3/doubleThreshold_vsync_d1_reg/Q
                         net (fo=1, unplaced)         0.803     3.735    post_frame_vsync_OBUF
                         OBUF (Prop_obuf_I_O)         2.809     6.544 r  post_frame_vsync_OBUF_inst/O
                         net (fo=0)                   0.000     6.544    post_frame_vsync
                                                                      r  post_frame_vsync
  -------------------------------------------------------------------    -------------------

Slack:                    inf
  Source:                 u_local_3x3/canny_out_reg/C
                            (rising edge-triggered cell FDCE clocked by clk  {rise@0.000ns fall@5.000ns period=10.000ns})
  Destination:            post_img_bit
                            (output port)
  Path Group:             (none)
  Path Type:              Max at Slow Process Corner
  Data Path Delay:        4.090ns  (logic 3.287ns (80.370%)  route 0.803ns (19.630%))
  Logic Levels:           1  (OBUF=1)
  Clock Uncertainty:      0.025ns  ((TSJ^2 + TIJ^2)^1/2 + DJ) / 2 + PE
    Total System Jitter     (TSJ):    0.050ns
    Total Input Jitter      (TIJ):    0.000ns
    Discrete Jitter          (DJ):    0.000ns
    Phase Error              (PE):    0.000ns

    Location             Delay type                Incr(ns)  Path(ns)    Netlist Resource(s)
  -------------------------------------------------------------------    -------------------
                         (clock clk rise edge)        0.000     0.000 r  <hidden>
                                                      0.000     0.000 r  clk
                         net (fo=0)                   0.000     0.000    clk
                         IBUF (Prop_ibuf_I_O)         0.971     0.971 r  clk_IBUF_inst/O
                         net (fo=1, unplaced)         0.803     1.774    clk_IBUF
                         BUFG (Prop_bufg_I_O)         0.096     1.870 r  clk_IBUF_BUFG_inst/O
                         net (fo=9384, unplaced)      0.584     2.454    u_local_3x3/clk_IBUF_BUFG
                         FDCE                                         r  u_local_3x3/canny_out_reg/C
  -------------------------------------------------------------------    -------------------
                         FDCE (Prop_fdce_C_Q)         0.478     2.932 r  u_local_3x3/canny_out_reg/Q
                         net (fo=1, unplaced)         0.803     3.735    post_img_bit_OBUF
                         OBUF (Prop_obuf_I_O)         2.809     6.544 r  post_img_bit_OBUF_inst/O
                         net (fo=0)                   0.000     6.544    post_img_bit
                                                                      r  post_img_bit
  -------------------------------------------------------------------    -------------------





--------------------------------------------------------------------------------------
Path Group:  (none)
From Clock:  
  To Clock:  clk

Max Delay          4677 Endpoints
Min Delay             0 Endpoints
--------------------------------------------------------------------------------------


Max Delay Paths
--------------------------------------------------------------------------------------
Slack:                    inf
  Source:                 per_frame_clken
                            (input port)
  Destination:            u_gaussian/u_matrix_generate_3x3_phase5b/u_one_column_ram/u_fifo_ram0/fifo_buffer_reg/RSTRAMB
                            (rising edge-triggered cell RAMB18E1 clocked by clk  {rise@0.000ns fall@5.000ns period=10.000ns})
  Path Group:             (none)
  Path Type:              Setup (Max at Slow Process Corner)
  Data Path Delay:        2.701ns  (logic 1.095ns (40.552%)  route 1.606ns (59.448%))
  Logic Levels:           2  (IBUF=1 LUT1=1)
  Clock Path Skew:        2.130ns (DCD - SCD + CPR)
    Destination Clock Delay (DCD):    2.130ns
    Source Clock Delay      (SCD):    0.000ns
    Clock Pessimism Removal (CPR):    0.000ns
  Clock Uncertainty:      0.025ns  ((TSJ^2 + TIJ^2)^1/2 + DJ) / 2 + PE
    Total System Jitter     (TSJ):    0.050ns
    Total Input Jitter      (TIJ):    0.000ns
    Discrete Jitter          (DJ):    0.000ns
    Phase Error              (PE):    0.000ns

    Location             Delay type                Incr(ns)  Path(ns)    Netlist Resource(s)
  -------------------------------------------------------------------    -------------------
                                                      0.000     0.000 f  per_frame_clken
                         net (fo=0)                   0.000     0.000    per_frame_clken
                         IBUF (Prop_ibuf_I_O)         0.971     0.971 f  per_frame_clken_IBUF_inst/O
                         net (fo=23, unplaced)        0.803     1.774    u_gaussian/u_matrix_generate_3x3_phase5b/u_one_column_ram/u_fifo_ram1/rd_pointer_reg[9]_0[0]
                         LUT1 (Prop_lut1_I0_O)        0.124     1.898 r  u_gaussian/u_matrix_generate_3x3_phase5b/u_one_column_ram/u_fifo_ram1/fifo_buffer_reg_i_1/O
                         net (fo=2, unplaced)         0.803     2.701    u_gaussian/u_matrix_generate_3x3_phase5b/u_one_column_ram/u_fifo_ram0/fifo_buffer_reg_0
                         RAMB18E1                                     r  u_gaussian/u_matrix_generate_3x3_phase5b/u_one_column_ram/u_fifo_ram0/fifo_buffer_reg/RSTRAMB
  -------------------------------------------------------------------    -------------------

                         (clock clk rise edge)        0.000     0.000 r  <hidden>
                                                      0.000     0.000 r  clk
                         net (fo=0)                   0.000     0.000    clk
                         IBUF (Prop_ibuf_I_O)         0.838     0.838 r  clk_IBUF_inst/O
                         net (fo=1, unplaced)         0.763     1.600    clk_IBUF
                         BUFG (Prop_bufg_I_O)         0.091     1.691 r  clk_IBUF_BUFG_inst/O
                         net (fo=9384, unplaced)      0.439     2.130    u_gaussian/u_matrix_generate_3x3_phase5b/u_one_column_ram/u_fifo_ram0/clk_IBUF_BUFG
                         RAMB18E1                                     r  u_gaussian/u_matrix_generate_3x3_phase5b/u_one_column_ram/u_fifo_ram0/fifo_buffer_reg/CLKBWRCLK

Slack:                    inf
  Source:                 per_frame_clken
                            (input port)
  Destination:            u_gaussian/u_matrix_generate_3x3_phase5b/u_one_column_ram/u_fifo_ram1/fifo_buffer_reg/RSTRAMB
                            (rising edge-triggered cell RAMB18E1 clocked by clk  {rise@0.000ns fall@5.000ns period=10.000ns})
  Path Group:             (none)
  Path Type:              Setup (Max at Slow Process Corner)
  Data Path Delay:        2.701ns  (logic 1.095ns (40.552%)  route 1.606ns (59.448%))
  Logic Levels:           2  (IBUF=1 LUT1=1)
  Clock Path Skew:        2.130ns (DCD - SCD + CPR)
    Destination Clock Delay (DCD):    2.130ns
    Source Clock Delay      (SCD):    0.000ns
    Clock Pessimism Removal (CPR):    0.000ns
  Clock Uncertainty:      0.025ns  ((TSJ^2 + TIJ^2)^1/2 + DJ) / 2 + PE
    Total System Jitter     (TSJ):    0.050ns
    Total Input Jitter      (TIJ):    0.000ns
    Discrete Jitter          (DJ):    0.000ns
    Phase Error              (PE):    0.000ns

    Location             Delay type                Incr(ns)  Path(ns)    Netlist Resource(s)
  -------------------------------------------------------------------    -------------------
                                                      0.000     0.000 f  per_frame_clken
                         net (fo=0)                   0.000     0.000    per_frame_clken
                         IBUF (Prop_ibuf_I_O)         0.971     0.971 f  per_frame_clken_IBUF_inst/O
                         net (fo=23, unplaced)        0.803     1.774    u_gaussian/u_matrix_generate_3x3_phase5b/u_one_column_ram/u_fifo_ram1/rd_pointer_reg[9]_0[0]
                         LUT1 (Prop_lut1_I0_O)        0.124     1.898 r  u_gaussian/u_matrix_generate_3x3_phase5b/u_one_column_ram/u_fifo_ram1/fifo_buffer_reg_i_1/O
                         net (fo=2, unplaced)         0.803     2.701    u_gaussian/u_matrix_generate_3x3_phase5b/u_one_column_ram/u_fifo_ram1/per_frame_clken
                         RAMB18E1                                     r  u_gaussian/u_matrix_generate_3x3_phase5b/u_one_column_ram/u_fifo_ram1/fifo_buffer_reg/RSTRAMB
  -------------------------------------------------------------------    -------------------

                         (clock clk rise edge)        0.000     0.000 r  <hidden>
                                                      0.000     0.000 r  clk
                         net (fo=0)                   0.000     0.000    clk
                         IBUF (Prop_ibuf_I_O)         0.838     0.838 r  clk_IBUF_inst/O
                         net (fo=1, unplaced)         0.763     1.600    clk_IBUF
                         BUFG (Prop_bufg_I_O)         0.091     1.691 r  clk_IBUF_BUFG_inst/O
                         net (fo=9384, unplaced)      0.439     2.130    u_gaussian/u_matrix_generate_3x3_phase5b/u_one_column_ram/u_fifo_ram1/clk_IBUF_BUFG
                         RAMB18E1                                     r  u_gaussian/u_matrix_generate_3x3_phase5b/u_one_column_ram/u_fifo_ram1/fifo_buffer_reg/CLKBWRCLK

Slack:                    inf
  Source:                 rst_n
                            (input port)
  Destination:            end_frame_pending_reg/CLR
                            (recovery check against rising-edge clock clk  {rise@0.000ns fall@5.000ns period=10.000ns})
  Path Group:             (none)
  Path Type:              Recovery (Max at Slow Process Corner)
  Data Path Delay:        2.646ns  (logic 1.095ns (41.393%)  route 1.551ns (58.607%))
  Logic Levels:           2  (IBUF=1 LUT1=1)
  Clock Path Skew:        2.130ns (DCD - SCD + CPR)
    Destination Clock Delay (DCD):    2.130ns
    Source Clock Delay      (SCD):    0.000ns
    Clock Pessimism Removal (CPR):    0.000ns
  Clock Uncertainty:      0.025ns  ((TSJ^2 + TIJ^2)^1/2 + DJ) / 2 + PE
    Total System Jitter     (TSJ):    0.050ns
    Total Input Jitter      (TIJ):    0.000ns
    Discrete Jitter          (DJ):    0.000ns
    Phase Error              (PE):    0.000ns

    Location             Delay type                Incr(ns)  Path(ns)    Netlist Resource(s)
  -------------------------------------------------------------------    -------------------
                                                      0.000     0.000 r  rst_n
                         net (fo=0)                   0.000     0.000    rst_n
                         IBUF (Prop_ibuf_I_O)         0.971     0.971 r  rst_n_IBUF_inst/O
                         net (fo=1, unplaced)         0.803     1.774    u_gradient/u_cordic/rst_n_IBUF
                         LUT1 (Prop_lut1_I0_O)        0.124     1.898 f  u_gradient/u_cordic/FSM_onehot_scan_state[3]_i_2/O
                         net (fo=4595, unplaced)      0.748     2.646    u_gradient_n_0
                         FDCE                                         f  end_frame_pending_reg/CLR
  -------------------------------------------------------------------    -------------------

                         (clock clk rise edge)        0.000     0.000 r  <hidden>
                                                      0.000     0.000 r  clk
                         net (fo=0)                   0.000     0.000    clk
                         IBUF (Prop_ibuf_I_O)         0.838     0.838 r  clk_IBUF_inst/O
                         net (fo=1, unplaced)         0.763     1.600    clk_IBUF
                         BUFG (Prop_bufg_I_O)         0.091     1.691 r  clk_IBUF_BUFG_inst/O
                         net (fo=9384, unplaced)      0.439     2.130    clk_IBUF_BUFG
                         FDCE                                         r  end_frame_pending_reg/C

Slack:                    inf
  Source:                 rst_n
                            (input port)
  Destination:            frame_vsync_d_reg/CLR
                            (recovery check against rising-edge clock clk  {rise@0.000ns fall@5.000ns period=10.000ns})
  Path Group:             (none)
  Path Type:              Recovery (Max at Slow Process Corner)
  Data Path Delay:        2.646ns  (logic 1.095ns (41.393%)  route 1.551ns (58.607%))
  Logic Levels:           2  (IBUF=1 LUT1=1)
  Clock Path Skew:        2.130ns (DCD - SCD + CPR)
    Destination Clock Delay (DCD):    2.130ns
    Source Clock Delay      (SCD):    0.000ns
    Clock Pessimism Removal (CPR):    0.000ns
  Clock Uncertainty:      0.025ns  ((TSJ^2 + TIJ^2)^1/2 + DJ) / 2 + PE
    Total System Jitter     (TSJ):    0.050ns
    Total Input Jitter      (TIJ):    0.000ns
    Discrete Jitter          (DJ):    0.000ns
    Phase Error              (PE):    0.000ns

    Location             Delay type                Incr(ns)  Path(ns)    Netlist Resource(s)
  -------------------------------------------------------------------    -------------------
                                                      0.000     0.000 r  rst_n
                         net (fo=0)                   0.000     0.000    rst_n
                         IBUF (Prop_ibuf_I_O)         0.971     0.971 r  rst_n_IBUF_inst/O
                         net (fo=1, unplaced)         0.803     1.774    u_gradient/u_cordic/rst_n_IBUF
                         LUT1 (Prop_lut1_I0_O)        0.124     1.898 f  u_gradient/u_cordic/FSM_onehot_scan_state[3]_i_2/O
                         net (fo=4595, unplaced)      0.748     2.646    u_gradient_n_0
                         FDCE                                         f  frame_vsync_d_reg/CLR
  -------------------------------------------------------------------    -------------------

                         (clock clk rise edge)        0.000     0.000 r  <hidden>
                                                      0.000     0.000 r  clk
                         net (fo=0)                   0.000     0.000    clk
                         IBUF (Prop_ibuf_I_O)         0.838     0.838 r  clk_IBUF_inst/O
                         net (fo=1, unplaced)         0.763     1.600    clk_IBUF
                         BUFG (Prop_bufg_I_O)         0.091     1.691 r  clk_IBUF_BUFG_inst/O
                         net (fo=9384, unplaced)      0.439     2.130    clk_IBUF_BUFG
                         FDCE                                         r  frame_vsync_d_reg/C

Slack:                    inf
  Source:                 rst_n
                            (input port)
  Destination:            g_engine[0].u_engine/FSM_onehot_scan_state_reg[0]/CLR
                            (recovery check against rising-edge clock clk  {rise@0.000ns fall@5.000ns period=10.000ns})
  Path Group:             (none)
  Path Type:              Recovery (Max at Slow Process Corner)
  Data Path Delay:        2.646ns  (logic 1.095ns (41.393%)  route 1.551ns (58.607%))
  Logic Levels:           2  (IBUF=1 LUT1=1)
  Clock Path Skew:        2.130ns (DCD - SCD + CPR)
    Destination Clock Delay (DCD):    2.130ns
    Source Clock Delay      (SCD):    0.000ns
    Clock Pessimism Removal (CPR):    0.000ns
  Clock Uncertainty:      0.025ns  ((TSJ^2 + TIJ^2)^1/2 + DJ) / 2 + PE
    Total System Jitter     (TSJ):    0.050ns
    Total Input Jitter      (TIJ):    0.000ns
    Discrete Jitter          (DJ):    0.000ns
    Phase Error              (PE):    0.000ns

    Location             Delay type                Incr(ns)  Path(ns)    Netlist Resource(s)
  -------------------------------------------------------------------    -------------------
                                                      0.000     0.000 r  rst_n
                         net (fo=0)                   0.000     0.000    rst_n
                         IBUF (Prop_ibuf_I_O)         0.971     0.971 r  rst_n_IBUF_inst/O
                         net (fo=1, unplaced)         0.803     1.774    u_gradient/u_cordic/rst_n_IBUF
                         LUT1 (Prop_lut1_I0_O)        0.124     1.898 f  u_gradient/u_cordic/FSM_onehot_scan_state[3]_i_2/O
                         net (fo=4595, unplaced)      0.748     2.646    g_engine[0].u_engine/scan_count_pipe_reg[0]_0
                         FDCE                                         f  g_engine[0].u_engine/FSM_onehot_scan_state_reg[0]/CLR
  -------------------------------------------------------------------    -------------------

                         (clock clk rise edge)        0.000     0.000 r  <hidden>
                                                      0.000     0.000 r  clk
                         net (fo=0)                   0.000     0.000    clk
                         IBUF (Prop_ibuf_I_O)         0.838     0.838 r  clk_IBUF_inst/O
                         net (fo=1, unplaced)         0.763     1.600    clk_IBUF
                         BUFG (Prop_bufg_I_O)         0.091     1.691 r  clk_IBUF_BUFG_inst/O
                         net (fo=9384, unplaced)      0.439     2.130    g_engine[0].u_engine/clk_IBUF_BUFG
                         FDCE                                         r  g_engine[0].u_engine/FSM_onehot_scan_state_reg[0]/C

Slack:                    inf
  Source:                 rst_n
                            (input port)
  Destination:            g_engine[0].u_engine/FSM_onehot_scan_state_reg[1]/PRE
                            (recovery check against rising-edge clock clk  {rise@0.000ns fall@5.000ns period=10.000ns})
  Path Group:             (none)
  Path Type:              Recovery (Max at Slow Process Corner)
  Data Path Delay:        2.646ns  (logic 1.095ns (41.393%)  route 1.551ns (58.607%))
  Logic Levels:           2  (IBUF=1 LUT1=1)
  Clock Path Skew:        2.130ns (DCD - SCD + CPR)
    Destination Clock Delay (DCD):    2.130ns
    Source Clock Delay      (SCD):    0.000ns
    Clock Pessimism Removal (CPR):    0.000ns
  Clock Uncertainty:      0.025ns  ((TSJ^2 + TIJ^2)^1/2 + DJ) / 2 + PE
    Total System Jitter     (TSJ):    0.050ns
    Total Input Jitter      (TIJ):    0.000ns
    Discrete Jitter          (DJ):    0.000ns
    Phase Error              (PE):    0.000ns

    Location             Delay type                Incr(ns)  Path(ns)    Netlist Resource(s)
  -------------------------------------------------------------------    -------------------
                                                      0.000     0.000 r  rst_n
                         net (fo=0)                   0.000     0.000    rst_n
                         IBUF (Prop_ibuf_I_O)         0.971     0.971 r  rst_n_IBUF_inst/O
                         net (fo=1, unplaced)         0.803     1.774    u_gradient/u_cordic/rst_n_IBUF
                         LUT1 (Prop_lut1_I0_O)        0.124     1.898 f  u_gradient/u_cordic/FSM_onehot_scan_state[3]_i_2/O
                         net (fo=4595, unplaced)      0.748     2.646    g_engine[0].u_engine/scan_count_pipe_reg[0]_0
                         FDPE                                         f  g_engine[0].u_engine/FSM_onehot_scan_state_reg[1]/PRE
  -------------------------------------------------------------------    -------------------

                         (clock clk rise edge)        0.000     0.000 r  <hidden>
                                                      0.000     0.000 r  clk
                         net (fo=0)                   0.000     0.000    clk
                         IBUF (Prop_ibuf_I_O)         0.838     0.838 r  clk_IBUF_inst/O
                         net (fo=1, unplaced)         0.763     1.600    clk_IBUF
                         BUFG (Prop_bufg_I_O)         0.091     1.691 r  clk_IBUF_BUFG_inst/O
                         net (fo=9384, unplaced)      0.439     2.130    g_engine[0].u_engine/clk_IBUF_BUFG
                         FDPE                                         r  g_engine[0].u_engine/FSM_onehot_scan_state_reg[1]/C

Slack:                    inf
  Source:                 rst_n
                            (input port)
  Destination:            g_engine[0].u_engine/FSM_onehot_scan_state_reg[2]/CLR
                            (recovery check against rising-edge clock clk  {rise@0.000ns fall@5.000ns period=10.000ns})
  Path Group:             (none)
  Path Type:              Recovery (Max at Slow Process Corner)
  Data Path Delay:        2.646ns  (logic 1.095ns (41.393%)  route 1.551ns (58.607%))
  Logic Levels:           2  (IBUF=1 LUT1=1)
  Clock Path Skew:        2.130ns (DCD - SCD + CPR)
    Destination Clock Delay (DCD):    2.130ns
    Source Clock Delay      (SCD):    0.000ns
    Clock Pessimism Removal (CPR):    0.000ns
  Clock Uncertainty:      0.025ns  ((TSJ^2 + TIJ^2)^1/2 + DJ) / 2 + PE
    Total System Jitter     (TSJ):    0.050ns
    Total Input Jitter      (TIJ):    0.000ns
    Discrete Jitter          (DJ):    0.000ns
    Phase Error              (PE):    0.000ns

    Location             Delay type                Incr(ns)  Path(ns)    Netlist Resource(s)
  -------------------------------------------------------------------    -------------------
                                                      0.000     0.000 r  rst_n
                         net (fo=0)                   0.000     0.000    rst_n
                         IBUF (Prop_ibuf_I_O)         0.971     0.971 r  rst_n_IBUF_inst/O
                         net (fo=1, unplaced)         0.803     1.774    u_gradient/u_cordic/rst_n_IBUF
                         LUT1 (Prop_lut1_I0_O)        0.124     1.898 f  u_gradient/u_cordic/FSM_onehot_scan_state[3]_i_2/O
                         net (fo=4595, unplaced)      0.748     2.646    g_engine[0].u_engine/scan_count_pipe_reg[0]_0
                         FDCE                                         f  g_engine[0].u_engine/FSM_onehot_scan_state_reg[2]/CLR
  -------------------------------------------------------------------    -------------------

                         (clock clk rise edge)        0.000     0.000 r  <hidden>
                                                      0.000     0.000 r  clk
                         net (fo=0)                   0.000     0.000    clk
                         IBUF (Prop_ibuf_I_O)         0.838     0.838 r  clk_IBUF_inst/O
                         net (fo=1, unplaced)         0.763     1.600    clk_IBUF
                         BUFG (Prop_bufg_I_O)         0.091     1.691 r  clk_IBUF_BUFG_inst/O
                         net (fo=9384, unplaced)      0.439     2.130    g_engine[0].u_engine/clk_IBUF_BUFG
                         FDCE                                         r  g_engine[0].u_engine/FSM_onehot_scan_state_reg[2]/C

Slack:                    inf
  Source:                 rst_n
                            (input port)
  Destination:            g_engine[0].u_engine/FSM_onehot_scan_state_reg[3]/CLR
                            (recovery check against rising-edge clock clk  {rise@0.000ns fall@5.000ns period=10.000ns})
  Path Group:             (none)
  Path Type:              Recovery (Max at Slow Process Corner)
  Data Path Delay:        2.646ns  (logic 1.095ns (41.393%)  route 1.551ns (58.607%))
  Logic Levels:           2  (IBUF=1 LUT1=1)
  Clock Path Skew:        2.130ns (DCD - SCD + CPR)
    Destination Clock Delay (DCD):    2.130ns
    Source Clock Delay      (SCD):    0.000ns
    Clock Pessimism Removal (CPR):    0.000ns
  Clock Uncertainty:      0.025ns  ((TSJ^2 + TIJ^2)^1/2 + DJ) / 2 + PE
    Total System Jitter     (TSJ):    0.050ns
    Total Input Jitter      (TIJ):    0.000ns
    Discrete Jitter          (DJ):    0.000ns
    Phase Error              (PE):    0.000ns

    Location             Delay type                Incr(ns)  Path(ns)    Netlist Resource(s)
  -------------------------------------------------------------------    -------------------
                                                      0.000     0.000 r  rst_n
                         net (fo=0)                   0.000     0.000    rst_n
                         IBUF (Prop_ibuf_I_O)         0.971     0.971 r  rst_n_IBUF_inst/O
                         net (fo=1, unplaced)         0.803     1.774    u_gradient/u_cordic/rst_n_IBUF
                         LUT1 (Prop_lut1_I0_O)        0.124     1.898 f  u_gradient/u_cordic/FSM_onehot_scan_state[3]_i_2/O
                         net (fo=4595, unplaced)      0.748     2.646    g_engine[0].u_engine/scan_count_pipe_reg[0]_0
                         FDCE                                         f  g_engine[0].u_engine/FSM_onehot_scan_state_reg[3]/CLR
  -------------------------------------------------------------------    -------------------

                         (clock clk rise edge)        0.000     0.000 r  <hidden>
                                                      0.000     0.000 r  clk
                         net (fo=0)                   0.000     0.000    clk
                         IBUF (Prop_ibuf_I_O)         0.838     0.838 r  clk_IBUF_inst/O
                         net (fo=1, unplaced)         0.763     1.600    clk_IBUF
                         BUFG (Prop_bufg_I_O)         0.091     1.691 r  clk_IBUF_BUFG_inst/O
                         net (fo=9384, unplaced)      0.439     2.130    g_engine[0].u_engine/clk_IBUF_BUFG
                         FDCE                                         r  g_engine[0].u_engine/FSM_onehot_scan_state_reg[3]/C

Slack:                    inf
  Source:                 rst_n
                            (input port)
  Destination:            g_engine[0].u_engine/bank_complete_reg[0]/CLR
                            (recovery check against rising-edge clock clk  {rise@0.000ns fall@5.000ns period=10.000ns})
  Path Group:             (none)
  Path Type:              Recovery (Max at Slow Process Corner)
  Data Path Delay:        2.646ns  (logic 1.095ns (41.393%)  route 1.551ns (58.607%))
  Logic Levels:           2  (IBUF=1 LUT1=1)
  Clock Path Skew:        2.130ns (DCD - SCD + CPR)
    Destination Clock Delay (DCD):    2.130ns
    Source Clock Delay      (SCD):    0.000ns
    Clock Pessimism Removal (CPR):    0.000ns
  Clock Uncertainty:      0.025ns  ((TSJ^2 + TIJ^2)^1/2 + DJ) / 2 + PE
    Total System Jitter     (TSJ):    0.050ns
    Total Input Jitter      (TIJ):    0.000ns
    Discrete Jitter          (DJ):    0.000ns
    Phase Error              (PE):    0.000ns

    Location             Delay type                Incr(ns)  Path(ns)    Netlist Resource(s)
  -------------------------------------------------------------------    -------------------
                                                      0.000     0.000 r  rst_n
                         net (fo=0)                   0.000     0.000    rst_n
                         IBUF (Prop_ibuf_I_O)         0.971     0.971 r  rst_n_IBUF_inst/O
                         net (fo=1, unplaced)         0.803     1.774    u_gradient/u_cordic/rst_n_IBUF
                         LUT1 (Prop_lut1_I0_O)        0.124     1.898 f  u_gradient/u_cordic/FSM_onehot_scan_state[3]_i_2/O
                         net (fo=4595, unplaced)      0.748     2.646    g_engine[0].u_engine/scan_count_pipe_reg[0]_0
                         FDCE                                         f  g_engine[0].u_engine/bank_complete_reg[0]/CLR
  -------------------------------------------------------------------    -------------------

                         (clock clk rise edge)        0.000     0.000 r  <hidden>
                                                      0.000     0.000 r  clk
                         net (fo=0)                   0.000     0.000    clk
                         IBUF (Prop_ibuf_I_O)         0.838     0.838 r  clk_IBUF_inst/O
                         net (fo=1, unplaced)         0.763     1.600    clk_IBUF
                         BUFG (Prop_bufg_I_O)         0.091     1.691 r  clk_IBUF_BUFG_inst/O
                         net (fo=9384, unplaced)      0.439     2.130    g_engine[0].u_engine/clk_IBUF_BUFG
                         FDCE                                         r  g_engine[0].u_engine/bank_complete_reg[0]/C

Slack:                    inf
  Source:                 rst_n
                            (input port)
  Destination:            g_engine[0].u_engine/bank_complete_reg[1]/CLR
                            (recovery check against rising-edge clock clk  {rise@0.000ns fall@5.000ns period=10.000ns})
  Path Group:             (none)
  Path Type:              Recovery (Max at Slow Process Corner)
  Data Path Delay:        2.646ns  (logic 1.095ns (41.393%)  route 1.551ns (58.607%))
  Logic Levels:           2  (IBUF=1 LUT1=1)
  Clock Path Skew:        2.130ns (DCD - SCD + CPR)
    Destination Clock Delay (DCD):    2.130ns
    Source Clock Delay      (SCD):    0.000ns
    Clock Pessimism Removal (CPR):    0.000ns
  Clock Uncertainty:      0.025ns  ((TSJ^2 + TIJ^2)^1/2 + DJ) / 2 + PE
    Total System Jitter     (TSJ):    0.050ns
    Total Input Jitter      (TIJ):    0.000ns
    Discrete Jitter          (DJ):    0.000ns
    Phase Error              (PE):    0.000ns

    Location             Delay type                Incr(ns)  Path(ns)    Netlist Resource(s)
  -------------------------------------------------------------------    -------------------
                                                      0.000     0.000 r  rst_n
                         net (fo=0)                   0.000     0.000    rst_n
                         IBUF (Prop_ibuf_I_O)         0.971     0.971 r  rst_n_IBUF_inst/O
                         net (fo=1, unplaced)         0.803     1.774    u_gradient/u_cordic/rst_n_IBUF
                         LUT1 (Prop_lut1_I0_O)        0.124     1.898 f  u_gradient/u_cordic/FSM_onehot_scan_state[3]_i_2/O
                         net (fo=4595, unplaced)      0.748     2.646    g_engine[0].u_engine/scan_count_pipe_reg[0]_0
                         FDCE                                         f  g_engine[0].u_engine/bank_complete_reg[1]/CLR
  -------------------------------------------------------------------    -------------------

                         (clock clk rise edge)        0.000     0.000 r  <hidden>
                                                      0.000     0.000 r  clk
                         net (fo=0)                   0.000     0.000    clk
                         IBUF (Prop_ibuf_I_O)         0.838     0.838 r  clk_IBUF_inst/O
                         net (fo=1, unplaced)         0.763     1.600    clk_IBUF
                         BUFG (Prop_bufg_I_O)         0.091     1.691 r  clk_IBUF_BUFG_inst/O
                         net (fo=9384, unplaced)      0.439     2.130    g_engine[0].u_engine/clk_IBUF_BUFG
                         FDCE                                         r  g_engine[0].u_engine/bank_complete_reg[1]/C





